hub,era,indicator,model,role,week,season
syndromic,current,ARI incidence,Chronos-Chronos2,model,2026-02-09,2025/26
syndromic,current,ARI incidence,Chronos-Chronos2,model,2026-02-16,2025/26
syndromic,current,ARI incidence,Chronos-Chronos2,model,2026-02-23,2025/26
syndromic,current,ARI incidence,Chronos-Chronos2,model,2026-03-02,2025/26
syndromic,current,ARI incidence,Chronos-Chronos2,model,2026-03-09,2025/26
syndromic,current,ARI incidence,Chronos-Chronos2,model,2026-03-16,2025/26
syndromic,current,ARI incidence,Chronos-Chronos2,model,2026-03-23,2025/26
syndromic,current,ARI incidence,Chronos-Chronos2,model,2026-03-30,2025/26
syndromic,current,ARI incidence,Chronos-Chronos2,model,2026-04-06,2025/26
ari_archive,archive,ARI incidence,ECDC-ARI2MA,model,2023-12-18,2023/24
ari_archive,archive,ARI incidence,ECDC-ARI2MA,model,2023-12-25,2023/24
ari_archive,archive,ARI incidence,ECDC-ARI2MA,model,2024-01-01,2023/24
ari_archive,archive,ARI incidence,ECDC-ARI2MA,model,2024-01-08,2023/24
ari_archive,archive,ARI incidence,ECDC-ARI2MA,model,2024-01-15,2023/24
ari_archive,archive,ARI incidence,ECDC-ARI2MA,model,2024-01-22,2023/24
ari_archive,archive,ARI incidence,ECDC-ARI2MA,model,2024-01-29,2023/24
ari_archive,archive,ARI incidence,ECDC-ARI2MA,model,2024-02-05,2023/24
ari_archive,archive,ARI incidence,ECDC-ARI2MA,model,2024-02-12,2023/24
ari_archive,archive,ARI incidence,ECDC-ARI2MA,model,2024-02-19,2023/24
ari_archive,archive,ARI incidence,ECDC-ARI2MA,model,2024-02-26,2023/24
ari_archive,archive,ARI incidence,ECDC-ARI2MA,model,2024-03-04,2023/24
ari_archive,archive,ARI incidence,ECDC-ARI2MA,model,2024-03-11,2023/24
ari_archive,archive,ARI incidence,ECDC-ARI2MA,model,2024-03-18,2023/24
ari_archive,archive,ARI incidence,ECDC-ARI2MA,model,2024-03-25,2023/24
ari_archive,archive,ARI incidence,ECDC-ARI2MA,model,2024-04-01,2023/24
ari_archive,archive,ARI incidence,ECDC-ARI2MA,model,2024-04-08,2023/24
ari_archive,archive,ARI incidence,ECDC-ARI2MA,model,2024-04-15,2023/24
ari_archive,archive,ARI incidence,ECDC-ARI2MA,model,2024-04-22,2023/24
ari_archive,archive,ARI incidence,ECDC-ARI2MA,model,2024-04-29,2023/24
ari_archive,archive,ARI incidence,ECDC-ETS_AAN,model,2024-02-12,2023/24
ari_archive,archive,ARI incidence,ECDC-ETS_Auto,model,2024-02-19,2023/24
syndromic,current,ARI incidence,ECDC-SARIMA,model,2024-10-21,2024/25
syndromic,current,ARI incidence,ECDC-SARIMA,model,2024-10-28,2024/25
syndromic,current,ARI incidence,ECDC-SARIMA,model,2024-11-04,2024/25
syndromic,current,ARI incidence,ECDC-SARIMA,model,2024-11-11,2024/25
syndromic,current,ARI incidence,ECDC-SARIMA,model,2024-11-18,2024/25
syndromic,current,ARI incidence,ECDC-SARIMA,model,2024-11-25,2024/25
syndromic,current,ARI incidence,ECDC-SARIMA,model,2024-12-02,2024/25
syndromic,current,ARI incidence,ECDC-SARIMA,model,2024-12-09,2024/25
syndromic,current,ARI incidence,ECDC-SARIMA,model,2024-12-16,2024/25
syndromic,current,ARI incidence,ECDC-SARIMA,model,2024-12-23,2024/25
syndromic,current,ARI incidence,ECDC-SARIMA,model,2024-12-30,2024/25
syndromic,current,ARI incidence,ECDC-SARIMA,model,2025-01-06,2024/25
syndromic,current,ARI incidence,ECDC-SARIMA,model,2025-01-13,2024/25
syndromic,current,ARI incidence,ECDC-SARIMA,model,2025-01-20,2024/25
syndromic,current,ARI incidence,ECDC-SARIMA,model,2025-01-27,2024/25
syndromic,current,ARI incidence,ECDC-SARIMA,model,2025-02-03,2024/25
syndromic,current,ARI incidence,ECDC-SARIMA,model,2025-02-10,2024/25
syndromic,current,ARI incidence,ECDC-SARIMA,model,2025-02-17,2024/25
syndromic,current,ARI incidence,ECDC-SARIMA,model,2025-02-24,2024/25
syndromic,current,ARI incidence,ECDC-SARIMA,model,2025-03-03,2024/25
syndromic,current,ARI incidence,ECDC-SARIMA,model,2025-03-10,2024/25
syndromic,current,ARI incidence,ECDC-SARIMA,model,2025-03-17,2024/25
syndromic,current,ARI incidence,ECDC-SARIMA,model,2025-03-24,2024/25
syndromic,current,ARI incidence,ECDC-SARIMA,model,2025-03-31,2024/25
syndromic,current,ARI incidence,ECDC-SARIMA,model,2025-04-07,2024/25
syndromic,current,ARI incidence,ECDC-SARIMA,model,2025-04-14,2024/25
syndromic,current,ARI incidence,ECDC-SARIMA,model,2025-04-21,2024/25
syndromic,current,ARI incidence,ECDC-SARIMA,model,2025-04-28,2024/25
syndromic,current,ARI incidence,ECDC-SARIMA,model,2025-05-05,2024/25
syndromic,current,ARI incidence,ECDC-SARIMA,model,2025-05-12,2024/25
syndromic,current,ARI incidence,ECDC-SARIMA,model,2025-05-19,2024/25
syndromic,current,ARI incidence,ECDC-SARIMA,model,2025-05-26,2024/25
syndromic,current,ARI incidence,ECDC-SARIMA,model,2025-06-02,2024/25
syndromic,current,ARI incidence,ECDC-SARIMA,model,2025-06-09,2024/25
syndromic,current,ARI incidence,ECDC-SARIMA,model,2025-06-16,2024/25
syndromic,current,ARI incidence,ECDC-SARIMA,model,2025-06-23,2024/25
syndromic,current,ARI incidence,ECDC-SARIMA,model,2025-06-30,2024/25
syndromic,current,ARI incidence,ECDC-SARIMA,model,2025-07-07,2024/25
syndromic,current,ARI incidence,ECDC-SARIMA,model,2025-07-14,2024/25
syndromic,current,ARI incidence,ECDC-SARIMA,model,2025-07-21,2024/25
syndromic,current,ARI incidence,ECDC-SARIMA,model,2025-07-28,2024/25
syndromic,current,ARI incidence,ECDC-SARIMA,model,2025-08-04,2025/26
syndromic,current,ARI incidence,ECDC-SARIMA,model,2025-08-11,2025/26
syndromic,current,ARI incidence,ECDC-SARIMA,model,2025-08-18,2025/26
syndromic,current,ARI incidence,ECDC-SARIMA,model,2025-08-25,2025/26
syndromic,current,ARI incidence,ECDC-SARIMA,model,2025-09-01,2025/26
syndromic,current,ARI incidence,ECDC-SARIMA,model,2025-09-08,2025/26
syndromic,current,ARI incidence,ECDC-SARIMA,model,2025-09-15,2025/26
syndromic,current,ARI incidence,ECDC-SARIMA,model,2025-09-22,2025/26
syndromic,current,ARI incidence,ECDC-SARIMA,model,2025-09-29,2025/26
syndromic,current,ARI incidence,ECDC-SARIMA,model,2025-10-06,2025/26
syndromic,current,ARI incidence,ECDC-SARIMA,model,2025-10-13,2025/26
syndromic,current,ARI incidence,ECDC-SARIMA,model,2025-10-20,2025/26
syndromic,current,ARI incidence,ECDC-SARIMA,model,2025-10-27,2025/26
syndromic,current,ARI incidence,ECDC-SARIMA,model,2025-11-03,2025/26
syndromic,current,ARI incidence,ECDC-SARIMA,model,2025-11-10,2025/26
syndromic,current,ARI incidence,ECDC-SARIMA,model,2025-11-17,2025/26
syndromic,current,ARI incidence,ECDC-SARIMA,model,2025-11-24,2025/26
syndromic,current,ARI incidence,ECDC-SARIMA,model,2025-12-01,2025/26
syndromic,current,ARI incidence,ECDC-SARIMA,model,2025-12-08,2025/26
syndromic,current,ARI incidence,ECDC-SARIMA,model,2025-12-15,2025/26
syndromic,current,ARI incidence,ECDC-SARIMA,model,2025-12-22,2025/26
syndromic,current,ARI incidence,ECDC-SARIMA,model,2025-12-29,2025/26
syndromic,current,ARI incidence,ECDC-SARIMA,model,2026-01-05,2025/26
syndromic,current,ARI incidence,ECDC-SARIMA,model,2026-01-12,2025/26
syndromic,current,ARI incidence,ECDC-SARIMA,model,2026-01-26,2025/26
syndromic,current,ARI incidence,ECDC-SARIMA,model,2026-02-02,2025/26
syndromic,current,ARI incidence,ECDC-SARIMA,model,2026-02-09,2025/26
syndromic,current,ARI incidence,ECDC-SARIMA,model,2026-02-16,2025/26
syndromic,current,ARI incidence,ECDC-SARIMA,model,2026-02-23,2025/26
syndromic,current,ARI incidence,ECDC-SARIMA,model,2026-03-02,2025/26
syndromic,current,ARI incidence,ECDC-SARIMA,model,2026-03-09,2025/26
syndromic,current,ARI incidence,ECDC-SARIMA,model,2026-03-16,2025/26
syndromic,current,ARI incidence,ECDC-SARIMA,model,2026-03-23,2025/26
syndromic,current,ARI incidence,ECDC-SARIMA,model,2026-03-30,2025/26
syndromic,current,ARI incidence,ECDC-SARIMA,model,2026-04-06,2025/26
syndromic,current,ARI incidence,ECDC-SARIMA,model,2026-04-13,2025/26
syndromic,current,ARI incidence,ECDC-SARIMA,model,2026-04-20,2025/26
syndromic,current,ARI incidence,ECDC-SARIMA,model,2026-04-27,2025/26
syndromic,current,ARI incidence,ECDC-SARIMA,model,2026-05-04,2025/26
syndromic,current,ARI incidence,ECDC-SARIMA,model,2026-05-11,2025/26
syndromic,current,ARI incidence,ECDC-SARIMA,model,2026-05-18,2025/26
syndromic,current,ARI incidence,ECDC-SARIMA,model,2026-05-25,2025/26
syndromic,current,ARI incidence,ECDC-SARIMA,model,2026-06-01,2025/26
syndromic,current,ARI incidence,ECDC-SARIMA,model,2026-06-08,2025/26
syndromic,current,ARI incidence,ECDC-SARIMA,model,2026-06-15,2025/26
syndromic,current,ARI incidence,ECDC-SARIMA,model,2026-06-29,2025/26
syndromic,current,ARI incidence,ECDC-SARIMA,model,2026-07-06,2025/26
syndromic,current,ARI incidence,ECDC-SARIMA,model,2026-07-13,2025/26
ari_archive,archive,ARI incidence,ECDC-norrsken_blue,model,2023-12-18,2023/24
ari_archive,archive,ARI incidence,ECDC-norrsken_blue,model,2023-12-25,2023/24
ari_archive,archive,ARI incidence,ECDC-norrsken_blue,model,2024-01-01,2023/24
ari_archive,archive,ARI incidence,ECDC-norrsken_blue,model,2024-01-08,2023/24
ari_archive,archive,ARI incidence,ECDC-norrsken_blue,model,2024-01-15,2023/24
ari_archive,archive,ARI incidence,ECDC-norrsken_blue,model,2024-01-22,2023/24
ari_archive,archive,ARI incidence,ECDC-norrsken_blue,model,2024-01-29,2023/24
ari_archive,archive,ARI incidence,ECDC-norrsken_blue,model,2024-02-05,2023/24
ari_archive,archive,ARI incidence,ECDC-norrsken_blue,model,2024-02-12,2023/24
ari_archive,archive,ARI incidence,ECDC-norrsken_blue,model,2024-02-19,2023/24
ari_archive,archive,ARI incidence,ECDC-norrsken_blue,model,2024-02-26,2023/24
ari_archive,archive,ARI incidence,ECDC-norrsken_blue,model,2024-03-04,2023/24
ari_archive,archive,ARI incidence,ECDC-norrsken_blue,model,2024-03-11,2023/24
ari_archive,archive,ARI incidence,ECDC-norrsken_blue,model,2024-03-18,2023/24
ari_archive,archive,ARI incidence,ECDC-norrsken_blue,model,2024-03-25,2023/24
ari_archive,archive,ARI incidence,ECDC-norrsken_blue,model,2024-04-01,2023/24
ari_archive,archive,ARI incidence,ECDC-norrsken_blue,model,2024-04-08,2023/24
ari_archive,archive,ARI incidence,ECDC-norrsken_blue,model,2024-04-15,2023/24
ari_archive,archive,ARI incidence,ECDC-norrsken_blue,model,2024-04-29,2023/24
ari_archive,archive,ARI incidence,ECDC-norrsken_green,model,2023-12-18,2023/24
ari_archive,archive,ARI incidence,ECDC-norrsken_green,model,2023-12-25,2023/24
ari_archive,archive,ARI incidence,ECDC-norrsken_green,model,2024-01-01,2023/24
ari_archive,archive,ARI incidence,ECDC-norrsken_green,model,2024-01-08,2023/24
ari_archive,archive,ARI incidence,ECDC-norrsken_green,model,2024-01-15,2023/24
ari_archive,archive,ARI incidence,ECDC-norrsken_green,model,2024-01-22,2023/24
ari_archive,archive,ARI incidence,ECDC-norrsken_green,model,2024-01-29,2023/24
ari_archive,archive,ARI incidence,ECDC-norrsken_green,model,2024-02-05,2023/24
ari_archive,archive,ARI incidence,ECDC-norrsken_green,model,2024-02-12,2023/24
ari_archive,archive,ARI incidence,ECDC-norrsken_green,model,2024-02-19,2023/24
ari_archive,archive,ARI incidence,ECDC-norrsken_green,model,2024-02-26,2023/24
ari_archive,archive,ARI incidence,ECDC-norrsken_green,model,2024-03-04,2023/24
ari_archive,archive,ARI incidence,ECDC-norrsken_green,model,2024-03-11,2023/24
ari_archive,archive,ARI incidence,ECDC-norrsken_green,model,2024-03-18,2023/24
ari_archive,archive,ARI incidence,ECDC-norrsken_green,model,2024-03-25,2023/24
ari_archive,archive,ARI incidence,ECDC-norrsken_green,model,2024-04-01,2023/24
ari_archive,archive,ARI incidence,ECDC-norrsken_green,model,2024-04-08,2023/24
ari_archive,archive,ARI incidence,ECDC-norrsken_green,model,2024-04-15,2023/24
ari_archive,archive,ARI incidence,ECDC-norrsken_green,model,2024-04-29,2023/24
ari_archive,archive,ARI incidence,ECDC-soca_simplex,model,2024-02-12,2023/24
ari_archive,archive,ARI incidence,ECDC-soca_simplex,model,2024-02-19,2023/24
ari_archive,archive,ARI incidence,ECDC-soca_simplex,model,2024-02-26,2023/24
ari_archive,archive,ARI incidence,ECDC-soca_simplex,model,2024-03-04,2023/24
ari_archive,archive,ARI incidence,ECDC-soca_simplex,model,2024-03-11,2023/24
ari_archive,archive,ARI incidence,ECDC-soca_simplex,model,2024-03-18,2023/24
ari_archive,archive,ARI incidence,ECDC-soca_simplex,model,2024-03-25,2023/24
ari_archive,archive,ARI incidence,ECDC-soca_simplex,model,2024-04-08,2023/24
ari_archive,archive,ARI incidence,ECDC-soca_simplex,model,2024-04-15,2023/24
ari_archive,archive,ARI incidence,ECDC-soca_simplex,model,2024-04-22,2023/24
ari_archive,archive,ARI incidence,ECDC-soca_simplex,model,2024-04-29,2023/24
syndromic,current,ARI incidence,ECDC-soca_simplex,model,2024-10-21,2024/25
syndromic,current,ARI incidence,ECDC-soca_simplex,model,2024-10-28,2024/25
syndromic,current,ARI incidence,ECDC-soca_simplex,model,2024-11-04,2024/25
syndromic,current,ARI incidence,ECDC-soca_simplex,model,2024-11-11,2024/25
syndromic,current,ARI incidence,ECDC-soca_simplex,model,2024-11-18,2024/25
syndromic,current,ARI incidence,ECDC-soca_simplex,model,2024-11-25,2024/25
syndromic,current,ARI incidence,ECDC-soca_simplex,model,2024-12-02,2024/25
syndromic,current,ARI incidence,ECDC-soca_simplex,model,2024-12-09,2024/25
syndromic,current,ARI incidence,ECDC-soca_simplex,model,2024-12-16,2024/25
syndromic,current,ARI incidence,ECDC-soca_simplex,model,2024-12-23,2024/25
syndromic,current,ARI incidence,ECDC-soca_simplex,model,2024-12-30,2024/25
syndromic,current,ARI incidence,ECDC-soca_simplex,model,2025-01-06,2024/25
syndromic,current,ARI incidence,ECDC-soca_simplex,model,2025-01-13,2024/25
syndromic,current,ARI incidence,ECDC-soca_simplex,model,2025-01-20,2024/25
syndromic,current,ARI incidence,ECDC-soca_simplex,model,2025-01-27,2024/25
syndromic,current,ARI incidence,ECDC-soca_simplex,model,2025-02-03,2024/25
syndromic,current,ARI incidence,ECDC-soca_simplex,model,2025-02-10,2024/25
syndromic,current,ARI incidence,ECDC-soca_simplex,model,2025-02-17,2024/25
syndromic,current,ARI incidence,ECDC-soca_simplex,model,2025-02-24,2024/25
syndromic,current,ARI incidence,ECDC-soca_simplex,model,2025-03-03,2024/25
syndromic,current,ARI incidence,ECDC-soca_simplex,model,2025-03-10,2024/25
syndromic,current,ARI incidence,ECDC-soca_simplex,model,2025-03-17,2024/25
syndromic,current,ARI incidence,ECDC-soca_simplex,model,2025-03-24,2024/25
syndromic,current,ARI incidence,ECDC-soca_simplex,model,2025-03-31,2024/25
syndromic,current,ARI incidence,ECDC-soca_simplex,model,2025-04-07,2024/25
syndromic,current,ARI incidence,ECDC-soca_simplex,model,2025-04-14,2024/25
syndromic,current,ARI incidence,ECDC-soca_simplex,model,2025-04-21,2024/25
syndromic,current,ARI incidence,ECDC-soca_simplex,model,2025-04-28,2024/25
syndromic,current,ARI incidence,ECDC-soca_simplex,model,2025-05-05,2024/25
syndromic,current,ARI incidence,ECDC-soca_simplex,model,2025-05-12,2024/25
syndromic,current,ARI incidence,ECDC-soca_simplex,model,2025-05-19,2024/25
syndromic,current,ARI incidence,ECDC-soca_simplex,model,2025-05-26,2024/25
syndromic,current,ARI incidence,ECDC-soca_simplex,model,2025-06-02,2024/25
syndromic,current,ARI incidence,ECDC-soca_simplex,model,2025-06-09,2024/25
syndromic,current,ARI incidence,ECDC-soca_simplex,model,2025-06-16,2024/25
syndromic,current,ARI incidence,ECDC-soca_simplex,model,2025-06-23,2024/25
syndromic,current,ARI incidence,ECDC-soca_simplex,model,2025-06-30,2024/25
syndromic,current,ARI incidence,ECDC-soca_simplex,model,2025-07-07,2024/25
syndromic,current,ARI incidence,ECDC-soca_simplex,model,2025-07-14,2024/25
syndromic,current,ARI incidence,ECDC-soca_simplex,model,2025-07-21,2024/25
syndromic,current,ARI incidence,ECDC-soca_simplex,model,2025-07-28,2024/25
syndromic,current,ARI incidence,ECDC-soca_simplex,model,2025-08-04,2025/26
syndromic,current,ARI incidence,ECDC-soca_simplex,model,2025-08-11,2025/26
syndromic,current,ARI incidence,ECDC-soca_simplex,model,2025-08-18,2025/26
syndromic,current,ARI incidence,ECDC-soca_simplex,model,2025-08-25,2025/26
syndromic,current,ARI incidence,ECDC-soca_simplex,model,2025-09-01,2025/26
syndromic,current,ARI incidence,ECDC-soca_simplex,model,2025-09-08,2025/26
syndromic,current,ARI incidence,ECDC-soca_simplex,model,2025-09-15,2025/26
syndromic,current,ARI incidence,ECDC-soca_simplex,model,2025-09-22,2025/26
syndromic,current,ARI incidence,ECDC-soca_simplex,model,2025-09-29,2025/26
syndromic,current,ARI incidence,ECDC-soca_simplex,model,2025-10-06,2025/26
syndromic,current,ARI incidence,ECDC-soca_simplex,model,2025-10-13,2025/26
syndromic,current,ARI incidence,ECDC-soca_simplex,model,2025-10-20,2025/26
syndromic,current,ARI incidence,ECDC-soca_simplex,model,2025-10-27,2025/26
syndromic,current,ARI incidence,ECDC-soca_simplex,model,2025-11-03,2025/26
syndromic,current,ARI incidence,ECDC-soca_simplex,model,2025-11-10,2025/26
syndromic,current,ARI incidence,ECDC-soca_simplex,model,2025-11-17,2025/26
syndromic,current,ARI incidence,ECDC-soca_simplex,model,2025-11-24,2025/26
syndromic,current,ARI incidence,ECDC-soca_simplex,model,2025-12-01,2025/26
syndromic,current,ARI incidence,ECDC-soca_simplex,model,2025-12-08,2025/26
syndromic,current,ARI incidence,ECDC-soca_simplex,model,2025-12-15,2025/26
syndromic,current,ARI incidence,ECDC-soca_simplex,model,2025-12-22,2025/26
syndromic,current,ARI incidence,ECDC-soca_simplex,model,2025-12-29,2025/26
syndromic,current,ARI incidence,ECDC-soca_simplex,model,2026-01-05,2025/26
syndromic,current,ARI incidence,ECDC-soca_simplex,model,2026-01-12,2025/26
syndromic,current,ARI incidence,ECDC-soca_simplex,model,2026-01-26,2025/26
syndromic,current,ARI incidence,ECDC-soca_simplex,model,2026-02-02,2025/26
syndromic,current,ARI incidence,ECDC-soca_simplex,model,2026-02-09,2025/26
syndromic,current,ARI incidence,ECDC-soca_simplex,model,2026-02-16,2025/26
syndromic,current,ARI incidence,ECDC-soca_simplex,model,2026-02-23,2025/26
syndromic,current,ARI incidence,ECDC-soca_simplex,model,2026-03-02,2025/26
syndromic,current,ARI incidence,ECDC-soca_simplex,model,2026-03-09,2025/26
syndromic,current,ARI incidence,ECDC-soca_simplex,model,2026-03-16,2025/26
syndromic,current,ARI incidence,ECDC-soca_simplex,model,2026-03-23,2025/26
syndromic,current,ARI incidence,ECDC-soca_simplex,model,2026-03-30,2025/26
syndromic,current,ARI incidence,ECDC-soca_simplex,model,2026-04-06,2025/26
syndromic,current,ARI incidence,ECDC-soca_simplex,model,2026-04-13,2025/26
syndromic,current,ARI incidence,ECDC-soca_simplex,model,2026-04-20,2025/26
syndromic,current,ARI incidence,ECDC-soca_simplex,model,2026-04-27,2025/26
syndromic,current,ARI incidence,ECDC-soca_simplex,model,2026-05-04,2025/26
syndromic,current,ARI incidence,ECDC-soca_simplex,model,2026-05-11,2025/26
syndromic,current,ARI incidence,ECDC-soca_simplex,model,2026-05-18,2025/26
syndromic,current,ARI incidence,ECDC-soca_simplex,model,2026-05-25,2025/26
syndromic,current,ARI incidence,ECDC-soca_simplex,model,2026-06-01,2025/26
syndromic,current,ARI incidence,ECDC-soca_simplex,model,2026-06-08,2025/26
syndromic,current,ARI incidence,ECDC-soca_simplex,model,2026-06-15,2025/26
syndromic,current,ARI incidence,ECDC-soca_simplex,model,2026-06-29,2025/26
syndromic,current,ARI incidence,ECDC-soca_simplex,model,2026-07-06,2025/26
syndromic,current,ARI incidence,ECDC-soca_simplex,model,2026-07-13,2025/26
ari_archive,archive,ARI incidence,ISI-AriABCaster,model,2023-12-18,2023/24
ari_archive,archive,ARI incidence,ISI-AriABCaster,model,2023-12-25,2023/24
ari_archive,archive,ARI incidence,ISI-AriABCaster,model,2024-01-01,2023/24
ari_archive,archive,ARI incidence,ISI-AriABCaster,model,2024-01-08,2023/24
ari_archive,archive,ARI incidence,ISI-AriABCaster,model,2024-01-15,2023/24
ari_archive,archive,ARI incidence,ISI-AriABCaster,model,2024-01-22,2023/24
ari_archive,archive,ARI incidence,ISI-AriABCaster,model,2024-01-29,2023/24
ari_archive,archive,ARI incidence,ISI-AriABCaster,model,2024-02-05,2023/24
ari_archive,archive,ARI incidence,ISI-AriABCaster,model,2024-02-12,2023/24
ari_archive,archive,ARI incidence,ISI-AriABCaster,model,2024-02-19,2023/24
ari_archive,archive,ARI incidence,ISI-AriABCaster,model,2024-02-26,2023/24
ari_archive,archive,ARI incidence,ISI-AriABCaster,model,2024-03-04,2023/24
ari_archive,archive,ARI incidence,ISI-AriABCaster,model,2024-03-11,2023/24
ari_archive,archive,ARI incidence,ISI-AriABCaster,model,2024-03-18,2023/24
ari_archive,archive,ARI incidence,ISI-AriABCaster,model,2024-03-25,2023/24
ari_archive,archive,ARI incidence,ISI-AriABCaster,model,2024-04-01,2023/24
ari_archive,archive,ARI incidence,ISI-AriABCaster,model,2024-04-08,2023/24
ari_archive,archive,ARI incidence,ISI-AriABCaster,model,2024-04-15,2023/24
ari_archive,archive,ARI incidence,ISI-AriABCaster,model,2024-04-22,2023/24
ari_archive,archive,ARI incidence,ISI-AriABCaster,model,2024-04-29,2023/24
ari_archive,archive,ARI incidence,ISI-EpiNowARI,model,2024-02-05,2023/24
ari_archive,archive,ARI incidence,ISI-EpiNowARI,model,2024-02-12,2023/24
ari_archive,archive,ARI incidence,ISI-EpiNowARI,model,2024-02-19,2023/24
ari_archive,archive,ARI incidence,ISI-EpiNowARI,model,2024-02-26,2023/24
ari_archive,archive,ARI incidence,ISI-EpiNowARI,model,2024-03-04,2023/24
ari_archive,archive,ARI incidence,ISI-EpiNowARI,model,2024-03-11,2023/24
ari_archive,archive,ARI incidence,ISI-EpiNowARI,model,2024-03-18,2023/24
ari_archive,archive,ARI incidence,ISI-EpiNowARI,model,2024-03-25,2023/24
ari_archive,archive,ARI incidence,ISI-EpiNowARI,model,2024-04-01,2023/24
ari_archive,archive,ARI incidence,ISI-EpiNowARI,model,2024-04-08,2023/24
ari_archive,archive,ARI incidence,ISI-EpiNowARI,model,2024-04-15,2023/24
ari_archive,archive,ARI incidence,ISI-EpiNowARI,model,2024-04-22,2023/24
ari_archive,archive,ARI incidence,ISI-EpiNowARI,model,2024-04-29,2023/24
syndromic,current,ARI incidence,ISI-FluABCaster,model,2024-10-21,2024/25
syndromic,current,ARI incidence,ISI-FluABCaster,model,2024-11-11,2024/25
syndromic,current,ARI incidence,ISI-FluABCaster,model,2024-11-18,2024/25
syndromic,current,ARI incidence,ISI-FluABCaster,model,2024-11-25,2024/25
syndromic,current,ARI incidence,ISI-FluABCaster,model,2024-12-02,2024/25
syndromic,current,ARI incidence,ISI-FluABCaster,model,2024-12-09,2024/25
syndromic,current,ARI incidence,ISI-FluABCaster,model,2024-12-16,2024/25
syndromic,current,ARI incidence,ISI-FluABCaster,model,2024-12-23,2024/25
syndromic,current,ARI incidence,ISI-FluABCaster,model,2025-01-06,2024/25
syndromic,current,ARI incidence,ISI-FluABCaster,model,2025-01-13,2024/25
syndromic,current,ARI incidence,ISI-FluABCaster,model,2025-01-20,2024/25
syndromic,current,ARI incidence,ISI-FluABCaster,model,2025-01-27,2024/25
syndromic,current,ARI incidence,ISI-FluABCaster,model,2025-02-03,2024/25
syndromic,current,ARI incidence,ISI-FluABCaster,model,2025-02-10,2024/25
syndromic,current,ARI incidence,ISI-FluABCaster,model,2025-02-17,2024/25
syndromic,current,ARI incidence,ISI-FluABCaster,model,2025-02-24,2024/25
syndromic,current,ARI incidence,ISI-FluABCaster,model,2025-03-03,2024/25
syndromic,current,ARI incidence,ISI-FluABCaster,model,2025-03-17,2024/25
syndromic,current,ARI incidence,ISI-FluABCaster,model,2025-03-24,2024/25
syndromic,current,ARI incidence,ISI-FluABCaster,model,2025-03-31,2024/25
syndromic,current,ARI incidence,ISI-FluABCaster,model,2025-04-07,2024/25
syndromic,current,ARI incidence,ISI-FluABCaster,model,2025-04-14,2024/25
syndromic,current,ARI incidence,ISI-FluABCaster,model,2025-11-24,2025/26
syndromic,current,ARI incidence,ISI-FluABCaster,model,2025-12-01,2025/26
syndromic,current,ARI incidence,ISI-FluABCaster,model,2025-12-08,2025/26
syndromic,current,ARI incidence,ISI-FluABCaster,model,2025-12-15,2025/26
syndromic,current,ARI incidence,ISI-FluABCaster,model,2025-12-22,2025/26
syndromic,current,ARI incidence,ISI-FluABCaster,model,2026-01-12,2025/26
syndromic,current,ARI incidence,ISI-FluABCaster,model,2026-01-19,2025/26
syndromic,current,ARI incidence,ISI-FluABCaster,model,2026-01-26,2025/26
syndromic,current,ARI incidence,ISI-FluABCaster,model,2026-02-02,2025/26
syndromic,current,ARI incidence,ISI-FluABCaster,model,2026-02-09,2025/26
syndromic,current,ARI incidence,ISI-FluABCaster,model,2026-02-16,2025/26
syndromic,current,ARI incidence,ISI-FluABCaster,model,2026-03-02,2025/26
syndromic,current,ARI incidence,ISI-FluBcast,model,2024-10-21,2024/25
syndromic,current,ARI incidence,ISI-FluBcast,model,2024-10-28,2024/25
syndromic,current,ARI incidence,ISI-FluBcast,model,2024-11-04,2024/25
syndromic,current,ARI incidence,ISI-FluBcast,model,2024-11-11,2024/25
syndromic,current,ARI incidence,ISI-FluBcast,model,2024-11-18,2024/25
syndromic,current,ARI incidence,ISI-FluBcast,model,2024-11-25,2024/25
syndromic,current,ARI incidence,ISI-FluBcast,model,2024-12-02,2024/25
syndromic,current,ARI incidence,ISI-FluBcast,model,2024-12-09,2024/25
syndromic,current,ARI incidence,ISI-FluBcast,model,2024-12-16,2024/25
syndromic,current,ARI incidence,ISI-FluBcast,model,2024-12-23,2024/25
syndromic,current,ARI incidence,ISI-FluBcast,model,2024-12-30,2024/25
syndromic,current,ARI incidence,ISI-FluBcast,model,2025-01-06,2024/25
syndromic,current,ARI incidence,ISI-FluBcast,model,2025-01-13,2024/25
syndromic,current,ARI incidence,ISI-FluBcast,model,2025-01-20,2024/25
syndromic,current,ARI incidence,ISI-FluBcast,model,2025-01-27,2024/25
syndromic,current,ARI incidence,ISI-FluBcast,model,2025-02-03,2024/25
syndromic,current,ARI incidence,ISI-FluBcast,model,2025-02-10,2024/25
syndromic,current,ARI incidence,ISI-FluBcast,model,2025-02-17,2024/25
syndromic,current,ARI incidence,ISI-FluBcast,model,2025-02-24,2024/25
syndromic,current,ARI incidence,ISI-FluBcast,model,2025-03-03,2024/25
syndromic,current,ARI incidence,ISI-FluBcast,model,2025-03-10,2024/25
syndromic,current,ARI incidence,ISI-FluBcast,model,2025-03-17,2024/25
syndromic,current,ARI incidence,ISI-FluBcast,model,2025-03-24,2024/25
syndromic,current,ARI incidence,ISI-FluBcast,model,2025-03-31,2024/25
syndromic,current,ARI incidence,ISI-FluBcast,model,2025-04-07,2024/25
syndromic,current,ARI incidence,ISI-FluBcast,model,2025-04-14,2024/25
syndromic,current,ARI incidence,ISI-FluBcast,model,2025-04-21,2024/25
syndromic,current,ARI incidence,ISI-FluBcast,model,2025-04-28,2024/25
syndromic,current,ARI incidence,ISI-FluBcast,model,2025-05-05,2024/25
syndromic,current,ARI incidence,ISI-FluBcast,model,2025-05-12,2024/25
syndromic,current,ARI incidence,ISI-FluBcast,model,2025-05-19,2024/25
syndromic,current,ARI incidence,ISI-FluBcast,model,2025-05-26,2024/25
syndromic,current,ARI incidence,ISI-FluBcast,model,2025-06-09,2024/25
syndromic,current,ARI incidence,ISI-FluBcast,model,2025-06-16,2024/25
syndromic,current,ARI incidence,ISI-FluBcast,model,2025-06-23,2024/25
syndromic,current,ARI incidence,ISI-FluBcast,model,2025-06-30,2024/25
syndromic,current,ARI incidence,ISI-FluBcast,model,2025-07-07,2024/25
syndromic,current,ARI incidence,ISI-FluBcast,model,2025-07-14,2024/25
syndromic,current,ARI incidence,ISI-FluBcast,model,2025-07-21,2024/25
syndromic,current,ARI incidence,ISI-FluBcast,model,2025-07-28,2024/25
syndromic,current,ARI incidence,ISI-FluBcast,model,2025-08-04,2025/26
syndromic,current,ARI incidence,ISI-FluBcast,model,2025-08-11,2025/26
syndromic,current,ARI incidence,ISI-FluBcast,model,2025-08-18,2025/26
syndromic,current,ARI incidence,ISI-FluBcast,model,2025-08-25,2025/26
syndromic,current,ARI incidence,ISI-FluBcast,model,2025-09-01,2025/26
syndromic,current,ARI incidence,ISI-FluBcast,model,2025-09-08,2025/26
syndromic,current,ARI incidence,ISI-FluBcast,model,2025-09-15,2025/26
syndromic,current,ARI incidence,ISI-FluBcast,model,2025-09-22,2025/26
syndromic,current,ARI incidence,ISI-FluBcast,model,2025-10-06,2025/26
syndromic,current,ARI incidence,ISI-FluBcast,model,2025-10-13,2025/26
syndromic,current,ARI incidence,ISI-FluBcast,model,2025-10-20,2025/26
syndromic,current,ARI incidence,ISI-FluBcast,model,2025-10-27,2025/26
syndromic,current,ARI incidence,ISI-FluBcast,model,2025-11-03,2025/26
syndromic,current,ARI incidence,ISI-FluBcast,model,2025-11-10,2025/26
syndromic,current,ARI incidence,ISI-FluBcast,model,2025-11-17,2025/26
syndromic,current,ARI incidence,ISI-FluBcast,model,2025-11-24,2025/26
syndromic,current,ARI incidence,ISI-FluBcast,model,2025-12-01,2025/26
syndromic,current,ARI incidence,ISI-FluBcast,model,2025-12-08,2025/26
syndromic,current,ARI incidence,ISI-FluBcast,model,2025-12-15,2025/26
syndromic,current,ARI incidence,ISI-FluBcast,model,2025-12-22,2025/26
syndromic,current,ARI incidence,ISI-FluBcast,model,2026-01-12,2025/26
syndromic,current,ARI incidence,ISI-FluBcast,model,2026-01-19,2025/26
syndromic,current,ARI incidence,ISI-FluBcast,model,2026-01-26,2025/26
syndromic,current,ARI incidence,ISI-FluBcast,model,2026-02-02,2025/26
syndromic,current,ARI incidence,ISI-FluBcast,model,2026-02-09,2025/26
syndromic,current,ARI incidence,ISI-FluBcast,model,2026-02-16,2025/26
syndromic,current,ARI incidence,ISI-FluBcast,model,2026-02-23,2025/26
syndromic,current,ARI incidence,ISI-FluBcast,model,2026-03-02,2025/26
syndromic,current,ARI incidence,ISI-FluBcast,model,2026-03-09,2025/26
syndromic,current,ARI incidence,ISI-FluBcast,model,2026-03-16,2025/26
syndromic,current,ARI incidence,ISI-FluBcast,model,2026-03-23,2025/26
syndromic,current,ARI incidence,ISI-FluBcast,model,2026-03-30,2025/26
syndromic,current,ARI incidence,ISI-FluBcast,model,2026-04-13,2025/26
syndromic,current,ARI incidence,ISI-FluBcast,model,2026-04-20,2025/26
syndromic,current,ARI incidence,ISI-FluBcast,model,2026-04-27,2025/26
syndromic,current,ARI incidence,ISI-FluBcast,model,2026-05-04,2025/26
syndromic,current,ARI incidence,ISI-FluBcast,model,2026-05-11,2025/26
syndromic,current,ARI incidence,ISI-FluBcast,model,2026-05-25,2025/26
syndromic,current,ARI incidence,ISI-GLEAM,model,2024-11-11,2024/25
syndromic,current,ARI incidence,ISI-GLEAM,model,2024-11-18,2024/25
syndromic,current,ARI incidence,ISI-GLEAM,model,2024-11-25,2024/25
syndromic,current,ARI incidence,ISI-GLEAM,model,2024-12-02,2024/25
syndromic,current,ARI incidence,ISI-GLEAM,model,2024-12-09,2024/25
syndromic,current,ARI incidence,ISI-GLEAM,model,2024-12-16,2024/25
syndromic,current,ARI incidence,ISI-GLEAM,model,2024-12-23,2024/25
syndromic,current,ARI incidence,ISI-GLEAM,model,2024-12-30,2024/25
syndromic,current,ARI incidence,ISI-GLEAM,model,2025-01-06,2024/25
syndromic,current,ARI incidence,ISI-GLEAM,model,2025-01-13,2024/25
syndromic,current,ARI incidence,ISI-GLEAM,model,2025-01-20,2024/25
syndromic,current,ARI incidence,ISI-GLEAM,model,2025-01-27,2024/25
syndromic,current,ARI incidence,ISI-GLEAM,model,2025-02-03,2024/25
syndromic,current,ARI incidence,ISI-GLEAM,model,2025-02-10,2024/25
syndromic,current,ARI incidence,ISI-GLEAM,model,2025-02-17,2024/25
syndromic,current,ARI incidence,ISI-GLEAM,model,2025-02-24,2024/25
syndromic,current,ARI incidence,ISI-GLEAM,model,2025-03-03,2024/25
syndromic,current,ARI incidence,ISI-GLEAM,model,2025-03-10,2024/25
syndromic,current,ARI incidence,ISI-GLEAM,model,2025-03-17,2024/25
syndromic,current,ARI incidence,ISI-GLEAM,model,2025-03-24,2024/25
syndromic,current,ARI incidence,ISI-GLEAM,model,2025-03-31,2024/25
syndromic,current,ARI incidence,ISI-GLEAM,model,2025-04-07,2024/25
syndromic,current,ARI incidence,ISI-GLEAM,model,2025-04-14,2024/25
syndromic,current,ARI incidence,ISI-GLEAM,model,2025-04-28,2024/25
syndromic,current,ARI incidence,ISI-GLEAM,model,2025-12-01,2025/26
syndromic,current,ARI incidence,ISI-GLEAM,model,2025-12-08,2025/26
syndromic,current,ARI incidence,ISI-GLEAM,model,2025-12-15,2025/26
syndromic,current,ARI incidence,ISI-GLEAM,model,2025-12-22,2025/26
syndromic,current,ARI incidence,ISI-GLEAM,model,2025-12-29,2025/26
syndromic,current,ARI incidence,ISI-GLEAM,model,2026-01-12,2025/26
syndromic,current,ARI incidence,ISI-GLEAM,model,2026-01-19,2025/26
syndromic,current,ARI incidence,ISI-GLEAM,model,2026-01-26,2025/26
syndromic,current,ARI incidence,ISI-GLEAM,model,2026-02-02,2025/26
syndromic,current,ARI incidence,ISI-GLEAM,model,2026-02-09,2025/26
syndromic,current,ARI incidence,ISI-GLEAM,model,2026-02-16,2025/26
syndromic,current,ARI incidence,ISI-GLEAM,model,2026-02-23,2025/26
syndromic,current,ARI incidence,ISI-GLEAM,model,2026-03-02,2025/26
syndromic,current,ARI incidence,ISI-GLEAM,model,2026-03-09,2025/26
syndromic,current,ARI incidence,ISI-GLEAM,model,2026-03-16,2025/26
syndromic,current,ARI incidence,ISI-GLEAM,model,2026-03-23,2025/26
syndromic,current,ARI incidence,ISI-GLEAM,model,2026-03-30,2025/26
syndromic,current,ARI incidence,ISI-GLEAM,model,2026-04-06,2025/26
syndromic,current,ARI incidence,ISI-GLEAM,model,2026-04-13,2025/26
syndromic,current,ARI incidence,ISI-GLEAM,model,2026-04-20,2025/26
ari_archive,archive,ARI incidence,ISI-GenLogModelAri,model,2023-12-18,2023/24
ari_archive,archive,ARI incidence,ISI-GenLogModelAri,model,2023-12-25,2023/24
ari_archive,archive,ARI incidence,ISI-GenLogModelAri,model,2024-01-01,2023/24
ari_archive,archive,ARI incidence,ISI-GenLogModelAri,model,2024-01-08,2023/24
ari_archive,archive,ARI incidence,ISI-GenLogModelAri,model,2024-01-15,2023/24
ari_archive,archive,ARI incidence,ISI-GenLogModelAri,model,2024-01-22,2023/24
ari_archive,archive,ARI incidence,ISI-GenLogModelAri,model,2024-01-29,2023/24
ari_archive,archive,ARI incidence,ISI-GenLogModelAri,model,2024-02-05,2023/24
ari_archive,archive,ARI incidence,ISI-GenLogModelAri,model,2024-02-12,2023/24
ari_archive,archive,ARI incidence,ISI-GenLogModelAri,model,2024-02-19,2023/24
ari_archive,archive,ARI incidence,ISI-GenLogModelAri,model,2024-02-26,2023/24
ari_archive,archive,ARI incidence,ISI-GenLogModelAri,model,2024-03-04,2023/24
ari_archive,archive,ARI incidence,ISI-GenLogModelAri,model,2024-03-11,2023/24
ari_archive,archive,ARI incidence,ISI-GenLogModelAri,model,2024-03-18,2023/24
ari_archive,archive,ARI incidence,ISI-GenLogModelAri,model,2024-03-25,2023/24
ari_archive,archive,ARI incidence,ISI-GenLogModelAri,model,2024-04-01,2023/24
ari_archive,archive,ARI incidence,ISI-GenLogModelAri,model,2024-04-08,2023/24
ari_archive,archive,ARI incidence,ISI-GenLogModelAri,model,2024-04-15,2023/24
ari_archive,archive,ARI incidence,ISI-GenLogModelAri,model,2024-04-22,2023/24
ari_archive,archive,ARI incidence,ISI-GenLogModelAri,model,2024-04-29,2023/24
syndromic,current,ARI incidence,ISI-LSTFlu,model,2024-11-18,2024/25
syndromic,current,ARI incidence,ISI-LSTFlu,model,2024-11-25,2024/25
syndromic,current,ARI incidence,ISI-LSTFlu,model,2024-12-02,2024/25
syndromic,current,ARI incidence,ISI-LSTFlu,model,2024-12-09,2024/25
syndromic,current,ARI incidence,ISI-LSTFlu,model,2024-12-16,2024/25
syndromic,current,ARI incidence,ISI-LSTFlu,model,2024-12-23,2024/25
syndromic,current,ARI incidence,ISI-LSTFlu,model,2025-01-06,2024/25
syndromic,current,ARI incidence,ISI-LSTFlu,model,2025-01-13,2024/25
syndromic,current,ARI incidence,ISI-LSTFlu,model,2025-01-20,2024/25
syndromic,current,ARI incidence,ISI-LSTFlu,model,2025-01-27,2024/25
syndromic,current,ARI incidence,ISI-LSTFlu,model,2025-02-03,2024/25
syndromic,current,ARI incidence,ISI-LSTFlu,model,2025-02-10,2024/25
syndromic,current,ARI incidence,ISI-LSTFlu,model,2025-02-17,2024/25
syndromic,current,ARI incidence,ISI-LSTFlu,model,2025-02-24,2024/25
syndromic,current,ARI incidence,ISI-LSTFlu,model,2025-03-03,2024/25
syndromic,current,ARI incidence,ISI-LSTFlu,model,2025-03-10,2024/25
syndromic,current,ARI incidence,ISI-LSTFlu,model,2025-03-17,2024/25
syndromic,current,ARI incidence,ISI-LSTFlu,model,2025-03-24,2024/25
syndromic,current,ARI incidence,ISI-LSTFlu,model,2025-03-31,2024/25
syndromic,current,ARI incidence,ISI-LSTFlu,model,2025-04-07,2024/25
syndromic,current,ARI incidence,ISI-LSTFlu,model,2025-04-14,2024/25
syndromic,current,ARI incidence,ISI-LSTFlu,model,2025-12-08,2025/26
syndromic,current,ARI incidence,ISI-LSTFlu,model,2025-12-15,2025/26
syndromic,current,ARI incidence,ISI-LSTFlu,model,2026-01-12,2025/26
syndromic,current,ARI incidence,ISI-LSTFlu,model,2026-01-19,2025/26
syndromic,current,ARI incidence,ISI-LSTFlu,model,2026-01-26,2025/26
syndromic,current,ARI incidence,ISI-LSTFlu,model,2026-02-02,2025/26
syndromic,current,ARI incidence,ISI-LSTFlu,model,2026-02-09,2025/26
syndromic,current,ARI incidence,ISI-LSTFlu,model,2026-02-16,2025/26
syndromic,current,ARI incidence,ISI-LSTFlu,model,2026-02-23,2025/26
syndromic,current,ARI incidence,ISI-LSTFlu,model,2026-03-02,2025/26
syndromic,current,ARI incidence,ISI-LSTFlu,model,2026-03-09,2025/26
syndromic,current,ARI incidence,ISI-LSTFlu,model,2026-03-16,2025/26
syndromic,current,ARI incidence,ISI-LSTFlu,model,2026-03-23,2025/26
syndromic,current,ARI incidence,ISI-LSTFlu,model,2026-03-30,2025/26
syndromic,current,ARI incidence,ISI-LSTFlu,model,2026-04-13,2025/26
syndromic,current,ARI incidence,ISI-RespiVAR,model,2026-01-12,2025/26
syndromic,current,ARI incidence,ISI-RespiVAR,model,2026-01-19,2025/26
syndromic,current,ARI incidence,ISI-RespiVAR,model,2026-01-26,2025/26
syndromic,current,ARI incidence,ISI-RespiVAR,model,2026-02-02,2025/26
syndromic,current,ARI incidence,ISI-RespiVAR,model,2026-02-09,2025/26
syndromic,current,ARI incidence,ISI-RespiVAR,model,2026-02-16,2025/26
syndromic,current,ARI incidence,ISI-RespiVAR,model,2026-02-23,2025/26
syndromic,current,ARI incidence,ISI-RespiVAR,model,2026-03-02,2025/26
syndromic,current,ARI incidence,ISI-RespiVAR,model,2026-03-09,2025/26
syndromic,current,ARI incidence,ISI-RespiVAR,model,2026-03-16,2025/26
syndromic,current,ARI incidence,ISI-RespiVAR,model,2026-03-23,2025/26
syndromic,current,ARI incidence,ISI-RespiVAR,model,2026-03-30,2025/26
syndromic,current,ARI incidence,ISI-RespiVAR,model,2026-04-13,2025/26
syndromic,current,ARI incidence,ISI-RespiVAR,model,2026-04-20,2025/26
syndromic,current,ARI incidence,ISI-RespiVAR,model,2026-04-27,2025/26
syndromic,current,ARI incidence,ISI-RespiVAR,model,2026-05-04,2025/26
syndromic,current,ARI incidence,ISI-SEIR_BRW,model,2024-10-28,2024/25
syndromic,current,ARI incidence,ISI-SEIR_BRW,model,2024-11-04,2024/25
syndromic,current,ARI incidence,ISI-SEIR_BRW,model,2024-11-11,2024/25
syndromic,current,ARI incidence,ISI-SEIR_BRW,model,2024-11-18,2024/25
syndromic,current,ARI incidence,ISI-SEIR_BRW,model,2024-11-25,2024/25
syndromic,current,ARI incidence,ISI-SEIR_BRW,model,2024-12-02,2024/25
syndromic,current,ARI incidence,ISI-SEIR_BRW,model,2024-12-09,2024/25
syndromic,current,ARI incidence,ISI-SEIR_BRW,model,2024-12-16,2024/25
syndromic,current,ARI incidence,ISI-SEIR_BRW,model,2024-12-23,2024/25
syndromic,current,ARI incidence,ISI-SEIR_BRW,model,2025-01-06,2024/25
syndromic,current,ARI incidence,ISI-SEIR_BRW,model,2025-01-20,2024/25
syndromic,current,ARI incidence,ISI-SEIR_BRW,model,2025-01-27,2024/25
syndromic,current,ARI incidence,ISI-SEIR_BRW,model,2025-02-17,2024/25
syndromic,current,ARI incidence,ISI-SEIR_BRW,model,2025-02-24,2024/25
syndromic,current,ARI incidence,ISI-SEIR_BRW,model,2025-03-03,2024/25
syndromic,current,ARI incidence,IceLab-EDM,model,2026-05-25,2025/26
syndromic,current,ARI incidence,MRC_GIDA-CATBoost,model,2024-10-21,2024/25
syndromic,current,ARI incidence,MRC_GIDA-NBEATS,model,2024-10-21,2024/25
syndromic,current,ARI incidence,MRC_GIDA-NBEATS,model,2025-10-06,2025/26
syndromic,current,ARI incidence,MRC_GIDA-NBEATS,model,2025-10-13,2025/26
syndromic,current,ARI incidence,MRC_GIDA-NBEATS,model,2025-10-20,2025/26
syndromic,current,ARI incidence,MRC_GIDA-NBEATS,model,2025-10-27,2025/26
syndromic,current,ARI incidence,MRC_GIDA-NBEATS,model,2025-11-03,2025/26
syndromic,current,ARI incidence,MRC_GIDA-NBEATS,model,2025-11-10,2025/26
syndromic,current,ARI incidence,MRC_GIDA-NBEATS,model,2025-11-17,2025/26
syndromic,current,ARI incidence,MRC_GIDA-NBEATS,model,2025-11-24,2025/26
syndromic,current,ARI incidence,MRC_GIDA-NBEATS,model,2025-12-01,2025/26
syndromic,current,ARI incidence,MRC_GIDA-NBEATS,model,2025-12-08,2025/26
syndromic,current,ARI incidence,MRC_GIDA-NBEATS,model,2025-12-15,2025/26
syndromic,current,ARI incidence,MRC_GIDA-NBEATS,model,2026-01-19,2025/26
syndromic,current,ARI incidence,MRC_GIDA-NBEATS,model,2026-02-09,2025/26
syndromic,current,ARI incidence,MRC_GIDA-NBEATS,model,2026-03-16,2025/26
syndromic,current,ARI incidence,MRC_GIDA-NBEATS,model,2026-03-23,2025/26
syndromic,current,ARI incidence,MRC_GIDA-NBEATS,model,2026-03-30,2025/26
syndromic,current,ARI incidence,MRC_GIDA-NBEATS,model,2026-04-13,2025/26
syndromic,current,ARI incidence,MRC_GIDA-NBEATS,model,2026-04-20,2025/26
syndromic,current,ARI incidence,MRC_GIDA-NBEATS,model,2026-04-27,2025/26
syndromic,current,ARI incidence,MRC_GIDA-NBEATS,model,2026-05-04,2025/26
syndromic,current,ARI incidence,MRC_GIDA-NBEATS,model,2026-05-11,2025/26
syndromic,current,ARI incidence,MRC_GIDA-NBEATS,model,2026-05-25,2025/26
syndromic,current,ARI incidence,MRC_GIDA-NHiTS,model,2024-10-21,2024/25
syndromic,current,ARI incidence,MRC_GIDA-NHiTS,model,2025-10-06,2025/26
syndromic,current,ARI incidence,MRC_GIDA-NHiTS,model,2025-10-13,2025/26
syndromic,current,ARI incidence,MRC_GIDA-NHiTS,model,2025-10-20,2025/26
syndromic,current,ARI incidence,MRC_GIDA-NHiTS,model,2025-10-27,2025/26
syndromic,current,ARI incidence,MRC_GIDA-NHiTS,model,2025-11-03,2025/26
syndromic,current,ARI incidence,MRC_GIDA-NHiTS,model,2025-11-10,2025/26
syndromic,current,ARI incidence,MRC_GIDA-NHiTS,model,2025-11-17,2025/26
syndromic,current,ARI incidence,MRC_GIDA-NHiTS,model,2025-11-24,2025/26
syndromic,current,ARI incidence,MRC_GIDA-NHiTS,model,2025-12-01,2025/26
syndromic,current,ARI incidence,MRC_GIDA-NHiTS,model,2025-12-08,2025/26
syndromic,current,ARI incidence,MRC_GIDA-NHiTS,model,2025-12-15,2025/26
syndromic,current,ARI incidence,MRC_GIDA-NHiTS,model,2026-01-19,2025/26
syndromic,current,ARI incidence,MRC_GIDA-NHiTS,model,2026-02-09,2025/26
syndromic,current,ARI incidence,MRC_GIDA-NHiTS,model,2026-03-16,2025/26
syndromic,current,ARI incidence,MRC_GIDA-NHiTS,model,2026-03-23,2025/26
syndromic,current,ARI incidence,MRC_GIDA-NHiTS,model,2026-03-30,2025/26
syndromic,current,ARI incidence,MRC_GIDA-NHiTS,model,2026-04-13,2025/26
syndromic,current,ARI incidence,MRC_GIDA-NHiTS,model,2026-04-20,2025/26
syndromic,current,ARI incidence,MRC_GIDA-NHiTS,model,2026-04-27,2025/26
syndromic,current,ARI incidence,MRC_GIDA-NHiTS,model,2026-05-04,2025/26
syndromic,current,ARI incidence,MRC_GIDA-NHiTS,model,2026-05-11,2025/26
syndromic,current,ARI incidence,MRC_GIDA-NHiTS,model,2026-05-25,2025/26
syndromic,current,ARI incidence,MRC_GIDA-Prophet,model,2024-10-21,2024/25
syndromic,current,ARI incidence,MRC_GIDA-Prophet,model,2025-10-06,2025/26
syndromic,current,ARI incidence,MRC_GIDA-Prophet,model,2025-10-13,2025/26
syndromic,current,ARI incidence,MRC_GIDA-Prophet,model,2025-10-20,2025/26
syndromic,current,ARI incidence,MRC_GIDA-Prophet,model,2025-10-27,2025/26
syndromic,current,ARI incidence,MRC_GIDA-Prophet,model,2025-11-03,2025/26
syndromic,current,ARI incidence,MRC_GIDA-Prophet,model,2025-11-10,2025/26
syndromic,current,ARI incidence,MRC_GIDA-Prophet,model,2025-11-17,2025/26
syndromic,current,ARI incidence,MRC_GIDA-Prophet,model,2025-11-24,2025/26
syndromic,current,ARI incidence,MRC_GIDA-Prophet,model,2025-12-01,2025/26
syndromic,current,ARI incidence,MRC_GIDA-Prophet,model,2025-12-08,2025/26
syndromic,current,ARI incidence,MRC_GIDA-Prophet,model,2025-12-15,2025/26
syndromic,current,ARI incidence,MRC_GIDA-Prophet,model,2026-01-19,2025/26
syndromic,current,ARI incidence,MRC_GIDA-Prophet,model,2026-02-09,2025/26
syndromic,current,ARI incidence,MRC_GIDA-Prophet,model,2026-03-16,2025/26
syndromic,current,ARI incidence,MRC_GIDA-Prophet,model,2026-03-23,2025/26
syndromic,current,ARI incidence,MRC_GIDA-Prophet,model,2026-03-30,2025/26
syndromic,current,ARI incidence,MRC_GIDA-Prophet,model,2026-04-13,2025/26
syndromic,current,ARI incidence,MRC_GIDA-Prophet,model,2026-04-20,2025/26
syndromic,current,ARI incidence,MRC_GIDA-Prophet,model,2026-04-27,2025/26
syndromic,current,ARI incidence,MRC_GIDA-Prophet,model,2026-05-04,2025/26
syndromic,current,ARI incidence,MRC_GIDA-Prophet,model,2026-05-11,2025/26
syndromic,current,ARI incidence,MRC_GIDA-Prophet,model,2026-05-25,2025/26
syndromic,current,ARI incidence,MRC_GIDA-TiDE,model,2025-10-06,2025/26
syndromic,current,ARI incidence,MRC_GIDA-TiDE,model,2025-10-13,2025/26
syndromic,current,ARI incidence,MRC_GIDA-TiDE,model,2025-10-20,2025/26
syndromic,current,ARI incidence,MRC_GIDA-TiDE,model,2025-10-27,2025/26
syndromic,current,ARI incidence,MRC_GIDA-TiDE,model,2025-11-03,2025/26
syndromic,current,ARI incidence,MRC_GIDA-TiDE,model,2025-11-10,2025/26
syndromic,current,ARI incidence,MRC_GIDA-TiDE,model,2025-11-17,2025/26
syndromic,current,ARI incidence,MRC_GIDA-TiDE,model,2025-11-24,2025/26
syndromic,current,ARI incidence,MRC_GIDA-TiDE,model,2025-12-01,2025/26
syndromic,current,ARI incidence,MRC_GIDA-TiDE,model,2025-12-08,2025/26
syndromic,current,ARI incidence,MRC_GIDA-TiDE,model,2025-12-15,2025/26
syndromic,current,ARI incidence,MRC_GIDA-TiDE,model,2026-01-19,2025/26
syndromic,current,ARI incidence,MRC_GIDA-TiDE,model,2026-02-09,2025/26
syndromic,current,ARI incidence,MRC_GIDA-TiDE,model,2026-03-16,2025/26
syndromic,current,ARI incidence,MRC_GIDA-TiDE,model,2026-03-23,2025/26
syndromic,current,ARI incidence,MRC_GIDA-TiDE,model,2026-03-30,2025/26
syndromic,current,ARI incidence,MRC_GIDA-TiDE,model,2026-04-13,2025/26
syndromic,current,ARI incidence,MRC_GIDA-TiDE,model,2026-04-20,2025/26
syndromic,current,ARI incidence,MRC_GIDA-TiDE,model,2026-04-27,2025/26
syndromic,current,ARI incidence,MRC_GIDA-TiDE,model,2026-05-04,2025/26
syndromic,current,ARI incidence,MRC_GIDA-TiDE,model,2026-05-11,2025/26
syndromic,current,ARI incidence,MRC_GIDA-TiDE,model,2026-05-25,2025/26
syndromic,current,ARI incidence,NotreDame-Rt_cocirc,model,2024-11-18,2024/25
syndromic,current,ARI incidence,NotreDame-Rt_cocirc,model,2024-11-25,2024/25
syndromic,current,ARI incidence,NotreDame-Rt_cocirc,model,2024-12-02,2024/25
syndromic,current,ARI incidence,NotreDame-Rt_cocirc,model,2024-12-09,2024/25
syndromic,current,ARI incidence,NotreDame-Rt_cocirc,model,2024-12-16,2024/25
syndromic,current,ARI incidence,NotreDame-Rt_cocirc,model,2024-12-23,2024/25
syndromic,current,ARI incidence,NotreDame-Rt_cocirc,model,2024-12-30,2024/25
syndromic,current,ARI incidence,NotreDame-Rt_cocirc,model,2025-01-06,2024/25
syndromic,current,ARI incidence,NotreDame-Rt_cocirc,model,2025-01-20,2024/25
syndromic,current,ARI incidence,NotreDame-Rt_cocirc,model,2025-01-27,2024/25
syndromic,current,ARI incidence,NotreDame-Rt_cocirc,model,2025-02-03,2024/25
syndromic,current,ARI incidence,NotreDame-Rt_cocirc,model,2025-02-10,2024/25
syndromic,current,ARI incidence,NotreDame-Rt_cocirc,model,2025-02-17,2024/25
syndromic,current,ARI incidence,NotreDame-Rt_cocirc,model,2025-02-24,2024/25
syndromic,current,ARI incidence,NotreDame-Rt_cocirc,model,2025-03-03,2024/25
syndromic,current,ARI incidence,NotreDame-Rt_cocirc,model,2025-03-10,2024/25
syndromic,current,ARI incidence,NotreDame-Rt_cocirc,model,2025-03-17,2024/25
syndromic,current,ARI incidence,NotreDame-Rt_cocirc,model,2025-03-24,2024/25
syndromic,current,ARI incidence,NotreDame-Rt_cocirc,model,2025-03-31,2024/25
syndromic,current,ARI incidence,NotreDame-Rt_cocirc,model,2025-04-07,2024/25
syndromic,current,ARI incidence,NotreDame-Rt_cocirc,model,2025-04-14,2024/25
syndromic,current,ARI incidence,NotreDame-Rt_cocirc,model,2025-05-05,2024/25
syndromic,current,ARI incidence,NotreDame-Rt_cocirc,model,2025-05-12,2024/25
syndromic,current,ARI incidence,NotreDame-Rt_cocirc,model,2025-05-19,2024/25
syndromic,current,ARI incidence,NotreDame-Rt_cocirc,model,2025-05-26,2024/25
syndromic,current,ARI incidence,NotreDame-Rt_cocirc,model,2025-06-02,2024/25
syndromic,current,ARI incidence,NotreDame-Rt_cocirc,model,2025-06-09,2024/25
syndromic,current,ARI incidence,NotreDame-Rt_cocirc,model,2025-06-23,2024/25
syndromic,current,ARI incidence,NotreDame-Rt_cocirc,model,2025-06-30,2024/25
syndromic,current,ARI incidence,NotreDame-Rt_cocirc,model,2025-07-14,2024/25
syndromic,current,ARI incidence,NotreDame-Rt_cocirc,model,2025-07-21,2024/25
syndromic,current,ARI incidence,NotreDame-Rt_cocirc,model,2025-07-28,2024/25
syndromic,current,ARI incidence,NotreDame-Rt_cocirc,model,2025-08-04,2025/26
syndromic,current,ARI incidence,NotreDame-Rt_cocirc,model,2025-08-11,2025/26
syndromic,current,ARI incidence,NotreDame-Rt_cocirc,model,2025-08-18,2025/26
syndromic,current,ARI incidence,NotreDame-Rt_cocirc,model,2025-09-01,2025/26
syndromic,current,ARI incidence,NotreDame-Rt_cocirc,model,2025-09-08,2025/26
syndromic,current,ARI incidence,NotreDame-Rt_cocirc,model,2025-09-15,2025/26
syndromic,current,ARI incidence,NotreDame-Rt_cocirc,model,2025-09-22,2025/26
syndromic,current,ARI incidence,NotreDame-Rt_cocirc,model,2025-09-29,2025/26
syndromic,current,ARI incidence,NotreDame-Rt_cocirc,model,2025-10-06,2025/26
syndromic,current,ARI incidence,NotreDame-Rt_cocirc,model,2025-10-20,2025/26
syndromic,current,ARI incidence,NotreDame-Rt_cocirc,model,2025-10-27,2025/26
syndromic,current,ARI incidence,NotreDame-Rt_cocirc,model,2025-11-03,2025/26
syndromic,current,ARI incidence,NotreDame-Rt_cocirc,model,2025-11-10,2025/26
syndromic,current,ARI incidence,NotreDame-Rt_cocirc,model,2025-11-17,2025/26
syndromic,current,ARI incidence,NotreDame-Rt_cocirc,model,2025-12-01,2025/26
syndromic,current,ARI incidence,NotreDame-Rt_cocirc,model,2025-12-08,2025/26
syndromic,current,ARI incidence,NotreDame-Rt_cocirc,model,2026-02-02,2025/26
syndromic,current,ARI incidence,NotreDame-Rt_cocirc,model,2026-02-09,2025/26
syndromic,current,ARI incidence,NotreDame-Rt_cocirc,model,2026-02-16,2025/26
syndromic,current,ARI incidence,NotreDame-Rt_cocirc,model,2026-02-23,2025/26
syndromic,current,ARI incidence,NotreDame-Rt_cocirc,model,2026-03-02,2025/26
syndromic,current,ARI incidence,NotreDame-Rt_cocirc,model,2026-03-09,2025/26
syndromic,current,ARI incidence,NotreDame-Rt_cocirc,model,2026-03-16,2025/26
syndromic,current,ARI incidence,NotreDame-Rt_cocirc,model,2026-03-23,2025/26
syndromic,current,ARI incidence,NotreDame-Rt_cocirc,model,2026-03-30,2025/26
syndromic,current,ARI incidence,NotreDame-Rt_cocirc,model,2026-04-06,2025/26
syndromic,current,ARI incidence,NotreDame-Rt_cocirc,model,2026-04-20,2025/26
syndromic,current,ARI incidence,NotreDame-Rt_cocirc,model,2026-05-04,2025/26
ari_archive,archive,ARI incidence,fjordhest-ensemble,model,2024-01-08,2023/24
ari_archive,archive,ARI incidence,fjordhest-ensemble,model,2024-01-15,2023/24
ari_archive,archive,ARI incidence,fjordhest-ensemble,model,2024-01-22,2023/24
ari_archive,archive,ARI incidence,fjordhest-ensemble,model,2024-01-29,2023/24
ari_archive,archive,ARI incidence,fjordhest-ensemble,model,2024-02-05,2023/24
ari_archive,archive,ARI incidence,fjordhest-ensemble,model,2024-02-12,2023/24
ari_archive,archive,ARI incidence,fjordhest-ensemble,model,2024-02-19,2023/24
ari_archive,archive,ARI incidence,fjordhest-ensemble,model,2024-02-26,2023/24
ari_archive,archive,ARI incidence,fjordhest-ensemble,model,2024-03-04,2023/24
ari_archive,archive,ARI incidence,fjordhest-ensemble,model,2024-03-11,2023/24
ari_archive,archive,ARI incidence,fjordhest-ensemble,model,2024-03-18,2023/24
ari_archive,archive,ARI incidence,fjordhest-ensemble,model,2024-03-25,2023/24
ari_archive,archive,ARI incidence,fjordhest-ensemble,model,2024-04-08,2023/24
ari_archive,archive,ARI incidence,fjordhest-ensemble,model,2024-04-15,2023/24
ari_archive,archive,ARI incidence,fjordhest-ensemble,model,2024-04-22,2023/24
ari_archive,archive,ARI incidence,fjordhest-ensemble,model,2024-04-29,2023/24
syndromic,current,ARI incidence,fjordhest-ensemble,model,2024-10-21,2024/25
syndromic,current,ARI incidence,fjordhest-ensemble,model,2024-10-28,2024/25
syndromic,current,ARI incidence,fjordhest-ensemble,model,2024-11-04,2024/25
syndromic,current,ARI incidence,fjordhest-ensemble,model,2024-11-11,2024/25
syndromic,current,ARI incidence,fjordhest-ensemble,model,2024-11-18,2024/25
syndromic,current,ARI incidence,fjordhest-ensemble,model,2024-11-25,2024/25
syndromic,current,ARI incidence,fjordhest-ensemble,model,2024-12-02,2024/25
syndromic,current,ARI incidence,fjordhest-ensemble,model,2024-12-09,2024/25
syndromic,current,ARI incidence,fjordhest-ensemble,model,2024-12-16,2024/25
syndromic,current,ARI incidence,fjordhest-ensemble,model,2024-12-23,2024/25
syndromic,current,ARI incidence,fjordhest-ensemble,model,2025-01-13,2024/25
syndromic,current,ARI incidence,fjordhest-ensemble,model,2025-01-20,2024/25
syndromic,current,ARI incidence,fjordhest-ensemble,model,2025-01-27,2024/25
syndromic,current,ARI incidence,fjordhest-ensemble,model,2025-02-03,2024/25
syndromic,current,ARI incidence,fjordhest-ensemble,model,2025-02-10,2024/25
syndromic,current,ARI incidence,fjordhest-ensemble,model,2025-02-17,2024/25
syndromic,current,ARI incidence,fjordhest-ensemble,model,2025-02-24,2024/25
syndromic,current,ARI incidence,fjordhest-ensemble,model,2025-03-03,2024/25
syndromic,current,ARI incidence,fjordhest-ensemble,model,2025-03-10,2024/25
syndromic,current,ARI incidence,fjordhest-ensemble,model,2025-03-17,2024/25
syndromic,current,ARI incidence,fjordhest-ensemble,model,2025-03-24,2024/25
syndromic,current,ARI incidence,fjordhest-ensemble,model,2025-03-31,2024/25
syndromic,current,ARI incidence,fjordhest-ensemble,model,2025-04-07,2024/25
syndromic,current,ARI incidence,fjordhest-ensemble,model,2025-04-14,2024/25
syndromic,current,ARI incidence,fjordhest-ensemble,model,2025-04-28,2024/25
ari_archive,archive,ARI incidence,respicast-hubEnsemble,ensemble,2023-12-18,2023/24
ari_archive,archive,ARI incidence,respicast-hubEnsemble,ensemble,2023-12-25,2023/24
ari_archive,archive,ARI incidence,respicast-hubEnsemble,ensemble,2024-01-01,2023/24
ari_archive,archive,ARI incidence,respicast-hubEnsemble,ensemble,2024-01-08,2023/24
ari_archive,archive,ARI incidence,respicast-hubEnsemble,ensemble,2024-01-15,2023/24
ari_archive,archive,ARI incidence,respicast-hubEnsemble,ensemble,2024-01-22,2023/24
ari_archive,archive,ARI incidence,respicast-hubEnsemble,ensemble,2024-01-29,2023/24
ari_archive,archive,ARI incidence,respicast-hubEnsemble,ensemble,2024-02-05,2023/24
ari_archive,archive,ARI incidence,respicast-hubEnsemble,ensemble,2024-02-12,2023/24
ari_archive,archive,ARI incidence,respicast-hubEnsemble,ensemble,2024-02-19,2023/24
ari_archive,archive,ARI incidence,respicast-hubEnsemble,ensemble,2024-02-26,2023/24
ari_archive,archive,ARI incidence,respicast-hubEnsemble,ensemble,2024-03-04,2023/24
ari_archive,archive,ARI incidence,respicast-hubEnsemble,ensemble,2024-03-11,2023/24
ari_archive,archive,ARI incidence,respicast-hubEnsemble,ensemble,2024-03-18,2023/24
ari_archive,archive,ARI incidence,respicast-hubEnsemble,ensemble,2024-03-25,2023/24
ari_archive,archive,ARI incidence,respicast-hubEnsemble,ensemble,2024-04-01,2023/24
ari_archive,archive,ARI incidence,respicast-hubEnsemble,ensemble,2024-04-08,2023/24
ari_archive,archive,ARI incidence,respicast-hubEnsemble,ensemble,2024-04-15,2023/24
ari_archive,archive,ARI incidence,respicast-hubEnsemble,ensemble,2024-04-22,2023/24
ari_archive,archive,ARI incidence,respicast-hubEnsemble,ensemble,2024-04-29,2023/24
syndromic,current,ARI incidence,respicast-hubEnsemble,ensemble,2024-10-21,2024/25
syndromic,current,ARI incidence,respicast-hubEnsemble,ensemble,2024-10-28,2024/25
syndromic,current,ARI incidence,respicast-hubEnsemble,ensemble,2024-11-04,2024/25
syndromic,current,ARI incidence,respicast-hubEnsemble,ensemble,2024-11-11,2024/25
syndromic,current,ARI incidence,respicast-hubEnsemble,ensemble,2024-11-18,2024/25
syndromic,current,ARI incidence,respicast-hubEnsemble,ensemble,2024-11-25,2024/25
syndromic,current,ARI incidence,respicast-hubEnsemble,ensemble,2024-12-02,2024/25
syndromic,current,ARI incidence,respicast-hubEnsemble,ensemble,2024-12-09,2024/25
syndromic,current,ARI incidence,respicast-hubEnsemble,ensemble,2024-12-16,2024/25
syndromic,current,ARI incidence,respicast-hubEnsemble,ensemble,2024-12-23,2024/25
syndromic,current,ARI incidence,respicast-hubEnsemble,ensemble,2024-12-30,2024/25
syndromic,current,ARI incidence,respicast-hubEnsemble,ensemble,2025-01-06,2024/25
syndromic,current,ARI incidence,respicast-hubEnsemble,ensemble,2025-01-13,2024/25
syndromic,current,ARI incidence,respicast-hubEnsemble,ensemble,2025-01-20,2024/25
syndromic,current,ARI incidence,respicast-hubEnsemble,ensemble,2025-01-27,2024/25
syndromic,current,ARI incidence,respicast-hubEnsemble,ensemble,2025-02-03,2024/25
syndromic,current,ARI incidence,respicast-hubEnsemble,ensemble,2025-02-10,2024/25
syndromic,current,ARI incidence,respicast-hubEnsemble,ensemble,2025-02-17,2024/25
syndromic,current,ARI incidence,respicast-hubEnsemble,ensemble,2025-02-24,2024/25
syndromic,current,ARI incidence,respicast-hubEnsemble,ensemble,2025-03-03,2024/25
syndromic,current,ARI incidence,respicast-hubEnsemble,ensemble,2025-03-10,2024/25
syndromic,current,ARI incidence,respicast-hubEnsemble,ensemble,2025-03-17,2024/25
syndromic,current,ARI incidence,respicast-hubEnsemble,ensemble,2025-03-24,2024/25
syndromic,current,ARI incidence,respicast-hubEnsemble,ensemble,2025-03-31,2024/25
syndromic,current,ARI incidence,respicast-hubEnsemble,ensemble,2025-04-07,2024/25
syndromic,current,ARI incidence,respicast-hubEnsemble,ensemble,2025-04-14,2024/25
syndromic,current,ARI incidence,respicast-hubEnsemble,ensemble,2025-04-21,2024/25
syndromic,current,ARI incidence,respicast-hubEnsemble,ensemble,2025-04-28,2024/25
syndromic,current,ARI incidence,respicast-hubEnsemble,ensemble,2025-05-05,2024/25
syndromic,current,ARI incidence,respicast-hubEnsemble,ensemble,2025-05-12,2024/25
syndromic,current,ARI incidence,respicast-hubEnsemble,ensemble,2025-05-19,2024/25
syndromic,current,ARI incidence,respicast-hubEnsemble,ensemble,2025-05-26,2024/25
syndromic,current,ARI incidence,respicast-hubEnsemble,ensemble,2025-06-02,2024/25
syndromic,current,ARI incidence,respicast-hubEnsemble,ensemble,2025-06-09,2024/25
syndromic,current,ARI incidence,respicast-hubEnsemble,ensemble,2025-06-16,2024/25
syndromic,current,ARI incidence,respicast-hubEnsemble,ensemble,2025-06-23,2024/25
syndromic,current,ARI incidence,respicast-hubEnsemble,ensemble,2025-06-30,2024/25
syndromic,current,ARI incidence,respicast-hubEnsemble,ensemble,2025-07-07,2024/25
syndromic,current,ARI incidence,respicast-hubEnsemble,ensemble,2025-07-14,2024/25
syndromic,current,ARI incidence,respicast-hubEnsemble,ensemble,2025-07-21,2024/25
syndromic,current,ARI incidence,respicast-hubEnsemble,ensemble,2025-07-28,2024/25
syndromic,current,ARI incidence,respicast-hubEnsemble,ensemble,2025-08-04,2025/26
syndromic,current,ARI incidence,respicast-hubEnsemble,ensemble,2025-08-11,2025/26
syndromic,current,ARI incidence,respicast-hubEnsemble,ensemble,2025-08-18,2025/26
syndromic,current,ARI incidence,respicast-hubEnsemble,ensemble,2025-08-25,2025/26
syndromic,current,ARI incidence,respicast-hubEnsemble,ensemble,2025-09-01,2025/26
syndromic,current,ARI incidence,respicast-hubEnsemble,ensemble,2025-09-08,2025/26
syndromic,current,ARI incidence,respicast-hubEnsemble,ensemble,2025-09-15,2025/26
syndromic,current,ARI incidence,respicast-hubEnsemble,ensemble,2025-09-22,2025/26
syndromic,current,ARI incidence,respicast-hubEnsemble,ensemble,2025-09-29,2025/26
syndromic,current,ARI incidence,respicast-hubEnsemble,ensemble,2025-10-06,2025/26
syndromic,current,ARI incidence,respicast-hubEnsemble,ensemble,2025-10-13,2025/26
syndromic,current,ARI incidence,respicast-hubEnsemble,ensemble,2025-10-20,2025/26
syndromic,current,ARI incidence,respicast-hubEnsemble,ensemble,2025-10-27,2025/26
syndromic,current,ARI incidence,respicast-hubEnsemble,ensemble,2025-11-03,2025/26
syndromic,current,ARI incidence,respicast-hubEnsemble,ensemble,2025-11-10,2025/26
syndromic,current,ARI incidence,respicast-hubEnsemble,ensemble,2025-11-17,2025/26
syndromic,current,ARI incidence,respicast-hubEnsemble,ensemble,2025-11-24,2025/26
syndromic,current,ARI incidence,respicast-hubEnsemble,ensemble,2025-12-01,2025/26
syndromic,current,ARI incidence,respicast-hubEnsemble,ensemble,2025-12-08,2025/26
syndromic,current,ARI incidence,respicast-hubEnsemble,ensemble,2025-12-15,2025/26
syndromic,current,ARI incidence,respicast-hubEnsemble,ensemble,2025-12-22,2025/26
syndromic,current,ARI incidence,respicast-hubEnsemble,ensemble,2025-12-29,2025/26
syndromic,current,ARI incidence,respicast-hubEnsemble,ensemble,2026-01-05,2025/26
syndromic,current,ARI incidence,respicast-hubEnsemble,ensemble,2026-01-12,2025/26
syndromic,current,ARI incidence,respicast-hubEnsemble,ensemble,2026-01-19,2025/26
syndromic,current,ARI incidence,respicast-hubEnsemble,ensemble,2026-01-26,2025/26
syndromic,current,ARI incidence,respicast-hubEnsemble,ensemble,2026-02-02,2025/26
syndromic,current,ARI incidence,respicast-hubEnsemble,ensemble,2026-02-09,2025/26
syndromic,current,ARI incidence,respicast-hubEnsemble,ensemble,2026-02-16,2025/26
syndromic,current,ARI incidence,respicast-hubEnsemble,ensemble,2026-02-23,2025/26
syndromic,current,ARI incidence,respicast-hubEnsemble,ensemble,2026-03-02,2025/26
syndromic,current,ARI incidence,respicast-hubEnsemble,ensemble,2026-03-09,2025/26
syndromic,current,ARI incidence,respicast-hubEnsemble,ensemble,2026-03-16,2025/26
syndromic,current,ARI incidence,respicast-hubEnsemble,ensemble,2026-03-23,2025/26
syndromic,current,ARI incidence,respicast-hubEnsemble,ensemble,2026-03-30,2025/26
syndromic,current,ARI incidence,respicast-hubEnsemble,ensemble,2026-04-06,2025/26
syndromic,current,ARI incidence,respicast-hubEnsemble,ensemble,2026-04-13,2025/26
syndromic,current,ARI incidence,respicast-hubEnsemble,ensemble,2026-04-20,2025/26
syndromic,current,ARI incidence,respicast-hubEnsemble,ensemble,2026-04-27,2025/26
syndromic,current,ARI incidence,respicast-hubEnsemble,ensemble,2026-05-04,2025/26
syndromic,current,ARI incidence,respicast-hubEnsemble,ensemble,2026-05-11,2025/26
syndromic,current,ARI incidence,respicast-hubEnsemble,ensemble,2026-05-18,2025/26
syndromic,current,ARI incidence,respicast-hubEnsemble,ensemble,2026-05-25,2025/26
syndromic,current,ARI incidence,respicast-hubEnsemble,ensemble,2026-06-01,2025/26
syndromic,current,ARI incidence,respicast-hubEnsemble,ensemble,2026-06-08,2025/26
syndromic,current,ARI incidence,respicast-hubEnsemble,ensemble,2026-06-15,2025/26
syndromic,current,ARI incidence,respicast-hubEnsemble,ensemble,2026-06-29,2025/26
syndromic,current,ARI incidence,respicast-hubEnsemble,ensemble,2026-07-06,2025/26
ari_archive,archive,ARI incidence,respicast-quantileBaseline,baseline,2023-12-18,2023/24
ari_archive,archive,ARI incidence,respicast-quantileBaseline,baseline,2023-12-25,2023/24
ari_archive,archive,ARI incidence,respicast-quantileBaseline,baseline,2024-01-01,2023/24
ari_archive,archive,ARI incidence,respicast-quantileBaseline,baseline,2024-01-08,2023/24
ari_archive,archive,ARI incidence,respicast-quantileBaseline,baseline,2024-01-15,2023/24
ari_archive,archive,ARI incidence,respicast-quantileBaseline,baseline,2024-01-22,2023/24
ari_archive,archive,ARI incidence,respicast-quantileBaseline,baseline,2024-01-29,2023/24
ari_archive,archive,ARI incidence,respicast-quantileBaseline,baseline,2024-02-05,2023/24
ari_archive,archive,ARI incidence,respicast-quantileBaseline,baseline,2024-02-12,2023/24
ari_archive,archive,ARI incidence,respicast-quantileBaseline,baseline,2024-02-19,2023/24
ari_archive,archive,ARI incidence,respicast-quantileBaseline,baseline,2024-02-26,2023/24
ari_archive,archive,ARI incidence,respicast-quantileBaseline,baseline,2024-03-04,2023/24
ari_archive,archive,ARI incidence,respicast-quantileBaseline,baseline,2024-03-11,2023/24
ari_archive,archive,ARI incidence,respicast-quantileBaseline,baseline,2024-03-18,2023/24
ari_archive,archive,ARI incidence,respicast-quantileBaseline,baseline,2024-03-25,2023/24
ari_archive,archive,ARI incidence,respicast-quantileBaseline,baseline,2024-04-01,2023/24
ari_archive,archive,ARI incidence,respicast-quantileBaseline,baseline,2024-04-08,2023/24
ari_archive,archive,ARI incidence,respicast-quantileBaseline,baseline,2024-04-15,2023/24
ari_archive,archive,ARI incidence,respicast-quantileBaseline,baseline,2024-04-22,2023/24
ari_archive,archive,ARI incidence,respicast-quantileBaseline,baseline,2024-04-29,2023/24
syndromic,current,ARI incidence,respicast-quantileBaseline,baseline,2024-10-21,2024/25
syndromic,current,ARI incidence,respicast-quantileBaseline,baseline,2024-10-28,2024/25
syndromic,current,ARI incidence,respicast-quantileBaseline,baseline,2024-11-04,2024/25
syndromic,current,ARI incidence,respicast-quantileBaseline,baseline,2024-11-11,2024/25
syndromic,current,ARI incidence,respicast-quantileBaseline,baseline,2024-11-18,2024/25
syndromic,current,ARI incidence,respicast-quantileBaseline,baseline,2024-11-25,2024/25
syndromic,current,ARI incidence,respicast-quantileBaseline,baseline,2024-12-02,2024/25
syndromic,current,ARI incidence,respicast-quantileBaseline,baseline,2024-12-09,2024/25
syndromic,current,ARI incidence,respicast-quantileBaseline,baseline,2024-12-16,2024/25
syndromic,current,ARI incidence,respicast-quantileBaseline,baseline,2024-12-23,2024/25
syndromic,current,ARI incidence,respicast-quantileBaseline,baseline,2024-12-30,2024/25
syndromic,current,ARI incidence,respicast-quantileBaseline,baseline,2025-01-06,2024/25
syndromic,current,ARI incidence,respicast-quantileBaseline,baseline,2025-01-13,2024/25
syndromic,current,ARI incidence,respicast-quantileBaseline,baseline,2025-01-20,2024/25
syndromic,current,ARI incidence,respicast-quantileBaseline,baseline,2025-01-27,2024/25
syndromic,current,ARI incidence,respicast-quantileBaseline,baseline,2025-02-03,2024/25
syndromic,current,ARI incidence,respicast-quantileBaseline,baseline,2025-02-10,2024/25
syndromic,current,ARI incidence,respicast-quantileBaseline,baseline,2025-02-17,2024/25
syndromic,current,ARI incidence,respicast-quantileBaseline,baseline,2025-02-24,2024/25
syndromic,current,ARI incidence,respicast-quantileBaseline,baseline,2025-03-03,2024/25
syndromic,current,ARI incidence,respicast-quantileBaseline,baseline,2025-03-10,2024/25
syndromic,current,ARI incidence,respicast-quantileBaseline,baseline,2025-03-17,2024/25
syndromic,current,ARI incidence,respicast-quantileBaseline,baseline,2025-03-24,2024/25
syndromic,current,ARI incidence,respicast-quantileBaseline,baseline,2025-03-31,2024/25
syndromic,current,ARI incidence,respicast-quantileBaseline,baseline,2025-04-07,2024/25
syndromic,current,ARI incidence,respicast-quantileBaseline,baseline,2025-04-14,2024/25
syndromic,current,ARI incidence,respicast-quantileBaseline,baseline,2025-04-21,2024/25
syndromic,current,ARI incidence,respicast-quantileBaseline,baseline,2025-04-28,2024/25
syndromic,current,ARI incidence,respicast-quantileBaseline,baseline,2025-05-05,2024/25
syndromic,current,ARI incidence,respicast-quantileBaseline,baseline,2025-05-12,2024/25
syndromic,current,ARI incidence,respicast-quantileBaseline,baseline,2025-05-19,2024/25
syndromic,current,ARI incidence,respicast-quantileBaseline,baseline,2025-05-26,2024/25
syndromic,current,ARI incidence,respicast-quantileBaseline,baseline,2025-06-02,2024/25
syndromic,current,ARI incidence,respicast-quantileBaseline,baseline,2025-06-09,2024/25
syndromic,current,ARI incidence,respicast-quantileBaseline,baseline,2025-06-16,2024/25
syndromic,current,ARI incidence,respicast-quantileBaseline,baseline,2025-06-23,2024/25
syndromic,current,ARI incidence,respicast-quantileBaseline,baseline,2025-06-30,2024/25
syndromic,current,ARI incidence,respicast-quantileBaseline,baseline,2025-07-07,2024/25
syndromic,current,ARI incidence,respicast-quantileBaseline,baseline,2025-07-14,2024/25
syndromic,current,ARI incidence,respicast-quantileBaseline,baseline,2025-07-21,2024/25
syndromic,current,ARI incidence,respicast-quantileBaseline,baseline,2025-07-28,2024/25
syndromic,current,ARI incidence,respicast-quantileBaseline,baseline,2025-08-04,2025/26
syndromic,current,ARI incidence,respicast-quantileBaseline,baseline,2025-08-11,2025/26
syndromic,current,ARI incidence,respicast-quantileBaseline,baseline,2025-08-18,2025/26
syndromic,current,ARI incidence,respicast-quantileBaseline,baseline,2025-08-25,2025/26
syndromic,current,ARI incidence,respicast-quantileBaseline,baseline,2025-09-01,2025/26
syndromic,current,ARI incidence,respicast-quantileBaseline,baseline,2025-09-08,2025/26
syndromic,current,ARI incidence,respicast-quantileBaseline,baseline,2025-09-15,2025/26
syndromic,current,ARI incidence,respicast-quantileBaseline,baseline,2025-09-22,2025/26
syndromic,current,ARI incidence,respicast-quantileBaseline,baseline,2025-09-29,2025/26
syndromic,current,ARI incidence,respicast-quantileBaseline,baseline,2025-10-06,2025/26
syndromic,current,ARI incidence,respicast-quantileBaseline,baseline,2025-10-13,2025/26
syndromic,current,ARI incidence,respicast-quantileBaseline,baseline,2025-10-20,2025/26
syndromic,current,ARI incidence,respicast-quantileBaseline,baseline,2025-10-27,2025/26
syndromic,current,ARI incidence,respicast-quantileBaseline,baseline,2025-11-03,2025/26
syndromic,current,ARI incidence,respicast-quantileBaseline,baseline,2025-11-10,2025/26
syndromic,current,ARI incidence,respicast-quantileBaseline,baseline,2025-11-17,2025/26
syndromic,current,ARI incidence,respicast-quantileBaseline,baseline,2025-11-24,2025/26
syndromic,current,ARI incidence,respicast-quantileBaseline,baseline,2025-12-01,2025/26
syndromic,current,ARI incidence,respicast-quantileBaseline,baseline,2025-12-08,2025/26
syndromic,current,ARI incidence,respicast-quantileBaseline,baseline,2025-12-15,2025/26
syndromic,current,ARI incidence,respicast-quantileBaseline,baseline,2025-12-22,2025/26
syndromic,current,ARI incidence,respicast-quantileBaseline,baseline,2025-12-29,2025/26
syndromic,current,ARI incidence,respicast-quantileBaseline,baseline,2026-01-05,2025/26
syndromic,current,ARI incidence,respicast-quantileBaseline,baseline,2026-01-12,2025/26
syndromic,current,ARI incidence,respicast-quantileBaseline,baseline,2026-01-19,2025/26
syndromic,current,ARI incidence,respicast-quantileBaseline,baseline,2026-01-26,2025/26
syndromic,current,ARI incidence,respicast-quantileBaseline,baseline,2026-02-02,2025/26
syndromic,current,ARI incidence,respicast-quantileBaseline,baseline,2026-02-09,2025/26
syndromic,current,ARI incidence,respicast-quantileBaseline,baseline,2026-02-16,2025/26
syndromic,current,ARI incidence,respicast-quantileBaseline,baseline,2026-02-23,2025/26
syndromic,current,ARI incidence,respicast-quantileBaseline,baseline,2026-03-02,2025/26
syndromic,current,ARI incidence,respicast-quantileBaseline,baseline,2026-03-09,2025/26
syndromic,current,ARI incidence,respicast-quantileBaseline,baseline,2026-03-16,2025/26
syndromic,current,ARI incidence,respicast-quantileBaseline,baseline,2026-03-23,2025/26
syndromic,current,ARI incidence,respicast-quantileBaseline,baseline,2026-03-30,2025/26
syndromic,current,ARI incidence,respicast-quantileBaseline,baseline,2026-04-06,2025/26
syndromic,current,ARI incidence,respicast-quantileBaseline,baseline,2026-04-13,2025/26
syndromic,current,ARI incidence,respicast-quantileBaseline,baseline,2026-04-20,2025/26
syndromic,current,ARI incidence,respicast-quantileBaseline,baseline,2026-04-27,2025/26
syndromic,current,ARI incidence,respicast-quantileBaseline,baseline,2026-05-04,2025/26
syndromic,current,ARI incidence,respicast-quantileBaseline,baseline,2026-05-11,2025/26
syndromic,current,ARI incidence,respicast-quantileBaseline,baseline,2026-05-18,2025/26
syndromic,current,ARI incidence,respicast-quantileBaseline,baseline,2026-05-25,2025/26
syndromic,current,ARI incidence,respicast-quantileBaseline,baseline,2026-06-01,2025/26
syndromic,current,ARI incidence,respicast-quantileBaseline,baseline,2026-06-08,2025/26
syndromic,current,ARI incidence,respicast-quantileBaseline,baseline,2026-06-15,2025/26
syndromic,current,ARI incidence,respicast-quantileBaseline,baseline,2026-06-22,2025/26
syndromic,current,ARI incidence,respicast-quantileBaseline,baseline,2026-06-29,2025/26
syndromic,current,ARI incidence,respicast-quantileBaseline,baseline,2026-07-06,2025/26
syndromic,current,ARI incidence,safinea-PRFM,model,2025-06-09,2024/25
syndromic,current,ARI incidence,safinea-PRFM,model,2025-06-16,2024/25
syndromic,current,ARI incidence,safinea-PRFM,model,2025-06-23,2024/25
syndromic,current,ARI incidence,safinea-PRFM,model,2025-06-30,2024/25
syndromic,current,ARI incidence,safinea-PRFM,model,2025-07-07,2024/25
syndromic,current,ARI incidence,safinea-PRFM,model,2025-07-14,2024/25
syndromic,current,ARI incidence,safinea-PRFM,model,2025-07-21,2024/25
syndromic,current,ARI incidence,safinea-PRFM,model,2025-07-28,2024/25
syndromic,current,ARI incidence,safinea-PRFM,model,2025-08-04,2025/26
syndromic,current,ARI incidence,safinea-PRFM,model,2025-08-11,2025/26
syndromic,current,ARI incidence,safinea-PRFM,model,2025-08-18,2025/26
syndromic,current,ARI incidence,safinea-PRFM,model,2025-08-25,2025/26
syndromic,current,ARI incidence,safinea-PRFM,model,2025-09-01,2025/26
syndromic,current,ARI incidence,safinea-PRFM,model,2025-09-08,2025/26
syndromic,current,ARI incidence,safinea-PRFM,model,2025-09-15,2025/26
syndromic,current,ARI incidence,safinea-PRFM,model,2025-09-22,2025/26
syndromic,current,ARI incidence,safinea-PRFM,model,2025-09-29,2025/26
syndromic,current,ARI incidence,safinea-PRFM,model,2025-10-06,2025/26
syndromic,current,ARI incidence,safinea-PRFM,model,2025-10-13,2025/26
syndromic,current,ARI incidence,safinea-PRFM,model,2025-10-20,2025/26
syndromic,current,ARI incidence,safinea-PRFM,model,2025-10-27,2025/26
syndromic,current,ARI incidence,safinea-PRFM,model,2025-11-03,2025/26
syndromic,current,ARI incidence,safinea-PRFM,model,2025-11-10,2025/26
syndromic,current,ARI incidence,safinea-PRFM,model,2025-11-17,2025/26
syndromic,current,ARI incidence,safinea-PRFM,model,2025-11-24,2025/26
syndromic,current,ARI incidence,safinea-PRFM,model,2025-12-01,2025/26
syndromic,current,ARI incidence,safinea-PRFM,model,2025-12-08,2025/26
syndromic,current,ARI incidence,safinea-PRFM,model,2025-12-15,2025/26
syndromic,current,ARI incidence,safinea-PRFM,model,2025-12-22,2025/26
syndromic,current,ARI incidence,safinea-PRFM,model,2025-12-29,2025/26
syndromic,current,ARI incidence,safinea-PRFM,model,2026-01-05,2025/26
syndromic,current,ARI incidence,safinea-PRFM,model,2026-01-12,2025/26
syndromic,current,ARI incidence,safinea-PRFM,model,2026-01-19,2025/26
syndromic,current,ARI incidence,safinea-PRFM,model,2026-01-26,2025/26
syndromic,current,ARI incidence,safinea-PRFM,model,2026-02-02,2025/26
syndromic,current,ARI incidence,safinea-PRFM,model,2026-02-09,2025/26
syndromic,current,ARI incidence,safinea-PRFM,model,2026-02-16,2025/26
syndromic,current,ARI incidence,safinea-PRFM,model,2026-02-23,2025/26
syndromic,current,ARI incidence,safinea-PRFM,model,2026-03-02,2025/26
syndromic,current,ARI incidence,safinea-PRFM,model,2026-03-09,2025/26
syndromic,current,ARI incidence,safinea-PRFM,model,2026-03-16,2025/26
syndromic,current,ARI incidence,safinea-PRFM,model,2026-03-23,2025/26
syndromic,current,ARI incidence,safinea-PRFM,model,2026-03-30,2025/26
syndromic,current,ARI incidence,safinea-PRFM,model,2026-04-06,2025/26
syndromic,current,ARI incidence,safinea-PRFM,model,2026-04-13,2025/26
syndromic,current,ARI incidence,safinea-PRFM,model,2026-04-20,2025/26
syndromic,current,ARI incidence,safinea-PRFM,model,2026-04-27,2025/26
syndromic,current,ARI incidence,safinea-PRFM,model,2026-05-04,2025/26
syndromic,current,ARI incidence,safinea-PRFM,model,2026-05-11,2025/26
syndromic,current,ARI incidence,safinea-PRFM,model,2026-05-18,2025/26
syndromic,current,ARI incidence,safinea-syndromic,model,2024-10-21,2024/25
syndromic,current,ARI incidence,safinea-syndromic,model,2024-10-28,2024/25
syndromic,current,ARI incidence,safinea-syndromic,model,2024-12-02,2024/25
syndromic,current,ARI incidence,safinea-syndromic,model,2024-12-09,2024/25
syndromic,current,ARI incidence,safinea-syndromic,model,2025-01-06,2024/25
syndromic,current,ARI incidence,safinea-syndromic,model,2025-01-13,2024/25
syndromic,current,ARI incidence,safinea-syndromic,model,2025-01-27,2024/25
syndromic,current,ARI incidence,safinea-syndromic,model,2025-02-03,2024/25
syndromic,current,ARI incidence,safinea-syndromic,model,2025-02-10,2024/25
syndromic,current,ARI incidence,safinea-syndromic,model,2025-02-24,2024/25
syndromic,current,ARI incidence,safinea-syndromic,model,2025-03-24,2024/25
covid_archive,archive,COVID-19 cases,AMM-EpiInvert,model,2022-08-01,2022/23
covid_archive,archive,COVID-19 cases,AMM-EpiInvert,model,2022-08-08,2022/23
covid_archive,archive,COVID-19 cases,AMM-EpiInvert,model,2022-08-15,2022/23
covid_archive,archive,COVID-19 cases,AMM-EpiInvert,model,2022-08-22,2022/23
covid_archive,archive,COVID-19 cases,AMM-EpiInvert,model,2022-08-29,2022/23
covid_archive,archive,COVID-19 cases,AMM-EpiInvert,model,2022-09-05,2022/23
covid_archive,archive,COVID-19 cases,AMM-EpiInvert,model,2022-09-12,2022/23
covid_archive,archive,COVID-19 cases,AMM-EpiInvert,model,2022-09-19,2022/23
covid_archive,archive,COVID-19 cases,AMM-EpiInvert,model,2022-09-26,2022/23
covid_archive,archive,COVID-19 cases,AMM-EpiInvert,model,2022-10-03,2022/23
covid_archive,archive,COVID-19 cases,AMM-EpiInvert,model,2022-10-10,2022/23
covid_archive,archive,COVID-19 cases,AMM-EpiInvert,model,2022-10-17,2022/23
covid_archive,archive,COVID-19 cases,AMM-EpiInvert,model,2022-10-24,2022/23
covid_archive,archive,COVID-19 cases,AMM-EpiInvert,model,2022-10-31,2022/23
covid_archive,archive,COVID-19 cases,AMM-EpiInvert,model,2022-11-07,2022/23
covid_archive,archive,COVID-19 cases,AMM-EpiInvert,model,2022-11-14,2022/23
covid_archive,archive,COVID-19 cases,AMM-EpiInvert,model,2022-11-21,2022/23
covid_archive,archive,COVID-19 cases,AMM-EpiInvert,model,2022-11-28,2022/23
covid_archive,archive,COVID-19 cases,AMM-EpiInvert,model,2022-12-05,2022/23
covid_archive,archive,COVID-19 cases,AMM-EpiInvert,model,2022-12-12,2022/23
covid_archive,archive,COVID-19 cases,AMM-EpiInvert,model,2022-12-19,2022/23
covid_archive,archive,COVID-19 cases,AMM-EpiInvert,model,2022-12-26,2022/23
covid_archive,archive,COVID-19 cases,AMM-EpiInvert,model,2023-01-02,2022/23
covid_archive,archive,COVID-19 cases,AMM-EpiInvert,model,2023-01-09,2022/23
covid_archive,archive,COVID-19 cases,AMM-EpiInvert,model,2023-01-16,2022/23
covid_archive,archive,COVID-19 cases,AMM-EpiInvert,model,2023-01-30,2022/23
covid_archive,archive,COVID-19 cases,AMM-EpiInvert,model,2023-02-06,2022/23
covid_archive,archive,COVID-19 cases,AMM-EpiInvert,model,2023-02-13,2022/23
covid_archive,archive,COVID-19 cases,AMM-EpiInvert,model,2023-02-20,2022/23
covid_archive,archive,COVID-19 cases,AMM-EpiInvert,model,2023-02-27,2022/23
covid_archive,archive,COVID-19 cases,AMM-EpiInvert,model,2023-03-06,2022/23
covid_archive,archive,COVID-19 cases,BIOCOMSC-Gompertz,model,2021-04-26,2020/21
covid_archive,archive,COVID-19 cases,BIOCOMSC-Gompertz,model,2021-05-03,2020/21
covid_archive,archive,COVID-19 cases,BIOCOMSC-Gompertz,model,2021-05-10,2020/21
covid_archive,archive,COVID-19 cases,BIOCOMSC-Gompertz,model,2021-05-17,2020/21
covid_archive,archive,COVID-19 cases,BIOCOMSC-Gompertz,model,2021-05-24,2020/21
covid_archive,archive,COVID-19 cases,BIOCOMSC-Gompertz,model,2021-05-31,2020/21
covid_archive,archive,COVID-19 cases,BIOCOMSC-Gompertz,model,2021-06-07,2020/21
covid_archive,archive,COVID-19 cases,BIOCOMSC-Gompertz,model,2021-06-14,2020/21
covid_archive,archive,COVID-19 cases,BIOCOMSC-Gompertz,model,2021-06-21,2020/21
covid_archive,archive,COVID-19 cases,BIOCOMSC-Gompertz,model,2021-06-28,2020/21
covid_archive,archive,COVID-19 cases,BIOCOMSC-Gompertz,model,2021-07-05,2020/21
covid_archive,archive,COVID-19 cases,BIOCOMSC-Gompertz,model,2021-07-12,2020/21
covid_archive,archive,COVID-19 cases,BIOCOMSC-Gompertz,model,2021-07-19,2020/21
covid_archive,archive,COVID-19 cases,BIOCOMSC-Gompertz,model,2021-07-26,2020/21
covid_archive,archive,COVID-19 cases,BIOCOMSC-Gompertz,model,2021-08-02,2021/22
covid_archive,archive,COVID-19 cases,BIOCOMSC-Gompertz,model,2021-08-09,2021/22
covid_archive,archive,COVID-19 cases,BIOCOMSC-Gompertz,model,2021-08-23,2021/22
covid_archive,archive,COVID-19 cases,BIOCOMSC-Gompertz,model,2021-08-30,2021/22
covid_archive,archive,COVID-19 cases,BIOCOMSC-Gompertz,model,2021-09-06,2021/22
covid_archive,archive,COVID-19 cases,BIOCOMSC-Gompertz,model,2021-09-13,2021/22
covid_archive,archive,COVID-19 cases,BIOCOMSC-Gompertz,model,2021-09-27,2021/22
covid_archive,archive,COVID-19 cases,BIOCOMSC-Gompertz,model,2021-10-04,2021/22
covid_archive,archive,COVID-19 cases,BIOCOMSC-Gompertz,model,2021-10-11,2021/22
covid_archive,archive,COVID-19 cases,BIOCOMSC-Gompertz,model,2021-10-18,2021/22
covid_archive,archive,COVID-19 cases,BIOCOMSC-Gompertz,model,2021-10-25,2021/22
covid_archive,archive,COVID-19 cases,BIOCOMSC-Gompertz,model,2021-11-01,2021/22
covid_archive,archive,COVID-19 cases,BIOCOMSC-Gompertz,model,2021-11-08,2021/22
covid_archive,archive,COVID-19 cases,BIOCOMSC-Gompertz,model,2021-11-22,2021/22
covid_archive,archive,COVID-19 cases,BIOCOMSC-Gompertz,model,2021-11-29,2021/22
covid_archive,archive,COVID-19 cases,BIOCOMSC-Gompertz,model,2021-12-06,2021/22
covid_archive,archive,COVID-19 cases,BIOCOMSC-Gompertz,model,2021-12-13,2021/22
covid_archive,archive,COVID-19 cases,BIOCOMSC-Gompertz,model,2021-12-20,2021/22
covid_archive,archive,COVID-19 cases,BIOCOMSC-Gompertz,model,2021-12-27,2021/22
covid_archive,archive,COVID-19 cases,BIOCOMSC-Gompertz,model,2022-01-03,2021/22
covid_archive,archive,COVID-19 cases,BIOCOMSC-Gompertz,model,2022-01-10,2021/22
covid_archive,archive,COVID-19 cases,BIOCOMSC-Gompertz,model,2022-01-17,2021/22
covid_archive,archive,COVID-19 cases,BIOCOMSC-Gompertz,model,2022-01-24,2021/22
covid_archive,archive,COVID-19 cases,BIOCOMSC-Gompertz,model,2022-01-31,2021/22
covid_archive,archive,COVID-19 cases,BIOCOMSC-Gompertz,model,2022-02-07,2021/22
covid_archive,archive,COVID-19 cases,BIOCOMSC-Gompertz,model,2022-02-14,2021/22
covid_archive,archive,COVID-19 cases,BIOCOMSC-Gompertz,model,2022-02-21,2021/22
covid_archive,archive,COVID-19 cases,BIOCOMSC-Gompertz,model,2022-02-28,2021/22
covid_archive,archive,COVID-19 cases,BIOCOMSC-Gompertz,model,2022-03-07,2021/22
covid_archive,archive,COVID-19 cases,BIOCOMSC-Gompertz,model,2022-03-14,2021/22
covid_archive,archive,COVID-19 cases,BIOCOMSC-Gompertz,model,2022-03-21,2021/22
covid_archive,archive,COVID-19 cases,BIOCOMSC-Gompertz,model,2022-03-28,2021/22
covid_archive,archive,COVID-19 cases,BIOCOMSC-Gompertz,model,2022-04-04,2021/22
covid_archive,archive,COVID-19 cases,BIOCOMSC-Gompertz,model,2022-04-11,2021/22
covid_archive,archive,COVID-19 cases,BIOCOMSC-Gompertz,model,2022-04-18,2021/22
covid_archive,archive,COVID-19 cases,BIOCOMSC-Gompertz,model,2022-04-25,2021/22
covid_archive,archive,COVID-19 cases,BIOCOMSC-Gompertz,model,2022-05-02,2021/22
covid_archive,archive,COVID-19 cases,BIOCOMSC-Gompertz,model,2022-05-09,2021/22
covid_archive,archive,COVID-19 cases,BIOCOMSC-Gompertz,model,2022-05-16,2021/22
covid_archive,archive,COVID-19 cases,BIOCOMSC-Gompertz,model,2022-05-23,2021/22
covid_archive,archive,COVID-19 cases,BIOCOMSC-Gompertz,model,2022-05-30,2021/22
covid_archive,archive,COVID-19 cases,BIOCOMSC-Gompertz,model,2022-06-06,2021/22
covid_archive,archive,COVID-19 cases,BIOCOMSC-Gompertz,model,2022-06-13,2021/22
covid_archive,archive,COVID-19 cases,BIOCOMSC-Gompertz,model,2022-06-20,2021/22
covid_archive,archive,COVID-19 cases,BIOCOMSC-Gompertz,model,2022-06-27,2021/22
covid_archive,archive,COVID-19 cases,BIOCOMSC-Gompertz,model,2022-07-04,2021/22
covid_archive,archive,COVID-19 cases,BIOCOMSC-Gompertz,model,2022-07-18,2021/22
covid_archive,archive,COVID-19 cases,BIOCOMSC-Gompertz,model,2022-07-25,2021/22
covid_archive,archive,COVID-19 cases,BIOCOMSC-Gompertz,model,2022-08-01,2022/23
covid_archive,archive,COVID-19 cases,BIOCOMSC-Gompertz,model,2022-08-08,2022/23
covid_archive,archive,COVID-19 cases,BIOCOMSC-Gompertz,model,2022-08-15,2022/23
covid_archive,archive,COVID-19 cases,BIOCOMSC-Gompertz,model,2022-08-22,2022/23
covid_archive,archive,COVID-19 cases,BIOCOMSC-Gompertz,model,2022-08-29,2022/23
covid_archive,archive,COVID-19 cases,BIOCOMSC-Gompertz,model,2022-09-05,2022/23
covid_archive,archive,COVID-19 cases,BIOCOMSC-Gompertz,model,2022-09-12,2022/23
covid_archive,archive,COVID-19 cases,BIOCOMSC-Gompertz,model,2022-09-19,2022/23
covid_archive,archive,COVID-19 cases,BIOCOMSC-Gompertz,model,2022-09-26,2022/23
covid_archive,archive,COVID-19 cases,BIOCOMSC-Gompertz,model,2022-10-03,2022/23
covid_archive,archive,COVID-19 cases,BIOCOMSC-Gompertz,model,2022-10-10,2022/23
covid_archive,archive,COVID-19 cases,BIOCOMSC-Gompertz,model,2022-10-17,2022/23
covid_archive,archive,COVID-19 cases,BIOCOMSC-Gompertz,model,2022-10-24,2022/23
covid_archive,archive,COVID-19 cases,BIOCOMSC-Gompertz,model,2022-10-31,2022/23
covid_archive,archive,COVID-19 cases,BIOCOMSC-Gompertz,model,2022-11-07,2022/23
covid_archive,archive,COVID-19 cases,BIOCOMSC-Gompertz,model,2022-11-14,2022/23
covid_archive,archive,COVID-19 cases,BIOCOMSC-Gompertz,model,2022-11-21,2022/23
covid_archive,archive,COVID-19 cases,BIOCOMSC-Gompertz,model,2022-11-28,2022/23
covid_archive,archive,COVID-19 cases,BIOCOMSC-Gompertz,model,2022-12-05,2022/23
covid_archive,archive,COVID-19 cases,BIOCOMSC-Gompertz,model,2022-12-12,2022/23
covid_archive,archive,COVID-19 cases,BIOCOMSC-Gompertz,model,2022-12-19,2022/23
covid_archive,archive,COVID-19 cases,BIOCOMSC-Gompertz,model,2022-12-26,2022/23
covid_archive,archive,COVID-19 cases,BIOCOMSC-Gompertz,model,2023-01-02,2022/23
covid_archive,archive,COVID-19 cases,BIOCOMSC-Gompertz,model,2023-01-09,2022/23
covid_archive,archive,COVID-19 cases,BIOCOMSC-Gompertz,model,2023-01-16,2022/23
covid_archive,archive,COVID-19 cases,BIOCOMSC-Gompertz,model,2023-01-30,2022/23
covid_archive,archive,COVID-19 cases,BIOCOMSC-Gompertz,model,2023-02-06,2022/23
covid_archive,archive,COVID-19 cases,BIOCOMSC-Gompertz,model,2023-02-13,2022/23
covid_archive,archive,COVID-19 cases,BIOCOMSC-Gompertz,model,2023-02-20,2022/23
covid_archive,archive,COVID-19 cases,BIOCOMSC-Gompertz,model,2023-02-27,2022/23
covid_archive,archive,COVID-19 cases,BIOCOMSC-Gompertz,model,2023-03-06,2022/23
covid_archive,archive,COVID-19 cases,CovidMetrics-epiBATS,model,2021-05-31,2020/21
covid_archive,archive,COVID-19 cases,CovidMetrics-epiBATS,model,2021-06-07,2020/21
covid_archive,archive,COVID-19 cases,CovidMetrics-epiBATS,model,2021-06-14,2020/21
covid_archive,archive,COVID-19 cases,CovidMetrics-epiBATS,model,2021-06-21,2020/21
covid_archive,archive,COVID-19 cases,CovidMetrics-epiBATS,model,2021-06-28,2020/21
covid_archive,archive,COVID-19 cases,CovidMetrics-epiBATS,model,2021-07-05,2020/21
covid_archive,archive,COVID-19 cases,CovidMetrics-epiBATS,model,2021-07-12,2020/21
covid_archive,archive,COVID-19 cases,CovidMetrics-epiBATS,model,2021-07-19,2020/21
covid_archive,archive,COVID-19 cases,CovidMetrics-epiBATS,model,2021-07-26,2020/21
covid_archive,archive,COVID-19 cases,CovidMetrics-epiBATS,model,2021-08-02,2021/22
covid_archive,archive,COVID-19 cases,CovidMetrics-epiBATS,model,2021-08-09,2021/22
covid_archive,archive,COVID-19 cases,CovidMetrics-epiBATS,model,2021-08-16,2021/22
covid_archive,archive,COVID-19 cases,CovidMetrics-epiBATS,model,2021-08-23,2021/22
covid_archive,archive,COVID-19 cases,CovidMetrics-epiBATS,model,2021-08-30,2021/22
covid_archive,archive,COVID-19 cases,CovidMetrics-epiBATS,model,2021-09-06,2021/22
covid_archive,archive,COVID-19 cases,CovidMetrics-epiBATS,model,2021-09-13,2021/22
covid_archive,archive,COVID-19 cases,CovidMetrics-epiBATS,model,2021-09-20,2021/22
covid_archive,archive,COVID-19 cases,CovidMetrics-epiBATS,model,2021-09-27,2021/22
covid_archive,archive,COVID-19 cases,CovidMetrics-epiBATS,model,2021-10-04,2021/22
covid_archive,archive,COVID-19 cases,CovidMetrics-epiBATS,model,2021-10-11,2021/22
covid_archive,archive,COVID-19 cases,CovidMetrics-epiBATS,model,2021-10-18,2021/22
covid_archive,archive,COVID-19 cases,CovidMetrics-epiBATS,model,2021-10-25,2021/22
covid_archive,archive,COVID-19 cases,CovidMetrics-epiBATS,model,2021-11-01,2021/22
covid_archive,archive,COVID-19 cases,CovidMetrics-epiBATS,model,2021-11-08,2021/22
covid_archive,archive,COVID-19 cases,CovidMetrics-epiBATS,model,2021-11-15,2021/22
covid_archive,archive,COVID-19 cases,CovidMetrics-epiBATS,model,2021-11-22,2021/22
covid_archive,archive,COVID-19 cases,CovidMetrics-epiBATS,model,2021-11-29,2021/22
covid_archive,archive,COVID-19 cases,CovidMetrics-epiBATS,model,2021-12-06,2021/22
covid_archive,archive,COVID-19 cases,CovidMetrics-epiBATS,model,2021-12-13,2021/22
covid_archive,archive,COVID-19 cases,CovidMetrics-epiBATS,model,2021-12-20,2021/22
covid_archive,archive,COVID-19 cases,CovidMetrics-epiBATS,model,2021-12-27,2021/22
covid_archive,archive,COVID-19 cases,CovidMetrics-epiBATS,model,2022-01-03,2021/22
covid_archive,archive,COVID-19 cases,CovidMetrics-epiBATS,model,2022-01-10,2021/22
covid_archive,archive,COVID-19 cases,CovidMetrics-epiBATS,model,2022-01-17,2021/22
covid_archive,archive,COVID-19 cases,CovidMetrics-epiBATS,model,2022-01-24,2021/22
covid_archive,archive,COVID-19 cases,CovidMetrics-epiBATS,model,2022-01-31,2021/22
covid_archive,archive,COVID-19 cases,CovidMetrics-epiBATS,model,2022-02-07,2021/22
covid_archive,archive,COVID-19 cases,CovidMetrics-epiBATS,model,2022-02-14,2021/22
covid_archive,archive,COVID-19 cases,CovidMetrics-epiBATS,model,2022-02-21,2021/22
covid_archive,archive,COVID-19 cases,CovidMetrics-epiBATS,model,2022-02-28,2021/22
covid_archive,archive,COVID-19 cases,CovidMetrics-epiBATS,model,2022-03-07,2021/22
covid_archive,archive,COVID-19 cases,CovidMetrics-epiBATS,model,2022-03-14,2021/22
covid_archive,archive,COVID-19 cases,CovidMetrics-epiBATS,model,2022-03-21,2021/22
covid_archive,archive,COVID-19 cases,CovidMetrics-epiBATS,model,2022-03-28,2021/22
covid_archive,archive,COVID-19 cases,CovidMetrics-epiBATS,model,2022-04-04,2021/22
covid_archive,archive,COVID-19 cases,CovidMetrics-epiBATS,model,2022-04-11,2021/22
covid_archive,archive,COVID-19 cases,CovidMetrics-epiBATS,model,2022-04-18,2021/22
covid_archive,archive,COVID-19 cases,CovidMetrics-epiBATS,model,2022-04-25,2021/22
covid_archive,archive,COVID-19 cases,CovidMetrics-epiBATS,model,2022-05-02,2021/22
covid_archive,archive,COVID-19 cases,CovidMetrics-epiBATS,model,2022-05-09,2021/22
covid_archive,archive,COVID-19 cases,CovidMetrics-epiBATS,model,2022-05-16,2021/22
covid_archive,archive,COVID-19 cases,CovidMetrics-epiBATS,model,2022-05-23,2021/22
covid_archive,archive,COVID-19 cases,CovidMetrics-epiBATS,model,2022-05-30,2021/22
covid_archive,archive,COVID-19 cases,CovidMetrics-epiBATS,model,2022-06-06,2021/22
covid_archive,archive,COVID-19 cases,CovidMetrics-epiBATS,model,2022-06-13,2021/22
covid_archive,archive,COVID-19 cases,CovidMetrics-epiBATS,model,2022-06-20,2021/22
covid_archive,archive,COVID-19 cases,CovidMetrics-epiBATS,model,2022-06-27,2021/22
covid_archive,archive,COVID-19 cases,CovidMetrics-epiBATS,model,2022-07-04,2021/22
covid_archive,archive,COVID-19 cases,CovidMetrics-epiBATS,model,2022-07-11,2021/22
covid_archive,archive,COVID-19 cases,CovidMetrics-epiBATS,model,2022-07-18,2021/22
covid_archive,archive,COVID-19 cases,CovidMetrics-epiBATS,model,2022-07-25,2021/22
covid_archive,archive,COVID-19 cases,CovidMetrics-epiBATS,model,2022-08-01,2022/23
covid_archive,archive,COVID-19 cases,CovidMetrics-epiBATS,model,2022-08-08,2022/23
covid_archive,archive,COVID-19 cases,CovidMetrics-epiBATS,model,2022-08-15,2022/23
covid_archive,archive,COVID-19 cases,CovidMetrics-epiBATS,model,2022-08-22,2022/23
covid_archive,archive,COVID-19 cases,CovidMetrics-epiBATS,model,2022-08-29,2022/23
covid_archive,archive,COVID-19 cases,CovidMetrics-epiBATS,model,2022-09-05,2022/23
covid_archive,archive,COVID-19 cases,CovidMetrics-epiBATS,model,2022-09-12,2022/23
covid_archive,archive,COVID-19 cases,CovidMetrics-epiBATS,model,2022-09-19,2022/23
covid_archive,archive,COVID-19 cases,CovidMetrics-epiBATS,model,2022-09-26,2022/23
covid_archive,archive,COVID-19 cases,CovidMetrics-epiBATS,model,2022-10-03,2022/23
covid_archive,archive,COVID-19 cases,CovidMetrics-epiBATS,model,2022-10-10,2022/23
covid_archive,archive,COVID-19 cases,CovidMetrics-epiBATS,model,2022-10-17,2022/23
covid_archive,archive,COVID-19 cases,CovidMetrics-epiBATS,model,2022-10-31,2022/23
covid_archive,archive,COVID-19 cases,CovidMetrics-epiBATS,model,2022-11-07,2022/23
covid_archive,archive,COVID-19 cases,CovidMetrics-epiBATS,model,2022-11-14,2022/23
covid_archive,archive,COVID-19 cases,CovidMetrics-epiBATS,model,2022-11-21,2022/23
covid_archive,archive,COVID-19 cases,CovidMetrics-epiBATS,model,2022-11-28,2022/23
covid_archive,archive,COVID-19 cases,CovidMetrics-epiBATS,model,2022-12-05,2022/23
covid_archive,archive,COVID-19 cases,CovidMetrics-epiBATS,model,2022-12-12,2022/23
covid_archive,archive,COVID-19 cases,CovidMetrics-epiBATS,model,2022-12-19,2022/23
covid_archive,archive,COVID-19 cases,CovidMetrics-epiBATS,model,2023-01-02,2022/23
covid_archive,archive,COVID-19 cases,CovidMetrics-epiBATS,model,2023-01-16,2022/23
covid_archive,archive,COVID-19 cases,CovidMetrics-epiBATS,model,2023-01-30,2022/23
covid_archive,archive,COVID-19 cases,CovidMetrics-epiBATS,model,2023-02-06,2022/23
covid_archive,archive,COVID-19 cases,CovidMetrics-epiBATS,model,2023-02-13,2022/23
covid_archive,archive,COVID-19 cases,CovidMetrics-epiBATS,model,2023-02-20,2022/23
covid_archive,archive,COVID-19 cases,CovidMetrics-epiBATS,model,2023-02-27,2022/23
covid_archive,archive,COVID-19 cases,CovidMetrics-epiBATS,model,2023-03-06,2022/23
covid_archive,archive,COVID-19 cases,DSMPG-bayes,model,2021-03-01,2020/21
covid_archive,archive,COVID-19 cases,DSMPG-bayes,model,2021-03-08,2020/21
covid_archive,archive,COVID-19 cases,DSMPG-bayes,model,2021-03-15,2020/21
covid_archive,archive,COVID-19 cases,DSMPG-bayes,model,2021-03-22,2020/21
covid_archive,archive,COVID-19 cases,DSMPG-bayes,model,2021-03-29,2020/21
covid_archive,archive,COVID-19 cases,DSMPG-bayes,model,2021-04-05,2020/21
covid_archive,archive,COVID-19 cases,DSMPG-bayes,model,2021-04-12,2020/21
covid_archive,archive,COVID-19 cases,DSMPG-bayes,model,2021-04-19,2020/21
covid_archive,archive,COVID-19 cases,DSMPG-bayes,model,2021-04-26,2020/21
covid_archive,archive,COVID-19 cases,DSMPG-bayes,model,2021-05-03,2020/21
covid_archive,archive,COVID-19 cases,DSMPG-bayes,model,2021-05-10,2020/21
covid_archive,archive,COVID-19 cases,DSMPG-bayes,model,2021-05-17,2020/21
covid_archive,archive,COVID-19 cases,DSMPG-bayes,model,2021-05-24,2020/21
covid_archive,archive,COVID-19 cases,DSMPG-bayes,model,2021-05-31,2020/21
covid_archive,archive,COVID-19 cases,DSMPG-bayes,model,2021-06-07,2020/21
covid_archive,archive,COVID-19 cases,DSMPG-bayes,model,2021-06-14,2020/21
covid_archive,archive,COVID-19 cases,DSMPG-bayes,model,2021-06-21,2020/21
covid_archive,archive,COVID-19 cases,DirkBeckmann-Gompertz,model,2021-11-22,2021/22
covid_archive,archive,COVID-19 cases,DirkBeckmann-Gompertz,model,2021-11-29,2021/22
covid_archive,archive,COVID-19 cases,DirkBeckmann-Gompertz,model,2022-01-17,2021/22
covid_archive,archive,COVID-19 cases,DirkBeckmann-Gompertz,model,2022-01-24,2021/22
covid_archive,archive,COVID-19 cases,ECDC-norrsken_blue,model,2023-12-18,2023/24
covid_archive,archive,COVID-19 cases,ECDC-norrsken_blue,model,2023-12-25,2023/24
covid_archive,archive,COVID-19 cases,ECDC-norrsken_blue,model,2024-01-01,2023/24
covid_archive,archive,COVID-19 cases,ECDC-norrsken_blue,model,2024-01-08,2023/24
covid_archive,archive,COVID-19 cases,ECDC-norrsken_blue,model,2024-01-15,2023/24
covid_archive,archive,COVID-19 cases,ECDC-norrsken_blue,model,2024-01-22,2023/24
covid_archive,archive,COVID-19 cases,ECDC-norrsken_blue,model,2024-01-29,2023/24
covid_archive,archive,COVID-19 cases,ECDC-norrsken_blue,model,2024-02-05,2023/24
covid_archive,archive,COVID-19 cases,ECDC-norrsken_blue,model,2024-02-12,2023/24
covid_archive,archive,COVID-19 cases,ECDC-norrsken_blue,model,2024-02-19,2023/24
covid_archive,archive,COVID-19 cases,ECDC-norrsken_blue,model,2024-02-26,2023/24
covid_archive,archive,COVID-19 cases,ECDC-norrsken_blue,model,2024-03-04,2023/24
covid_archive,archive,COVID-19 cases,ECDC-norrsken_blue,model,2024-03-11,2023/24
covid_archive,archive,COVID-19 cases,ECDC-norrsken_blue,model,2024-03-18,2023/24
covid_archive,archive,COVID-19 cases,ECDC-norrsken_blue,model,2024-03-25,2023/24
covid_archive,archive,COVID-19 cases,ECDC-norrsken_blue,model,2024-04-01,2023/24
covid_archive,archive,COVID-19 cases,ECDC-norrsken_blue,model,2024-04-08,2023/24
covid_archive,archive,COVID-19 cases,ECDC-norrsken_blue,model,2024-04-15,2023/24
covid_archive,archive,COVID-19 cases,ECDC-norrsken_blue,model,2024-04-22,2023/24
covid_archive,archive,COVID-19 cases,ECDC-norrsken_blue,model,2024-04-29,2023/24
covid_archive,archive,COVID-19 cases,ECDC-norrsken_blue,model,2024-05-06,2023/24
covid_archive,archive,COVID-19 cases,ECDC-norrsken_blue,model,2024-06-03,2023/24
covid_archive,archive,COVID-19 cases,ECDC-norrsken_green,model,2023-12-18,2023/24
covid_archive,archive,COVID-19 cases,ECDC-norrsken_green,model,2023-12-25,2023/24
covid_archive,archive,COVID-19 cases,ECDC-norrsken_green,model,2024-01-01,2023/24
covid_archive,archive,COVID-19 cases,ECDC-norrsken_green,model,2024-01-08,2023/24
covid_archive,archive,COVID-19 cases,ECDC-norrsken_green,model,2024-01-15,2023/24
covid_archive,archive,COVID-19 cases,ECDC-norrsken_green,model,2024-01-22,2023/24
covid_archive,archive,COVID-19 cases,ECDC-norrsken_green,model,2024-01-29,2023/24
covid_archive,archive,COVID-19 cases,ECDC-norrsken_green,model,2024-02-05,2023/24
covid_archive,archive,COVID-19 cases,ECDC-norrsken_green,model,2024-02-12,2023/24
covid_archive,archive,COVID-19 cases,ECDC-norrsken_green,model,2024-02-19,2023/24
covid_archive,archive,COVID-19 cases,ECDC-norrsken_green,model,2024-02-26,2023/24
covid_archive,archive,COVID-19 cases,ECDC-norrsken_green,model,2024-03-04,2023/24
covid_archive,archive,COVID-19 cases,ECDC-norrsken_green,model,2024-03-11,2023/24
covid_archive,archive,COVID-19 cases,ECDC-norrsken_green,model,2024-03-18,2023/24
covid_archive,archive,COVID-19 cases,ECDC-norrsken_green,model,2024-03-25,2023/24
covid_archive,archive,COVID-19 cases,ECDC-norrsken_green,model,2024-04-01,2023/24
covid_archive,archive,COVID-19 cases,ECDC-norrsken_green,model,2024-04-08,2023/24
covid_archive,archive,COVID-19 cases,ECDC-norrsken_green,model,2024-04-15,2023/24
covid_archive,archive,COVID-19 cases,ECDC-norrsken_green,model,2024-04-22,2023/24
covid_archive,archive,COVID-19 cases,ECDC-norrsken_green,model,2024-04-29,2023/24
covid_archive,archive,COVID-19 cases,ECDC-norrsken_green,model,2024-05-06,2023/24
covid_archive,archive,COVID-19 cases,ECDC-norrsken_green,model,2024-06-03,2023/24
covid_archive,archive,COVID-19 cases,ECDC-soca_simplex,model,2024-02-19,2023/24
covid_archive,archive,COVID-19 cases,ECDC-soca_simplex,model,2024-02-26,2023/24
covid_archive,archive,COVID-19 cases,ECDC-soca_simplex,model,2024-03-04,2023/24
covid_archive,archive,COVID-19 cases,ECDC-soca_simplex,model,2024-03-11,2023/24
covid_archive,archive,COVID-19 cases,ECDC-soca_simplex,model,2024-03-18,2023/24
covid_archive,archive,COVID-19 cases,ECDC-soca_simplex,model,2024-03-25,2023/24
covid_archive,archive,COVID-19 cases,ECDC-soca_simplex,model,2024-04-08,2023/24
covid_archive,archive,COVID-19 cases,ECDC-soca_simplex,model,2024-04-15,2023/24
covid_archive,archive,COVID-19 cases,ECDC-soca_simplex,model,2024-04-22,2023/24
covid_archive,archive,COVID-19 cases,ECDC-soca_simplex,model,2024-04-29,2023/24
covid_archive,archive,COVID-19 cases,ECDC-soca_simplex,model,2024-05-06,2023/24
covid_archive,archive,COVID-19 cases,ECDC-soca_simplex,model,2024-05-20,2023/24
covid_archive,archive,COVID-19 cases,ECDC-soca_simplex,model,2024-05-27,2023/24
covid_archive,archive,COVID-19 cases,ECDC-soca_simplex,model,2024-06-10,2023/24
covid_archive,archive,COVID-19 cases,ECDC-soca_simplex,model,2024-07-08,2023/24
covid_archive,archive,COVID-19 cases,ECDC-soca_simplex,model,2024-07-15,2023/24
covid_archive,archive,COVID-19 cases,ECDC-soca_simplex,model,2024-07-22,2023/24
covid_archive,archive,COVID-19 cases,ECDC-soca_simplex,model,2024-07-29,2023/24
covid_archive,archive,COVID-19 cases,ECDC-soca_simplex,model,2024-08-05,2024/25
covid_archive,archive,COVID-19 cases,ECDC-soca_simplex,model,2024-09-09,2024/25
covid_archive,archive,COVID-19 cases,ECDC-soca_simplex,model,2024-09-16,2024/25
covid_archive,archive,COVID-19 cases,ECDC-soca_simplex,model,2024-09-23,2024/25
covid_archive,archive,COVID-19 cases,ECDC-soca_simplex,model,2024-09-30,2024/25
covid_archive,archive,COVID-19 cases,ECDC-soca_simplex,model,2024-10-07,2024/25
covid_archive,archive,COVID-19 cases,ECDC-soca_simplex,model,2024-10-14,2024/25
covid_archive,archive,COVID-19 cases,EuroCOVIDhub-baseline,baseline,2021-03-08,2020/21
covid_archive,archive,COVID-19 cases,EuroCOVIDhub-baseline,baseline,2021-03-15,2020/21
covid_archive,archive,COVID-19 cases,EuroCOVIDhub-baseline,baseline,2021-03-22,2020/21
covid_archive,archive,COVID-19 cases,EuroCOVIDhub-baseline,baseline,2021-03-29,2020/21
covid_archive,archive,COVID-19 cases,EuroCOVIDhub-baseline,baseline,2021-04-05,2020/21
covid_archive,archive,COVID-19 cases,EuroCOVIDhub-baseline,baseline,2021-04-12,2020/21
covid_archive,archive,COVID-19 cases,EuroCOVIDhub-baseline,baseline,2021-04-19,2020/21
covid_archive,archive,COVID-19 cases,EuroCOVIDhub-baseline,baseline,2021-04-26,2020/21
covid_archive,archive,COVID-19 cases,EuroCOVIDhub-baseline,baseline,2021-05-03,2020/21
covid_archive,archive,COVID-19 cases,EuroCOVIDhub-baseline,baseline,2021-05-10,2020/21
covid_archive,archive,COVID-19 cases,EuroCOVIDhub-baseline,baseline,2021-05-17,2020/21
covid_archive,archive,COVID-19 cases,EuroCOVIDhub-baseline,baseline,2021-05-24,2020/21
covid_archive,archive,COVID-19 cases,EuroCOVIDhub-baseline,baseline,2021-05-31,2020/21
covid_archive,archive,COVID-19 cases,EuroCOVIDhub-baseline,baseline,2021-06-07,2020/21
covid_archive,archive,COVID-19 cases,EuroCOVIDhub-baseline,baseline,2021-06-14,2020/21
covid_archive,archive,COVID-19 cases,EuroCOVIDhub-baseline,baseline,2021-06-21,2020/21
covid_archive,archive,COVID-19 cases,EuroCOVIDhub-baseline,baseline,2021-06-28,2020/21
covid_archive,archive,COVID-19 cases,EuroCOVIDhub-baseline,baseline,2021-07-05,2020/21
covid_archive,archive,COVID-19 cases,EuroCOVIDhub-baseline,baseline,2021-07-12,2020/21
covid_archive,archive,COVID-19 cases,EuroCOVIDhub-baseline,baseline,2021-07-19,2020/21
covid_archive,archive,COVID-19 cases,EuroCOVIDhub-baseline,baseline,2021-07-26,2020/21
covid_archive,archive,COVID-19 cases,EuroCOVIDhub-baseline,baseline,2021-08-02,2021/22
covid_archive,archive,COVID-19 cases,EuroCOVIDhub-baseline,baseline,2021-08-09,2021/22
covid_archive,archive,COVID-19 cases,EuroCOVIDhub-baseline,baseline,2021-08-16,2021/22
covid_archive,archive,COVID-19 cases,EuroCOVIDhub-baseline,baseline,2021-08-23,2021/22
covid_archive,archive,COVID-19 cases,EuroCOVIDhub-baseline,baseline,2021-08-30,2021/22
covid_archive,archive,COVID-19 cases,EuroCOVIDhub-baseline,baseline,2021-09-06,2021/22
covid_archive,archive,COVID-19 cases,EuroCOVIDhub-baseline,baseline,2021-09-13,2021/22
covid_archive,archive,COVID-19 cases,EuroCOVIDhub-baseline,baseline,2021-09-20,2021/22
covid_archive,archive,COVID-19 cases,EuroCOVIDhub-baseline,baseline,2021-09-27,2021/22
covid_archive,archive,COVID-19 cases,EuroCOVIDhub-baseline,baseline,2021-10-04,2021/22
covid_archive,archive,COVID-19 cases,EuroCOVIDhub-baseline,baseline,2021-10-11,2021/22
covid_archive,archive,COVID-19 cases,EuroCOVIDhub-baseline,baseline,2021-10-18,2021/22
covid_archive,archive,COVID-19 cases,EuroCOVIDhub-baseline,baseline,2021-10-25,2021/22
covid_archive,archive,COVID-19 cases,EuroCOVIDhub-baseline,baseline,2021-11-01,2021/22
covid_archive,archive,COVID-19 cases,EuroCOVIDhub-baseline,baseline,2021-11-08,2021/22
covid_archive,archive,COVID-19 cases,EuroCOVIDhub-baseline,baseline,2021-11-15,2021/22
covid_archive,archive,COVID-19 cases,EuroCOVIDhub-baseline,baseline,2021-11-22,2021/22
covid_archive,archive,COVID-19 cases,EuroCOVIDhub-baseline,baseline,2021-11-29,2021/22
covid_archive,archive,COVID-19 cases,EuroCOVIDhub-baseline,baseline,2021-12-06,2021/22
covid_archive,archive,COVID-19 cases,EuroCOVIDhub-baseline,baseline,2021-12-13,2021/22
covid_archive,archive,COVID-19 cases,EuroCOVIDhub-baseline,baseline,2021-12-20,2021/22
covid_archive,archive,COVID-19 cases,EuroCOVIDhub-baseline,baseline,2021-12-27,2021/22
covid_archive,archive,COVID-19 cases,EuroCOVIDhub-baseline,baseline,2022-01-03,2021/22
covid_archive,archive,COVID-19 cases,EuroCOVIDhub-baseline,baseline,2022-01-10,2021/22
covid_archive,archive,COVID-19 cases,EuroCOVIDhub-baseline,baseline,2022-01-17,2021/22
covid_archive,archive,COVID-19 cases,EuroCOVIDhub-baseline,baseline,2022-01-24,2021/22
covid_archive,archive,COVID-19 cases,EuroCOVIDhub-baseline,baseline,2022-01-31,2021/22
covid_archive,archive,COVID-19 cases,EuroCOVIDhub-baseline,baseline,2022-02-07,2021/22
covid_archive,archive,COVID-19 cases,EuroCOVIDhub-baseline,baseline,2022-02-14,2021/22
covid_archive,archive,COVID-19 cases,EuroCOVIDhub-baseline,baseline,2022-02-21,2021/22
covid_archive,archive,COVID-19 cases,EuroCOVIDhub-baseline,baseline,2022-02-28,2021/22
covid_archive,archive,COVID-19 cases,EuroCOVIDhub-baseline,baseline,2022-03-07,2021/22
covid_archive,archive,COVID-19 cases,EuroCOVIDhub-baseline,baseline,2022-03-14,2021/22
covid_archive,archive,COVID-19 cases,EuroCOVIDhub-baseline,baseline,2022-03-21,2021/22
covid_archive,archive,COVID-19 cases,EuroCOVIDhub-baseline,baseline,2022-03-28,2021/22
covid_archive,archive,COVID-19 cases,EuroCOVIDhub-baseline,baseline,2022-04-04,2021/22
covid_archive,archive,COVID-19 cases,EuroCOVIDhub-baseline,baseline,2022-04-11,2021/22
covid_archive,archive,COVID-19 cases,EuroCOVIDhub-baseline,baseline,2022-04-18,2021/22
covid_archive,archive,COVID-19 cases,EuroCOVIDhub-baseline,baseline,2022-04-25,2021/22
covid_archive,archive,COVID-19 cases,EuroCOVIDhub-baseline,baseline,2022-05-02,2021/22
covid_archive,archive,COVID-19 cases,EuroCOVIDhub-baseline,baseline,2022-05-09,2021/22
covid_archive,archive,COVID-19 cases,EuroCOVIDhub-baseline,baseline,2022-05-16,2021/22
covid_archive,archive,COVID-19 cases,EuroCOVIDhub-baseline,baseline,2022-05-23,2021/22
covid_archive,archive,COVID-19 cases,EuroCOVIDhub-baseline,baseline,2022-05-30,2021/22
covid_archive,archive,COVID-19 cases,EuroCOVIDhub-baseline,baseline,2022-06-06,2021/22
covid_archive,archive,COVID-19 cases,EuroCOVIDhub-baseline,baseline,2022-06-13,2021/22
covid_archive,archive,COVID-19 cases,EuroCOVIDhub-baseline,baseline,2022-06-20,2021/22
covid_archive,archive,COVID-19 cases,EuroCOVIDhub-baseline,baseline,2022-06-27,2021/22
covid_archive,archive,COVID-19 cases,EuroCOVIDhub-baseline,baseline,2022-07-04,2021/22
covid_archive,archive,COVID-19 cases,EuroCOVIDhub-baseline,baseline,2022-07-11,2021/22
covid_archive,archive,COVID-19 cases,EuroCOVIDhub-baseline,baseline,2022-07-18,2021/22
covid_archive,archive,COVID-19 cases,EuroCOVIDhub-baseline,baseline,2022-07-25,2021/22
covid_archive,archive,COVID-19 cases,EuroCOVIDhub-baseline,baseline,2022-08-01,2022/23
covid_archive,archive,COVID-19 cases,EuroCOVIDhub-baseline,baseline,2022-08-08,2022/23
covid_archive,archive,COVID-19 cases,EuroCOVIDhub-baseline,baseline,2022-08-15,2022/23
covid_archive,archive,COVID-19 cases,EuroCOVIDhub-baseline,baseline,2022-08-22,2022/23
covid_archive,archive,COVID-19 cases,EuroCOVIDhub-baseline,baseline,2022-08-29,2022/23
covid_archive,archive,COVID-19 cases,EuroCOVIDhub-baseline,baseline,2022-09-05,2022/23
covid_archive,archive,COVID-19 cases,EuroCOVIDhub-baseline,baseline,2022-09-12,2022/23
covid_archive,archive,COVID-19 cases,EuroCOVIDhub-baseline,baseline,2022-09-19,2022/23
covid_archive,archive,COVID-19 cases,EuroCOVIDhub-baseline,baseline,2022-09-26,2022/23
covid_archive,archive,COVID-19 cases,EuroCOVIDhub-baseline,baseline,2022-10-03,2022/23
covid_archive,archive,COVID-19 cases,EuroCOVIDhub-baseline,baseline,2022-10-10,2022/23
covid_archive,archive,COVID-19 cases,EuroCOVIDhub-baseline,baseline,2022-10-17,2022/23
covid_archive,archive,COVID-19 cases,EuroCOVIDhub-baseline,baseline,2022-10-24,2022/23
covid_archive,archive,COVID-19 cases,EuroCOVIDhub-baseline,baseline,2022-10-31,2022/23
covid_archive,archive,COVID-19 cases,EuroCOVIDhub-baseline,baseline,2022-11-07,2022/23
covid_archive,archive,COVID-19 cases,EuroCOVIDhub-baseline,baseline,2022-11-14,2022/23
covid_archive,archive,COVID-19 cases,EuroCOVIDhub-baseline,baseline,2022-11-21,2022/23
covid_archive,archive,COVID-19 cases,EuroCOVIDhub-baseline,baseline,2022-11-28,2022/23
covid_archive,archive,COVID-19 cases,EuroCOVIDhub-baseline,baseline,2022-12-05,2022/23
covid_archive,archive,COVID-19 cases,EuroCOVIDhub-baseline,baseline,2022-12-12,2022/23
covid_archive,archive,COVID-19 cases,EuroCOVIDhub-baseline,baseline,2022-12-19,2022/23
covid_archive,archive,COVID-19 cases,EuroCOVIDhub-baseline,baseline,2022-12-26,2022/23
covid_archive,archive,COVID-19 cases,EuroCOVIDhub-baseline,baseline,2023-01-02,2022/23
covid_archive,archive,COVID-19 cases,EuroCOVIDhub-baseline,baseline,2023-01-09,2022/23
covid_archive,archive,COVID-19 cases,EuroCOVIDhub-baseline,baseline,2023-01-16,2022/23
covid_archive,archive,COVID-19 cases,EuroCOVIDhub-baseline,baseline,2023-01-23,2022/23
covid_archive,archive,COVID-19 cases,EuroCOVIDhub-baseline,baseline,2023-01-30,2022/23
covid_archive,archive,COVID-19 cases,EuroCOVIDhub-baseline,baseline,2023-02-06,2022/23
covid_archive,archive,COVID-19 cases,EuroCOVIDhub-baseline,baseline,2023-02-13,2022/23
covid_archive,archive,COVID-19 cases,EuroCOVIDhub-baseline,baseline,2023-02-20,2022/23
covid_archive,archive,COVID-19 cases,EuroCOVIDhub-baseline,baseline,2023-02-27,2022/23
covid_archive,archive,COVID-19 cases,EuroCOVIDhub-baseline,baseline,2023-03-06,2022/23
covid_archive,archive,COVID-19 cases,EuroCOVIDhub-baseline,baseline,2023-03-13,2022/23
covid_archive,archive,COVID-19 cases,EuroCOVIDhub-baseline,baseline,2023-03-20,2022/23
covid_archive,archive,COVID-19 cases,EuroCOVIDhub-baseline,baseline,2023-03-27,2022/23
covid_archive,archive,COVID-19 cases,EuroCOVIDhub-baseline,baseline,2023-04-03,2022/23
covid_archive,archive,COVID-19 cases,EuroCOVIDhub-baseline,baseline,2023-04-10,2022/23
covid_archive,archive,COVID-19 cases,EuroCOVIDhub-baseline,baseline,2023-04-17,2022/23
covid_archive,archive,COVID-19 cases,EuroCOVIDhub-baseline,baseline,2023-04-24,2022/23
covid_archive,archive,COVID-19 cases,EuroCOVIDhub-baseline,baseline,2023-05-01,2022/23
covid_archive,archive,COVID-19 cases,EuroCOVIDhub-baseline,baseline,2023-05-08,2022/23
covid_archive,archive,COVID-19 cases,EuroCOVIDhub-baseline,baseline,2023-05-15,2022/23
covid_archive,archive,COVID-19 cases,EuroCOVIDhub-baseline,baseline,2023-05-22,2022/23
covid_archive,archive,COVID-19 cases,EuroCOVIDhub-baseline,baseline,2023-05-29,2022/23
covid_archive,archive,COVID-19 cases,EuroCOVIDhub-baseline,baseline,2023-06-05,2022/23
covid_archive,archive,COVID-19 cases,EuroCOVIDhub-baseline,baseline,2023-06-12,2022/23
covid_archive,archive,COVID-19 cases,EuroCOVIDhub-baseline,baseline,2023-06-19,2022/23
covid_archive,archive,COVID-19 cases,EuroCOVIDhub-baseline,baseline,2023-06-26,2022/23
covid_archive,archive,COVID-19 cases,EuroCOVIDhub-baseline,baseline,2023-07-03,2022/23
covid_archive,archive,COVID-19 cases,EuroCOVIDhub-baseline,baseline,2023-07-10,2022/23
covid_archive,archive,COVID-19 cases,EuroCOVIDhub-baseline,baseline,2023-07-17,2022/23
covid_archive,archive,COVID-19 cases,EuroCOVIDhub-baseline,baseline,2023-07-24,2022/23
covid_archive,archive,COVID-19 cases,EuroCOVIDhub-baseline,baseline,2023-07-31,2022/23
covid_archive,archive,COVID-19 cases,EuroCOVIDhub-baseline,baseline,2023-08-07,2023/24
covid_archive,archive,COVID-19 cases,EuroCOVIDhub-baseline,baseline,2023-08-14,2023/24
covid_archive,archive,COVID-19 cases,EuroCOVIDhub-baseline,baseline,2023-08-21,2023/24
covid_archive,archive,COVID-19 cases,EuroCOVIDhub-baseline,baseline,2023-08-28,2023/24
covid_archive,archive,COVID-19 cases,EuroCOVIDhub-baseline,baseline,2023-09-04,2023/24
covid_archive,archive,COVID-19 cases,EuroCOVIDhub-baseline,baseline,2023-09-11,2023/24
covid_archive,archive,COVID-19 cases,EuroCOVIDhub-baseline,baseline,2023-09-18,2023/24
covid_archive,archive,COVID-19 cases,EuroCOVIDhub-baseline,baseline,2023-09-25,2023/24
covid_archive,archive,COVID-19 cases,EuroCOVIDhub-baseline,baseline,2023-10-02,2023/24
covid_archive,archive,COVID-19 cases,EuroCOVIDhub-baseline,baseline,2023-10-09,2023/24
covid_archive,archive,COVID-19 cases,EuroCOVIDhub-baseline,baseline,2023-10-16,2023/24
covid_archive,archive,COVID-19 cases,EuroCOVIDhub-baseline,baseline,2023-10-23,2023/24
covid_archive,archive,COVID-19 cases,EuroCOVIDhub-baseline,baseline,2023-10-30,2023/24
covid_archive,archive,COVID-19 cases,EuroCOVIDhub-baseline,baseline,2023-11-06,2023/24
covid_archive,archive,COVID-19 cases,EuroCOVIDhub-baseline,baseline,2023-11-13,2023/24
covid_archive,archive,COVID-19 cases,EuroCOVIDhub-baseline,baseline,2023-11-20,2023/24
covid_archive,archive,COVID-19 cases,EuroCOVIDhub-baseline,baseline,2023-11-27,2023/24
covid_archive,archive,COVID-19 cases,EuroCOVIDhub-baseline,baseline,2023-12-04,2023/24
covid_archive,archive,COVID-19 cases,EuroCOVIDhub-baseline,baseline,2023-12-11,2023/24
covid_archive,archive,COVID-19 cases,EuroCOVIDhub-baseline,baseline,2023-12-25,2023/24
covid_archive,archive,COVID-19 cases,EuroCOVIDhub-baseline,baseline,2024-01-01,2023/24
covid_archive,archive,COVID-19 cases,EuroCOVIDhub-baseline,baseline,2024-01-08,2023/24
covid_archive,archive,COVID-19 cases,EuroCOVIDhub-baseline,baseline,2024-01-15,2023/24
covid_archive,archive,COVID-19 cases,EuroCOVIDhub-baseline,baseline,2024-01-22,2023/24
covid_archive,archive,COVID-19 cases,EuroCOVIDhub-baseline,baseline,2024-01-29,2023/24
covid_archive,archive,COVID-19 cases,EuroCOVIDhub-baseline,baseline,2024-02-05,2023/24
covid_archive,archive,COVID-19 cases,EuroCOVIDhub-baseline,baseline,2024-02-12,2023/24
covid_archive,archive,COVID-19 cases,EuroCOVIDhub-baseline,baseline,2024-02-19,2023/24
covid_archive,archive,COVID-19 cases,EuroCOVIDhub-baseline,baseline,2024-02-26,2023/24
covid_archive,archive,COVID-19 cases,EuroCOVIDhub-baseline,baseline,2024-03-04,2023/24
covid_archive,archive,COVID-19 cases,EuroCOVIDhub-baseline,baseline,2024-03-11,2023/24
covid_archive,archive,COVID-19 cases,EuroCOVIDhub-baseline,baseline,2024-03-18,2023/24
covid_archive,archive,COVID-19 cases,EuroCOVIDhub-baseline,baseline,2024-03-25,2023/24
covid_archive,archive,COVID-19 cases,EuroCOVIDhub-baseline,baseline,2024-04-01,2023/24
covid_archive,archive,COVID-19 cases,EuroCOVIDhub-baseline,baseline,2024-04-08,2023/24
covid_archive,archive,COVID-19 cases,EuroCOVIDhub-baseline,baseline,2024-04-15,2023/24
covid_archive,archive,COVID-19 cases,EuroCOVIDhub-baseline,baseline,2024-04-22,2023/24
covid_archive,archive,COVID-19 cases,EuroCOVIDhub-ensemble,ensemble,2021-03-08,2020/21
covid_archive,archive,COVID-19 cases,EuroCOVIDhub-ensemble,ensemble,2021-03-15,2020/21
covid_archive,archive,COVID-19 cases,EuroCOVIDhub-ensemble,ensemble,2021-03-22,2020/21
covid_archive,archive,COVID-19 cases,EuroCOVIDhub-ensemble,ensemble,2021-03-29,2020/21
covid_archive,archive,COVID-19 cases,EuroCOVIDhub-ensemble,ensemble,2021-04-05,2020/21
covid_archive,archive,COVID-19 cases,EuroCOVIDhub-ensemble,ensemble,2021-04-12,2020/21
covid_archive,archive,COVID-19 cases,EuroCOVIDhub-ensemble,ensemble,2021-04-19,2020/21
covid_archive,archive,COVID-19 cases,EuroCOVIDhub-ensemble,ensemble,2021-04-26,2020/21
covid_archive,archive,COVID-19 cases,EuroCOVIDhub-ensemble,ensemble,2021-05-03,2020/21
covid_archive,archive,COVID-19 cases,EuroCOVIDhub-ensemble,ensemble,2021-05-10,2020/21
covid_archive,archive,COVID-19 cases,EuroCOVIDhub-ensemble,ensemble,2021-05-17,2020/21
covid_archive,archive,COVID-19 cases,EuroCOVIDhub-ensemble,ensemble,2021-05-24,2020/21
covid_archive,archive,COVID-19 cases,EuroCOVIDhub-ensemble,ensemble,2021-05-31,2020/21
covid_archive,archive,COVID-19 cases,EuroCOVIDhub-ensemble,ensemble,2021-06-07,2020/21
covid_archive,archive,COVID-19 cases,EuroCOVIDhub-ensemble,ensemble,2021-06-14,2020/21
covid_archive,archive,COVID-19 cases,EuroCOVIDhub-ensemble,ensemble,2021-06-21,2020/21
covid_archive,archive,COVID-19 cases,EuroCOVIDhub-ensemble,ensemble,2021-06-28,2020/21
covid_archive,archive,COVID-19 cases,EuroCOVIDhub-ensemble,ensemble,2021-07-05,2020/21
covid_archive,archive,COVID-19 cases,EuroCOVIDhub-ensemble,ensemble,2021-07-12,2020/21
covid_archive,archive,COVID-19 cases,EuroCOVIDhub-ensemble,ensemble,2021-07-19,2020/21
covid_archive,archive,COVID-19 cases,EuroCOVIDhub-ensemble,ensemble,2021-07-26,2020/21
covid_archive,archive,COVID-19 cases,EuroCOVIDhub-ensemble,ensemble,2021-08-02,2021/22
covid_archive,archive,COVID-19 cases,EuroCOVIDhub-ensemble,ensemble,2021-08-09,2021/22
covid_archive,archive,COVID-19 cases,EuroCOVIDhub-ensemble,ensemble,2021-08-16,2021/22
covid_archive,archive,COVID-19 cases,EuroCOVIDhub-ensemble,ensemble,2021-08-23,2021/22
covid_archive,archive,COVID-19 cases,EuroCOVIDhub-ensemble,ensemble,2021-08-30,2021/22
covid_archive,archive,COVID-19 cases,EuroCOVIDhub-ensemble,ensemble,2021-09-06,2021/22
covid_archive,archive,COVID-19 cases,EuroCOVIDhub-ensemble,ensemble,2021-09-13,2021/22
covid_archive,archive,COVID-19 cases,EuroCOVIDhub-ensemble,ensemble,2021-09-20,2021/22
covid_archive,archive,COVID-19 cases,EuroCOVIDhub-ensemble,ensemble,2021-09-27,2021/22
covid_archive,archive,COVID-19 cases,EuroCOVIDhub-ensemble,ensemble,2021-10-04,2021/22
covid_archive,archive,COVID-19 cases,EuroCOVIDhub-ensemble,ensemble,2021-10-11,2021/22
covid_archive,archive,COVID-19 cases,EuroCOVIDhub-ensemble,ensemble,2021-10-18,2021/22
covid_archive,archive,COVID-19 cases,EuroCOVIDhub-ensemble,ensemble,2021-10-25,2021/22
covid_archive,archive,COVID-19 cases,EuroCOVIDhub-ensemble,ensemble,2021-11-01,2021/22
covid_archive,archive,COVID-19 cases,EuroCOVIDhub-ensemble,ensemble,2021-11-08,2021/22
covid_archive,archive,COVID-19 cases,EuroCOVIDhub-ensemble,ensemble,2021-11-15,2021/22
covid_archive,archive,COVID-19 cases,EuroCOVIDhub-ensemble,ensemble,2021-11-22,2021/22
covid_archive,archive,COVID-19 cases,EuroCOVIDhub-ensemble,ensemble,2021-11-29,2021/22
covid_archive,archive,COVID-19 cases,EuroCOVIDhub-ensemble,ensemble,2021-12-06,2021/22
covid_archive,archive,COVID-19 cases,EuroCOVIDhub-ensemble,ensemble,2021-12-13,2021/22
covid_archive,archive,COVID-19 cases,EuroCOVIDhub-ensemble,ensemble,2021-12-20,2021/22
covid_archive,archive,COVID-19 cases,EuroCOVIDhub-ensemble,ensemble,2021-12-27,2021/22
covid_archive,archive,COVID-19 cases,EuroCOVIDhub-ensemble,ensemble,2022-01-03,2021/22
covid_archive,archive,COVID-19 cases,EuroCOVIDhub-ensemble,ensemble,2022-01-10,2021/22
covid_archive,archive,COVID-19 cases,EuroCOVIDhub-ensemble,ensemble,2022-01-17,2021/22
covid_archive,archive,COVID-19 cases,EuroCOVIDhub-ensemble,ensemble,2022-01-24,2021/22
covid_archive,archive,COVID-19 cases,EuroCOVIDhub-ensemble,ensemble,2022-01-31,2021/22
covid_archive,archive,COVID-19 cases,EuroCOVIDhub-ensemble,ensemble,2022-02-07,2021/22
covid_archive,archive,COVID-19 cases,EuroCOVIDhub-ensemble,ensemble,2022-02-14,2021/22
covid_archive,archive,COVID-19 cases,EuroCOVIDhub-ensemble,ensemble,2022-02-21,2021/22
covid_archive,archive,COVID-19 cases,EuroCOVIDhub-ensemble,ensemble,2022-02-28,2021/22
covid_archive,archive,COVID-19 cases,EuroCOVIDhub-ensemble,ensemble,2022-03-07,2021/22
covid_archive,archive,COVID-19 cases,EuroCOVIDhub-ensemble,ensemble,2022-03-14,2021/22
covid_archive,archive,COVID-19 cases,EuroCOVIDhub-ensemble,ensemble,2022-03-21,2021/22
covid_archive,archive,COVID-19 cases,EuroCOVIDhub-ensemble,ensemble,2022-03-28,2021/22
covid_archive,archive,COVID-19 cases,EuroCOVIDhub-ensemble,ensemble,2022-04-04,2021/22
covid_archive,archive,COVID-19 cases,EuroCOVIDhub-ensemble,ensemble,2022-04-11,2021/22
covid_archive,archive,COVID-19 cases,EuroCOVIDhub-ensemble,ensemble,2022-04-18,2021/22
covid_archive,archive,COVID-19 cases,EuroCOVIDhub-ensemble,ensemble,2022-04-25,2021/22
covid_archive,archive,COVID-19 cases,EuroCOVIDhub-ensemble,ensemble,2022-05-02,2021/22
covid_archive,archive,COVID-19 cases,EuroCOVIDhub-ensemble,ensemble,2022-05-09,2021/22
covid_archive,archive,COVID-19 cases,EuroCOVIDhub-ensemble,ensemble,2022-05-16,2021/22
covid_archive,archive,COVID-19 cases,EuroCOVIDhub-ensemble,ensemble,2022-05-23,2021/22
covid_archive,archive,COVID-19 cases,EuroCOVIDhub-ensemble,ensemble,2022-05-30,2021/22
covid_archive,archive,COVID-19 cases,EuroCOVIDhub-ensemble,ensemble,2022-06-06,2021/22
covid_archive,archive,COVID-19 cases,EuroCOVIDhub-ensemble,ensemble,2022-06-13,2021/22
covid_archive,archive,COVID-19 cases,EuroCOVIDhub-ensemble,ensemble,2022-06-20,2021/22
covid_archive,archive,COVID-19 cases,EuroCOVIDhub-ensemble,ensemble,2022-06-27,2021/22
covid_archive,archive,COVID-19 cases,EuroCOVIDhub-ensemble,ensemble,2022-07-04,2021/22
covid_archive,archive,COVID-19 cases,EuroCOVIDhub-ensemble,ensemble,2022-07-11,2021/22
covid_archive,archive,COVID-19 cases,EuroCOVIDhub-ensemble,ensemble,2022-07-18,2021/22
covid_archive,archive,COVID-19 cases,EuroCOVIDhub-ensemble,ensemble,2022-07-25,2021/22
covid_archive,archive,COVID-19 cases,EuroCOVIDhub-ensemble,ensemble,2022-08-01,2022/23
covid_archive,archive,COVID-19 cases,EuroCOVIDhub-ensemble,ensemble,2022-08-08,2022/23
covid_archive,archive,COVID-19 cases,EuroCOVIDhub-ensemble,ensemble,2022-08-15,2022/23
covid_archive,archive,COVID-19 cases,EuroCOVIDhub-ensemble,ensemble,2022-08-22,2022/23
covid_archive,archive,COVID-19 cases,EuroCOVIDhub-ensemble,ensemble,2022-08-29,2022/23
covid_archive,archive,COVID-19 cases,EuroCOVIDhub-ensemble,ensemble,2022-09-05,2022/23
covid_archive,archive,COVID-19 cases,EuroCOVIDhub-ensemble,ensemble,2022-09-12,2022/23
covid_archive,archive,COVID-19 cases,EuroCOVIDhub-ensemble,ensemble,2022-09-19,2022/23
covid_archive,archive,COVID-19 cases,EuroCOVIDhub-ensemble,ensemble,2022-09-26,2022/23
covid_archive,archive,COVID-19 cases,EuroCOVIDhub-ensemble,ensemble,2022-10-03,2022/23
covid_archive,archive,COVID-19 cases,EuroCOVIDhub-ensemble,ensemble,2022-10-10,2022/23
covid_archive,archive,COVID-19 cases,EuroCOVIDhub-ensemble,ensemble,2022-10-17,2022/23
covid_archive,archive,COVID-19 cases,EuroCOVIDhub-ensemble,ensemble,2022-10-24,2022/23
covid_archive,archive,COVID-19 cases,EuroCOVIDhub-ensemble,ensemble,2022-10-31,2022/23
covid_archive,archive,COVID-19 cases,EuroCOVIDhub-ensemble,ensemble,2022-11-07,2022/23
covid_archive,archive,COVID-19 cases,EuroCOVIDhub-ensemble,ensemble,2022-11-14,2022/23
covid_archive,archive,COVID-19 cases,EuroCOVIDhub-ensemble,ensemble,2022-11-21,2022/23
covid_archive,archive,COVID-19 cases,EuroCOVIDhub-ensemble,ensemble,2022-11-28,2022/23
covid_archive,archive,COVID-19 cases,EuroCOVIDhub-ensemble,ensemble,2022-12-05,2022/23
covid_archive,archive,COVID-19 cases,EuroCOVIDhub-ensemble,ensemble,2022-12-12,2022/23
covid_archive,archive,COVID-19 cases,EuroCOVIDhub-ensemble,ensemble,2022-12-19,2022/23
covid_archive,archive,COVID-19 cases,EuroCOVIDhub-ensemble,ensemble,2022-12-26,2022/23
covid_archive,archive,COVID-19 cases,EuroCOVIDhub-ensemble,ensemble,2023-01-02,2022/23
covid_archive,archive,COVID-19 cases,EuroCOVIDhub-ensemble,ensemble,2023-01-09,2022/23
covid_archive,archive,COVID-19 cases,EuroCOVIDhub-ensemble,ensemble,2023-01-16,2022/23
covid_archive,archive,COVID-19 cases,EuroCOVIDhub-ensemble,ensemble,2023-01-23,2022/23
covid_archive,archive,COVID-19 cases,EuroCOVIDhub-ensemble,ensemble,2023-01-30,2022/23
covid_archive,archive,COVID-19 cases,EuroCOVIDhub-ensemble,ensemble,2023-02-06,2022/23
covid_archive,archive,COVID-19 cases,EuroCOVIDhub-ensemble,ensemble,2023-02-13,2022/23
covid_archive,archive,COVID-19 cases,EuroCOVIDhub-ensemble,ensemble,2023-02-20,2022/23
covid_archive,archive,COVID-19 cases,EuroCOVIDhub-ensemble,ensemble,2023-02-27,2022/23
covid_archive,archive,COVID-19 cases,EuroCOVIDhub-ensemble,ensemble,2023-03-06,2022/23
covid_archive,archive,COVID-19 cases,EuroCOVIDhub-ensemble,ensemble,2023-03-13,2022/23
covid_archive,archive,COVID-19 cases,EuroCOVIDhub-ensemble,ensemble,2023-03-20,2022/23
covid_archive,archive,COVID-19 cases,EuroCOVIDhub-ensemble,ensemble,2023-03-27,2022/23
covid_archive,archive,COVID-19 cases,EuroCOVIDhub-ensemble,ensemble,2023-04-03,2022/23
covid_archive,archive,COVID-19 cases,EuroCOVIDhub-ensemble,ensemble,2023-04-10,2022/23
covid_archive,archive,COVID-19 cases,EuroCOVIDhub-ensemble,ensemble,2023-04-17,2022/23
covid_archive,archive,COVID-19 cases,EuroCOVIDhub-ensemble,ensemble,2023-04-24,2022/23
covid_archive,archive,COVID-19 cases,EuroCOVIDhub-ensemble,ensemble,2023-05-01,2022/23
covid_archive,archive,COVID-19 cases,EuroCOVIDhub-ensemble,ensemble,2023-05-08,2022/23
covid_archive,archive,COVID-19 cases,EuroCOVIDhub-ensemble,ensemble,2023-05-15,2022/23
covid_archive,archive,COVID-19 cases,EuroCOVIDhub-ensemble,ensemble,2023-05-22,2022/23
covid_archive,archive,COVID-19 cases,EuroCOVIDhub-ensemble,ensemble,2023-05-29,2022/23
covid_archive,archive,COVID-19 cases,EuroCOVIDhub-ensemble,ensemble,2023-06-05,2022/23
covid_archive,archive,COVID-19 cases,EuroCOVIDhub-ensemble,ensemble,2023-06-12,2022/23
covid_archive,archive,COVID-19 cases,EuroCOVIDhub-ensemble,ensemble,2023-06-19,2022/23
covid_archive,archive,COVID-19 cases,EuroCOVIDhub-ensemble,ensemble,2023-06-26,2022/23
covid_archive,archive,COVID-19 cases,EuroCOVIDhub-ensemble,ensemble,2023-07-03,2022/23
covid_archive,archive,COVID-19 cases,EuroCOVIDhub-ensemble,ensemble,2023-07-10,2022/23
covid_archive,archive,COVID-19 cases,EuroCOVIDhub-ensemble,ensemble,2023-07-17,2022/23
covid_archive,archive,COVID-19 cases,EuroCOVIDhub-ensemble,ensemble,2023-07-24,2022/23
covid_archive,archive,COVID-19 cases,EuroCOVIDhub-ensemble,ensemble,2023-07-31,2022/23
covid_archive,archive,COVID-19 cases,EuroCOVIDhub-ensemble,ensemble,2023-08-07,2023/24
covid_archive,archive,COVID-19 cases,EuroCOVIDhub-ensemble,ensemble,2023-08-14,2023/24
covid_archive,archive,COVID-19 cases,EuroCOVIDhub-ensemble,ensemble,2023-08-21,2023/24
covid_archive,archive,COVID-19 cases,EuroCOVIDhub-ensemble,ensemble,2023-09-04,2023/24
covid_archive,archive,COVID-19 cases,EuroCOVIDhub-ensemble,ensemble,2023-09-11,2023/24
covid_archive,archive,COVID-19 cases,EuroCOVIDhub-ensemble,ensemble,2023-09-18,2023/24
covid_archive,archive,COVID-19 cases,EuroCOVIDhub-ensemble,ensemble,2023-09-25,2023/24
covid_archive,archive,COVID-19 cases,EuroCOVIDhub-ensemble,ensemble,2023-10-02,2023/24
covid_archive,archive,COVID-19 cases,EuroCOVIDhub-ensemble,ensemble,2023-10-09,2023/24
covid_archive,archive,COVID-19 cases,EuroCOVIDhub-ensemble,ensemble,2023-10-16,2023/24
covid_archive,archive,COVID-19 cases,EuroCOVIDhub-ensemble,ensemble,2023-10-23,2023/24
covid_archive,archive,COVID-19 cases,EuroCOVIDhub-ensemble,ensemble,2023-10-30,2023/24
covid_archive,archive,COVID-19 cases,EuroCOVIDhub-ensemble,ensemble,2023-11-06,2023/24
covid_archive,archive,COVID-19 cases,EuroCOVIDhub-ensemble,ensemble,2023-11-13,2023/24
covid_archive,archive,COVID-19 cases,EuroCOVIDhub-ensemble,ensemble,2023-11-20,2023/24
covid_archive,archive,COVID-19 cases,EuroCOVIDhub-ensemble,ensemble,2023-11-27,2023/24
covid_archive,archive,COVID-19 cases,EuroCOVIDhub-ensemble,ensemble,2023-12-04,2023/24
covid_archive,archive,COVID-19 cases,EuroCOVIDhub-ensemble,ensemble,2023-12-11,2023/24
covid_archive,archive,COVID-19 cases,EuroCOVIDhub-ensemble,ensemble,2023-12-18,2023/24
covid_archive,archive,COVID-19 cases,EuroCOVIDhub-ensemble,ensemble,2023-12-25,2023/24
covid_archive,archive,COVID-19 cases,EuroCOVIDhub-ensemble,ensemble,2024-01-01,2023/24
covid_archive,archive,COVID-19 cases,EuroCOVIDhub-ensemble,ensemble,2024-01-08,2023/24
covid_archive,archive,COVID-19 cases,EuroCOVIDhub-ensemble,ensemble,2024-01-15,2023/24
covid_archive,archive,COVID-19 cases,EuroCOVIDhub-ensemble,ensemble,2024-01-22,2023/24
covid_archive,archive,COVID-19 cases,EuroCOVIDhub-ensemble,ensemble,2024-01-29,2023/24
covid_archive,archive,COVID-19 cases,EuroCOVIDhub-ensemble,ensemble,2024-02-05,2023/24
covid_archive,archive,COVID-19 cases,EuroCOVIDhub-ensemble,ensemble,2024-02-12,2023/24
covid_archive,archive,COVID-19 cases,EuroCOVIDhub-ensemble,ensemble,2024-02-19,2023/24
covid_archive,archive,COVID-19 cases,EuroCOVIDhub-ensemble,ensemble,2024-02-26,2023/24
covid_archive,archive,COVID-19 cases,EuroCOVIDhub-ensemble,ensemble,2024-03-04,2023/24
covid_archive,archive,COVID-19 cases,EuroCOVIDhub-ensemble,ensemble,2024-03-11,2023/24
covid_archive,archive,COVID-19 cases,EuroCOVIDhub-ensemble,ensemble,2024-03-18,2023/24
covid_archive,archive,COVID-19 cases,EuroCOVIDhub-ensemble,ensemble,2024-03-25,2023/24
covid_archive,archive,COVID-19 cases,EuroCOVIDhub-ensemble,ensemble,2024-04-01,2023/24
covid_archive,archive,COVID-19 cases,EuroCOVIDhub-ensemble,ensemble,2024-04-08,2023/24
covid_archive,archive,COVID-19 cases,EuroCOVIDhub-ensemble,ensemble,2024-04-15,2023/24
covid_archive,archive,COVID-19 cases,EuroCOVIDhub-ensemble,ensemble,2024-04-22,2023/24
covid_archive,archive,COVID-19 cases,EuroCOVIDhub-ensemble,ensemble,2024-04-29,2023/24
covid_archive,archive,COVID-19 cases,EuroCOVIDhub-ensemble,ensemble,2024-05-06,2023/24
covid_archive,archive,COVID-19 cases,EuroCOVIDhub-ensemble,ensemble,2024-06-03,2023/24
covid_archive,archive,COVID-19 cases,FIAS_FZJ-Epi1Ger,model,2021-02-15,2020/21
covid_archive,archive,COVID-19 cases,FIAS_FZJ-Epi1Ger,model,2021-02-22,2020/21
covid_archive,archive,COVID-19 cases,FIAS_FZJ-Epi1Ger,model,2021-03-01,2020/21
covid_archive,archive,COVID-19 cases,FIAS_FZJ-Epi1Ger,model,2021-03-08,2020/21
covid_archive,archive,COVID-19 cases,FIAS_FZJ-Epi1Ger,model,2021-03-15,2020/21
covid_archive,archive,COVID-19 cases,FIAS_FZJ-Epi1Ger,model,2021-03-22,2020/21
covid_archive,archive,COVID-19 cases,FIAS_FZJ-Epi1Ger,model,2021-03-29,2020/21
covid_archive,archive,COVID-19 cases,FIAS_FZJ-Epi1Ger,model,2021-04-05,2020/21
covid_archive,archive,COVID-19 cases,FIAS_FZJ-Epi1Ger,model,2021-04-12,2020/21
covid_archive,archive,COVID-19 cases,FIAS_FZJ-Epi1Ger,model,2021-04-19,2020/21
covid_archive,archive,COVID-19 cases,FIAS_FZJ-Epi1Ger,model,2021-04-26,2020/21
covid_archive,archive,COVID-19 cases,FIAS_FZJ-Epi1Ger,model,2021-05-03,2020/21
covid_archive,archive,COVID-19 cases,FIAS_FZJ-Epi1Ger,model,2021-05-10,2020/21
covid_archive,archive,COVID-19 cases,FIAS_FZJ-Epi1Ger,model,2021-05-17,2020/21
covid_archive,archive,COVID-19 cases,FIAS_FZJ-Epi1Ger,model,2021-05-24,2020/21
covid_archive,archive,COVID-19 cases,FIAS_FZJ-Epi1Ger,model,2021-05-31,2020/21
covid_archive,archive,COVID-19 cases,FIAS_FZJ-Epi1Ger,model,2021-06-07,2020/21
covid_archive,archive,COVID-19 cases,FIAS_FZJ-Epi1Ger,model,2021-06-14,2020/21
covid_archive,archive,COVID-19 cases,FIAS_FZJ-Epi1Ger,model,2021-06-21,2020/21
covid_archive,archive,COVID-19 cases,FIAS_FZJ-Epi1Ger,model,2021-06-28,2020/21
covid_archive,archive,COVID-19 cases,FIAS_FZJ-Epi1Ger,model,2021-07-05,2020/21
covid_archive,archive,COVID-19 cases,FIAS_FZJ-Epi1Ger,model,2021-07-12,2020/21
covid_archive,archive,COVID-19 cases,FIAS_FZJ-Epi1Ger,model,2021-07-19,2020/21
covid_archive,archive,COVID-19 cases,FIAS_FZJ-Epi1Ger,model,2021-07-26,2020/21
covid_archive,archive,COVID-19 cases,FIAS_FZJ-Epi1Ger,model,2021-08-02,2021/22
covid_archive,archive,COVID-19 cases,FIAS_FZJ-Epi1Ger,model,2021-08-09,2021/22
covid_archive,archive,COVID-19 cases,FIAS_FZJ-Epi1Ger,model,2021-08-16,2021/22
covid_archive,archive,COVID-19 cases,FIAS_FZJ-Epi1Ger,model,2021-08-23,2021/22
covid_archive,archive,COVID-19 cases,FIAS_FZJ-Epi1Ger,model,2021-08-30,2021/22
covid_archive,archive,COVID-19 cases,FIAS_FZJ-Epi1Ger,model,2021-09-06,2021/22
covid_archive,archive,COVID-19 cases,FIAS_FZJ-Epi1Ger,model,2021-09-13,2021/22
covid_archive,archive,COVID-19 cases,FIAS_FZJ-Epi1Ger,model,2021-09-20,2021/22
covid_archive,archive,COVID-19 cases,FIAS_FZJ-Epi1Ger,model,2021-09-27,2021/22
covid_archive,archive,COVID-19 cases,FIAS_FZJ-Epi1Ger,model,2021-10-04,2021/22
covid_archive,archive,COVID-19 cases,FIAS_FZJ-Epi1Ger,model,2021-10-11,2021/22
covid_archive,archive,COVID-19 cases,FIAS_FZJ-Epi1Ger,model,2021-10-18,2021/22
covid_archive,archive,COVID-19 cases,FIAS_FZJ-Epi1Ger,model,2021-10-25,2021/22
covid_archive,archive,COVID-19 cases,FIAS_FZJ-Epi1Ger,model,2021-11-01,2021/22
covid_archive,archive,COVID-19 cases,FIAS_FZJ-Epi1Ger,model,2021-11-08,2021/22
covid_archive,archive,COVID-19 cases,FIAS_FZJ-Epi1Ger,model,2021-11-15,2021/22
covid_archive,archive,COVID-19 cases,FIAS_FZJ-Epi1Ger,model,2021-11-22,2021/22
covid_archive,archive,COVID-19 cases,FIAS_FZJ-Epi1Ger,model,2021-11-29,2021/22
covid_archive,archive,COVID-19 cases,FIAS_FZJ-Epi1Ger,model,2021-12-06,2021/22
covid_archive,archive,COVID-19 cases,FIAS_FZJ-Epi1Ger,model,2021-12-13,2021/22
covid_archive,archive,COVID-19 cases,FIAS_FZJ-Epi1Ger,model,2021-12-20,2021/22
covid_archive,archive,COVID-19 cases,FIAS_FZJ-Epi1Ger,model,2021-12-27,2021/22
covid_archive,archive,COVID-19 cases,FIAS_FZJ-Epi1Ger,model,2022-01-03,2021/22
covid_archive,archive,COVID-19 cases,FIAS_FZJ-Epi1Ger,model,2022-01-10,2021/22
covid_archive,archive,COVID-19 cases,FIAS_FZJ-Epi1Ger,model,2022-01-17,2021/22
covid_archive,archive,COVID-19 cases,FIAS_FZJ-Epi1Ger,model,2022-01-24,2021/22
covid_archive,archive,COVID-19 cases,FIAS_FZJ-Epi1Ger,model,2022-01-31,2021/22
covid_archive,archive,COVID-19 cases,FIAS_FZJ-Epi1Ger,model,2022-02-07,2021/22
covid_archive,archive,COVID-19 cases,FIAS_FZJ-Epi1Ger,model,2022-02-14,2021/22
covid_archive,archive,COVID-19 cases,FIAS_FZJ-Epi1Ger,model,2022-02-21,2021/22
covid_archive,archive,COVID-19 cases,FIAS_FZJ-Epi1Ger,model,2022-02-28,2021/22
covid_archive,archive,COVID-19 cases,FIAS_FZJ-Epi1Ger,model,2022-03-07,2021/22
covid_archive,archive,COVID-19 cases,FIAS_FZJ-Epi1Ger,model,2022-03-14,2021/22
covid_archive,archive,COVID-19 cases,FIAS_FZJ-Epi1Ger,model,2022-03-21,2021/22
covid_archive,archive,COVID-19 cases,FIAS_FZJ-Epi1Ger,model,2022-03-28,2021/22
covid_archive,archive,COVID-19 cases,FIAS_FZJ-Epi1Ger,model,2022-04-04,2021/22
covid_archive,archive,COVID-19 cases,FIAS_FZJ-Epi1Ger,model,2022-04-11,2021/22
covid_archive,archive,COVID-19 cases,FIAS_FZJ-Epi1Ger,model,2022-04-25,2021/22
covid_archive,archive,COVID-19 cases,FIAS_FZJ-Epi1Ger,model,2022-05-02,2021/22
covid_archive,archive,COVID-19 cases,FIAS_FZJ-Epi1Ger,model,2022-05-16,2021/22
covid_archive,archive,COVID-19 cases,FIAS_FZJ-Epi1Ger,model,2022-05-23,2021/22
covid_archive,archive,COVID-19 cases,FIAS_FZJ-Epi1Ger,model,2022-05-30,2021/22
covid_archive,archive,COVID-19 cases,FIAS_FZJ-Epi1Ger,model,2022-06-13,2021/22
covid_archive,archive,COVID-19 cases,FIAS_FZJ-Epi1Ger,model,2022-06-20,2021/22
covid_archive,archive,COVID-19 cases,FIAS_FZJ-Epi1Ger,model,2022-06-27,2021/22
covid_archive,archive,COVID-19 cases,GoeWroc-BaseBayes,model,2022-07-25,2021/22
covid_archive,archive,COVID-19 cases,GoeWroc-BaseBayes,model,2022-08-08,2022/23
covid_archive,archive,COVID-19 cases,GoeWroc-BaseBayes,model,2022-08-15,2022/23
covid_archive,archive,COVID-19 cases,HZI-AgeExtendedSEIR,model,2021-03-15,2020/21
covid_archive,archive,COVID-19 cases,HZI-AgeExtendedSEIR,model,2021-03-22,2020/21
covid_archive,archive,COVID-19 cases,HZI-AgeExtendedSEIR,model,2021-03-29,2020/21
covid_archive,archive,COVID-19 cases,HZI-AgeExtendedSEIR,model,2021-04-05,2020/21
covid_archive,archive,COVID-19 cases,HZI-AgeExtendedSEIR,model,2021-04-12,2020/21
covid_archive,archive,COVID-19 cases,HZI-AgeExtendedSEIR,model,2021-04-19,2020/21
covid_archive,archive,COVID-19 cases,HZI-AgeExtendedSEIR,model,2021-04-26,2020/21
covid_archive,archive,COVID-19 cases,HZI-AgeExtendedSEIR,model,2021-05-03,2020/21
covid_archive,archive,COVID-19 cases,HZI-AgeExtendedSEIR,model,2021-05-10,2020/21
covid_archive,archive,COVID-19 cases,HZI-AgeExtendedSEIR,model,2021-05-17,2020/21
covid_archive,archive,COVID-19 cases,HZI-AgeExtendedSEIR,model,2021-05-24,2020/21
covid_archive,archive,COVID-19 cases,HZI-AgeExtendedSEIR,model,2021-05-31,2020/21
covid_archive,archive,COVID-19 cases,HZI-AgeExtendedSEIR,model,2021-06-07,2020/21
covid_archive,archive,COVID-19 cases,HZI-AgeExtendedSEIR,model,2021-06-14,2020/21
covid_archive,archive,COVID-19 cases,HZI-AgeExtendedSEIR,model,2021-06-21,2020/21
covid_archive,archive,COVID-19 cases,HZI-AgeExtendedSEIR,model,2021-06-28,2020/21
covid_archive,archive,COVID-19 cases,HZI-AgeExtendedSEIR,model,2021-07-05,2020/21
covid_archive,archive,COVID-19 cases,HZI-AgeExtendedSEIR,model,2021-07-12,2020/21
covid_archive,archive,COVID-19 cases,HZI-AgeExtendedSEIR,model,2021-07-19,2020/21
covid_archive,archive,COVID-19 cases,HZI-AgeExtendedSEIR,model,2021-07-26,2020/21
covid_archive,archive,COVID-19 cases,HZI-AgeExtendedSEIR,model,2021-08-02,2021/22
covid_archive,archive,COVID-19 cases,HZI-AgeExtendedSEIR,model,2021-08-09,2021/22
covid_archive,archive,COVID-19 cases,HZI-AgeExtendedSEIR,model,2021-08-16,2021/22
covid_archive,archive,COVID-19 cases,HZI-AgeExtendedSEIR,model,2021-08-23,2021/22
covid_archive,archive,COVID-19 cases,HZI-AgeExtendedSEIR,model,2021-08-30,2021/22
covid_archive,archive,COVID-19 cases,HZI-AgeExtendedSEIR,model,2021-09-06,2021/22
covid_archive,archive,COVID-19 cases,HZI-AgeExtendedSEIR,model,2021-09-13,2021/22
covid_archive,archive,COVID-19 cases,HZI-AgeExtendedSEIR,model,2021-09-20,2021/22
covid_archive,archive,COVID-19 cases,HZI-AgeExtendedSEIR,model,2021-09-27,2021/22
covid_archive,archive,COVID-19 cases,HZI-AgeExtendedSEIR,model,2021-10-04,2021/22
covid_archive,archive,COVID-19 cases,HZI-AgeExtendedSEIR,model,2021-10-11,2021/22
covid_archive,archive,COVID-19 cases,HZI-AgeExtendedSEIR,model,2021-10-18,2021/22
covid_archive,archive,COVID-19 cases,HZI-AgeExtendedSEIR,model,2021-10-25,2021/22
covid_archive,archive,COVID-19 cases,HZI-AgeExtendedSEIR,model,2021-11-01,2021/22
covid_archive,archive,COVID-19 cases,HZI-AgeExtendedSEIR,model,2021-11-08,2021/22
covid_archive,archive,COVID-19 cases,HZI-AgeExtendedSEIR,model,2021-11-15,2021/22
covid_archive,archive,COVID-19 cases,HZI-AgeExtendedSEIR,model,2021-11-22,2021/22
covid_archive,archive,COVID-19 cases,HZI-AgeExtendedSEIR,model,2021-11-29,2021/22
covid_archive,archive,COVID-19 cases,HZI-AgeExtendedSEIR,model,2021-12-06,2021/22
covid_archive,archive,COVID-19 cases,HZI-AgeExtendedSEIR,model,2021-12-13,2021/22
covid_archive,archive,COVID-19 cases,HZI-AgeExtendedSEIR,model,2021-12-20,2021/22
covid_archive,archive,COVID-19 cases,HZI-AgeExtendedSEIR,model,2021-12-27,2021/22
covid_archive,archive,COVID-19 cases,HZI-AgeExtendedSEIR,model,2022-01-03,2021/22
covid_archive,archive,COVID-19 cases,HZI-AgeExtendedSEIR,model,2022-01-10,2021/22
covid_archive,archive,COVID-19 cases,HZI-AgeExtendedSEIR,model,2022-01-17,2021/22
covid_archive,archive,COVID-19 cases,HZI-AgeExtendedSEIR,model,2022-01-24,2021/22
covid_archive,archive,COVID-19 cases,HZI-AgeExtendedSEIR,model,2022-01-31,2021/22
covid_archive,archive,COVID-19 cases,HZI-AgeExtendedSEIR,model,2022-02-07,2021/22
covid_archive,archive,COVID-19 cases,HZI-AgeExtendedSEIR,model,2022-02-14,2021/22
covid_archive,archive,COVID-19 cases,HZI-AgeExtendedSEIR,model,2022-02-21,2021/22
covid_archive,archive,COVID-19 cases,HZI-AgeExtendedSEIR,model,2022-02-28,2021/22
covid_archive,archive,COVID-19 cases,HZI-AgeExtendedSEIR,model,2022-03-07,2021/22
covid_archive,archive,COVID-19 cases,HZI-AgeExtendedSEIR,model,2022-03-14,2021/22
covid_archive,archive,COVID-19 cases,HZI-AgeExtendedSEIR,model,2022-03-21,2021/22
covid_archive,archive,COVID-19 cases,HZI-AgeExtendedSEIR,model,2022-03-28,2021/22
covid_archive,archive,COVID-19 cases,HZI-AgeExtendedSEIR,model,2022-04-04,2021/22
covid_archive,archive,COVID-19 cases,HZI-AgeExtendedSEIR,model,2022-04-11,2021/22
covid_archive,archive,COVID-19 cases,HZI-AgeExtendedSEIR,model,2022-04-18,2021/22
covid_archive,archive,COVID-19 cases,HZI-AgeExtendedSEIR,model,2022-04-25,2021/22
covid_archive,archive,COVID-19 cases,HZI-AgeExtendedSEIR,model,2022-05-02,2021/22
covid_archive,archive,COVID-19 cases,HZI-AgeExtendedSEIR,model,2022-05-09,2021/22
covid_archive,archive,COVID-19 cases,HZI-AgeExtendedSEIR,model,2022-05-16,2021/22
covid_archive,archive,COVID-19 cases,HZI-AgeExtendedSEIR,model,2022-05-23,2021/22
covid_archive,archive,COVID-19 cases,HZI-AgeExtendedSEIR,model,2022-05-30,2021/22
covid_archive,archive,COVID-19 cases,HZI-AgeExtendedSEIR,model,2022-06-06,2021/22
covid_archive,archive,COVID-19 cases,HZI-AgeExtendedSEIR,model,2022-06-13,2021/22
covid_archive,archive,COVID-19 cases,HZI-AgeExtendedSEIR,model,2022-06-20,2021/22
covid_archive,archive,COVID-19 cases,HZI-AgeExtendedSEIR,model,2022-06-27,2021/22
covid_archive,archive,COVID-19 cases,HZI-AgeExtendedSEIR,model,2022-07-04,2021/22
covid_archive,archive,COVID-19 cases,HZI-AgeExtendedSEIR,model,2022-07-11,2021/22
covid_archive,archive,COVID-19 cases,HZI-AgeExtendedSEIR,model,2022-07-18,2021/22
covid_archive,archive,COVID-19 cases,HZI-AgeExtendedSEIR,model,2022-07-25,2021/22
covid_archive,archive,COVID-19 cases,HZI-AgeExtendedSEIR,model,2022-08-01,2022/23
covid_archive,archive,COVID-19 cases,HZI-AgeExtendedSEIR,model,2022-08-08,2022/23
covid_archive,archive,COVID-19 cases,HZI-AgeExtendedSEIR,model,2022-08-15,2022/23
covid_archive,archive,COVID-19 cases,HZI-AgeExtendedSEIR,model,2022-08-22,2022/23
covid_archive,archive,COVID-19 cases,HZI-AgeExtendedSEIR,model,2022-08-29,2022/23
covid_archive,archive,COVID-19 cases,HZI-AgeExtendedSEIR,model,2022-09-05,2022/23
covid_archive,archive,COVID-19 cases,HZI-AgeExtendedSEIR,model,2022-09-12,2022/23
covid_archive,archive,COVID-19 cases,HZI-AgeExtendedSEIR,model,2022-09-19,2022/23
covid_archive,archive,COVID-19 cases,HZI-AgeExtendedSEIR,model,2022-09-26,2022/23
covid_archive,archive,COVID-19 cases,HZI-AgeExtendedSEIR,model,2022-10-03,2022/23
covid_archive,archive,COVID-19 cases,HZI-AgeExtendedSEIR,model,2022-10-10,2022/23
covid_archive,archive,COVID-19 cases,HZI-AgeExtendedSEIR,model,2022-10-17,2022/23
covid_archive,archive,COVID-19 cases,HZI-AgeExtendedSEIR,model,2022-10-24,2022/23
covid_archive,archive,COVID-19 cases,HZI-AgeExtendedSEIR,model,2022-10-31,2022/23
covid_archive,archive,COVID-19 cases,HZI-AgeExtendedSEIR,model,2022-11-07,2022/23
covid_archive,archive,COVID-19 cases,HZI-AgeExtendedSEIR,model,2022-11-14,2022/23
covid_archive,archive,COVID-19 cases,HZI-AgeExtendedSEIR,model,2022-11-21,2022/23
covid_archive,archive,COVID-19 cases,HZI-AgeExtendedSEIR,model,2022-11-28,2022/23
covid_archive,archive,COVID-19 cases,HZI-AgeExtendedSEIR,model,2022-12-05,2022/23
covid_archive,archive,COVID-19 cases,HZI-AgeExtendedSEIR,model,2022-12-12,2022/23
covid_archive,archive,COVID-19 cases,HZI-AgeExtendedSEIR,model,2022-12-19,2022/23
covid_archive,archive,COVID-19 cases,HZI-AgeExtendedSEIR,model,2022-12-26,2022/23
covid_archive,archive,COVID-19 cases,HZI-AgeExtendedSEIR,model,2023-01-02,2022/23
covid_archive,archive,COVID-19 cases,HZI-AgeExtendedSEIR,model,2023-01-09,2022/23
covid_archive,archive,COVID-19 cases,HZI-AgeExtendedSEIR,model,2023-01-16,2022/23
covid_archive,archive,COVID-19 cases,HZI-AgeExtendedSEIR,model,2023-01-23,2022/23
covid_archive,archive,COVID-19 cases,HZI-AgeExtendedSEIR,model,2023-01-30,2022/23
covid_archive,archive,COVID-19 cases,HZI-AgeExtendedSEIR,model,2023-02-06,2022/23
covid_archive,archive,COVID-19 cases,HZI-AgeExtendedSEIR,model,2023-02-13,2022/23
covid_archive,archive,COVID-19 cases,HZI-AgeExtendedSEIR,model,2023-02-20,2022/23
covid_archive,archive,COVID-19 cases,HZI-AgeExtendedSEIR,model,2023-02-27,2022/23
covid_archive,archive,COVID-19 cases,HZI-AgeExtendedSEIR,model,2023-03-06,2022/23
covid_archive,archive,COVID-19 cases,HZI-AgeExtendedSEIR,model,2023-03-13,2022/23
covid_archive,archive,COVID-19 cases,HZI-AgeExtendedSEIR,model,2023-03-20,2022/23
covid_archive,archive,COVID-19 cases,HZI-AgeExtendedSEIR,model,2023-03-27,2022/23
covid_archive,archive,COVID-19 cases,HZI-AgeExtendedSEIR,model,2023-04-03,2022/23
covid_archive,archive,COVID-19 cases,HZI-AgeExtendedSEIR,model,2023-04-10,2022/23
covid_archive,archive,COVID-19 cases,HZI-AgeExtendedSEIR,model,2023-04-17,2022/23
covid_archive,archive,COVID-19 cases,HZI-AgeExtendedSEIR,model,2023-04-24,2022/23
covid_archive,archive,COVID-19 cases,HZI-AgeExtendedSEIR,model,2023-05-01,2022/23
covid_archive,archive,COVID-19 cases,HZI-AgeExtendedSEIR,model,2023-05-08,2022/23
covid_archive,archive,COVID-19 cases,HZI-AgeExtendedSEIR,model,2023-05-15,2022/23
covid_archive,archive,COVID-19 cases,HZI-AgeExtendedSEIR,model,2023-05-22,2022/23
covid_archive,archive,COVID-19 cases,ICM-agentModel,model,2021-02-15,2020/21
covid_archive,archive,COVID-19 cases,ICM-agentModel,model,2021-02-22,2020/21
covid_archive,archive,COVID-19 cases,ICM-agentModel,model,2021-03-08,2020/21
covid_archive,archive,COVID-19 cases,ICM-agentModel,model,2021-03-15,2020/21
covid_archive,archive,COVID-19 cases,ICM-agentModel,model,2021-03-22,2020/21
covid_archive,archive,COVID-19 cases,ICM-agentModel,model,2021-03-29,2020/21
covid_archive,archive,COVID-19 cases,ICM-agentModel,model,2021-04-05,2020/21
covid_archive,archive,COVID-19 cases,ICM-agentModel,model,2021-04-12,2020/21
covid_archive,archive,COVID-19 cases,ICM-agentModel,model,2021-04-19,2020/21
covid_archive,archive,COVID-19 cases,ICM-agentModel,model,2021-04-26,2020/21
covid_archive,archive,COVID-19 cases,ICM-agentModel,model,2021-05-10,2020/21
covid_archive,archive,COVID-19 cases,ICM-agentModel,model,2021-05-17,2020/21
covid_archive,archive,COVID-19 cases,ICM-agentModel,model,2021-05-31,2020/21
covid_archive,archive,COVID-19 cases,ICM-agentModel,model,2021-06-07,2020/21
covid_archive,archive,COVID-19 cases,ICM-agentModel,model,2021-06-14,2020/21
covid_archive,archive,COVID-19 cases,ICM-agentModel,model,2021-06-21,2020/21
covid_archive,archive,COVID-19 cases,ICM-agentModel,model,2021-07-05,2020/21
covid_archive,archive,COVID-19 cases,ICM-agentModel,model,2021-07-12,2020/21
covid_archive,archive,COVID-19 cases,ICM-agentModel,model,2021-07-19,2020/21
covid_archive,archive,COVID-19 cases,ICM-agentModel,model,2021-07-26,2020/21
covid_archive,archive,COVID-19 cases,ICM-agentModel,model,2021-08-09,2021/22
covid_archive,archive,COVID-19 cases,ICM-agentModel,model,2021-08-16,2021/22
covid_archive,archive,COVID-19 cases,ICM-agentModel,model,2021-09-06,2021/22
covid_archive,archive,COVID-19 cases,ICM-agentModel,model,2021-09-13,2021/22
covid_archive,archive,COVID-19 cases,ICM-agentModel,model,2021-09-20,2021/22
covid_archive,archive,COVID-19 cases,ICM-agentModel,model,2021-09-27,2021/22
covid_archive,archive,COVID-19 cases,ICM-agentModel,model,2021-10-04,2021/22
covid_archive,archive,COVID-19 cases,ICM-agentModel,model,2021-10-11,2021/22
covid_archive,archive,COVID-19 cases,ICM-agentModel,model,2021-10-18,2021/22
covid_archive,archive,COVID-19 cases,ICM-agentModel,model,2021-10-25,2021/22
covid_archive,archive,COVID-19 cases,ICM-agentModel,model,2021-11-01,2021/22
covid_archive,archive,COVID-19 cases,ICM-agentModel,model,2021-11-08,2021/22
covid_archive,archive,COVID-19 cases,ICM-agentModel,model,2021-11-15,2021/22
covid_archive,archive,COVID-19 cases,ICM-agentModel,model,2021-11-22,2021/22
covid_archive,archive,COVID-19 cases,ICM-agentModel,model,2021-11-29,2021/22
covid_archive,archive,COVID-19 cases,ICM-agentModel,model,2021-12-06,2021/22
covid_archive,archive,COVID-19 cases,ICM-agentModel,model,2021-12-13,2021/22
covid_archive,archive,COVID-19 cases,ICM-agentModel,model,2021-12-20,2021/22
covid_archive,archive,COVID-19 cases,ICM-agentModel,model,2022-01-03,2021/22
covid_archive,archive,COVID-19 cases,ICM-agentModel,model,2022-01-10,2021/22
covid_archive,archive,COVID-19 cases,ICM-agentModel,model,2022-01-17,2021/22
covid_archive,archive,COVID-19 cases,ICM-agentModel,model,2022-01-24,2021/22
covid_archive,archive,COVID-19 cases,ICM-agentModel,model,2022-01-31,2021/22
covid_archive,archive,COVID-19 cases,ICM-agentModel,model,2022-02-07,2021/22
covid_archive,archive,COVID-19 cases,ICM-agentModel,model,2022-02-14,2021/22
covid_archive,archive,COVID-19 cases,ICM-agentModel,model,2022-02-21,2021/22
covid_archive,archive,COVID-19 cases,ICM-agentModel,model,2022-02-28,2021/22
covid_archive,archive,COVID-19 cases,ICM-agentModel,model,2022-04-04,2021/22
covid_archive,archive,COVID-19 cases,ICM-agentModel,model,2022-04-11,2021/22
covid_archive,archive,COVID-19 cases,ICM-agentModel,model,2022-04-25,2021/22
covid_archive,archive,COVID-19 cases,ICM-agentModel,model,2022-05-09,2021/22
covid_archive,archive,COVID-19 cases,ICM-agentModel,model,2022-05-23,2021/22
covid_archive,archive,COVID-19 cases,ICM-agentModel,model,2022-05-30,2021/22
covid_archive,archive,COVID-19 cases,ICM-agentModel,model,2022-06-06,2021/22
covid_archive,archive,COVID-19 cases,ICM-agentModel,model,2022-06-13,2021/22
covid_archive,archive,COVID-19 cases,ICM-agentModel,model,2022-06-20,2021/22
covid_archive,archive,COVID-19 cases,ICM-agentModel,model,2022-06-27,2021/22
covid_archive,archive,COVID-19 cases,ICM-agentModel,model,2022-07-11,2021/22
covid_archive,archive,COVID-19 cases,ICM-agentModel,model,2022-07-18,2021/22
covid_archive,archive,COVID-19 cases,ICM-agentModel,model,2022-07-25,2021/22
covid_archive,archive,COVID-19 cases,ICM-agentModel,model,2022-08-01,2022/23
covid_archive,archive,COVID-19 cases,ICM-agentModel,model,2022-08-08,2022/23
covid_archive,archive,COVID-19 cases,ICM-agentModel,model,2022-08-15,2022/23
covid_archive,archive,COVID-19 cases,ICM-agentModel,model,2022-08-22,2022/23
covid_archive,archive,COVID-19 cases,ICM-agentModel,model,2022-08-29,2022/23
covid_archive,archive,COVID-19 cases,ICM-agentModel,model,2022-09-05,2022/23
covid_archive,archive,COVID-19 cases,ICM-agentModel,model,2022-09-19,2022/23
covid_archive,archive,COVID-19 cases,ICM-agentModel,model,2022-10-03,2022/23
covid_archive,archive,COVID-19 cases,ICM-agentModel,model,2022-10-10,2022/23
covid_archive,archive,COVID-19 cases,ICM-agentModel,model,2022-10-17,2022/23
covid_archive,archive,COVID-19 cases,ICM-agentModel,model,2022-10-24,2022/23
covid_archive,archive,COVID-19 cases,ICM-agentModel,model,2022-10-31,2022/23
covid_archive,archive,COVID-19 cases,ICM-agentModel,model,2022-11-07,2022/23
covid_archive,archive,COVID-19 cases,ICM-agentModel,model,2022-11-14,2022/23
covid_archive,archive,COVID-19 cases,ICM-agentModel,model,2022-11-21,2022/23
covid_archive,archive,COVID-19 cases,ICM-agentModel,model,2022-11-28,2022/23
covid_archive,archive,COVID-19 cases,ICM-agentModel,model,2022-12-05,2022/23
covid_archive,archive,COVID-19 cases,ICM-agentModel,model,2022-12-12,2022/23
covid_archive,archive,COVID-19 cases,ICM-agentModel,model,2022-12-19,2022/23
covid_archive,archive,COVID-19 cases,ICM-agentModel,model,2023-01-02,2022/23
covid_archive,archive,COVID-19 cases,ICM-agentModel,model,2023-01-09,2022/23
covid_archive,archive,COVID-19 cases,ICM-agentModel,model,2023-01-16,2022/23
covid_archive,archive,COVID-19 cases,ICM-agentModel,model,2023-01-23,2022/23
covid_archive,archive,COVID-19 cases,ICM-agentModel,model,2023-01-30,2022/23
covid_archive,archive,COVID-19 cases,ICM-agentModel,model,2023-02-13,2022/23
covid_archive,archive,COVID-19 cases,ICM-agentModel,model,2023-02-20,2022/23
covid_archive,archive,COVID-19 cases,ICM-agentModel,model,2023-02-27,2022/23
covid_archive,archive,COVID-19 cases,ICM-agentModel,model,2023-03-06,2022/23
covid_archive,archive,COVID-19 cases,ICM-agentModel,model,2023-03-13,2022/23
covid_archive,archive,COVID-19 cases,ICM-agentModel,model,2023-03-20,2022/23
covid_archive,archive,COVID-19 cases,ICM-agentModel,model,2023-03-27,2022/23
covid_archive,archive,COVID-19 cases,ICM-agentModel,model,2023-04-03,2022/23
covid_archive,archive,COVID-19 cases,ICM-agentModel,model,2023-04-10,2022/23
covid_archive,archive,COVID-19 cases,ICM-agentModel,model,2023-04-17,2022/23
covid_archive,archive,COVID-19 cases,ICM-agentModel,model,2023-04-24,2022/23
covid_archive,archive,COVID-19 cases,ICM-agentModel,model,2023-05-01,2022/23
covid_archive,archive,COVID-19 cases,ICM-agentModel,model,2023-05-08,2022/23
covid_archive,archive,COVID-19 cases,ICM-agentModel,model,2023-05-15,2022/23
covid_archive,archive,COVID-19 cases,ICM-agentModel,model,2023-05-22,2022/23
covid_archive,archive,COVID-19 cases,ICM-agentModel,model,2023-05-29,2022/23
covid_archive,archive,COVID-19 cases,ICM-agentModel,model,2023-06-05,2022/23
covid_archive,archive,COVID-19 cases,ICM-agentModel,model,2023-06-12,2022/23
covid_archive,archive,COVID-19 cases,ICM-agentModel,model,2023-06-19,2022/23
covid_archive,archive,COVID-19 cases,ICM-agentModel,model,2023-06-26,2022/23
covid_archive,archive,COVID-19 cases,ICM-agentModel,model,2023-07-03,2022/23
covid_archive,archive,COVID-19 cases,ICM-agentModel,model,2023-07-10,2022/23
covid_archive,archive,COVID-19 cases,ICM-agentModel,model,2023-07-17,2022/23
covid_archive,archive,COVID-19 cases,ICM-agentModel,model,2023-07-24,2022/23
covid_archive,archive,COVID-19 cases,ICM-agentModel,model,2023-07-31,2022/23
covid_archive,archive,COVID-19 cases,ICM-agentModel,model,2023-08-07,2023/24
covid_archive,archive,COVID-19 cases,ICM-agentModel,model,2023-08-14,2023/24
covid_archive,archive,COVID-19 cases,ICM-agentModel,model,2023-08-28,2023/24
covid_archive,archive,COVID-19 cases,ICM-agentModel,model,2023-09-11,2023/24
covid_archive,archive,COVID-19 cases,ICM-agentModel,model,2023-10-09,2023/24
covid_archive,archive,COVID-19 cases,ICM-agentModel,model,2023-10-16,2023/24
covid_archive,archive,COVID-19 cases,ICM-agentModel,model,2023-10-23,2023/24
covid_archive,archive,COVID-19 cases,ICM-agentModel,model,2023-10-30,2023/24
covid_archive,archive,COVID-19 cases,ICM-agentModel,model,2023-11-06,2023/24
covid_archive,archive,COVID-19 cases,ICM-agentModel,model,2023-11-13,2023/24
covid_archive,archive,COVID-19 cases,ICM-agentModel,model,2023-11-20,2023/24
covid_archive,archive,COVID-19 cases,ICM-agentModel,model,2023-11-27,2023/24
covid_archive,archive,COVID-19 cases,ICM-agentModel,model,2023-12-04,2023/24
covid_archive,archive,COVID-19 cases,ICM-agentModel,model,2023-12-11,2023/24
covid_archive,archive,COVID-19 cases,ICM-agentModel,model,2023-12-18,2023/24
covid_archive,archive,COVID-19 cases,ICM-agentModel,model,2024-01-01,2023/24
covid_archive,archive,COVID-19 cases,ICM-agentModel,model,2024-01-08,2023/24
covid_archive,archive,COVID-19 cases,ICM-agentModel,model,2024-01-15,2023/24
covid_archive,archive,COVID-19 cases,ICM-agentModel,model,2024-01-22,2023/24
covid_archive,archive,COVID-19 cases,ICM-agentModel,model,2024-01-29,2023/24
covid_archive,archive,COVID-19 cases,ICM-agentModel,model,2024-02-05,2023/24
covid_archive,archive,COVID-19 cases,ICM-agentModel,model,2024-02-12,2023/24
covid_archive,archive,COVID-19 cases,ICM-agentModel,model,2024-02-19,2023/24
covid_archive,archive,COVID-19 cases,ICM-agentModel,model,2024-02-26,2023/24
covid_archive,archive,COVID-19 cases,ICM-agentModel,model,2024-03-04,2023/24
covid_archive,archive,COVID-19 cases,ICM-agentModel,model,2024-03-11,2023/24
covid_archive,archive,COVID-19 cases,IEM_Health-CovidProject,model,2021-03-08,2020/21
covid_archive,archive,COVID-19 cases,IEM_Health-CovidProject,model,2021-03-15,2020/21
covid_archive,archive,COVID-19 cases,IEM_Health-CovidProject,model,2021-03-22,2020/21
covid_archive,archive,COVID-19 cases,IEM_Health-CovidProject,model,2021-03-29,2020/21
covid_archive,archive,COVID-19 cases,IEM_Health-CovidProject,model,2021-04-05,2020/21
covid_archive,archive,COVID-19 cases,IEM_Health-CovidProject,model,2021-04-12,2020/21
covid_archive,archive,COVID-19 cases,IEM_Health-CovidProject,model,2021-04-19,2020/21
covid_archive,archive,COVID-19 cases,IEM_Health-CovidProject,model,2021-04-26,2020/21
covid_archive,archive,COVID-19 cases,IEM_Health-CovidProject,model,2021-05-03,2020/21
covid_archive,archive,COVID-19 cases,IEM_Health-CovidProject,model,2021-05-10,2020/21
covid_archive,archive,COVID-19 cases,IEM_Health-CovidProject,model,2021-05-17,2020/21
covid_archive,archive,COVID-19 cases,IEM_Health-CovidProject,model,2021-05-24,2020/21
covid_archive,archive,COVID-19 cases,IEM_Health-CovidProject,model,2021-05-31,2020/21
covid_archive,archive,COVID-19 cases,IEM_Health-CovidProject,model,2021-06-07,2020/21
covid_archive,archive,COVID-19 cases,IEM_Health-CovidProject,model,2021-06-14,2020/21
covid_archive,archive,COVID-19 cases,IEM_Health-CovidProject,model,2021-06-21,2020/21
covid_archive,archive,COVID-19 cases,IEM_Health-CovidProject,model,2021-06-28,2020/21
covid_archive,archive,COVID-19 cases,IEM_Health-CovidProject,model,2021-07-05,2020/21
covid_archive,archive,COVID-19 cases,IEM_Health-CovidProject,model,2021-07-12,2020/21
covid_archive,archive,COVID-19 cases,IEM_Health-CovidProject,model,2021-07-19,2020/21
covid_archive,archive,COVID-19 cases,IEM_Health-CovidProject,model,2021-07-26,2020/21
covid_archive,archive,COVID-19 cases,IEM_Health-CovidProject,model,2021-08-02,2021/22
covid_archive,archive,COVID-19 cases,IEM_Health-CovidProject,model,2021-08-09,2021/22
covid_archive,archive,COVID-19 cases,IEM_Health-CovidProject,model,2021-08-16,2021/22
covid_archive,archive,COVID-19 cases,IEM_Health-CovidProject,model,2021-08-23,2021/22
covid_archive,archive,COVID-19 cases,IEM_Health-CovidProject,model,2021-08-30,2021/22
covid_archive,archive,COVID-19 cases,IEM_Health-CovidProject,model,2021-09-06,2021/22
covid_archive,archive,COVID-19 cases,IEM_Health-CovidProject,model,2021-09-13,2021/22
covid_archive,archive,COVID-19 cases,IEM_Health-CovidProject,model,2021-09-20,2021/22
covid_archive,archive,COVID-19 cases,IEM_Health-CovidProject,model,2021-09-27,2021/22
covid_archive,archive,COVID-19 cases,IEM_Health-CovidProject,model,2021-10-04,2021/22
covid_archive,archive,COVID-19 cases,IEM_Health-CovidProject,model,2021-10-11,2021/22
covid_archive,archive,COVID-19 cases,IEM_Health-CovidProject,model,2021-10-18,2021/22
covid_archive,archive,COVID-19 cases,IEM_Health-CovidProject,model,2021-10-25,2021/22
covid_archive,archive,COVID-19 cases,IEM_Health-CovidProject,model,2021-11-01,2021/22
covid_archive,archive,COVID-19 cases,IEM_Health-CovidProject,model,2021-11-08,2021/22
covid_archive,archive,COVID-19 cases,IEM_Health-CovidProject,model,2021-11-15,2021/22
covid_archive,archive,COVID-19 cases,IEM_Health-CovidProject,model,2021-11-22,2021/22
covid_archive,archive,COVID-19 cases,IEM_Health-CovidProject,model,2021-11-29,2021/22
covid_archive,archive,COVID-19 cases,IEM_Health-CovidProject,model,2021-12-06,2021/22
covid_archive,archive,COVID-19 cases,IEM_Health-CovidProject,model,2021-12-13,2021/22
covid_archive,archive,COVID-19 cases,IEM_Health-CovidProject,model,2021-12-27,2021/22
covid_archive,archive,COVID-19 cases,IEM_Health-CovidProject,model,2022-01-03,2021/22
covid_archive,archive,COVID-19 cases,IEM_Health-CovidProject,model,2022-01-10,2021/22
covid_archive,archive,COVID-19 cases,IEM_Health-CovidProject,model,2022-01-17,2021/22
covid_archive,archive,COVID-19 cases,IEM_Health-CovidProject,model,2022-01-24,2021/22
covid_archive,archive,COVID-19 cases,IEM_Health-CovidProject,model,2022-01-31,2021/22
covid_archive,archive,COVID-19 cases,IEM_Health-CovidProject,model,2022-02-07,2021/22
covid_archive,archive,COVID-19 cases,IEM_Health-CovidProject,model,2022-02-14,2021/22
covid_archive,archive,COVID-19 cases,IEM_Health-CovidProject,model,2022-02-21,2021/22
covid_archive,archive,COVID-19 cases,IEM_Health-CovidProject,model,2022-02-28,2021/22
covid_archive,archive,COVID-19 cases,IEM_Health-CovidProject,model,2022-03-07,2021/22
covid_archive,archive,COVID-19 cases,IEM_Health-CovidProject,model,2022-03-14,2021/22
covid_archive,archive,COVID-19 cases,IEM_Health-CovidProject,model,2022-03-21,2021/22
covid_archive,archive,COVID-19 cases,IEM_Health-CovidProject,model,2022-03-28,2021/22
covid_archive,archive,COVID-19 cases,IEM_Health-CovidProject,model,2022-04-11,2021/22
covid_archive,archive,COVID-19 cases,IEM_Health-CovidProject,model,2022-04-18,2021/22
covid_archive,archive,COVID-19 cases,IEM_Health-CovidProject,model,2022-04-25,2021/22
covid_archive,archive,COVID-19 cases,IEM_Health-CovidProject,model,2022-05-02,2021/22
covid_archive,archive,COVID-19 cases,IEM_Health-CovidProject,model,2022-05-09,2021/22
covid_archive,archive,COVID-19 cases,ILM-EKF,model,2021-03-08,2020/21
covid_archive,archive,COVID-19 cases,ILM-EKF,model,2021-03-15,2020/21
covid_archive,archive,COVID-19 cases,ILM-EKF,model,2021-03-22,2020/21
covid_archive,archive,COVID-19 cases,ILM-EKF,model,2021-03-29,2020/21
covid_archive,archive,COVID-19 cases,ILM-EKF,model,2021-04-05,2020/21
covid_archive,archive,COVID-19 cases,ILM-EKF,model,2021-04-12,2020/21
covid_archive,archive,COVID-19 cases,ILM-EKF,model,2021-04-19,2020/21
covid_archive,archive,COVID-19 cases,ILM-EKF,model,2021-04-26,2020/21
covid_archive,archive,COVID-19 cases,ILM-EKF,model,2021-05-03,2020/21
covid_archive,archive,COVID-19 cases,ILM-EKF,model,2021-05-10,2020/21
covid_archive,archive,COVID-19 cases,ILM-EKF,model,2021-05-17,2020/21
covid_archive,archive,COVID-19 cases,ILM-EKF,model,2021-05-24,2020/21
covid_archive,archive,COVID-19 cases,ILM-EKF,model,2021-05-31,2020/21
covid_archive,archive,COVID-19 cases,ILM-EKF,model,2021-06-07,2020/21
covid_archive,archive,COVID-19 cases,ILM-EKF,model,2021-06-14,2020/21
covid_archive,archive,COVID-19 cases,ILM-EKF,model,2021-06-21,2020/21
covid_archive,archive,COVID-19 cases,ILM-EKF,model,2021-06-28,2020/21
covid_archive,archive,COVID-19 cases,ILM-EKF,model,2021-07-05,2020/21
covid_archive,archive,COVID-19 cases,ILM-EKF,model,2021-07-12,2020/21
covid_archive,archive,COVID-19 cases,ILM-EKF,model,2021-07-19,2020/21
covid_archive,archive,COVID-19 cases,ILM-EKF,model,2021-07-26,2020/21
covid_archive,archive,COVID-19 cases,ILM-EKF,model,2021-08-02,2021/22
covid_archive,archive,COVID-19 cases,ILM-EKF,model,2021-08-09,2021/22
covid_archive,archive,COVID-19 cases,ILM-EKF,model,2021-08-16,2021/22
covid_archive,archive,COVID-19 cases,ILM-EKF,model,2021-08-23,2021/22
covid_archive,archive,COVID-19 cases,ILM-EKF,model,2021-08-30,2021/22
covid_archive,archive,COVID-19 cases,ILM-EKF,model,2021-09-06,2021/22
covid_archive,archive,COVID-19 cases,ILM-EKF,model,2021-09-13,2021/22
covid_archive,archive,COVID-19 cases,ILM-EKF,model,2021-09-20,2021/22
covid_archive,archive,COVID-19 cases,ILM-EKF,model,2021-09-27,2021/22
covid_archive,archive,COVID-19 cases,ILM-EKF,model,2021-10-04,2021/22
covid_archive,archive,COVID-19 cases,ILM-EKF,model,2021-10-11,2021/22
covid_archive,archive,COVID-19 cases,ILM-EKF,model,2021-10-18,2021/22
covid_archive,archive,COVID-19 cases,ILM-EKF,model,2021-10-25,2021/22
covid_archive,archive,COVID-19 cases,ILM-EKF,model,2021-11-01,2021/22
covid_archive,archive,COVID-19 cases,ILM-EKF,model,2021-11-08,2021/22
covid_archive,archive,COVID-19 cases,ILM-EKF,model,2021-11-15,2021/22
covid_archive,archive,COVID-19 cases,ILM-EKF,model,2021-11-22,2021/22
covid_archive,archive,COVID-19 cases,ILM-EKF,model,2021-11-29,2021/22
covid_archive,archive,COVID-19 cases,ILM-EKF,model,2021-12-06,2021/22
covid_archive,archive,COVID-19 cases,ILM-EKF,model,2021-12-13,2021/22
covid_archive,archive,COVID-19 cases,ILM-EKF,model,2021-12-20,2021/22
covid_archive,archive,COVID-19 cases,ILM-EKF,model,2021-12-27,2021/22
covid_archive,archive,COVID-19 cases,ILM-EKF,model,2022-01-03,2021/22
covid_archive,archive,COVID-19 cases,ILM-EKF,model,2022-01-10,2021/22
covid_archive,archive,COVID-19 cases,ILM-EKF,model,2022-01-17,2021/22
covid_archive,archive,COVID-19 cases,ILM-EKF,model,2022-01-24,2021/22
covid_archive,archive,COVID-19 cases,ILM-EKF,model,2022-01-31,2021/22
covid_archive,archive,COVID-19 cases,ILM-EKF,model,2022-02-07,2021/22
covid_archive,archive,COVID-19 cases,ILM-EKF,model,2022-02-14,2021/22
covid_archive,archive,COVID-19 cases,ILM-EKF,model,2022-02-21,2021/22
covid_archive,archive,COVID-19 cases,ILM-EKF,model,2022-02-28,2021/22
covid_archive,archive,COVID-19 cases,ILM-EKF,model,2022-03-07,2021/22
covid_archive,archive,COVID-19 cases,ILM-EKF,model,2022-03-14,2021/22
covid_archive,archive,COVID-19 cases,ILM-EKF,model,2022-03-21,2021/22
covid_archive,archive,COVID-19 cases,ILM-EKF,model,2022-03-28,2021/22
covid_archive,archive,COVID-19 cases,ILM-EKF,model,2022-04-04,2021/22
covid_archive,archive,COVID-19 cases,ILM-EKF,model,2022-04-11,2021/22
covid_archive,archive,COVID-19 cases,ILM-EKF,model,2022-04-25,2021/22
covid_archive,archive,COVID-19 cases,ILM-EKF,model,2022-05-02,2021/22
covid_archive,archive,COVID-19 cases,ILM-EKF,model,2022-05-09,2021/22
covid_archive,archive,COVID-19 cases,ILM-EKF,model,2022-05-16,2021/22
covid_archive,archive,COVID-19 cases,ILM-EKF,model,2022-05-23,2021/22
covid_archive,archive,COVID-19 cases,ILM-EKF,model,2022-05-30,2021/22
covid_archive,archive,COVID-19 cases,ILM-EKF,model,2022-06-06,2021/22
covid_archive,archive,COVID-19 cases,ILM-EKF,model,2022-06-13,2021/22
covid_archive,archive,COVID-19 cases,ILM-EKF,model,2022-06-20,2021/22
covid_archive,archive,COVID-19 cases,ILM-EKF,model,2022-06-27,2021/22
covid_archive,archive,COVID-19 cases,ILM-EKF,model,2022-07-04,2021/22
covid_archive,archive,COVID-19 cases,ILM-EKF,model,2022-07-11,2021/22
covid_archive,archive,COVID-19 cases,ILM-EKF,model,2022-07-18,2021/22
covid_archive,archive,COVID-19 cases,ILM-EKF,model,2022-07-25,2021/22
covid_archive,archive,COVID-19 cases,ILM-EKF,model,2022-08-01,2022/23
covid_archive,archive,COVID-19 cases,ILM-EKF,model,2022-08-08,2022/23
covid_archive,archive,COVID-19 cases,ILM-EKF,model,2022-08-15,2022/23
covid_archive,archive,COVID-19 cases,ILM-EKF,model,2022-08-22,2022/23
covid_archive,archive,COVID-19 cases,ILM-EKF,model,2022-08-29,2022/23
covid_archive,archive,COVID-19 cases,ILM-EKF,model,2022-09-05,2022/23
covid_archive,archive,COVID-19 cases,ILM-EKF,model,2022-09-12,2022/23
covid_archive,archive,COVID-19 cases,ILM-EKF,model,2022-09-19,2022/23
covid_archive,archive,COVID-19 cases,ILM-EKF,model,2022-09-26,2022/23
covid_archive,archive,COVID-19 cases,ILM-EKF,model,2022-10-03,2022/23
covid_archive,archive,COVID-19 cases,ILM-EKF,model,2022-10-10,2022/23
covid_archive,archive,COVID-19 cases,ILM-EKF,model,2022-10-17,2022/23
covid_archive,archive,COVID-19 cases,ILM-EKF,model,2022-10-24,2022/23
covid_archive,archive,COVID-19 cases,ILM-EKF,model,2022-11-07,2022/23
covid_archive,archive,COVID-19 cases,ILM-EKF,model,2022-11-14,2022/23
covid_archive,archive,COVID-19 cases,ILM-EKF,model,2022-11-21,2022/23
covid_archive,archive,COVID-19 cases,ILM-EKF,model,2022-11-28,2022/23
covid_archive,archive,COVID-19 cases,ILM-EKF,model,2022-12-05,2022/23
covid_archive,archive,COVID-19 cases,ILM-EKF,model,2022-12-12,2022/23
covid_archive,archive,COVID-19 cases,ILM-EKF,model,2022-12-19,2022/23
covid_archive,archive,COVID-19 cases,ILM-EKF,model,2022-12-26,2022/23
covid_archive,archive,COVID-19 cases,ILM-EKF,model,2023-01-02,2022/23
covid_archive,archive,COVID-19 cases,ILM-EKF,model,2023-01-09,2022/23
covid_archive,archive,COVID-19 cases,ILM-EKF,model,2023-01-16,2022/23
covid_archive,archive,COVID-19 cases,ILM-EKF,model,2023-01-23,2022/23
covid_archive,archive,COVID-19 cases,ILM-EKF,model,2023-01-30,2022/23
covid_archive,archive,COVID-19 cases,ILM-EKF,model,2023-02-06,2022/23
covid_archive,archive,COVID-19 cases,ILM-EKF,model,2023-02-13,2022/23
covid_archive,archive,COVID-19 cases,ILM-EKF,model,2023-02-20,2022/23
covid_archive,archive,COVID-19 cases,ILM-EKF,model,2023-02-27,2022/23
covid_archive,archive,COVID-19 cases,ILM-EKF,model,2023-03-06,2022/23
covid_archive,archive,COVID-19 cases,ILM-EKF,model,2023-03-13,2022/23
covid_archive,archive,COVID-19 cases,ILM-EKF,model,2023-03-20,2022/23
covid_archive,archive,COVID-19 cases,ITWW-county_repro,model,2021-02-15,2020/21
covid_archive,archive,COVID-19 cases,ITWW-county_repro,model,2021-02-22,2020/21
covid_archive,archive,COVID-19 cases,ITWW-county_repro,model,2021-03-01,2020/21
covid_archive,archive,COVID-19 cases,ITWW-county_repro,model,2021-03-08,2020/21
covid_archive,archive,COVID-19 cases,ITWW-county_repro,model,2021-03-15,2020/21
covid_archive,archive,COVID-19 cases,ITWW-county_repro,model,2021-03-22,2020/21
covid_archive,archive,COVID-19 cases,ITWW-county_repro,model,2021-03-29,2020/21
covid_archive,archive,COVID-19 cases,ITWW-county_repro,model,2021-04-05,2020/21
covid_archive,archive,COVID-19 cases,ITWW-county_repro,model,2021-04-12,2020/21
covid_archive,archive,COVID-19 cases,ITWW-county_repro,model,2021-04-19,2020/21
covid_archive,archive,COVID-19 cases,ITWW-county_repro,model,2021-04-26,2020/21
covid_archive,archive,COVID-19 cases,ITWW-county_repro,model,2021-05-03,2020/21
covid_archive,archive,COVID-19 cases,ITWW-county_repro,model,2021-05-10,2020/21
covid_archive,archive,COVID-19 cases,ITWW-county_repro,model,2021-05-17,2020/21
covid_archive,archive,COVID-19 cases,ITWW-county_repro,model,2021-05-24,2020/21
covid_archive,archive,COVID-19 cases,ITWW-county_repro,model,2021-05-31,2020/21
covid_archive,archive,COVID-19 cases,ITWW-county_repro,model,2021-06-07,2020/21
covid_archive,archive,COVID-19 cases,ITWW-county_repro,model,2021-06-14,2020/21
covid_archive,archive,COVID-19 cases,ITWW-county_repro,model,2021-06-21,2020/21
covid_archive,archive,COVID-19 cases,ITWW-county_repro,model,2021-06-28,2020/21
covid_archive,archive,COVID-19 cases,ITWW-county_repro,model,2021-07-05,2020/21
covid_archive,archive,COVID-19 cases,ITWW-county_repro,model,2021-07-12,2020/21
covid_archive,archive,COVID-19 cases,ITWW-county_repro,model,2021-07-19,2020/21
covid_archive,archive,COVID-19 cases,ITWW-county_repro,model,2021-07-26,2020/21
covid_archive,archive,COVID-19 cases,ITWW-county_repro,model,2021-08-02,2021/22
covid_archive,archive,COVID-19 cases,ITWW-county_repro,model,2021-08-09,2021/22
covid_archive,archive,COVID-19 cases,ITWW-county_repro,model,2021-08-16,2021/22
covid_archive,archive,COVID-19 cases,ITWW-county_repro,model,2021-08-23,2021/22
covid_archive,archive,COVID-19 cases,ITWW-county_repro,model,2021-08-30,2021/22
covid_archive,archive,COVID-19 cases,ITWW-county_repro,model,2021-09-06,2021/22
covid_archive,archive,COVID-19 cases,ITWW-county_repro,model,2021-09-13,2021/22
covid_archive,archive,COVID-19 cases,ITWW-county_repro,model,2021-09-20,2021/22
covid_archive,archive,COVID-19 cases,ITWW-county_repro,model,2021-09-27,2021/22
covid_archive,archive,COVID-19 cases,ITWW-county_repro,model,2021-10-04,2021/22
covid_archive,archive,COVID-19 cases,ITWW-county_repro,model,2021-10-11,2021/22
covid_archive,archive,COVID-19 cases,ITWW-county_repro,model,2021-10-18,2021/22
covid_archive,archive,COVID-19 cases,ITWW-county_repro,model,2021-10-25,2021/22
covid_archive,archive,COVID-19 cases,ITWW-county_repro,model,2021-11-01,2021/22
covid_archive,archive,COVID-19 cases,ITWW-county_repro,model,2021-11-08,2021/22
covid_archive,archive,COVID-19 cases,ITWW-county_repro,model,2021-11-15,2021/22
covid_archive,archive,COVID-19 cases,ITWW-county_repro,model,2021-11-22,2021/22
covid_archive,archive,COVID-19 cases,ITWW-county_repro,model,2021-11-29,2021/22
covid_archive,archive,COVID-19 cases,ITWW-county_repro,model,2021-12-06,2021/22
covid_archive,archive,COVID-19 cases,ITWW-county_repro,model,2021-12-13,2021/22
covid_archive,archive,COVID-19 cases,ITWW-county_repro,model,2021-12-20,2021/22
covid_archive,archive,COVID-19 cases,ITWW-county_repro,model,2021-12-27,2021/22
covid_archive,archive,COVID-19 cases,ITWW-county_repro,model,2022-01-03,2021/22
covid_archive,archive,COVID-19 cases,ITWW-county_repro,model,2022-01-10,2021/22
covid_archive,archive,COVID-19 cases,ITWW-county_repro,model,2022-01-17,2021/22
covid_archive,archive,COVID-19 cases,ITWW-county_repro,model,2022-01-24,2021/22
covid_archive,archive,COVID-19 cases,ITWW-county_repro,model,2022-01-31,2021/22
covid_archive,archive,COVID-19 cases,ITWW-county_repro,model,2022-02-07,2021/22
covid_archive,archive,COVID-19 cases,ITWW-county_repro,model,2022-02-14,2021/22
covid_archive,archive,COVID-19 cases,ITWW-county_repro,model,2022-02-21,2021/22
covid_archive,archive,COVID-19 cases,ITWW-county_repro,model,2022-02-28,2021/22
covid_archive,archive,COVID-19 cases,ITWW-county_repro,model,2022-03-07,2021/22
covid_archive,archive,COVID-19 cases,ITWW-county_repro,model,2022-03-14,2021/22
covid_archive,archive,COVID-19 cases,ITWW-county_repro,model,2022-03-21,2021/22
covid_archive,archive,COVID-19 cases,ITWW-county_repro,model,2022-03-28,2021/22
covid_archive,archive,COVID-19 cases,ITWW-county_repro,model,2022-04-04,2021/22
covid_archive,archive,COVID-19 cases,ITWW-county_repro,model,2022-04-11,2021/22
covid_archive,archive,COVID-19 cases,ITWW-county_repro,model,2022-04-18,2021/22
covid_archive,archive,COVID-19 cases,ITWW-county_repro,model,2022-04-25,2021/22
covid_archive,archive,COVID-19 cases,ITWW-county_repro,model,2022-05-02,2021/22
covid_archive,archive,COVID-19 cases,ITWW-county_repro,model,2022-05-09,2021/22
covid_archive,archive,COVID-19 cases,ITWW-county_repro,model,2022-05-16,2021/22
covid_archive,archive,COVID-19 cases,ITWW-county_repro,model,2022-05-23,2021/22
covid_archive,archive,COVID-19 cases,ITWW-county_repro,model,2022-05-30,2021/22
covid_archive,archive,COVID-19 cases,ITWW-county_repro,model,2022-06-13,2021/22
covid_archive,archive,COVID-19 cases,ITWW-county_repro,model,2022-06-20,2021/22
covid_archive,archive,COVID-19 cases,ITWW-county_repro,model,2022-06-27,2021/22
covid_archive,archive,COVID-19 cases,ITWW-county_repro,model,2022-07-04,2021/22
covid_archive,archive,COVID-19 cases,ITWW-county_repro,model,2022-07-18,2021/22
covid_archive,archive,COVID-19 cases,ITWW-county_repro,model,2022-07-25,2021/22
covid_archive,archive,COVID-19 cases,ITWW-county_repro,model,2022-08-01,2022/23
covid_archive,archive,COVID-19 cases,ITWW-county_repro,model,2022-08-08,2022/23
covid_archive,archive,COVID-19 cases,ITWW-county_repro,model,2022-08-15,2022/23
covid_archive,archive,COVID-19 cases,ITWW-county_repro,model,2022-08-22,2022/23
covid_archive,archive,COVID-19 cases,ITWW-county_repro,model,2022-08-29,2022/23
covid_archive,archive,COVID-19 cases,ITWW-county_repro,model,2022-09-05,2022/23
covid_archive,archive,COVID-19 cases,ITWW-county_repro,model,2022-09-12,2022/23
covid_archive,archive,COVID-19 cases,ITWW-county_repro,model,2022-09-19,2022/23
covid_archive,archive,COVID-19 cases,ITWW-county_repro,model,2022-09-26,2022/23
covid_archive,archive,COVID-19 cases,ITWW-county_repro,model,2022-10-03,2022/23
covid_archive,archive,COVID-19 cases,ITWW-county_repro,model,2022-10-10,2022/23
covid_archive,archive,COVID-19 cases,ITWW-county_repro,model,2022-10-17,2022/23
covid_archive,archive,COVID-19 cases,ITWW-county_repro,model,2022-10-24,2022/23
covid_archive,archive,COVID-19 cases,ITWW-county_repro,model,2022-11-07,2022/23
covid_archive,archive,COVID-19 cases,ITWW-county_repro,model,2022-11-14,2022/23
covid_archive,archive,COVID-19 cases,ITWW-county_repro,model,2022-11-28,2022/23
covid_archive,archive,COVID-19 cases,ITWW-county_repro,model,2022-12-05,2022/23
covid_archive,archive,COVID-19 cases,ITWW-county_repro,model,2022-12-12,2022/23
covid_archive,archive,COVID-19 cases,ITWW-county_repro,model,2022-12-19,2022/23
covid_archive,archive,COVID-19 cases,ITWW-county_repro,model,2022-12-26,2022/23
covid_archive,archive,COVID-19 cases,ITWW-county_repro,model,2023-01-02,2022/23
covid_archive,archive,COVID-19 cases,ITWW-county_repro,model,2023-01-09,2022/23
covid_archive,archive,COVID-19 cases,ITWW-county_repro,model,2023-01-16,2022/23
covid_archive,archive,COVID-19 cases,ITWW-county_repro,model,2023-01-23,2022/23
covid_archive,archive,COVID-19 cases,ITWW-county_repro,model,2023-01-30,2022/23
covid_archive,archive,COVID-19 cases,ITWW-county_repro,model,2023-02-06,2022/23
covid_archive,archive,COVID-19 cases,ITWW-county_repro,model,2023-02-13,2022/23
covid_archive,archive,COVID-19 cases,ITWW-county_repro,model,2023-02-20,2022/23
covid_archive,archive,COVID-19 cases,ITWW-county_repro,model,2023-02-27,2022/23
covid_archive,archive,COVID-19 cases,ITWW-county_repro,model,2023-03-06,2022/23
covid_archive,archive,COVID-19 cases,ITWW-county_repro,model,2023-03-13,2022/23
covid_archive,archive,COVID-19 cases,ITWW-county_repro,model,2023-03-20,2022/23
covid_archive,archive,COVID-19 cases,ITWW-county_repro,model,2023-04-03,2022/23
covid_archive,archive,COVID-19 cases,JBUD-HMXK,model,2021-11-08,2021/22
covid_archive,archive,COVID-19 cases,JBUD-HMXK,model,2021-11-15,2021/22
covid_archive,archive,COVID-19 cases,JBUD-HMXK,model,2021-12-13,2021/22
covid_archive,archive,COVID-19 cases,JBUD-HMXK,model,2021-12-20,2021/22
covid_archive,archive,COVID-19 cases,JBUD-HMXK,model,2021-12-27,2021/22
covid_archive,archive,COVID-19 cases,JBUD-HMXK,model,2022-01-03,2021/22
covid_archive,archive,COVID-19 cases,JBUD-HMXK,model,2022-01-10,2021/22
covid_archive,archive,COVID-19 cases,JBUD-HMXK,model,2022-01-17,2021/22
covid_archive,archive,COVID-19 cases,JBUD-HMXK,model,2022-01-24,2021/22
covid_archive,archive,COVID-19 cases,JBUD-HMXK,model,2022-01-31,2021/22
covid_archive,archive,COVID-19 cases,JBUD-HMXK,model,2022-02-07,2021/22
covid_archive,archive,COVID-19 cases,JBUD-HMXK,model,2022-02-14,2021/22
covid_archive,archive,COVID-19 cases,JBUD-HMXK,model,2022-02-21,2021/22
covid_archive,archive,COVID-19 cases,JBUD-HMXK,model,2022-02-28,2021/22
covid_archive,archive,COVID-19 cases,JBUD-HMXK,model,2022-03-07,2021/22
covid_archive,archive,COVID-19 cases,JBUD-HMXK,model,2022-03-14,2021/22
covid_archive,archive,COVID-19 cases,JBUD-HMXK,model,2022-03-21,2021/22
covid_archive,archive,COVID-19 cases,JBUD-HMXK,model,2022-03-28,2021/22
covid_archive,archive,COVID-19 cases,JBUD-HMXK,model,2022-04-04,2021/22
covid_archive,archive,COVID-19 cases,JBUD-HMXK,model,2022-04-11,2021/22
covid_archive,archive,COVID-19 cases,JBUD-HMXK,model,2022-04-18,2021/22
covid_archive,archive,COVID-19 cases,JBUD-HMXK,model,2022-04-25,2021/22
covid_archive,archive,COVID-19 cases,JBUD-HMXK,model,2022-05-02,2021/22
covid_archive,archive,COVID-19 cases,JBUD-HMXK,model,2022-05-09,2021/22
covid_archive,archive,COVID-19 cases,JBUD-HMXK,model,2022-05-16,2021/22
covid_archive,archive,COVID-19 cases,JBUD-HMXK,model,2022-05-23,2021/22
covid_archive,archive,COVID-19 cases,JBUD-HMXK,model,2022-05-30,2021/22
covid_archive,archive,COVID-19 cases,KITmetricslab-bivar_branching,model,2021-07-05,2020/21
covid_archive,archive,COVID-19 cases,KITmetricslab-bivar_branching,model,2021-07-12,2020/21
covid_archive,archive,COVID-19 cases,Karlen-pypm,model,2021-02-08,2020/21
covid_archive,archive,COVID-19 cases,Karlen-pypm,model,2021-02-15,2020/21
covid_archive,archive,COVID-19 cases,Karlen-pypm,model,2021-02-22,2020/21
covid_archive,archive,COVID-19 cases,Karlen-pypm,model,2021-03-01,2020/21
covid_archive,archive,COVID-19 cases,Karlen-pypm,model,2021-03-08,2020/21
covid_archive,archive,COVID-19 cases,Karlen-pypm,model,2021-03-15,2020/21
covid_archive,archive,COVID-19 cases,Karlen-pypm,model,2021-03-22,2020/21
covid_archive,archive,COVID-19 cases,Karlen-pypm,model,2021-03-29,2020/21
covid_archive,archive,COVID-19 cases,Karlen-pypm,model,2021-04-05,2020/21
covid_archive,archive,COVID-19 cases,Karlen-pypm,model,2021-04-12,2020/21
covid_archive,archive,COVID-19 cases,Karlen-pypm,model,2021-04-19,2020/21
covid_archive,archive,COVID-19 cases,Karlen-pypm,model,2021-04-26,2020/21
covid_archive,archive,COVID-19 cases,Karlen-pypm,model,2021-05-03,2020/21
covid_archive,archive,COVID-19 cases,Karlen-pypm,model,2021-05-10,2020/21
covid_archive,archive,COVID-19 cases,Karlen-pypm,model,2021-05-17,2020/21
covid_archive,archive,COVID-19 cases,Karlen-pypm,model,2021-05-24,2020/21
covid_archive,archive,COVID-19 cases,Karlen-pypm,model,2021-05-31,2020/21
covid_archive,archive,COVID-19 cases,Karlen-pypm,model,2021-06-07,2020/21
covid_archive,archive,COVID-19 cases,Karlen-pypm,model,2021-06-14,2020/21
covid_archive,archive,COVID-19 cases,Karlen-pypm,model,2021-06-21,2020/21
covid_archive,archive,COVID-19 cases,Karlen-pypm,model,2021-06-28,2020/21
covid_archive,archive,COVID-19 cases,Karlen-pypm,model,2021-07-05,2020/21
covid_archive,archive,COVID-19 cases,Karlen-pypm,model,2021-07-12,2020/21
covid_archive,archive,COVID-19 cases,Karlen-pypm,model,2021-07-19,2020/21
covid_archive,archive,COVID-19 cases,Karlen-pypm,model,2021-07-26,2020/21
covid_archive,archive,COVID-19 cases,Karlen-pypm,model,2021-08-02,2021/22
covid_archive,archive,COVID-19 cases,Karlen-pypm,model,2021-08-09,2021/22
covid_archive,archive,COVID-19 cases,Karlen-pypm,model,2021-08-16,2021/22
covid_archive,archive,COVID-19 cases,Karlen-pypm,model,2021-08-23,2021/22
covid_archive,archive,COVID-19 cases,Karlen-pypm,model,2021-08-30,2021/22
covid_archive,archive,COVID-19 cases,Karlen-pypm,model,2021-09-06,2021/22
covid_archive,archive,COVID-19 cases,Karlen-pypm,model,2021-09-13,2021/22
covid_archive,archive,COVID-19 cases,Karlen-pypm,model,2021-09-20,2021/22
covid_archive,archive,COVID-19 cases,Karlen-pypm,model,2021-09-27,2021/22
covid_archive,archive,COVID-19 cases,Karlen-pypm,model,2021-10-04,2021/22
covid_archive,archive,COVID-19 cases,Karlen-pypm,model,2021-10-11,2021/22
covid_archive,archive,COVID-19 cases,Karlen-pypm,model,2021-10-18,2021/22
covid_archive,archive,COVID-19 cases,Karlen-pypm,model,2021-10-25,2021/22
covid_archive,archive,COVID-19 cases,Karlen-pypm,model,2021-11-01,2021/22
covid_archive,archive,COVID-19 cases,Karlen-pypm,model,2021-11-08,2021/22
covid_archive,archive,COVID-19 cases,Karlen-pypm,model,2021-11-15,2021/22
covid_archive,archive,COVID-19 cases,Karlen-pypm,model,2021-11-22,2021/22
covid_archive,archive,COVID-19 cases,Karlen-pypm,model,2021-11-29,2021/22
covid_archive,archive,COVID-19 cases,Karlen-pypm,model,2022-07-11,2021/22
covid_archive,archive,COVID-19 cases,Karlen-pypm,model,2022-07-18,2021/22
covid_archive,archive,COVID-19 cases,Karlen-pypm,model,2022-07-25,2021/22
covid_archive,archive,COVID-19 cases,Karlen-pypm,model,2022-08-01,2022/23
covid_archive,archive,COVID-19 cases,Karlen-pypm,model,2022-08-08,2022/23
covid_archive,archive,COVID-19 cases,Karlen-pypm,model,2022-08-15,2022/23
covid_archive,archive,COVID-19 cases,Karlen-pypm,model,2022-08-22,2022/23
covid_archive,archive,COVID-19 cases,Karlen-pypm,model,2022-08-29,2022/23
covid_archive,archive,COVID-19 cases,Karlen-pypm,model,2022-09-05,2022/23
covid_archive,archive,COVID-19 cases,Karlen-pypm,model,2022-09-12,2022/23
covid_archive,archive,COVID-19 cases,Karlen-pypm,model,2022-09-19,2022/23
covid_archive,archive,COVID-19 cases,Karlen-pypm,model,2022-09-26,2022/23
covid_archive,archive,COVID-19 cases,Karlen-pypm,model,2022-10-03,2022/23
covid_archive,archive,COVID-19 cases,Karlen-pypm,model,2022-10-10,2022/23
covid_archive,archive,COVID-19 cases,Karlen-pypm,model,2022-10-17,2022/23
covid_archive,archive,COVID-19 cases,Karlen-pypm,model,2022-10-24,2022/23
covid_archive,archive,COVID-19 cases,Karlen-pypm,model,2022-10-31,2022/23
covid_archive,archive,COVID-19 cases,Karlen-pypm,model,2022-11-07,2022/23
covid_archive,archive,COVID-19 cases,Karlen-pypm,model,2022-11-14,2022/23
covid_archive,archive,COVID-19 cases,Karlen-pypm,model,2022-11-21,2022/23
covid_archive,archive,COVID-19 cases,Karlen-pypm,model,2022-11-28,2022/23
covid_archive,archive,COVID-19 cases,Karlen-pypm,model,2022-12-05,2022/23
covid_archive,archive,COVID-19 cases,Karlen-pypm,model,2022-12-12,2022/23
covid_archive,archive,COVID-19 cases,Karlen-pypm,model,2023-01-02,2022/23
covid_archive,archive,COVID-19 cases,Karlen-pypm,model,2023-01-09,2022/23
covid_archive,archive,COVID-19 cases,Karlen-pypm,model,2023-01-16,2022/23
covid_archive,archive,COVID-19 cases,Karlen-pypm,model,2023-01-23,2022/23
covid_archive,archive,COVID-19 cases,LANL-GrowthRate,model,2021-02-01,2020/21
covid_archive,archive,COVID-19 cases,LANL-GrowthRate,model,2021-02-08,2020/21
covid_archive,archive,COVID-19 cases,LANL-GrowthRate,model,2021-02-15,2020/21
covid_archive,archive,COVID-19 cases,LANL-GrowthRate,model,2021-02-22,2020/21
covid_archive,archive,COVID-19 cases,LANL-GrowthRate,model,2021-03-01,2020/21
covid_archive,archive,COVID-19 cases,LANL-GrowthRate,model,2021-03-08,2020/21
covid_archive,archive,COVID-19 cases,LANL-GrowthRate,model,2021-03-15,2020/21
covid_archive,archive,COVID-19 cases,LANL-GrowthRate,model,2021-03-22,2020/21
covid_archive,archive,COVID-19 cases,LANL-GrowthRate,model,2021-03-29,2020/21
covid_archive,archive,COVID-19 cases,LANL-GrowthRate,model,2021-04-05,2020/21
covid_archive,archive,COVID-19 cases,LANL-GrowthRate,model,2021-04-12,2020/21
covid_archive,archive,COVID-19 cases,LANL-GrowthRate,model,2021-04-19,2020/21
covid_archive,archive,COVID-19 cases,LANL-GrowthRate,model,2021-04-26,2020/21
covid_archive,archive,COVID-19 cases,LANL-GrowthRate,model,2021-05-03,2020/21
covid_archive,archive,COVID-19 cases,LANL-GrowthRate,model,2021-05-10,2020/21
covid_archive,archive,COVID-19 cases,LANL-GrowthRate,model,2021-05-17,2020/21
covid_archive,archive,COVID-19 cases,LANL-GrowthRate,model,2021-05-31,2020/21
covid_archive,archive,COVID-19 cases,LANL-GrowthRate,model,2021-06-07,2020/21
covid_archive,archive,COVID-19 cases,LANL-GrowthRate,model,2021-06-14,2020/21
covid_archive,archive,COVID-19 cases,LANL-GrowthRate,model,2021-06-21,2020/21
covid_archive,archive,COVID-19 cases,LANL-GrowthRate,model,2021-06-28,2020/21
covid_archive,archive,COVID-19 cases,LANL-GrowthRate,model,2021-07-05,2020/21
covid_archive,archive,COVID-19 cases,LANL-GrowthRate,model,2021-07-12,2020/21
covid_archive,archive,COVID-19 cases,LANL-GrowthRate,model,2021-07-19,2020/21
covid_archive,archive,COVID-19 cases,LANL-GrowthRate,model,2021-07-26,2020/21
covid_archive,archive,COVID-19 cases,LANL-GrowthRate,model,2021-08-02,2021/22
covid_archive,archive,COVID-19 cases,LANL-GrowthRate,model,2021-08-09,2021/22
covid_archive,archive,COVID-19 cases,LANL-GrowthRate,model,2021-08-16,2021/22
covid_archive,archive,COVID-19 cases,LANL-GrowthRate,model,2021-08-23,2021/22
covid_archive,archive,COVID-19 cases,LANL-GrowthRate,model,2021-08-30,2021/22
covid_archive,archive,COVID-19 cases,LANL-GrowthRate,model,2021-09-06,2021/22
covid_archive,archive,COVID-19 cases,LANL-GrowthRate,model,2021-09-13,2021/22
covid_archive,archive,COVID-19 cases,LANL-GrowthRate,model,2021-09-20,2021/22
covid_archive,archive,COVID-19 cases,LeipzigIMISE-SECIR,model,2021-03-29,2020/21
covid_archive,archive,COVID-19 cases,LeipzigIMISE-SECIR,model,2021-04-05,2020/21
covid_archive,archive,COVID-19 cases,LeipzigIMISE-SECIR,model,2021-04-12,2020/21
covid_archive,archive,COVID-19 cases,LeipzigIMISE-SECIR,model,2021-04-19,2020/21
covid_archive,archive,COVID-19 cases,Lydia-SARIMA,model,2023-10-30,2023/24
covid_archive,archive,COVID-19 cases,Lydia-SARIMA,model,2023-11-06,2023/24
covid_archive,archive,COVID-19 cases,Lydia-SARIMA,model,2023-11-13,2023/24
covid_archive,archive,COVID-19 cases,Lydia-SARIMA,model,2023-11-20,2023/24
covid_archive,archive,COVID-19 cases,Lydia-SARIMA,model,2023-11-27,2023/24
covid_archive,archive,COVID-19 cases,Lydia-SARIMA,model,2023-12-04,2023/24
covid_archive,archive,COVID-19 cases,Lydia-SARIMA,model,2023-12-11,2023/24
covid_archive,archive,COVID-19 cases,Lydia-SARIMA,model,2023-12-18,2023/24
covid_archive,archive,COVID-19 cases,Lydia-SARIMA,model,2023-12-25,2023/24
covid_archive,archive,COVID-19 cases,Lydia-SARIMA,model,2024-01-01,2023/24
covid_archive,archive,COVID-19 cases,Lydia-SARIMA,model,2024-01-08,2023/24
covid_archive,archive,COVID-19 cases,Lydia-SARIMA,model,2024-01-15,2023/24
covid_archive,archive,COVID-19 cases,Lydia-SARIMA,model,2024-01-22,2023/24
covid_archive,archive,COVID-19 cases,Lydia-SARIMA,model,2024-01-29,2023/24
covid_archive,archive,COVID-19 cases,Lydia-SARIMA,model,2024-02-05,2023/24
covid_archive,archive,COVID-19 cases,Lydia-SARIMA,model,2024-02-12,2023/24
covid_archive,archive,COVID-19 cases,Lydia-SARIMA,model,2024-02-19,2023/24
covid_archive,archive,COVID-19 cases,Lydia-SARIMA,model,2024-02-26,2023/24
covid_archive,archive,COVID-19 cases,Lydia-SARIMA,model,2024-03-04,2023/24
covid_archive,archive,COVID-19 cases,Lydia-SARIMA,model,2024-03-11,2023/24
covid_archive,archive,COVID-19 cases,Lydia-SARIMA,model,2024-03-18,2023/24
covid_archive,archive,COVID-19 cases,Lydia-SARIMA,model,2024-03-25,2023/24
covid_archive,archive,COVID-19 cases,Lydia-SARIMA,model,2024-04-01,2023/24
covid_archive,archive,COVID-19 cases,Lydia-SARIMA,model,2024-04-08,2023/24
covid_archive,archive,COVID-19 cases,Lydia-SARIMA,model,2024-04-15,2023/24
covid_archive,archive,COVID-19 cases,Lydia-SARIMA,model,2024-04-22,2023/24
covid_archive,archive,COVID-19 cases,Lydia-SARIMA,model,2024-04-29,2023/24
covid_archive,archive,COVID-19 cases,Lydia-SARIMA,model,2024-05-06,2023/24
covid_archive,archive,COVID-19 cases,Lydia-SARIMA,model,2024-05-20,2023/24
covid_archive,archive,COVID-19 cases,Lydia-SARIMA,model,2024-05-27,2023/24
covid_archive,archive,COVID-19 cases,Lydia-SARIMA,model,2024-06-03,2023/24
covid_archive,archive,COVID-19 cases,Lydia-SARIMA,model,2024-06-10,2023/24
covid_archive,archive,COVID-19 cases,Lydia-SARIMA,model,2024-06-24,2023/24
covid_archive,archive,COVID-19 cases,Lydia-SARIMA,model,2024-07-01,2023/24
covid_archive,archive,COVID-19 cases,Lydia-SARIMA,model,2024-07-08,2023/24
covid_archive,archive,COVID-19 cases,Lydia-SARIMA,model,2024-07-15,2023/24
covid_archive,archive,COVID-19 cases,Lydia-SARIMA,model,2024-07-22,2023/24
covid_archive,archive,COVID-19 cases,Lydia-SARIMA,model,2024-07-29,2023/24
covid_archive,archive,COVID-19 cases,Lydia-SARIMA,model,2024-08-05,2024/25
covid_archive,archive,COVID-19 cases,Lydia-SARIMA,model,2024-09-09,2024/25
covid_archive,archive,COVID-19 cases,Lydia-SARIMA,model,2024-09-16,2024/25
covid_archive,archive,COVID-19 cases,Lydia-SARIMA,model,2024-09-23,2024/25
covid_archive,archive,COVID-19 cases,Lydia-SARIMA,model,2024-09-30,2024/25
covid_archive,archive,COVID-19 cases,Lydia-SARIMA,model,2024-10-07,2024/25
covid_archive,archive,COVID-19 cases,Lydia-SARIMA,model,2024-10-14,2024/25
covid_archive,archive,COVID-19 cases,Lydia-simpleARIMA,model,2023-10-16,2023/24
covid_archive,archive,COVID-19 cases,Lydia-simpleARIMA,model,2023-10-23,2023/24
covid_archive,archive,COVID-19 cases,Lydia-simpleARIMA,model,2023-10-30,2023/24
covid_archive,archive,COVID-19 cases,Lydia-simpleARIMA,model,2023-11-06,2023/24
covid_archive,archive,COVID-19 cases,Lydia-simpleARIMA,model,2023-11-13,2023/24
covid_archive,archive,COVID-19 cases,Lydia-simpleARIMA,model,2023-11-20,2023/24
covid_archive,archive,COVID-19 cases,Lydia-simpleARIMA,model,2023-11-27,2023/24
covid_archive,archive,COVID-19 cases,Lydia-simpleARIMA,model,2023-12-04,2023/24
covid_archive,archive,COVID-19 cases,Lydia-simpleARIMA,model,2023-12-11,2023/24
covid_archive,archive,COVID-19 cases,Lydia-simpleARIMA,model,2023-12-18,2023/24
covid_archive,archive,COVID-19 cases,Lydia-simpleARIMA,model,2023-12-25,2023/24
covid_archive,archive,COVID-19 cases,Lydia-simpleARIMA,model,2024-01-01,2023/24
covid_archive,archive,COVID-19 cases,Lydia-simpleARIMA,model,2024-01-08,2023/24
covid_archive,archive,COVID-19 cases,Lydia-simpleARIMA,model,2024-01-15,2023/24
covid_archive,archive,COVID-19 cases,Lydia-simpleARIMA,model,2024-01-22,2023/24
covid_archive,archive,COVID-19 cases,Lydia-simpleARIMA,model,2024-01-29,2023/24
covid_archive,archive,COVID-19 cases,Lydia-simpleARIMA,model,2024-02-05,2023/24
covid_archive,archive,COVID-19 cases,Lydia-simpleARIMA,model,2024-02-12,2023/24
covid_archive,archive,COVID-19 cases,Lydia-simpleARIMA,model,2024-02-19,2023/24
covid_archive,archive,COVID-19 cases,Lydia-simpleARIMA,model,2024-02-26,2023/24
covid_archive,archive,COVID-19 cases,Lydia-simpleARIMA,model,2024-03-04,2023/24
covid_archive,archive,COVID-19 cases,MIMUW-StochSEIR,model,2021-02-15,2020/21
covid_archive,archive,COVID-19 cases,MIMUW-StochSEIR,model,2021-02-22,2020/21
covid_archive,archive,COVID-19 cases,MIMUW-StochSEIR,model,2021-03-08,2020/21
covid_archive,archive,COVID-19 cases,MIMUW-StochSEIR,model,2021-03-15,2020/21
covid_archive,archive,COVID-19 cases,MIMUW-StochSEIR,model,2021-03-22,2020/21
covid_archive,archive,COVID-19 cases,MIMUW-StochSEIR,model,2021-03-29,2020/21
covid_archive,archive,COVID-19 cases,MIMUW-StochSEIR,model,2021-04-05,2020/21
covid_archive,archive,COVID-19 cases,MIMUW-StochSEIR,model,2021-04-12,2020/21
covid_archive,archive,COVID-19 cases,MIMUW-StochSEIR,model,2021-04-19,2020/21
covid_archive,archive,COVID-19 cases,MIMUW-StochSEIR,model,2021-04-26,2020/21
covid_archive,archive,COVID-19 cases,MIMUW-StochSEIR,model,2021-05-03,2020/21
covid_archive,archive,COVID-19 cases,MIMUW-StochSEIR,model,2021-05-10,2020/21
covid_archive,archive,COVID-19 cases,MIMUW-StochSEIR,model,2021-05-17,2020/21
covid_archive,archive,COVID-19 cases,MIMUW-StochSEIR,model,2021-05-24,2020/21
covid_archive,archive,COVID-19 cases,MIMUW-StochSEIR,model,2021-05-31,2020/21
covid_archive,archive,COVID-19 cases,MIMUW-StochSEIR,model,2021-06-07,2020/21
covid_archive,archive,COVID-19 cases,MIMUW-StochSEIR,model,2021-06-14,2020/21
covid_archive,archive,COVID-19 cases,MIMUW-StochSEIR,model,2021-06-21,2020/21
covid_archive,archive,COVID-19 cases,MIMUW-StochSEIR,model,2021-06-28,2020/21
covid_archive,archive,COVID-19 cases,MIMUW-StochSEIR,model,2021-07-05,2020/21
covid_archive,archive,COVID-19 cases,MIMUW-StochSEIR,model,2021-07-12,2020/21
covid_archive,archive,COVID-19 cases,MIT_CovidAnalytics-DELPHI,model,2021-02-15,2020/21
covid_archive,archive,COVID-19 cases,MIT_CovidAnalytics-DELPHI,model,2021-02-22,2020/21
covid_archive,archive,COVID-19 cases,MIT_CovidAnalytics-DELPHI,model,2021-03-01,2020/21
covid_archive,archive,COVID-19 cases,MIT_CovidAnalytics-DELPHI,model,2021-03-08,2020/21
covid_archive,archive,COVID-19 cases,MIT_CovidAnalytics-DELPHI,model,2021-03-15,2020/21
covid_archive,archive,COVID-19 cases,MIT_CovidAnalytics-DELPHI,model,2021-03-29,2020/21
covid_archive,archive,COVID-19 cases,MIT_CovidAnalytics-DELPHI,model,2021-04-05,2020/21
covid_archive,archive,COVID-19 cases,MIT_CovidAnalytics-DELPHI,model,2021-04-12,2020/21
covid_archive,archive,COVID-19 cases,MIT_CovidAnalytics-DELPHI,model,2021-04-19,2020/21
covid_archive,archive,COVID-19 cases,MIT_CovidAnalytics-DELPHI,model,2021-05-03,2020/21
covid_archive,archive,COVID-19 cases,MIT_CovidAnalytics-DELPHI,model,2021-05-17,2020/21
covid_archive,archive,COVID-19 cases,MIT_CovidAnalytics-DELPHI,model,2021-05-24,2020/21
covid_archive,archive,COVID-19 cases,MIT_CovidAnalytics-DELPHI,model,2021-05-31,2020/21
covid_archive,archive,COVID-19 cases,MIT_CovidAnalytics-DELPHI,model,2021-06-07,2020/21
covid_archive,archive,COVID-19 cases,MIT_CovidAnalytics-DELPHI,model,2021-06-14,2020/21
covid_archive,archive,COVID-19 cases,MIT_CovidAnalytics-DELPHI,model,2021-06-21,2020/21
covid_archive,archive,COVID-19 cases,MIT_CovidAnalytics-DELPHI,model,2021-06-28,2020/21
covid_archive,archive,COVID-19 cases,MIT_CovidAnalytics-DELPHI,model,2021-07-05,2020/21
covid_archive,archive,COVID-19 cases,MIT_CovidAnalytics-DELPHI,model,2021-07-12,2020/21
covid_archive,archive,COVID-19 cases,MIT_CovidAnalytics-DELPHI,model,2021-07-19,2020/21
covid_archive,archive,COVID-19 cases,MIT_CovidAnalytics-DELPHI,model,2021-08-16,2021/22
covid_archive,archive,COVID-19 cases,MIT_CovidAnalytics-DELPHI,model,2021-08-23,2021/22
covid_archive,archive,COVID-19 cases,MIT_CovidAnalytics-DELPHI,model,2021-08-30,2021/22
covid_archive,archive,COVID-19 cases,MIT_CovidAnalytics-DELPHI,model,2021-09-06,2021/22
covid_archive,archive,COVID-19 cases,MIT_CovidAnalytics-DELPHI,model,2021-09-13,2021/22
covid_archive,archive,COVID-19 cases,MIT_CovidAnalytics-DELPHI,model,2021-09-20,2021/22
covid_archive,archive,COVID-19 cases,MIT_CovidAnalytics-DELPHI,model,2021-09-27,2021/22
covid_archive,archive,COVID-19 cases,MIT_CovidAnalytics-DELPHI,model,2021-10-04,2021/22
covid_archive,archive,COVID-19 cases,MIT_CovidAnalytics-DELPHI,model,2021-10-11,2021/22
covid_archive,archive,COVID-19 cases,MIT_CovidAnalytics-DELPHI,model,2021-10-18,2021/22
covid_archive,archive,COVID-19 cases,MIT_CovidAnalytics-DELPHI,model,2021-10-25,2021/22
covid_archive,archive,COVID-19 cases,MIT_CovidAnalytics-DELPHI,model,2021-11-01,2021/22
covid_archive,archive,COVID-19 cases,MIT_CovidAnalytics-DELPHI,model,2021-11-08,2021/22
covid_archive,archive,COVID-19 cases,MIT_CovidAnalytics-DELPHI,model,2021-11-15,2021/22
covid_archive,archive,COVID-19 cases,MIT_CovidAnalytics-DELPHI,model,2021-11-22,2021/22
covid_archive,archive,COVID-19 cases,MIT_CovidAnalytics-DELPHI,model,2021-11-29,2021/22
covid_archive,archive,COVID-19 cases,MIT_CovidAnalytics-DELPHI,model,2021-12-06,2021/22
covid_archive,archive,COVID-19 cases,MIT_CovidAnalytics-DELPHI,model,2021-12-13,2021/22
covid_archive,archive,COVID-19 cases,MIT_CovidAnalytics-DELPHI,model,2021-12-20,2021/22
covid_archive,archive,COVID-19 cases,MIT_CovidAnalytics-DELPHI,model,2021-12-27,2021/22
covid_archive,archive,COVID-19 cases,MIT_CovidAnalytics-DELPHI,model,2022-01-10,2021/22
covid_archive,archive,COVID-19 cases,MIT_CovidAnalytics-DELPHI,model,2022-01-17,2021/22
covid_archive,archive,COVID-19 cases,MIT_CovidAnalytics-DELPHI,model,2022-01-24,2021/22
covid_archive,archive,COVID-19 cases,MIT_CovidAnalytics-DELPHI,model,2022-02-07,2021/22
covid_archive,archive,COVID-19 cases,MIT_CovidAnalytics-DELPHI,model,2022-02-21,2021/22
covid_archive,archive,COVID-19 cases,MIT_CovidAnalytics-DELPHI,model,2022-02-28,2021/22
covid_archive,archive,COVID-19 cases,MIT_CovidAnalytics-DELPHI,model,2022-03-07,2021/22
covid_archive,archive,COVID-19 cases,MOCOS-agent1,model,2021-02-15,2020/21
covid_archive,archive,COVID-19 cases,MOCOS-agent1,model,2021-02-22,2020/21
covid_archive,archive,COVID-19 cases,MOCOS-agent1,model,2021-03-08,2020/21
covid_archive,archive,COVID-19 cases,MOCOS-agent1,model,2021-03-15,2020/21
covid_archive,archive,COVID-19 cases,MOCOS-agent1,model,2021-03-22,2020/21
covid_archive,archive,COVID-19 cases,MOCOS-agent1,model,2021-03-29,2020/21
covid_archive,archive,COVID-19 cases,MOCOS-agent1,model,2021-04-05,2020/21
covid_archive,archive,COVID-19 cases,MOCOS-agent1,model,2021-04-12,2020/21
covid_archive,archive,COVID-19 cases,MOCOS-agent1,model,2021-04-19,2020/21
covid_archive,archive,COVID-19 cases,MOCOS-agent1,model,2021-04-26,2020/21
covid_archive,archive,COVID-19 cases,MOCOS-agent1,model,2021-05-03,2020/21
covid_archive,archive,COVID-19 cases,MOCOS-agent1,model,2021-05-10,2020/21
covid_archive,archive,COVID-19 cases,MOCOS-agent1,model,2021-05-17,2020/21
covid_archive,archive,COVID-19 cases,MOCOS-agent1,model,2021-05-24,2020/21
covid_archive,archive,COVID-19 cases,MOCOS-agent1,model,2021-05-31,2020/21
covid_archive,archive,COVID-19 cases,MOCOS-agent1,model,2021-06-07,2020/21
covid_archive,archive,COVID-19 cases,MOCOS-agent1,model,2021-06-14,2020/21
covid_archive,archive,COVID-19 cases,MOCOS-agent1,model,2021-06-21,2020/21
covid_archive,archive,COVID-19 cases,MOCOS-agent1,model,2021-06-28,2020/21
covid_archive,archive,COVID-19 cases,MOCOS-agent1,model,2021-07-05,2020/21
covid_archive,archive,COVID-19 cases,MOCOS-agent1,model,2021-07-12,2020/21
covid_archive,archive,COVID-19 cases,MOCOS-agent1,model,2021-07-19,2020/21
covid_archive,archive,COVID-19 cases,MOCOS-agent1,model,2021-07-26,2020/21
covid_archive,archive,COVID-19 cases,MOCOS-agent1,model,2021-08-02,2021/22
covid_archive,archive,COVID-19 cases,MOCOS-agent1,model,2021-08-09,2021/22
covid_archive,archive,COVID-19 cases,MOCOS-agent1,model,2021-08-16,2021/22
covid_archive,archive,COVID-19 cases,MOCOS-agent1,model,2021-08-23,2021/22
covid_archive,archive,COVID-19 cases,MOCOS-agent1,model,2021-08-30,2021/22
covid_archive,archive,COVID-19 cases,MOCOS-agent1,model,2021-09-06,2021/22
covid_archive,archive,COVID-19 cases,MOCOS-agent1,model,2021-09-13,2021/22
covid_archive,archive,COVID-19 cases,MOCOS-agent1,model,2021-09-20,2021/22
covid_archive,archive,COVID-19 cases,MOCOS-agent1,model,2021-09-27,2021/22
covid_archive,archive,COVID-19 cases,MOCOS-agent1,model,2021-10-04,2021/22
covid_archive,archive,COVID-19 cases,MOCOS-agent1,model,2021-10-11,2021/22
covid_archive,archive,COVID-19 cases,MOCOS-agent1,model,2021-10-18,2021/22
covid_archive,archive,COVID-19 cases,MOCOS-agent1,model,2021-10-25,2021/22
covid_archive,archive,COVID-19 cases,MOCOS-agent1,model,2021-11-01,2021/22
covid_archive,archive,COVID-19 cases,MOCOS-agent1,model,2021-11-08,2021/22
covid_archive,archive,COVID-19 cases,MOCOS-agent1,model,2021-11-15,2021/22
covid_archive,archive,COVID-19 cases,MOCOS-agent1,model,2021-11-22,2021/22
covid_archive,archive,COVID-19 cases,MOCOS-agent1,model,2021-11-29,2021/22
covid_archive,archive,COVID-19 cases,MOCOS-agent1,model,2021-12-06,2021/22
covid_archive,archive,COVID-19 cases,MOCOS-agent1,model,2021-12-13,2021/22
covid_archive,archive,COVID-19 cases,MOCOS-agent1,model,2021-12-20,2021/22
covid_archive,archive,COVID-19 cases,MOCOS-agent1,model,2021-12-27,2021/22
covid_archive,archive,COVID-19 cases,MOCOS-agent1,model,2022-01-03,2021/22
covid_archive,archive,COVID-19 cases,MOCOS-agent1,model,2022-01-10,2021/22
covid_archive,archive,COVID-19 cases,MOCOS-agent1,model,2022-01-17,2021/22
covid_archive,archive,COVID-19 cases,MOCOS-agent1,model,2022-01-24,2021/22
covid_archive,archive,COVID-19 cases,MOCOS-agent1,model,2022-01-31,2021/22
covid_archive,archive,COVID-19 cases,MOCOS-agent1,model,2022-02-07,2021/22
covid_archive,archive,COVID-19 cases,MOCOS-agent1,model,2022-02-14,2021/22
covid_archive,archive,COVID-19 cases,MOCOS-agent1,model,2022-02-21,2021/22
covid_archive,archive,COVID-19 cases,MOCOS-agent1,model,2022-02-28,2021/22
covid_archive,archive,COVID-19 cases,MOCOS-agent1,model,2022-03-07,2021/22
covid_archive,archive,COVID-19 cases,MOCOS-agent1,model,2022-03-14,2021/22
covid_archive,archive,COVID-19 cases,MOCOS-agent1,model,2022-03-28,2021/22
covid_archive,archive,COVID-19 cases,MOCOS-agent1,model,2022-04-04,2021/22
covid_archive,archive,COVID-19 cases,MOCOS-agent1,model,2022-04-11,2021/22
covid_archive,archive,COVID-19 cases,MOCOS-agent1,model,2022-04-18,2021/22
covid_archive,archive,COVID-19 cases,MOCOS-agent1,model,2022-04-25,2021/22
covid_archive,archive,COVID-19 cases,MOCOS-agent1,model,2022-05-02,2021/22
covid_archive,archive,COVID-19 cases,MOCOS-agent1,model,2022-05-09,2021/22
covid_archive,archive,COVID-19 cases,MOCOS-agent1,model,2022-05-16,2021/22
covid_archive,archive,COVID-19 cases,MOCOS-agent1,model,2022-05-23,2021/22
covid_archive,archive,COVID-19 cases,MOCOS-agent1,model,2022-05-30,2021/22
covid_archive,archive,COVID-19 cases,MOCOS-agent1,model,2022-06-20,2021/22
covid_archive,archive,COVID-19 cases,MOCOS-agent1,model,2022-07-18,2021/22
covid_archive,archive,COVID-19 cases,MOCOS-agent1,model,2022-07-25,2021/22
covid_archive,archive,COVID-19 cases,MOCOS-agent1,model,2022-08-01,2022/23
covid_archive,archive,COVID-19 cases,MOCOS-agent1,model,2022-08-08,2022/23
covid_archive,archive,COVID-19 cases,MOCOS-agent1,model,2022-08-15,2022/23
covid_archive,archive,COVID-19 cases,MOCOS-agent1,model,2022-08-22,2022/23
covid_archive,archive,COVID-19 cases,MOCOS-agent1,model,2022-08-29,2022/23
covid_archive,archive,COVID-19 cases,MOCOS-agent1,model,2022-09-05,2022/23
covid_archive,archive,COVID-19 cases,MOCOS-agent1,model,2022-09-12,2022/23
covid_archive,archive,COVID-19 cases,MOCOS-agent1,model,2022-09-19,2022/23
covid_archive,archive,COVID-19 cases,MOCOS-agent1,model,2022-09-26,2022/23
covid_archive,archive,COVID-19 cases,MOCOS-agent1,model,2022-10-03,2022/23
covid_archive,archive,COVID-19 cases,MOCOS-agent1,model,2022-10-10,2022/23
covid_archive,archive,COVID-19 cases,MOCOS-agent1,model,2022-10-17,2022/23
covid_archive,archive,COVID-19 cases,MOCOS-agent1,model,2022-10-24,2022/23
covid_archive,archive,COVID-19 cases,MOCOS-agent1,model,2022-10-31,2022/23
covid_archive,archive,COVID-19 cases,MOCOS-agent1,model,2022-11-07,2022/23
covid_archive,archive,COVID-19 cases,MOCOS-agent1,model,2022-11-14,2022/23
covid_archive,archive,COVID-19 cases,MOCOS-agent1,model,2022-11-21,2022/23
covid_archive,archive,COVID-19 cases,MOCOS-agent1,model,2022-11-28,2022/23
covid_archive,archive,COVID-19 cases,MOCOS-agent1,model,2022-12-05,2022/23
covid_archive,archive,COVID-19 cases,MOCOS-agent1,model,2022-12-12,2022/23
covid_archive,archive,COVID-19 cases,MOCOS-agent1,model,2022-12-19,2022/23
covid_archive,archive,COVID-19 cases,MOCOS-agent1,model,2022-12-26,2022/23
covid_archive,archive,COVID-19 cases,MOCOS-agent1,model,2023-01-02,2022/23
covid_archive,archive,COVID-19 cases,MOCOS-agent1,model,2023-01-09,2022/23
covid_archive,archive,COVID-19 cases,MOCOS-agent1,model,2023-01-16,2022/23
covid_archive,archive,COVID-19 cases,MOCOS-agent1,model,2023-01-23,2022/23
covid_archive,archive,COVID-19 cases,MOCOS-agent1,model,2023-01-30,2022/23
covid_archive,archive,COVID-19 cases,MOCOS-agent1,model,2023-02-06,2022/23
covid_archive,archive,COVID-19 cases,MOCOS-agent1,model,2023-02-13,2022/23
covid_archive,archive,COVID-19 cases,MOCOS-agent1,model,2023-02-20,2022/23
covid_archive,archive,COVID-19 cases,MOCOS-agent1,model,2023-02-27,2022/23
covid_archive,archive,COVID-19 cases,MOCOS-agent1,model,2023-03-06,2022/23
covid_archive,archive,COVID-19 cases,MOCOS-agent1,model,2023-03-13,2022/23
covid_archive,archive,COVID-19 cases,MOCOS-agent1,model,2023-03-20,2022/23
covid_archive,archive,COVID-19 cases,MOCOS-agent1,model,2023-03-27,2022/23
covid_archive,archive,COVID-19 cases,MOCOS-agent1,model,2023-04-03,2022/23
covid_archive,archive,COVID-19 cases,MOCOS-agent1,model,2023-04-10,2022/23
covid_archive,archive,COVID-19 cases,MOCOS-agent1,model,2023-04-17,2022/23
covid_archive,archive,COVID-19 cases,MOCOS-agent1,model,2023-04-24,2022/23
covid_archive,archive,COVID-19 cases,MOCOS-agent1,model,2023-05-01,2022/23
covid_archive,archive,COVID-19 cases,MUNI-ARIMA,model,2021-05-03,2020/21
covid_archive,archive,COVID-19 cases,MUNI-ARIMA,model,2021-05-10,2020/21
covid_archive,archive,COVID-19 cases,MUNI-ARIMA,model,2021-05-17,2020/21
covid_archive,archive,COVID-19 cases,MUNI-ARIMA,model,2021-05-24,2020/21
covid_archive,archive,COVID-19 cases,MUNI-ARIMA,model,2021-05-31,2020/21
covid_archive,archive,COVID-19 cases,MUNI-ARIMA,model,2021-06-07,2020/21
covid_archive,archive,COVID-19 cases,MUNI-ARIMA,model,2021-06-14,2020/21
covid_archive,archive,COVID-19 cases,MUNI-ARIMA,model,2021-06-21,2020/21
covid_archive,archive,COVID-19 cases,MUNI-ARIMA,model,2021-06-28,2020/21
covid_archive,archive,COVID-19 cases,MUNI-ARIMA,model,2021-07-05,2020/21
covid_archive,archive,COVID-19 cases,MUNI-ARIMA,model,2021-07-12,2020/21
covid_archive,archive,COVID-19 cases,MUNI-ARIMA,model,2021-07-19,2020/21
covid_archive,archive,COVID-19 cases,MUNI-ARIMA,model,2021-07-26,2020/21
covid_archive,archive,COVID-19 cases,MUNI-ARIMA,model,2021-08-02,2021/22
covid_archive,archive,COVID-19 cases,MUNI-ARIMA,model,2021-08-09,2021/22
covid_archive,archive,COVID-19 cases,MUNI-ARIMA,model,2021-08-16,2021/22
covid_archive,archive,COVID-19 cases,MUNI-ARIMA,model,2021-08-23,2021/22
covid_archive,archive,COVID-19 cases,MUNI-ARIMA,model,2021-08-30,2021/22
covid_archive,archive,COVID-19 cases,MUNI-ARIMA,model,2021-09-06,2021/22
covid_archive,archive,COVID-19 cases,MUNI-ARIMA,model,2021-09-13,2021/22
covid_archive,archive,COVID-19 cases,MUNI-ARIMA,model,2021-09-20,2021/22
covid_archive,archive,COVID-19 cases,MUNI-ARIMA,model,2021-09-27,2021/22
covid_archive,archive,COVID-19 cases,MUNI-ARIMA,model,2021-10-04,2021/22
covid_archive,archive,COVID-19 cases,MUNI-ARIMA,model,2021-10-11,2021/22
covid_archive,archive,COVID-19 cases,MUNI-ARIMA,model,2021-10-18,2021/22
covid_archive,archive,COVID-19 cases,MUNI-ARIMA,model,2021-10-25,2021/22
covid_archive,archive,COVID-19 cases,MUNI-ARIMA,model,2021-11-01,2021/22
covid_archive,archive,COVID-19 cases,MUNI-ARIMA,model,2021-11-08,2021/22
covid_archive,archive,COVID-19 cases,MUNI-ARIMA,model,2021-11-15,2021/22
covid_archive,archive,COVID-19 cases,MUNI-ARIMA,model,2021-11-22,2021/22
covid_archive,archive,COVID-19 cases,MUNI-ARIMA,model,2021-11-29,2021/22
covid_archive,archive,COVID-19 cases,MUNI-ARIMA,model,2021-12-06,2021/22
covid_archive,archive,COVID-19 cases,MUNI-ARIMA,model,2021-12-13,2021/22
covid_archive,archive,COVID-19 cases,MUNI-ARIMA,model,2021-12-20,2021/22
covid_archive,archive,COVID-19 cases,MUNI-ARIMA,model,2021-12-27,2021/22
covid_archive,archive,COVID-19 cases,MUNI-ARIMA,model,2022-01-03,2021/22
covid_archive,archive,COVID-19 cases,MUNI-ARIMA,model,2022-01-10,2021/22
covid_archive,archive,COVID-19 cases,MUNI-ARIMA,model,2022-01-17,2021/22
covid_archive,archive,COVID-19 cases,MUNI-ARIMA,model,2022-01-24,2021/22
covid_archive,archive,COVID-19 cases,MUNI-ARIMA,model,2022-01-31,2021/22
covid_archive,archive,COVID-19 cases,MUNI-ARIMA,model,2022-02-07,2021/22
covid_archive,archive,COVID-19 cases,MUNI-ARIMA,model,2022-02-14,2021/22
covid_archive,archive,COVID-19 cases,MUNI-ARIMA,model,2022-02-21,2021/22
covid_archive,archive,COVID-19 cases,MUNI-ARIMA,model,2022-03-14,2021/22
covid_archive,archive,COVID-19 cases,MUNI-ARIMA,model,2022-03-21,2021/22
covid_archive,archive,COVID-19 cases,MUNI-ARIMA,model,2022-03-28,2021/22
covid_archive,archive,COVID-19 cases,MUNI-ARIMA,model,2022-04-04,2021/22
covid_archive,archive,COVID-19 cases,MUNI-ARIMA,model,2022-04-11,2021/22
covid_archive,archive,COVID-19 cases,MUNI-ARIMA,model,2022-04-18,2021/22
covid_archive,archive,COVID-19 cases,MUNI-ARIMA,model,2022-04-25,2021/22
covid_archive,archive,COVID-19 cases,MUNI-ARIMA,model,2022-05-02,2021/22
covid_archive,archive,COVID-19 cases,MUNI-ARIMA,model,2022-05-09,2021/22
covid_archive,archive,COVID-19 cases,MUNI-ARIMA,model,2022-05-16,2021/22
covid_archive,archive,COVID-19 cases,MUNI-ARIMA,model,2022-05-23,2021/22
covid_archive,archive,COVID-19 cases,MUNI-ARIMA,model,2022-05-30,2021/22
covid_archive,archive,COVID-19 cases,MUNI-ARIMA,model,2022-06-06,2021/22
covid_archive,archive,COVID-19 cases,MUNI-ARIMA,model,2022-06-13,2021/22
covid_archive,archive,COVID-19 cases,MUNI-ARIMA,model,2022-06-20,2021/22
covid_archive,archive,COVID-19 cases,MUNI-ARIMA,model,2022-06-27,2021/22
covid_archive,archive,COVID-19 cases,MUNI-ARIMA,model,2022-07-04,2021/22
covid_archive,archive,COVID-19 cases,MUNI-ARIMA,model,2022-07-11,2021/22
covid_archive,archive,COVID-19 cases,MUNI-ARIMA,model,2022-07-18,2021/22
covid_archive,archive,COVID-19 cases,MUNI-ARIMA,model,2022-07-25,2021/22
covid_archive,archive,COVID-19 cases,MUNI-ARIMA,model,2022-08-01,2022/23
covid_archive,archive,COVID-19 cases,MUNI-ARIMA,model,2022-08-08,2022/23
covid_archive,archive,COVID-19 cases,MUNI-ARIMA,model,2022-08-15,2022/23
covid_archive,archive,COVID-19 cases,MUNI-ARIMA,model,2022-08-22,2022/23
covid_archive,archive,COVID-19 cases,MUNI-ARIMA,model,2022-08-29,2022/23
covid_archive,archive,COVID-19 cases,MUNI-ARIMA,model,2022-09-05,2022/23
covid_archive,archive,COVID-19 cases,MUNI-ARIMA,model,2022-09-12,2022/23
covid_archive,archive,COVID-19 cases,MUNI-ARIMA,model,2022-09-19,2022/23
covid_archive,archive,COVID-19 cases,MUNI-ARIMA,model,2022-09-26,2022/23
covid_archive,archive,COVID-19 cases,MUNI-ARIMA,model,2022-10-03,2022/23
covid_archive,archive,COVID-19 cases,MUNI-ARIMA,model,2022-10-10,2022/23
covid_archive,archive,COVID-19 cases,MUNI-ARIMA,model,2022-10-17,2022/23
covid_archive,archive,COVID-19 cases,MUNI-ARIMA,model,2022-10-24,2022/23
covid_archive,archive,COVID-19 cases,MUNI-ARIMA,model,2022-10-31,2022/23
covid_archive,archive,COVID-19 cases,MUNI-ARIMA,model,2022-11-07,2022/23
covid_archive,archive,COVID-19 cases,MUNI-ARIMA,model,2022-11-14,2022/23
covid_archive,archive,COVID-19 cases,MUNI-ARIMA,model,2022-11-21,2022/23
covid_archive,archive,COVID-19 cases,MUNI-ARIMA,model,2022-11-28,2022/23
covid_archive,archive,COVID-19 cases,MUNI-ARIMA,model,2022-12-05,2022/23
covid_archive,archive,COVID-19 cases,MUNI-ARIMA,model,2022-12-12,2022/23
covid_archive,archive,COVID-19 cases,MUNI-ARIMA,model,2023-01-02,2022/23
covid_archive,archive,COVID-19 cases,MUNI-ARIMA,model,2023-01-16,2022/23
covid_archive,archive,COVID-19 cases,MUNI-ARIMA,model,2023-01-23,2022/23
covid_archive,archive,COVID-19 cases,MUNI-ARIMA,model,2023-01-30,2022/23
covid_archive,archive,COVID-19 cases,MUNI-ARIMA,model,2023-02-06,2022/23
covid_archive,archive,COVID-19 cases,MUNI-ARIMA,model,2023-02-13,2022/23
covid_archive,archive,COVID-19 cases,MUNI-ARIMA,model,2023-02-20,2022/23
covid_archive,archive,COVID-19 cases,MUNI-ARIMA,model,2023-02-27,2022/23
covid_archive,archive,COVID-19 cases,MUNI-ARIMA,model,2023-03-06,2022/23
covid_archive,archive,COVID-19 cases,MUNI-VAR,model,2021-11-08,2021/22
covid_archive,archive,COVID-19 cases,MUNI-VAR,model,2021-11-15,2021/22
covid_archive,archive,COVID-19 cases,MUNI-VAR,model,2021-11-22,2021/22
covid_archive,archive,COVID-19 cases,MUNI-VAR,model,2021-11-29,2021/22
covid_archive,archive,COVID-19 cases,MUNI-VAR,model,2021-12-06,2021/22
covid_archive,archive,COVID-19 cases,MUNI-VAR,model,2021-12-13,2021/22
covid_archive,archive,COVID-19 cases,MUNI-VAR,model,2021-12-20,2021/22
covid_archive,archive,COVID-19 cases,MUNI-VAR,model,2021-12-27,2021/22
covid_archive,archive,COVID-19 cases,MUNI_DMS-SEIAR,model,2021-03-08,2020/21
covid_archive,archive,COVID-19 cases,MUNI_DMS-SEIAR,model,2021-03-15,2020/21
covid_archive,archive,COVID-19 cases,MUNI_DMS-SEIAR,model,2021-03-22,2020/21
covid_archive,archive,COVID-19 cases,MUNI_DMS-SEIAR,model,2021-04-05,2020/21
covid_archive,archive,COVID-19 cases,MUNI_DMS-SEIAR,model,2021-04-12,2020/21
covid_archive,archive,COVID-19 cases,MUNI_DMS-SEIAR,model,2021-04-19,2020/21
covid_archive,archive,COVID-19 cases,MUNI_DMS-SEIAR,model,2021-04-26,2020/21
covid_archive,archive,COVID-19 cases,MUNI_DMS-SEIAR,model,2021-05-03,2020/21
covid_archive,archive,COVID-19 cases,MUNI_DMS-SEIAR,model,2021-05-10,2020/21
covid_archive,archive,COVID-19 cases,MUNI_DMS-SEIAR,model,2021-05-17,2020/21
covid_archive,archive,COVID-19 cases,MUNI_DMS-SEIAR,model,2021-05-24,2020/21
covid_archive,archive,COVID-19 cases,MUNI_DMS-SEIAR,model,2021-05-31,2020/21
covid_archive,archive,COVID-19 cases,MUNI_DMS-SEIAR,model,2021-06-07,2020/21
covid_archive,archive,COVID-19 cases,MUNI_DMS-SEIAR,model,2021-06-14,2020/21
covid_archive,archive,COVID-19 cases,MUNI_DMS-SEIAR,model,2021-06-21,2020/21
covid_archive,archive,COVID-19 cases,MUNI_DMS-SEIAR,model,2021-06-28,2020/21
covid_archive,archive,COVID-19 cases,MUNI_DMS-SEIAR,model,2021-07-05,2020/21
covid_archive,archive,COVID-19 cases,MUNI_DMS-SEIAR,model,2021-07-12,2020/21
covid_archive,archive,COVID-19 cases,MUNI_DMS-SEIAR,model,2021-07-19,2020/21
covid_archive,archive,COVID-19 cases,MUNI_DMS-SEIAR,model,2021-07-26,2020/21
covid_archive,archive,COVID-19 cases,MUNI_DMS-SEIAR,model,2021-08-02,2021/22
covid_archive,archive,COVID-19 cases,MUNI_DMS-SEIAR,model,2021-08-09,2021/22
covid_archive,archive,COVID-19 cases,MUNI_DMS-SEIAR,model,2021-08-16,2021/22
covid_archive,archive,COVID-19 cases,MUNI_DMS-SEIAR,model,2021-08-23,2021/22
covid_archive,archive,COVID-19 cases,MUNI_DMS-SEIAR,model,2021-08-30,2021/22
covid_archive,archive,COVID-19 cases,MUNI_DMS-SEIAR,model,2021-09-06,2021/22
covid_archive,archive,COVID-19 cases,MUNI_DMS-SEIAR,model,2021-09-13,2021/22
covid_archive,archive,COVID-19 cases,MUNI_DMS-SEIAR,model,2021-09-20,2021/22
covid_archive,archive,COVID-19 cases,MUNI_DMS-SEIAR,model,2021-09-27,2021/22
covid_archive,archive,COVID-19 cases,MUNI_DMS-SEIAR,model,2021-10-04,2021/22
covid_archive,archive,COVID-19 cases,MUNI_DMS-SEIAR,model,2021-10-11,2021/22
covid_archive,archive,COVID-19 cases,MUNI_DMS-SEIAR,model,2021-10-18,2021/22
covid_archive,archive,COVID-19 cases,MUNI_DMS-SEIAR,model,2021-10-25,2021/22
covid_archive,archive,COVID-19 cases,MUNI_DMS-SEIAR,model,2021-11-01,2021/22
covid_archive,archive,COVID-19 cases,MUNI_DMS-SEIAR,model,2021-11-08,2021/22
covid_archive,archive,COVID-19 cases,MUNI_DMS-SEIAR,model,2021-11-15,2021/22
covid_archive,archive,COVID-19 cases,MUNI_DMS-SEIAR,model,2021-11-29,2021/22
covid_archive,archive,COVID-19 cases,MUNI_DMS-SEIAR,model,2021-12-06,2021/22
covid_archive,archive,COVID-19 cases,MUNI_DMS-SEIAR,model,2021-12-13,2021/22
covid_archive,archive,COVID-19 cases,MUNI_DMS-SEIAR,model,2021-12-20,2021/22
covid_archive,archive,COVID-19 cases,MUNI_DMS-SEIAR,model,2021-12-27,2021/22
covid_archive,archive,COVID-19 cases,MUNI_DMS-SEIAR,model,2022-01-03,2021/22
covid_archive,archive,COVID-19 cases,MUNI_DMS-SEIAR,model,2022-01-10,2021/22
covid_archive,archive,COVID-19 cases,MUNI_DMS-SEIAR,model,2022-01-17,2021/22
covid_archive,archive,COVID-19 cases,MUNI_DMS-SEIAR,model,2022-01-24,2021/22
covid_archive,archive,COVID-19 cases,MUNI_DMS-SEIAR,model,2022-01-31,2021/22
covid_archive,archive,COVID-19 cases,MUNI_DMS-SEIAR,model,2022-02-07,2021/22
covid_archive,archive,COVID-19 cases,MUNI_DMS-SEIAR,model,2022-02-14,2021/22
covid_archive,archive,COVID-19 cases,MUNI_DMS-SEIAR,model,2022-02-21,2021/22
covid_archive,archive,COVID-19 cases,MUNI_DMS-SEIAR,model,2022-02-28,2021/22
covid_archive,archive,COVID-19 cases,MUNI_DMS-SEIAR,model,2022-03-07,2021/22
covid_archive,archive,COVID-19 cases,MUNI_DMS-SEIAR,model,2022-03-14,2021/22
covid_archive,archive,COVID-19 cases,MUNI_DMS-SEIAR,model,2022-03-21,2021/22
covid_archive,archive,COVID-19 cases,MUNI_DMS-SEIAR,model,2022-03-28,2021/22
covid_archive,archive,COVID-19 cases,MUNI_DMS-SEIAR,model,2022-04-04,2021/22
covid_archive,archive,COVID-19 cases,MUNI_DMS-SEIAR,model,2022-04-11,2021/22
covid_archive,archive,COVID-19 cases,PL_GRedlarski-DistrictsSum,model,2021-04-26,2020/21
covid_archive,archive,COVID-19 cases,PL_GRedlarski-DistrictsSum,model,2021-05-03,2020/21
covid_archive,archive,COVID-19 cases,PL_GRedlarski-DistrictsSum,model,2021-05-10,2020/21
covid_archive,archive,COVID-19 cases,PL_GRedlarski-DistrictsSum,model,2021-05-17,2020/21
covid_archive,archive,COVID-19 cases,PL_GRedlarski-DistrictsSum,model,2021-05-24,2020/21
covid_archive,archive,COVID-19 cases,PL_GRedlarski-DistrictsSum,model,2021-05-31,2020/21
covid_archive,archive,COVID-19 cases,PL_GRedlarski-DistrictsSum,model,2021-06-07,2020/21
covid_archive,archive,COVID-19 cases,PL_GRedlarski-DistrictsSum,model,2021-06-21,2020/21
covid_archive,archive,COVID-19 cases,PL_GRedlarski-DistrictsSum,model,2021-06-28,2020/21
covid_archive,archive,COVID-19 cases,PL_GRedlarski-DistrictsSum,model,2021-07-05,2020/21
covid_archive,archive,COVID-19 cases,PL_GRedlarski-DistrictsSum,model,2021-07-12,2020/21
covid_archive,archive,COVID-19 cases,PL_GRedlarski-DistrictsSum,model,2021-07-19,2020/21
covid_archive,archive,COVID-19 cases,PL_GRedlarski-DistrictsSum,model,2021-07-26,2020/21
covid_archive,archive,COVID-19 cases,PL_GRedlarski-DistrictsSum,model,2021-08-02,2021/22
covid_archive,archive,COVID-19 cases,PL_GRedlarski-DistrictsSum,model,2021-08-09,2021/22
covid_archive,archive,COVID-19 cases,PL_GRedlarski-DistrictsSum,model,2021-08-16,2021/22
covid_archive,archive,COVID-19 cases,PL_GRedlarski-DistrictsSum,model,2021-08-23,2021/22
covid_archive,archive,COVID-19 cases,PL_GRedlarski-DistrictsSum,model,2021-08-30,2021/22
covid_archive,archive,COVID-19 cases,PL_GRedlarski-DistrictsSum,model,2021-09-06,2021/22
covid_archive,archive,COVID-19 cases,PL_GRedlarski-DistrictsSum,model,2021-09-13,2021/22
covid_archive,archive,COVID-19 cases,PL_GRedlarski-DistrictsSum,model,2021-09-20,2021/22
covid_archive,archive,COVID-19 cases,PL_GRedlarski-DistrictsSum,model,2021-09-27,2021/22
covid_archive,archive,COVID-19 cases,PL_GRedlarski-DistrictsSum,model,2021-10-04,2021/22
covid_archive,archive,COVID-19 cases,PL_GRedlarski-DistrictsSum,model,2021-10-11,2021/22
covid_archive,archive,COVID-19 cases,PL_GRedlarski-DistrictsSum,model,2021-10-18,2021/22
covid_archive,archive,COVID-19 cases,PL_GRedlarski-DistrictsSum,model,2021-10-25,2021/22
covid_archive,archive,COVID-19 cases,PL_GRedlarski-DistrictsSum,model,2021-11-01,2021/22
covid_archive,archive,COVID-19 cases,PL_GRedlarski-DistrictsSum,model,2021-11-08,2021/22
covid_archive,archive,COVID-19 cases,PL_GRedlarski-DistrictsSum,model,2021-11-15,2021/22
covid_archive,archive,COVID-19 cases,PL_GRedlarski-DistrictsSum,model,2021-11-22,2021/22
covid_archive,archive,COVID-19 cases,PL_GRedlarski-DistrictsSum,model,2021-11-29,2021/22
covid_archive,archive,COVID-19 cases,PL_GRedlarski-DistrictsSum,model,2021-12-06,2021/22
covid_archive,archive,COVID-19 cases,PL_GRedlarski-DistrictsSum,model,2021-12-13,2021/22
covid_archive,archive,COVID-19 cases,PL_GRedlarski-DistrictsSum,model,2021-12-20,2021/22
covid_archive,archive,COVID-19 cases,PL_GRedlarski-DistrictsSum,model,2021-12-27,2021/22
covid_archive,archive,COVID-19 cases,PL_GRedlarski-DistrictsSum,model,2022-01-03,2021/22
covid_archive,archive,COVID-19 cases,PL_GRedlarski-DistrictsSum,model,2022-01-10,2021/22
covid_archive,archive,COVID-19 cases,PL_GRedlarski-DistrictsSum,model,2022-01-17,2021/22
covid_archive,archive,COVID-19 cases,PL_GRedlarski-DistrictsSum,model,2022-01-24,2021/22
covid_archive,archive,COVID-19 cases,PL_GRedlarski-DistrictsSum,model,2022-01-31,2021/22
covid_archive,archive,COVID-19 cases,PL_GRedlarski-DistrictsSum,model,2022-02-07,2021/22
covid_archive,archive,COVID-19 cases,PL_GRedlarski-DistrictsSum,model,2022-02-14,2021/22
covid_archive,archive,COVID-19 cases,PL_GRedlarski-DistrictsSum,model,2022-02-21,2021/22
covid_archive,archive,COVID-19 cases,PL_GRedlarski-DistrictsSum,model,2022-02-28,2021/22
covid_archive,archive,COVID-19 cases,PL_GRedlarski-DistrictsSum,model,2022-03-07,2021/22
covid_archive,archive,COVID-19 cases,PL_GRedlarski-DistrictsSum,model,2022-03-14,2021/22
covid_archive,archive,COVID-19 cases,PL_GRedlarski-DistrictsSum,model,2022-03-21,2021/22
covid_archive,archive,COVID-19 cases,PL_GRedlarski-DistrictsSum,model,2022-03-28,2021/22
covid_archive,archive,COVID-19 cases,PL_GRedlarski-DistrictsSum,model,2022-04-04,2021/22
covid_archive,archive,COVID-19 cases,PL_GRedlarski-DistrictsSum,model,2022-04-11,2021/22
covid_archive,archive,COVID-19 cases,PL_GRedlarski-DistrictsSum,model,2022-04-18,2021/22
covid_archive,archive,COVID-19 cases,PL_GRedlarski-DistrictsSum,model,2022-04-25,2021/22
covid_archive,archive,COVID-19 cases,PL_GRedlarski-DistrictsSum,model,2022-05-02,2021/22
covid_archive,archive,COVID-19 cases,PL_GRedlarski-DistrictsSum,model,2022-05-09,2021/22
covid_archive,archive,COVID-19 cases,PL_GRedlarski-DistrictsSum,model,2022-05-16,2021/22
covid_archive,archive,COVID-19 cases,PL_GRedlarski-DistrictsSum,model,2022-05-23,2021/22
covid_archive,archive,COVID-19 cases,PL_GRedlarski-DistrictsSum,model,2022-05-30,2021/22
covid_archive,archive,COVID-19 cases,PL_GRedlarski-DistrictsSum,model,2022-06-06,2021/22
covid_archive,archive,COVID-19 cases,PL_GRedlarski-DistrictsSum,model,2022-06-13,2021/22
covid_archive,archive,COVID-19 cases,PL_GRedlarski-DistrictsSum,model,2022-06-20,2021/22
covid_archive,archive,COVID-19 cases,PL_GRedlarski-DistrictsSum,model,2022-06-27,2021/22
covid_archive,archive,COVID-19 cases,PL_GRedlarski-DistrictsSum,model,2022-07-04,2021/22
covid_archive,archive,COVID-19 cases,PL_GRedlarski-DistrictsSum,model,2022-07-11,2021/22
covid_archive,archive,COVID-19 cases,PL_GRedlarski-DistrictsSum,model,2022-07-18,2021/22
covid_archive,archive,COVID-19 cases,PL_GRedlarski-DistrictsSum,model,2022-07-25,2021/22
covid_archive,archive,COVID-19 cases,PL_GRedlarski-DistrictsSum,model,2022-08-01,2022/23
covid_archive,archive,COVID-19 cases,PL_GRedlarski-DistrictsSum,model,2022-08-08,2022/23
covid_archive,archive,COVID-19 cases,PL_GRedlarski-DistrictsSum,model,2022-08-15,2022/23
covid_archive,archive,COVID-19 cases,PL_GRedlarski-DistrictsSum,model,2022-08-22,2022/23
covid_archive,archive,COVID-19 cases,PL_GRedlarski-DistrictsSum,model,2022-08-29,2022/23
covid_archive,archive,COVID-19 cases,PL_GRedlarski-DistrictsSum,model,2022-09-05,2022/23
covid_archive,archive,COVID-19 cases,PL_GRedlarski-DistrictsSum,model,2022-09-12,2022/23
covid_archive,archive,COVID-19 cases,PL_GRedlarski-DistrictsSum,model,2022-09-19,2022/23
covid_archive,archive,COVID-19 cases,PL_GRedlarski-DistrictsSum,model,2022-09-26,2022/23
covid_archive,archive,COVID-19 cases,PL_GRedlarski-DistrictsSum,model,2022-10-03,2022/23
covid_archive,archive,COVID-19 cases,PL_GRedlarski-DistrictsSum,model,2022-10-10,2022/23
covid_archive,archive,COVID-19 cases,PL_GRedlarski-DistrictsSum,model,2022-10-17,2022/23
covid_archive,archive,COVID-19 cases,PL_GRedlarski-DistrictsSum,model,2022-10-24,2022/23
covid_archive,archive,COVID-19 cases,PL_GRedlarski-DistrictsSum,model,2022-10-31,2022/23
covid_archive,archive,COVID-19 cases,PL_GRedlarski-DistrictsSum,model,2022-11-07,2022/23
covid_archive,archive,COVID-19 cases,PL_GRedlarski-DistrictsSum,model,2022-11-14,2022/23
covid_archive,archive,COVID-19 cases,PL_GRedlarski-DistrictsSum,model,2022-11-21,2022/23
covid_archive,archive,COVID-19 cases,PL_GRedlarski-DistrictsSum,model,2022-11-28,2022/23
covid_archive,archive,COVID-19 cases,PL_GRedlarski-DistrictsSum,model,2022-12-05,2022/23
covid_archive,archive,COVID-19 cases,PL_GRedlarski-DistrictsSum,model,2022-12-12,2022/23
covid_archive,archive,COVID-19 cases,PL_GRedlarski-DistrictsSum,model,2022-12-19,2022/23
covid_archive,archive,COVID-19 cases,PL_GRedlarski-DistrictsSum,model,2022-12-26,2022/23
covid_archive,archive,COVID-19 cases,PL_GRedlarski-DistrictsSum,model,2023-01-02,2022/23
covid_archive,archive,COVID-19 cases,PL_GRedlarski-DistrictsSum,model,2023-01-09,2022/23
covid_archive,archive,COVID-19 cases,PL_GRedlarski-DistrictsSum,model,2023-01-16,2022/23
covid_archive,archive,COVID-19 cases,PL_GRedlarski-DistrictsSum,model,2023-01-23,2022/23
covid_archive,archive,COVID-19 cases,PL_GRedlarski-DistrictsSum,model,2023-01-30,2022/23
covid_archive,archive,COVID-19 cases,PL_GRedlarski-DistrictsSum,model,2023-02-06,2022/23
covid_archive,archive,COVID-19 cases,PL_GRedlarski-DistrictsSum,model,2023-02-13,2022/23
covid_archive,archive,COVID-19 cases,PL_GRedlarski-DistrictsSum,model,2023-02-20,2022/23
covid_archive,archive,COVID-19 cases,PL_GRedlarski-DistrictsSum,model,2023-02-27,2022/23
covid_archive,archive,COVID-19 cases,PL_GRedlarski-DistrictsSum,model,2023-03-06,2022/23
covid_archive,archive,COVID-19 cases,PL_GRedlarski-DistrictsSum,model,2023-03-13,2022/23
covid_archive,archive,COVID-19 cases,PL_GRedlarski-DistrictsSum,model,2023-03-20,2022/23
covid_archive,archive,COVID-19 cases,PL_GRedlarski-DistrictsSum,model,2023-03-27,2022/23
covid_archive,archive,COVID-19 cases,PL_GRedlarski-DistrictsSum,model,2023-04-03,2022/23
covid_archive,archive,COVID-19 cases,PL_GRedlarski-DistrictsSum,model,2023-04-10,2022/23
covid_archive,archive,COVID-19 cases,PL_GRedlarski-DistrictsSum,model,2023-04-17,2022/23
covid_archive,archive,COVID-19 cases,PL_GRedlarski-DistrictsSum,model,2023-04-24,2022/23
covid_archive,archive,COVID-19 cases,PL_GRedlarski-DistrictsSum,model,2023-05-01,2022/23
covid_archive,archive,COVID-19 cases,PL_GRedlarski-DistrictsSum,model,2023-05-08,2022/23
covid_archive,archive,COVID-19 cases,PL_GRedlarski-DistrictsSum,model,2023-05-15,2022/23
covid_archive,archive,COVID-19 cases,PL_GRedlarski-DistrictsSum,model,2023-05-22,2022/23
covid_archive,archive,COVID-19 cases,PL_GRedlarski-DistrictsSum,model,2023-05-29,2022/23
covid_archive,archive,COVID-19 cases,PL_GRedlarski-DistrictsSum,model,2023-06-05,2022/23
covid_archive,archive,COVID-19 cases,PL_GRedlarski-DistrictsSum,model,2023-06-12,2022/23
covid_archive,archive,COVID-19 cases,PL_GRedlarski-DistrictsSum,model,2023-06-19,2022/23
covid_archive,archive,COVID-19 cases,PL_GRedlarski-DistrictsSum,model,2023-06-26,2022/23
covid_archive,archive,COVID-19 cases,PL_GRedlarski-DistrictsSum,model,2023-07-03,2022/23
covid_archive,archive,COVID-19 cases,PL_GRedlarski-DistrictsSum,model,2023-07-10,2022/23
covid_archive,archive,COVID-19 cases,PL_GRedlarski-DistrictsSum,model,2023-07-17,2022/23
covid_archive,archive,COVID-19 cases,PL_GRedlarski-DistrictsSum,model,2023-07-24,2022/23
covid_archive,archive,COVID-19 cases,PL_GRedlarski-DistrictsSum,model,2023-07-31,2022/23
covid_archive,archive,COVID-19 cases,PL_GRedlarski-DistrictsSum,model,2023-08-07,2023/24
covid_archive,archive,COVID-19 cases,PL_GRedlarski-DistrictsSum,model,2023-08-14,2023/24
covid_archive,archive,COVID-19 cases,PL_GRedlarski-DistrictsSum,model,2023-08-21,2023/24
covid_archive,archive,COVID-19 cases,PL_GRedlarski-DistrictsSum,model,2023-08-28,2023/24
covid_archive,archive,COVID-19 cases,PL_GRedlarski-DistrictsSum,model,2023-09-04,2023/24
covid_archive,archive,COVID-19 cases,PL_GRedlarski-DistrictsSum,model,2023-09-11,2023/24
covid_archive,archive,COVID-19 cases,PL_GRedlarski-DistrictsSum,model,2023-09-18,2023/24
covid_archive,archive,COVID-19 cases,PL_GRedlarski-DistrictsSum,model,2023-09-25,2023/24
covid_archive,archive,COVID-19 cases,PL_GRedlarski-DistrictsSum,model,2023-10-02,2023/24
covid_archive,archive,COVID-19 cases,PL_GRedlarski-DistrictsSum,model,2023-10-09,2023/24
covid_archive,archive,COVID-19 cases,PL_GRedlarski-DistrictsSum,model,2023-10-16,2023/24
covid_archive,archive,COVID-19 cases,PL_GRedlarski-DistrictsSum,model,2023-10-23,2023/24
covid_archive,archive,COVID-19 cases,PL_GRedlarski-DistrictsSum,model,2023-10-30,2023/24
covid_archive,archive,COVID-19 cases,PL_GRedlarski-DistrictsSum,model,2023-11-06,2023/24
covid_archive,archive,COVID-19 cases,PL_GRedlarski-DistrictsSum,model,2023-11-13,2023/24
covid_archive,archive,COVID-19 cases,PL_GRedlarski-DistrictsSum,model,2023-11-20,2023/24
covid_archive,archive,COVID-19 cases,PL_GRedlarski-DistrictsSum,model,2023-11-27,2023/24
covid_archive,archive,COVID-19 cases,PL_GRedlarski-DistrictsSum,model,2023-12-04,2023/24
covid_archive,archive,COVID-19 cases,PL_GRedlarski-DistrictsSum,model,2023-12-11,2023/24
covid_archive,archive,COVID-19 cases,PL_GRedlarski-DistrictsSum,model,2023-12-18,2023/24
covid_archive,archive,COVID-19 cases,PL_GRedlarski-DistrictsSum,model,2023-12-25,2023/24
covid_archive,archive,COVID-19 cases,PL_GRedlarski-DistrictsSum,model,2024-01-01,2023/24
covid_archive,archive,COVID-19 cases,PL_GRedlarski-DistrictsSum,model,2024-01-08,2023/24
covid_archive,archive,COVID-19 cases,PL_GRedlarski-DistrictsSum,model,2024-01-15,2023/24
covid_archive,archive,COVID-19 cases,PL_GRedlarski-DistrictsSum,model,2024-01-22,2023/24
covid_archive,archive,COVID-19 cases,PL_GRedlarski-DistrictsSum,model,2024-01-29,2023/24
covid_archive,archive,COVID-19 cases,PL_GRedlarski-DistrictsSum,model,2024-02-05,2023/24
covid_archive,archive,COVID-19 cases,PL_GRedlarski-DistrictsSum,model,2024-02-12,2023/24
covid_archive,archive,COVID-19 cases,PL_GRedlarski-DistrictsSum,model,2024-02-19,2023/24
covid_archive,archive,COVID-19 cases,PL_GRedlarski-DistrictsSum,model,2024-02-26,2023/24
covid_archive,archive,COVID-19 cases,PL_GRedlarski-DistrictsSum,model,2024-03-04,2023/24
covid_archive,archive,COVID-19 cases,PL_GRedlarski-DistrictsSum,model,2024-03-11,2023/24
covid_archive,archive,COVID-19 cases,PL_GRedlarski-DistrictsSum,model,2024-03-18,2023/24
covid_archive,archive,COVID-19 cases,PL_GRedlarski-DistrictsSum,model,2024-03-25,2023/24
covid_archive,archive,COVID-19 cases,PL_GRedlarski-DistrictsSum,model,2024-04-01,2023/24
covid_archive,archive,COVID-19 cases,PL_GRedlarski-DistrictsSum,model,2024-04-08,2023/24
covid_archive,archive,COVID-19 cases,RobertWalraven-ESG,model,2021-03-01,2020/21
covid_archive,archive,COVID-19 cases,RobertWalraven-ESG,model,2021-03-08,2020/21
covid_archive,archive,COVID-19 cases,RobertWalraven-ESG,model,2021-03-15,2020/21
covid_archive,archive,COVID-19 cases,RobertWalraven-ESG,model,2021-03-22,2020/21
covid_archive,archive,COVID-19 cases,RobertWalraven-ESG,model,2021-03-29,2020/21
covid_archive,archive,COVID-19 cases,RobertWalraven-ESG,model,2021-04-05,2020/21
covid_archive,archive,COVID-19 cases,RobertWalraven-ESG,model,2021-04-12,2020/21
covid_archive,archive,COVID-19 cases,RobertWalraven-ESG,model,2021-04-19,2020/21
covid_archive,archive,COVID-19 cases,RobertWalraven-ESG,model,2021-04-26,2020/21
covid_archive,archive,COVID-19 cases,RobertWalraven-ESG,model,2021-05-03,2020/21
covid_archive,archive,COVID-19 cases,RobertWalraven-ESG,model,2021-05-10,2020/21
covid_archive,archive,COVID-19 cases,RobertWalraven-ESG,model,2021-05-17,2020/21
covid_archive,archive,COVID-19 cases,RobertWalraven-ESG,model,2021-05-24,2020/21
covid_archive,archive,COVID-19 cases,RobertWalraven-ESG,model,2021-05-31,2020/21
covid_archive,archive,COVID-19 cases,RobertWalraven-ESG,model,2021-06-07,2020/21
covid_archive,archive,COVID-19 cases,RobertWalraven-ESG,model,2021-06-14,2020/21
covid_archive,archive,COVID-19 cases,RobertWalraven-ESG,model,2021-06-21,2020/21
covid_archive,archive,COVID-19 cases,RobertWalraven-ESG,model,2021-06-28,2020/21
covid_archive,archive,COVID-19 cases,RobertWalraven-ESG,model,2021-07-05,2020/21
covid_archive,archive,COVID-19 cases,RobertWalraven-ESG,model,2021-07-12,2020/21
covid_archive,archive,COVID-19 cases,RobertWalraven-ESG,model,2021-07-19,2020/21
covid_archive,archive,COVID-19 cases,RobertWalraven-ESG,model,2021-07-26,2020/21
covid_archive,archive,COVID-19 cases,RobertWalraven-ESG,model,2021-08-02,2021/22
covid_archive,archive,COVID-19 cases,RobertWalraven-ESG,model,2021-08-09,2021/22
covid_archive,archive,COVID-19 cases,RobertWalraven-ESG,model,2021-08-16,2021/22
covid_archive,archive,COVID-19 cases,RobertWalraven-ESG,model,2021-08-23,2021/22
covid_archive,archive,COVID-19 cases,RobertWalraven-ESG,model,2021-08-30,2021/22
covid_archive,archive,COVID-19 cases,RobertWalraven-ESG,model,2021-09-06,2021/22
covid_archive,archive,COVID-19 cases,RobertWalraven-ESG,model,2021-09-13,2021/22
covid_archive,archive,COVID-19 cases,RobertWalraven-ESG,model,2021-09-20,2021/22
covid_archive,archive,COVID-19 cases,RobertWalraven-ESG,model,2021-09-27,2021/22
covid_archive,archive,COVID-19 cases,RobertWalraven-ESG,model,2021-10-04,2021/22
covid_archive,archive,COVID-19 cases,RobertWalraven-ESG,model,2021-10-11,2021/22
covid_archive,archive,COVID-19 cases,RobertWalraven-ESG,model,2021-10-18,2021/22
covid_archive,archive,COVID-19 cases,RobertWalraven-ESG,model,2021-10-25,2021/22
covid_archive,archive,COVID-19 cases,RobertWalraven-ESG,model,2021-11-01,2021/22
covid_archive,archive,COVID-19 cases,RobertWalraven-ESG,model,2021-11-08,2021/22
covid_archive,archive,COVID-19 cases,RobertWalraven-ESG,model,2021-11-15,2021/22
covid_archive,archive,COVID-19 cases,RobertWalraven-ESG,model,2021-11-22,2021/22
covid_archive,archive,COVID-19 cases,RobertWalraven-ESG,model,2021-11-29,2021/22
covid_archive,archive,COVID-19 cases,RobertWalraven-ESG,model,2021-12-06,2021/22
covid_archive,archive,COVID-19 cases,RobertWalraven-ESG,model,2021-12-13,2021/22
covid_archive,archive,COVID-19 cases,RobertWalraven-ESG,model,2021-12-20,2021/22
covid_archive,archive,COVID-19 cases,RobertWalraven-ESG,model,2021-12-27,2021/22
covid_archive,archive,COVID-19 cases,RobertWalraven-ESG,model,2022-01-03,2021/22
covid_archive,archive,COVID-19 cases,RobertWalraven-ESG,model,2022-01-10,2021/22
covid_archive,archive,COVID-19 cases,RobertWalraven-ESG,model,2022-01-17,2021/22
covid_archive,archive,COVID-19 cases,RobertWalraven-ESG,model,2022-01-24,2021/22
covid_archive,archive,COVID-19 cases,RobertWalraven-ESG,model,2022-01-31,2021/22
covid_archive,archive,COVID-19 cases,RobertWalraven-ESG,model,2022-02-07,2021/22
covid_archive,archive,COVID-19 cases,RobertWalraven-ESG,model,2022-02-14,2021/22
covid_archive,archive,COVID-19 cases,RobertWalraven-ESG,model,2022-02-21,2021/22
covid_archive,archive,COVID-19 cases,RobertWalraven-ESG,model,2022-02-28,2021/22
covid_archive,archive,COVID-19 cases,RobertWalraven-ESG,model,2022-03-07,2021/22
covid_archive,archive,COVID-19 cases,RobertWalraven-ESG,model,2022-03-14,2021/22
covid_archive,archive,COVID-19 cases,RobertWalraven-ESG,model,2022-03-21,2021/22
covid_archive,archive,COVID-19 cases,RobertWalraven-ESG,model,2022-03-28,2021/22
covid_archive,archive,COVID-19 cases,RobertWalraven-ESG,model,2022-04-04,2021/22
covid_archive,archive,COVID-19 cases,RobertWalraven-ESG,model,2022-04-11,2021/22
covid_archive,archive,COVID-19 cases,RobertWalraven-ESG,model,2022-04-18,2021/22
covid_archive,archive,COVID-19 cases,RobertWalraven-ESG,model,2022-04-25,2021/22
covid_archive,archive,COVID-19 cases,RobertWalraven-ESG,model,2022-05-02,2021/22
covid_archive,archive,COVID-19 cases,RobertWalraven-ESG,model,2022-05-16,2021/22
covid_archive,archive,COVID-19 cases,RobertWalraven-ESG,model,2022-05-23,2021/22
covid_archive,archive,COVID-19 cases,RobertWalraven-ESG,model,2022-05-30,2021/22
covid_archive,archive,COVID-19 cases,RobertWalraven-ESG,model,2022-06-06,2021/22
covid_archive,archive,COVID-19 cases,RobertWalraven-ESG,model,2022-06-20,2021/22
covid_archive,archive,COVID-19 cases,RobertWalraven-ESG,model,2022-06-27,2021/22
covid_archive,archive,COVID-19 cases,RobertWalraven-ESG,model,2022-07-04,2021/22
covid_archive,archive,COVID-19 cases,RobertWalraven-ESG,model,2022-07-11,2021/22
covid_archive,archive,COVID-19 cases,RobertWalraven-ESG,model,2022-07-18,2021/22
covid_archive,archive,COVID-19 cases,RobertWalraven-ESG,model,2022-07-25,2021/22
covid_archive,archive,COVID-19 cases,RobertWalraven-ESG,model,2022-08-01,2022/23
covid_archive,archive,COVID-19 cases,RobertWalraven-ESG,model,2022-08-08,2022/23
covid_archive,archive,COVID-19 cases,RobertWalraven-ESG,model,2022-08-15,2022/23
covid_archive,archive,COVID-19 cases,RobertWalraven-ESG,model,2022-08-22,2022/23
covid_archive,archive,COVID-19 cases,RobertWalraven-ESG,model,2022-08-29,2022/23
covid_archive,archive,COVID-19 cases,RobertWalraven-ESG,model,2022-09-05,2022/23
covid_archive,archive,COVID-19 cases,RobertWalraven-ESG,model,2022-09-12,2022/23
covid_archive,archive,COVID-19 cases,RobertWalraven-ESG,model,2022-09-19,2022/23
covid_archive,archive,COVID-19 cases,RobertWalraven-ESG,model,2022-09-26,2022/23
covid_archive,archive,COVID-19 cases,SDSC_ISG-TrendModel,model,2021-03-29,2020/21
covid_archive,archive,COVID-19 cases,SDSC_ISG-TrendModel,model,2021-04-05,2020/21
covid_archive,archive,COVID-19 cases,SDSC_ISG-TrendModel,model,2021-04-12,2020/21
covid_archive,archive,COVID-19 cases,SDSC_ISG-TrendModel,model,2021-04-19,2020/21
covid_archive,archive,COVID-19 cases,SDSC_ISG-TrendModel,model,2021-04-26,2020/21
covid_archive,archive,COVID-19 cases,SDSC_ISG-TrendModel,model,2021-05-03,2020/21
covid_archive,archive,COVID-19 cases,SDSC_ISG-TrendModel,model,2021-05-10,2020/21
covid_archive,archive,COVID-19 cases,SDSC_ISG-TrendModel,model,2021-05-17,2020/21
covid_archive,archive,COVID-19 cases,SDSC_ISG-TrendModel,model,2021-05-24,2020/21
covid_archive,archive,COVID-19 cases,SDSC_ISG-TrendModel,model,2021-05-31,2020/21
covid_archive,archive,COVID-19 cases,SDSC_ISG-TrendModel,model,2021-06-07,2020/21
covid_archive,archive,COVID-19 cases,SDSC_ISG-TrendModel,model,2021-06-14,2020/21
covid_archive,archive,COVID-19 cases,SDSC_ISG-TrendModel,model,2021-06-21,2020/21
covid_archive,archive,COVID-19 cases,SDSC_ISG-TrendModel,model,2021-06-28,2020/21
covid_archive,archive,COVID-19 cases,SDSC_ISG-TrendModel,model,2021-07-05,2020/21
covid_archive,archive,COVID-19 cases,SDSC_ISG-TrendModel,model,2021-07-12,2020/21
covid_archive,archive,COVID-19 cases,SDSC_ISG-TrendModel,model,2021-07-19,2020/21
covid_archive,archive,COVID-19 cases,SDSC_ISG-TrendModel,model,2021-07-26,2020/21
covid_archive,archive,COVID-19 cases,SDSC_ISG-TrendModel,model,2021-08-02,2021/22
covid_archive,archive,COVID-19 cases,SDSC_ISG-TrendModel,model,2021-08-09,2021/22
covid_archive,archive,COVID-19 cases,SDSC_ISG-TrendModel,model,2021-08-16,2021/22
covid_archive,archive,COVID-19 cases,SDSC_ISG-TrendModel,model,2021-08-23,2021/22
covid_archive,archive,COVID-19 cases,SDSC_ISG-TrendModel,model,2021-08-30,2021/22
covid_archive,archive,COVID-19 cases,SDSC_ISG-TrendModel,model,2021-09-06,2021/22
covid_archive,archive,COVID-19 cases,SDSC_ISG-TrendModel,model,2021-09-13,2021/22
covid_archive,archive,COVID-19 cases,SDSC_ISG-TrendModel,model,2021-09-20,2021/22
covid_archive,archive,COVID-19 cases,SDSC_ISG-TrendModel,model,2021-09-27,2021/22
covid_archive,archive,COVID-19 cases,SDSC_ISG-TrendModel,model,2021-10-04,2021/22
covid_archive,archive,COVID-19 cases,SDSC_ISG-TrendModel,model,2021-10-11,2021/22
covid_archive,archive,COVID-19 cases,SDSC_ISG-TrendModel,model,2021-10-18,2021/22
covid_archive,archive,COVID-19 cases,SDSC_ISG-TrendModel,model,2021-10-25,2021/22
covid_archive,archive,COVID-19 cases,SDSC_ISG-TrendModel,model,2021-11-01,2021/22
covid_archive,archive,COVID-19 cases,SDSC_ISG-TrendModel,model,2021-11-08,2021/22
covid_archive,archive,COVID-19 cases,SDSC_ISG-TrendModel,model,2021-11-15,2021/22
covid_archive,archive,COVID-19 cases,SDSC_ISG-TrendModel,model,2021-11-22,2021/22
covid_archive,archive,COVID-19 cases,SDSC_ISG-TrendModel,model,2021-11-29,2021/22
covid_archive,archive,COVID-19 cases,SDSC_ISG-TrendModel,model,2021-12-06,2021/22
covid_archive,archive,COVID-19 cases,SDSC_ISG-TrendModel,model,2021-12-13,2021/22
covid_archive,archive,COVID-19 cases,SDSC_ISG-TrendModel,model,2021-12-20,2021/22
covid_archive,archive,COVID-19 cases,SDSC_ISG-TrendModel,model,2021-12-27,2021/22
covid_archive,archive,COVID-19 cases,SDSC_ISG-TrendModel,model,2022-01-03,2021/22
covid_archive,archive,COVID-19 cases,SDSC_ISG-TrendModel,model,2022-01-10,2021/22
covid_archive,archive,COVID-19 cases,SDSC_ISG-TrendModel,model,2022-01-17,2021/22
covid_archive,archive,COVID-19 cases,SDSC_ISG-TrendModel,model,2022-01-24,2021/22
covid_archive,archive,COVID-19 cases,SDSC_ISG-TrendModel,model,2022-01-31,2021/22
covid_archive,archive,COVID-19 cases,SDSC_ISG-TrendModel,model,2022-02-07,2021/22
covid_archive,archive,COVID-19 cases,SDSC_ISG-TrendModel,model,2022-02-14,2021/22
covid_archive,archive,COVID-19 cases,SDSC_ISG-TrendModel,model,2022-02-21,2021/22
covid_archive,archive,COVID-19 cases,SDSC_ISG-TrendModel,model,2022-02-28,2021/22
covid_archive,archive,COVID-19 cases,SDSC_ISG-TrendModel,model,2022-03-07,2021/22
covid_archive,archive,COVID-19 cases,SDSC_ISG-TrendModel,model,2022-03-14,2021/22
covid_archive,archive,COVID-19 cases,SDSC_ISG-TrendModel,model,2022-03-21,2021/22
covid_archive,archive,COVID-19 cases,SDSC_ISG-TrendModel,model,2022-03-28,2021/22
covid_archive,archive,COVID-19 cases,SDSC_ISG-TrendModel,model,2022-04-04,2021/22
covid_archive,archive,COVID-19 cases,SDSC_ISG-TrendModel,model,2022-04-11,2021/22
covid_archive,archive,COVID-19 cases,SDSC_ISG-TrendModel,model,2022-04-18,2021/22
covid_archive,archive,COVID-19 cases,SDSC_ISG-TrendModel,model,2022-04-25,2021/22
covid_archive,archive,COVID-19 cases,SDSC_ISG-TrendModel,model,2022-05-02,2021/22
covid_archive,archive,COVID-19 cases,SDSC_ISG-TrendModel,model,2022-05-09,2021/22
covid_archive,archive,COVID-19 cases,SDSC_ISG-TrendModel,model,2022-05-16,2021/22
covid_archive,archive,COVID-19 cases,SDSC_ISG-TrendModel,model,2022-05-23,2021/22
covid_archive,archive,COVID-19 cases,SDSC_ISG-TrendModel,model,2022-05-30,2021/22
covid_archive,archive,COVID-19 cases,SDSC_ISG-TrendModel,model,2022-06-06,2021/22
covid_archive,archive,COVID-19 cases,SDSC_ISG-TrendModel,model,2022-06-13,2021/22
covid_archive,archive,COVID-19 cases,SDSC_ISG-TrendModel,model,2022-06-20,2021/22
covid_archive,archive,COVID-19 cases,SDSC_ISG-TrendModel,model,2022-06-27,2021/22
covid_archive,archive,COVID-19 cases,SDSC_ISG-TrendModel,model,2022-07-04,2021/22
covid_archive,archive,COVID-19 cases,SDSC_ISG-TrendModel,model,2022-07-11,2021/22
covid_archive,archive,COVID-19 cases,SDSC_ISG-TrendModel,model,2022-07-18,2021/22
covid_archive,archive,COVID-19 cases,SDSC_ISG-TrendModel,model,2022-07-25,2021/22
covid_archive,archive,COVID-19 cases,SDSC_ISG-TrendModel,model,2022-08-01,2022/23
covid_archive,archive,COVID-19 cases,SDSC_ISG-TrendModel,model,2022-08-08,2022/23
covid_archive,archive,COVID-19 cases,SDSC_ISG-TrendModel,model,2022-08-15,2022/23
covid_archive,archive,COVID-19 cases,SDSC_ISG-TrendModel,model,2022-08-22,2022/23
covid_archive,archive,COVID-19 cases,SDSC_ISG-TrendModel,model,2022-09-05,2022/23
covid_archive,archive,COVID-19 cases,SDSC_ISG-TrendModel,model,2022-09-12,2022/23
covid_archive,archive,COVID-19 cases,SDSC_ISG-TrendModel,model,2022-09-19,2022/23
covid_archive,archive,COVID-19 cases,SDSC_ISG-TrendModel,model,2022-09-26,2022/23
covid_archive,archive,COVID-19 cases,SDSC_ISG-TrendModel,model,2022-10-03,2022/23
covid_archive,archive,COVID-19 cases,SDSC_ISG-TrendModel,model,2022-10-10,2022/23
covid_archive,archive,COVID-19 cases,SDSC_ISG-TrendModel,model,2022-10-17,2022/23
covid_archive,archive,COVID-19 cases,SDSC_ISG-TrendModel,model,2022-10-24,2022/23
covid_archive,archive,COVID-19 cases,SDSC_ISG-TrendModel,model,2022-10-31,2022/23
covid_archive,archive,COVID-19 cases,SDSC_ISG-TrendModel,model,2022-11-07,2022/23
covid_archive,archive,COVID-19 cases,SDSC_ISG-TrendModel,model,2022-11-14,2022/23
covid_archive,archive,COVID-19 cases,SDSC_ISG-TrendModel,model,2022-11-21,2022/23
covid_archive,archive,COVID-19 cases,SDSC_ISG-TrendModel,model,2022-11-28,2022/23
covid_archive,archive,COVID-19 cases,SDSC_ISG-TrendModel,model,2022-12-05,2022/23
covid_archive,archive,COVID-19 cases,SDSC_ISG-TrendModel,model,2022-12-12,2022/23
covid_archive,archive,COVID-19 cases,SDSC_ISG-TrendModel,model,2022-12-19,2022/23
covid_archive,archive,COVID-19 cases,SDSC_ISG-TrendModel,model,2022-12-26,2022/23
covid_archive,archive,COVID-19 cases,SDSC_ISG-TrendModel,model,2023-01-02,2022/23
covid_archive,archive,COVID-19 cases,SDSC_ISG-TrendModel,model,2023-01-09,2022/23
covid_archive,archive,COVID-19 cases,SDSC_ISG-TrendModel,model,2023-01-16,2022/23
covid_archive,archive,COVID-19 cases,SDSC_ISG-TrendModel,model,2023-01-23,2022/23
covid_archive,archive,COVID-19 cases,SDSC_ISG-TrendModel,model,2023-01-30,2022/23
covid_archive,archive,COVID-19 cases,SDSC_ISG-TrendModel,model,2023-02-06,2022/23
covid_archive,archive,COVID-19 cases,SDSC_ISG-TrendModel,model,2023-02-13,2022/23
covid_archive,archive,COVID-19 cases,SDSC_ISG-TrendModel,model,2023-02-20,2022/23
covid_archive,archive,COVID-19 cases,SGroup-RandomForest,model,2023-04-03,2022/23
covid_archive,archive,COVID-19 cases,SGroup-RandomForest,model,2023-04-10,2022/23
covid_archive,archive,COVID-19 cases,SGroup-RandomForest,model,2023-05-01,2022/23
covid_archive,archive,COVID-19 cases,SGroup-RandomForest,model,2023-05-08,2022/23
covid_archive,archive,COVID-19 cases,SGroup-RandomForest,model,2023-05-22,2022/23
covid_archive,archive,COVID-19 cases,SGroup-RandomForest,model,2023-05-29,2022/23
covid_archive,archive,COVID-19 cases,SGroup-RandomForest,model,2023-06-05,2022/23
covid_archive,archive,COVID-19 cases,SGroup-RandomForest,model,2023-06-12,2022/23
covid_archive,archive,COVID-19 cases,SGroup-RandomForest,model,2023-06-19,2022/23
covid_archive,archive,COVID-19 cases,SGroup-RandomForest,model,2023-06-26,2022/23
covid_archive,archive,COVID-19 cases,SGroup-RandomForest,model,2023-07-03,2022/23
covid_archive,archive,COVID-19 cases,SGroup-RandomForest,model,2023-07-10,2022/23
covid_archive,archive,COVID-19 cases,SGroup-RandomForest,model,2023-07-17,2022/23
covid_archive,archive,COVID-19 cases,SGroup-RandomForest,model,2023-07-24,2022/23
covid_archive,archive,COVID-19 cases,SGroup-RandomForest,model,2023-07-31,2022/23
covid_archive,archive,COVID-19 cases,SGroup-RandomForest,model,2023-08-07,2023/24
covid_archive,archive,COVID-19 cases,SGroup-RandomForest,model,2023-08-14,2023/24
covid_archive,archive,COVID-19 cases,SGroup-RandomForest,model,2023-08-21,2023/24
covid_archive,archive,COVID-19 cases,SGroup-RandomForest,model,2023-08-28,2023/24
covid_archive,archive,COVID-19 cases,SGroup-RandomForest,model,2023-09-04,2023/24
covid_archive,archive,COVID-19 cases,SGroup-RandomForest,model,2023-09-11,2023/24
covid_archive,archive,COVID-19 cases,SGroup-RandomForest,model,2023-09-18,2023/24
covid_archive,archive,COVID-19 cases,SGroup-RandomForest,model,2023-09-25,2023/24
covid_archive,archive,COVID-19 cases,SGroup-RandomForest,model,2023-10-02,2023/24
covid_archive,archive,COVID-19 cases,Statgroup19-richards,model,2021-10-18,2021/22
covid_archive,archive,COVID-19 cases,Statgroup19-richards,model,2021-10-25,2021/22
covid_archive,archive,COVID-19 cases,Statgroup19-richards,model,2021-11-01,2021/22
covid_archive,archive,COVID-19 cases,Statgroup19-richards,model,2021-11-08,2021/22
covid_archive,archive,COVID-19 cases,Statgroup19-richards,model,2021-11-15,2021/22
covid_archive,archive,COVID-19 cases,Statgroup19-richards,model,2021-11-22,2021/22
covid_archive,archive,COVID-19 cases,Statgroup19-richards,model,2021-11-29,2021/22
covid_archive,archive,COVID-19 cases,Statgroup19-richards,model,2021-12-06,2021/22
covid_archive,archive,COVID-19 cases,Statgroup19-richards,model,2021-12-13,2021/22
covid_archive,archive,COVID-19 cases,Statgroup19-richards,model,2021-12-20,2021/22
covid_archive,archive,COVID-19 cases,Statgroup19-richards,model,2022-01-31,2021/22
covid_archive,archive,COVID-19 cases,Statgroup19-richards,model,2022-02-07,2021/22
covid_archive,archive,COVID-19 cases,Statgroup19-richards,model,2022-02-14,2021/22
covid_archive,archive,COVID-19 cases,Statgroup19-richards,model,2022-02-21,2021/22
covid_archive,archive,COVID-19 cases,Statgroup19-richards,model,2022-02-28,2021/22
covid_archive,archive,COVID-19 cases,Statgroup19-richards,model,2022-03-07,2021/22
covid_archive,archive,COVID-19 cases,Statgroup19-richards,model,2022-03-14,2021/22
covid_archive,archive,COVID-19 cases,Statgroup19-richards,model,2022-03-21,2021/22
covid_archive,archive,COVID-19 cases,Statgroup19-richards,model,2022-04-04,2021/22
covid_archive,archive,COVID-19 cases,Statgroup19-richards,model,2022-04-11,2021/22
covid_archive,archive,COVID-19 cases,Statgroup19-richards,model,2022-04-25,2021/22
covid_archive,archive,COVID-19 cases,Statgroup19-richards,model,2022-05-02,2021/22
covid_archive,archive,COVID-19 cases,Statgroup19-richards,model,2022-05-09,2021/22
covid_archive,archive,COVID-19 cases,Statgroup19-richards,model,2022-05-30,2021/22
covid_archive,archive,COVID-19 cases,Statgroup19-richards,model,2022-06-06,2021/22
covid_archive,archive,COVID-19 cases,Statgroup19-richards,model,2022-06-13,2021/22
covid_archive,archive,COVID-19 cases,Statgroup19-richards,model,2022-06-20,2021/22
covid_archive,archive,COVID-19 cases,Statgroup19-richards,model,2022-06-27,2021/22
covid_archive,archive,COVID-19 cases,Statgroup19-spatialrichards,model,2021-10-18,2021/22
covid_archive,archive,COVID-19 cases,Statgroup19-spatialrichards,model,2021-10-25,2021/22
covid_archive,archive,COVID-19 cases,Statgroup19-spatialrichards,model,2021-11-01,2021/22
covid_archive,archive,COVID-19 cases,Statgroup19-spatialrichards,model,2021-11-15,2021/22
covid_archive,archive,COVID-19 cases,Statgroup19-spatialrichards,model,2021-11-22,2021/22
covid_archive,archive,COVID-19 cases,Statgroup19-spatialrichards,model,2021-11-29,2021/22
covid_archive,archive,COVID-19 cases,Statgroup19-spatialrichards,model,2021-12-06,2021/22
covid_archive,archive,COVID-19 cases,Statgroup19-spatialrichards,model,2021-12-13,2021/22
covid_archive,archive,COVID-19 cases,Statgroup19-spatialrichards,model,2021-12-20,2021/22
covid_archive,archive,COVID-19 cases,Statgroup19-spatialrichards,model,2022-01-31,2021/22
covid_archive,archive,COVID-19 cases,Statgroup19-spatialrichards,model,2022-02-07,2021/22
covid_archive,archive,COVID-19 cases,Statgroup19-spatialrichards,model,2022-02-14,2021/22
covid_archive,archive,COVID-19 cases,Statgroup19-spatialrichards,model,2022-02-21,2021/22
covid_archive,archive,COVID-19 cases,Statgroup19-spatialrichards,model,2022-02-28,2021/22
covid_archive,archive,COVID-19 cases,Statgroup19-spatialrichards,model,2022-03-07,2021/22
covid_archive,archive,COVID-19 cases,Statgroup19-spatialrichards,model,2022-03-14,2021/22
covid_archive,archive,COVID-19 cases,Statgroup19-spatialrichards,model,2022-03-21,2021/22
covid_archive,archive,COVID-19 cases,Statgroup19-spatialrichards,model,2022-04-04,2021/22
covid_archive,archive,COVID-19 cases,Statgroup19-spatialrichards,model,2022-04-11,2021/22
covid_archive,archive,COVID-19 cases,Statgroup19-spatialrichards,model,2022-04-25,2021/22
covid_archive,archive,COVID-19 cases,Statgroup19-spatialrichards,model,2022-05-02,2021/22
covid_archive,archive,COVID-19 cases,Statgroup19-spatialrichards,model,2022-05-09,2021/22
covid_archive,archive,COVID-19 cases,Statgroup19-spatialrichards,model,2022-05-30,2021/22
covid_archive,archive,COVID-19 cases,Statgroup19-spatialrichards,model,2022-06-06,2021/22
covid_archive,archive,COVID-19 cases,Statgroup19-spatialrichards,model,2022-06-13,2021/22
covid_archive,archive,COVID-19 cases,Statgroup19-spatialrichards,model,2022-06-20,2021/22
covid_archive,archive,COVID-19 cases,Statgroup19-spatialrichards,model,2022-06-27,2021/22
covid_archive,archive,COVID-19 cases,UB-BSLCoV,model,2021-04-26,2020/21
covid_archive,archive,COVID-19 cases,UB-BSLCoV,model,2021-05-03,2020/21
covid_archive,archive,COVID-19 cases,UB-BSLCoV,model,2021-05-10,2020/21
covid_archive,archive,COVID-19 cases,UB-BSLCoV,model,2021-05-17,2020/21
covid_archive,archive,COVID-19 cases,UB-BSLCoV,model,2021-05-24,2020/21
covid_archive,archive,COVID-19 cases,UB-BSLCoV,model,2021-05-31,2020/21
covid_archive,archive,COVID-19 cases,UB-BSLCoV,model,2021-06-07,2020/21
covid_archive,archive,COVID-19 cases,UB-BSLCoV,model,2021-06-14,2020/21
covid_archive,archive,COVID-19 cases,UB-BSLCoV,model,2021-06-21,2020/21
covid_archive,archive,COVID-19 cases,UB-BSLCoV,model,2021-06-28,2020/21
covid_archive,archive,COVID-19 cases,UB-BSLCoV,model,2021-07-05,2020/21
covid_archive,archive,COVID-19 cases,UB-BSLCoV,model,2021-07-12,2020/21
covid_archive,archive,COVID-19 cases,UB-BSLCoV,model,2021-07-19,2020/21
covid_archive,archive,COVID-19 cases,UB-BSLCoV,model,2021-07-26,2020/21
covid_archive,archive,COVID-19 cases,UB-BSLCoV,model,2021-08-02,2021/22
covid_archive,archive,COVID-19 cases,UB-BSLCoV,model,2021-08-09,2021/22
covid_archive,archive,COVID-19 cases,UB-BSLCoV,model,2021-08-16,2021/22
covid_archive,archive,COVID-19 cases,UB-BSLCoV,model,2021-08-23,2021/22
covid_archive,archive,COVID-19 cases,UB-BSLCoV,model,2021-08-30,2021/22
covid_archive,archive,COVID-19 cases,UB-BSLCoV,model,2021-09-06,2021/22
covid_archive,archive,COVID-19 cases,UB-BSLCoV,model,2021-09-13,2021/22
covid_archive,archive,COVID-19 cases,UB-BSLCoV,model,2021-09-20,2021/22
covid_archive,archive,COVID-19 cases,UB-BSLCoV,model,2021-09-27,2021/22
covid_archive,archive,COVID-19 cases,UB-BSLCoV,model,2021-10-04,2021/22
covid_archive,archive,COVID-19 cases,UC3M-EpiGraph,model,2021-12-13,2021/22
covid_archive,archive,COVID-19 cases,UC3M-EpiGraph,model,2021-12-20,2021/22
covid_archive,archive,COVID-19 cases,UC3M-EpiGraph,model,2021-12-27,2021/22
covid_archive,archive,COVID-19 cases,UC3M-EpiGraph,model,2022-01-03,2021/22
covid_archive,archive,COVID-19 cases,UC3M-EpiGraph,model,2022-01-10,2021/22
covid_archive,archive,COVID-19 cases,UC3M-EpiGraph,model,2022-01-17,2021/22
covid_archive,archive,COVID-19 cases,UC3M-EpiGraph,model,2022-01-24,2021/22
covid_archive,archive,COVID-19 cases,UC3M-EpiGraph,model,2022-01-31,2021/22
covid_archive,archive,COVID-19 cases,UC3M-EpiGraph,model,2022-02-07,2021/22
covid_archive,archive,COVID-19 cases,UC3M-EpiGraph,model,2022-02-14,2021/22
covid_archive,archive,COVID-19 cases,UC3M-EpiGraph,model,2022-02-21,2021/22
covid_archive,archive,COVID-19 cases,UC3M-EpiGraph,model,2022-02-28,2021/22
covid_archive,archive,COVID-19 cases,UC3M-EpiGraph,model,2022-03-07,2021/22
covid_archive,archive,COVID-19 cases,UC3M-EpiGraph,model,2022-03-14,2021/22
covid_archive,archive,COVID-19 cases,UC3M-EpiGraph,model,2022-03-21,2021/22
covid_archive,archive,COVID-19 cases,UC3M-EpiGraph,model,2022-04-04,2021/22
covid_archive,archive,COVID-19 cases,UC3M-EpiGraph,model,2022-04-11,2021/22
covid_archive,archive,COVID-19 cases,UC3M-EpiGraph,model,2022-04-18,2021/22
covid_archive,archive,COVID-19 cases,UC3M-EpiGraph,model,2022-04-25,2021/22
covid_archive,archive,COVID-19 cases,UC3M-EpiGraph,model,2022-06-20,2021/22
covid_archive,archive,COVID-19 cases,UC3M-EpiGraph,model,2022-06-27,2021/22
covid_archive,archive,COVID-19 cases,UC3M-EpiGraph,model,2022-07-04,2021/22
covid_archive,archive,COVID-19 cases,UC3M-EpiGraph,model,2022-07-11,2021/22
covid_archive,archive,COVID-19 cases,UC3M-EpiGraph,model,2022-07-18,2021/22
covid_archive,archive,COVID-19 cases,UC3M-EpiGraph,model,2022-07-25,2021/22
covid_archive,archive,COVID-19 cases,UC3M-EpiGraph,model,2022-08-01,2022/23
covid_archive,archive,COVID-19 cases,UC3M-EpiGraph,model,2022-08-29,2022/23
covid_archive,archive,COVID-19 cases,UC3M-EpiGraph,model,2022-09-05,2022/23
covid_archive,archive,COVID-19 cases,UC3M-EpiGraph,model,2022-09-19,2022/23
covid_archive,archive,COVID-19 cases,UC3M-EpiGraph,model,2022-09-26,2022/23
covid_archive,archive,COVID-19 cases,UC3M-EpiGraph,model,2022-10-03,2022/23
covid_archive,archive,COVID-19 cases,UC3M-EpiGraph,model,2022-10-10,2022/23
covid_archive,archive,COVID-19 cases,UC3M-EpiGraph,model,2022-10-17,2022/23
covid_archive,archive,COVID-19 cases,UC3M-EpiGraph,model,2022-10-24,2022/23
covid_archive,archive,COVID-19 cases,UC3M-EpiGraph,model,2022-11-14,2022/23
covid_archive,archive,COVID-19 cases,UC3M-EpiGraph,model,2022-11-21,2022/23
covid_archive,archive,COVID-19 cases,UC3M-EpiGraph,model,2022-11-28,2022/23
covid_archive,archive,COVID-19 cases,UC3M-EpiGraph,model,2022-12-05,2022/23
covid_archive,archive,COVID-19 cases,UC3M-EpiGraph,model,2022-12-12,2022/23
covid_archive,archive,COVID-19 cases,UC3M-EpiGraph,model,2022-12-19,2022/23
covid_archive,archive,COVID-19 cases,UC3M-EpiGraph,model,2023-01-09,2022/23
covid_archive,archive,COVID-19 cases,UC3M-EpiGraph,model,2023-01-16,2022/23
covid_archive,archive,COVID-19 cases,UC3M-EpiGraph,model,2023-01-23,2022/23
covid_archive,archive,COVID-19 cases,UC3M-EpiGraph,model,2023-01-30,2022/23
covid_archive,archive,COVID-19 cases,UC3M-EpiGraph,model,2023-02-06,2022/23
covid_archive,archive,COVID-19 cases,UC3M-EpiGraph,model,2023-02-13,2022/23
covid_archive,archive,COVID-19 cases,UC3M-EpiGraph,model,2023-02-20,2022/23
covid_archive,archive,COVID-19 cases,UC3M-EpiGraph,model,2023-02-27,2022/23
covid_archive,archive,COVID-19 cases,UC3M-EpiGraph,model,2023-03-06,2022/23
covid_archive,archive,COVID-19 cases,UC3M-EpiGraph,model,2023-03-13,2022/23
covid_archive,archive,COVID-19 cases,UC3M-EpiGraph,model,2023-03-27,2022/23
covid_archive,archive,COVID-19 cases,UC3M-EpiGraph,model,2023-04-03,2022/23
covid_archive,archive,COVID-19 cases,UC3M-EpiGraph,model,2023-04-10,2022/23
covid_archive,archive,COVID-19 cases,UC3M-EpiGraph,model,2023-04-17,2022/23
covid_archive,archive,COVID-19 cases,UC3M-EpiGraph,model,2023-05-01,2022/23
covid_archive,archive,COVID-19 cases,UC3M-EpiGraph,model,2023-06-05,2022/23
covid_archive,archive,COVID-19 cases,UC3M-EpiGraph,model,2023-06-12,2022/23
covid_archive,archive,COVID-19 cases,UC3M-EpiGraph,model,2023-06-19,2022/23
covid_archive,archive,COVID-19 cases,UC3M-EpiGraph,model,2023-07-03,2022/23
covid_archive,archive,COVID-19 cases,UC3M-EpiGraph,model,2023-07-10,2022/23
covid_archive,archive,COVID-19 cases,UC3M-EpiGraph,model,2023-08-28,2023/24
covid_archive,archive,COVID-19 cases,UC3M-EpiGraph,model,2023-09-04,2023/24
covid_archive,archive,COVID-19 cases,ULZF-SEIRC19SI,model,2021-11-15,2021/22
covid_archive,archive,COVID-19 cases,ULZF-SEIRC19SI,model,2021-11-22,2021/22
covid_archive,archive,COVID-19 cases,ULZF-SEIRC19SI,model,2021-11-29,2021/22
covid_archive,archive,COVID-19 cases,ULZF-SEIRC19SI,model,2021-12-06,2021/22
covid_archive,archive,COVID-19 cases,ULZF-SEIRC19SI,model,2021-12-13,2021/22
covid_archive,archive,COVID-19 cases,ULZF-SEIRC19SI,model,2021-12-20,2021/22
covid_archive,archive,COVID-19 cases,ULZF-SEIRC19SI,model,2021-12-27,2021/22
covid_archive,archive,COVID-19 cases,ULZF-SEIRC19SI,model,2022-01-03,2021/22
covid_archive,archive,COVID-19 cases,ULZF-SEIRC19SI,model,2022-01-10,2021/22
covid_archive,archive,COVID-19 cases,ULZF-SEIRC19SI,model,2022-01-17,2021/22
covid_archive,archive,COVID-19 cases,ULZF-SEIRC19SI,model,2022-01-24,2021/22
covid_archive,archive,COVID-19 cases,ULZF-SEIRC19SI,model,2022-01-31,2021/22
covid_archive,archive,COVID-19 cases,ULZF-SEIRC19SI,model,2022-02-07,2021/22
covid_archive,archive,COVID-19 cases,ULZF-SEIRC19SI,model,2022-02-14,2021/22
covid_archive,archive,COVID-19 cases,ULZF-SEIRC19SI,model,2022-02-21,2021/22
covid_archive,archive,COVID-19 cases,ULZF-SEIRC19SI,model,2022-02-28,2021/22
covid_archive,archive,COVID-19 cases,ULZF-SEIRC19SI,model,2022-03-07,2021/22
covid_archive,archive,COVID-19 cases,ULZF-SEIRC19SI,model,2022-03-14,2021/22
covid_archive,archive,COVID-19 cases,ULZF-SEIRC19SI,model,2022-03-21,2021/22
covid_archive,archive,COVID-19 cases,ULZF-SEIRC19SI,model,2022-03-28,2021/22
covid_archive,archive,COVID-19 cases,ULZF-SEIRC19SI,model,2022-04-04,2021/22
covid_archive,archive,COVID-19 cases,ULZF-SEIRC19SI,model,2022-04-11,2021/22
covid_archive,archive,COVID-19 cases,ULZF-SEIRC19SI,model,2022-04-18,2021/22
covid_archive,archive,COVID-19 cases,ULZF-SEIRC19SI,model,2022-04-25,2021/22
covid_archive,archive,COVID-19 cases,ULZF-SEIRC19SI,model,2022-05-02,2021/22
covid_archive,archive,COVID-19 cases,ULZF-SEIRC19SI,model,2022-05-09,2021/22
covid_archive,archive,COVID-19 cases,ULZF-SEIRC19SI,model,2022-05-16,2021/22
covid_archive,archive,COVID-19 cases,ULZF-SEIRC19SI,model,2022-05-23,2021/22
covid_archive,archive,COVID-19 cases,ULZF-SEIRC19SI,model,2022-05-30,2021/22
covid_archive,archive,COVID-19 cases,ULZF-SEIRC19SI,model,2022-06-06,2021/22
covid_archive,archive,COVID-19 cases,ULZF-SEIRC19SI,model,2022-06-13,2021/22
covid_archive,archive,COVID-19 cases,ULZF-SEIRC19SI,model,2022-06-20,2021/22
covid_archive,archive,COVID-19 cases,ULZF-SEIRC19SI,model,2022-06-27,2021/22
covid_archive,archive,COVID-19 cases,ULZF-SEIRC19SI,model,2022-07-04,2021/22
covid_archive,archive,COVID-19 cases,ULZF-SEIRC19SI,model,2022-07-11,2021/22
covid_archive,archive,COVID-19 cases,ULZF-SEIRC19SI,model,2022-07-18,2021/22
covid_archive,archive,COVID-19 cases,ULZF-SEIRC19SI,model,2022-07-25,2021/22
covid_archive,archive,COVID-19 cases,ULZF-SEIRC19SI,model,2022-08-01,2022/23
covid_archive,archive,COVID-19 cases,ULZF-SEIRC19SI,model,2022-08-08,2022/23
covid_archive,archive,COVID-19 cases,ULZF-SEIRC19SI,model,2022-08-15,2022/23
covid_archive,archive,COVID-19 cases,ULZF-SEIRC19SI,model,2022-08-22,2022/23
covid_archive,archive,COVID-19 cases,ULZF-SEIRC19SI,model,2022-08-29,2022/23
covid_archive,archive,COVID-19 cases,ULZF-SEIRC19SI,model,2022-09-05,2022/23
covid_archive,archive,COVID-19 cases,ULZF-SEIRC19SI,model,2022-09-12,2022/23
covid_archive,archive,COVID-19 cases,ULZF-SEIRC19SI,model,2022-09-19,2022/23
covid_archive,archive,COVID-19 cases,ULZF-SEIRC19SI,model,2022-09-26,2022/23
covid_archive,archive,COVID-19 cases,ULZF-SEIRC19SI,model,2022-10-10,2022/23
covid_archive,archive,COVID-19 cases,ULZF-SEIRC19SI,model,2022-10-17,2022/23
covid_archive,archive,COVID-19 cases,ULZF-SEIRC19SI,model,2022-10-31,2022/23
covid_archive,archive,COVID-19 cases,ULZF-SEIRC19SI,model,2022-11-07,2022/23
covid_archive,archive,COVID-19 cases,ULZF-SEIRC19SI,model,2022-11-14,2022/23
covid_archive,archive,COVID-19 cases,ULZF-SEIRC19SI,model,2022-11-21,2022/23
covid_archive,archive,COVID-19 cases,ULZF-SEIRC19SI,model,2022-11-28,2022/23
covid_archive,archive,COVID-19 cases,ULZF-SEIRC19SI,model,2022-12-05,2022/23
covid_archive,archive,COVID-19 cases,ULZF-SEIRC19SI,model,2022-12-12,2022/23
covid_archive,archive,COVID-19 cases,ULZF-SEIRC19SI,model,2022-12-19,2022/23
covid_archive,archive,COVID-19 cases,ULZF-SEIRC19SI,model,2023-01-02,2022/23
covid_archive,archive,COVID-19 cases,ULZF-SEIRC19SI,model,2023-01-09,2022/23
covid_archive,archive,COVID-19 cases,ULZF-SEIRC19SI,model,2023-01-16,2022/23
covid_archive,archive,COVID-19 cases,ULZF-SEIRC19SI,model,2023-01-23,2022/23
covid_archive,archive,COVID-19 cases,ULZF-SEIRC19SI,model,2023-01-30,2022/23
covid_archive,archive,COVID-19 cases,ULZF-SEIRC19SI,model,2023-02-06,2022/23
covid_archive,archive,COVID-19 cases,ULZF-SEIRC19SI,model,2023-02-13,2022/23
covid_archive,archive,COVID-19 cases,ULZF-SEIRC19SI,model,2023-02-20,2022/23
covid_archive,archive,COVID-19 cases,ULZF-SEIRC19SI,model,2023-03-20,2022/23
covid_archive,archive,COVID-19 cases,ULZF-SEIRC19SI,model,2023-03-27,2022/23
covid_archive,archive,COVID-19 cases,ULZF-SEIRC19SI,model,2023-04-03,2022/23
covid_archive,archive,COVID-19 cases,UMass-SemiMech,model,2021-03-22,2020/21
covid_archive,archive,COVID-19 cases,UMass-SemiMech,model,2021-03-29,2020/21
covid_archive,archive,COVID-19 cases,UMass-SemiMech,model,2021-04-05,2020/21
covid_archive,archive,COVID-19 cases,UMass-SemiMech,model,2021-04-12,2020/21
covid_archive,archive,COVID-19 cases,UMass-SemiMech,model,2021-04-19,2020/21
covid_archive,archive,COVID-19 cases,UMass-SemiMech,model,2021-04-26,2020/21
covid_archive,archive,COVID-19 cases,UMass-SemiMech,model,2021-05-03,2020/21
covid_archive,archive,COVID-19 cases,UMass-SemiMech,model,2021-05-10,2020/21
covid_archive,archive,COVID-19 cases,UMass-SemiMech,model,2021-05-17,2020/21
covid_archive,archive,COVID-19 cases,UMass-SemiMech,model,2021-05-24,2020/21
covid_archive,archive,COVID-19 cases,UMass-SemiMech,model,2021-05-31,2020/21
covid_archive,archive,COVID-19 cases,UMass-SemiMech,model,2021-06-07,2020/21
covid_archive,archive,COVID-19 cases,UMass-SemiMech,model,2021-06-14,2020/21
covid_archive,archive,COVID-19 cases,UMass-SemiMech,model,2021-06-21,2020/21
covid_archive,archive,COVID-19 cases,UMass-SemiMech,model,2021-06-28,2020/21
covid_archive,archive,COVID-19 cases,UNED-PreCoV2,model,2021-03-08,2020/21
covid_archive,archive,COVID-19 cases,UNED-PreCoV2,model,2021-03-15,2020/21
covid_archive,archive,COVID-19 cases,UNED-PreCoV2,model,2021-03-22,2020/21
covid_archive,archive,COVID-19 cases,UNED-PreCoV2,model,2021-03-29,2020/21
covid_archive,archive,COVID-19 cases,UNED-PreCoV2,model,2021-04-05,2020/21
covid_archive,archive,COVID-19 cases,UNED-PreCoV2,model,2021-04-12,2020/21
covid_archive,archive,COVID-19 cases,UNED-PreCoV2,model,2021-04-19,2020/21
covid_archive,archive,COVID-19 cases,UNED-PreCoV2,model,2021-04-26,2020/21
covid_archive,archive,COVID-19 cases,UNED-PreCoV2,model,2021-05-03,2020/21
covid_archive,archive,COVID-19 cases,UNED-PreCoV2,model,2021-05-10,2020/21
covid_archive,archive,COVID-19 cases,UNED-PreCoV2,model,2021-05-17,2020/21
covid_archive,archive,COVID-19 cases,UNED-PreCoV2,model,2021-05-24,2020/21
covid_archive,archive,COVID-19 cases,UNED-PreCoV2,model,2021-05-31,2020/21
covid_archive,archive,COVID-19 cases,UNED-PreCoV2,model,2021-06-07,2020/21
covid_archive,archive,COVID-19 cases,UNED-PreCoV2,model,2021-06-14,2020/21
covid_archive,archive,COVID-19 cases,UNED-PreCoV2,model,2021-06-21,2020/21
covid_archive,archive,COVID-19 cases,UNED-PreCoV2,model,2021-06-28,2020/21
covid_archive,archive,COVID-19 cases,UNED-PreCoV2,model,2021-07-05,2020/21
covid_archive,archive,COVID-19 cases,UNED-PreCoV2,model,2021-07-12,2020/21
covid_archive,archive,COVID-19 cases,UNED-PreCoV2,model,2021-07-19,2020/21
covid_archive,archive,COVID-19 cases,UNED-PreCoV2,model,2021-07-26,2020/21
covid_archive,archive,COVID-19 cases,UNED-PreCoV2,model,2021-08-02,2021/22
covid_archive,archive,COVID-19 cases,UNED-PreCoV2,model,2021-08-09,2021/22
covid_archive,archive,COVID-19 cases,UNED-PreCoV2,model,2021-08-16,2021/22
covid_archive,archive,COVID-19 cases,UNED-PreCoV2,model,2021-08-23,2021/22
covid_archive,archive,COVID-19 cases,UNED-PreCoV2,model,2021-08-30,2021/22
covid_archive,archive,COVID-19 cases,UNED-PreCoV2,model,2021-09-06,2021/22
covid_archive,archive,COVID-19 cases,UNED-PreCoV2,model,2021-09-13,2021/22
covid_archive,archive,COVID-19 cases,UNED-PreCoV2,model,2021-09-20,2021/22
covid_archive,archive,COVID-19 cases,UNED-PreCoV2,model,2021-09-27,2021/22
covid_archive,archive,COVID-19 cases,UNED-PreCoV2,model,2021-10-04,2021/22
covid_archive,archive,COVID-19 cases,UNED-PreCoV2,model,2021-10-11,2021/22
covid_archive,archive,COVID-19 cases,UNED-PreCoV2,model,2021-10-18,2021/22
covid_archive,archive,COVID-19 cases,UNED-PreCoV2,model,2021-10-25,2021/22
covid_archive,archive,COVID-19 cases,UNED-PreCoV2,model,2021-11-01,2021/22
covid_archive,archive,COVID-19 cases,UNED-PreCoV2,model,2021-11-15,2021/22
covid_archive,archive,COVID-19 cases,UNED-PreCoV2,model,2021-11-22,2021/22
covid_archive,archive,COVID-19 cases,UNED-PreCoV2,model,2021-11-29,2021/22
covid_archive,archive,COVID-19 cases,UNED-PreCoV2,model,2021-12-06,2021/22
covid_archive,archive,COVID-19 cases,UNED-PreCoV2,model,2022-01-03,2021/22
covid_archive,archive,COVID-19 cases,UNED-PreCoV2,model,2022-01-10,2021/22
covid_archive,archive,COVID-19 cases,UNED-PreCoV2,model,2022-01-24,2021/22
covid_archive,archive,COVID-19 cases,UNED-PreCoV2,model,2022-01-31,2021/22
covid_archive,archive,COVID-19 cases,UNED-PreCoV2,model,2022-02-07,2021/22
covid_archive,archive,COVID-19 cases,UNED-PreCoV2,model,2022-02-14,2021/22
covid_archive,archive,COVID-19 cases,UNED-PreCoV2,model,2022-02-21,2021/22
covid_archive,archive,COVID-19 cases,UNED-PreCoV2,model,2022-02-28,2021/22
covid_archive,archive,COVID-19 cases,UNED-PreCoV2,model,2022-03-07,2021/22
covid_archive,archive,COVID-19 cases,UNED-PreCoV2,model,2022-03-14,2021/22
covid_archive,archive,COVID-19 cases,UNED-PreCoV2,model,2022-03-21,2021/22
covid_archive,archive,COVID-19 cases,UNED-PreCoV2,model,2022-03-28,2021/22
covid_archive,archive,COVID-19 cases,UNED-PreCoV2,model,2022-04-04,2021/22
covid_archive,archive,COVID-19 cases,UNIPV-BayesINGARCHX,model,2021-03-08,2020/21
covid_archive,archive,COVID-19 cases,UNIPV-BayesINGARCHX,model,2021-03-15,2020/21
covid_archive,archive,COVID-19 cases,UNIPV-BayesINGARCHX,model,2021-03-22,2020/21
covid_archive,archive,COVID-19 cases,UNIPV-BayesINGARCHX,model,2021-03-29,2020/21
covid_archive,archive,COVID-19 cases,UNIPV-BayesINGARCHX,model,2021-04-05,2020/21
covid_archive,archive,COVID-19 cases,UNIPV-BayesINGARCHX,model,2021-04-12,2020/21
covid_archive,archive,COVID-19 cases,UNIPV-BayesINGARCHX,model,2021-04-19,2020/21
covid_archive,archive,COVID-19 cases,UNIPV-BayesINGARCHX,model,2021-04-26,2020/21
covid_archive,archive,COVID-19 cases,UNIPV-BayesINGARCHX,model,2021-05-03,2020/21
covid_archive,archive,COVID-19 cases,UNIPV-BayesINGARCHX,model,2021-05-10,2020/21
covid_archive,archive,COVID-19 cases,UNIPV-BayesINGARCHX,model,2021-05-17,2020/21
covid_archive,archive,COVID-19 cases,UNIPV-BayesINGARCHX,model,2021-05-24,2020/21
covid_archive,archive,COVID-19 cases,UNIPV-BayesINGARCHX,model,2021-05-31,2020/21
covid_archive,archive,COVID-19 cases,UNIPV-BayesINGARCHX,model,2021-06-07,2020/21
covid_archive,archive,COVID-19 cases,UNIPV-BayesINGARCHX,model,2021-06-14,2020/21
covid_archive,archive,COVID-19 cases,UNIPV-BayesINGARCHX,model,2021-06-21,2020/21
covid_archive,archive,COVID-19 cases,UNIPV-BayesINGARCHX,model,2021-06-28,2020/21
covid_archive,archive,COVID-19 cases,UNIPV-BayesINGARCHX,model,2021-07-05,2020/21
covid_archive,archive,COVID-19 cases,UNIPV-BayesINGARCHX,model,2021-07-19,2020/21
covid_archive,archive,COVID-19 cases,UNIPV-BayesINGARCHX,model,2021-07-26,2020/21
covid_archive,archive,COVID-19 cases,UNIPV-BayesINGARCHX,model,2021-08-02,2021/22
covid_archive,archive,COVID-19 cases,UNIPV-BayesINGARCHX,model,2021-08-09,2021/22
covid_archive,archive,COVID-19 cases,UNIPV-BayesINGARCHX,model,2021-08-16,2021/22
covid_archive,archive,COVID-19 cases,UNIPV-BayesINGARCHX,model,2021-08-23,2021/22
covid_archive,archive,COVID-19 cases,UNIPV-BayesINGARCHX,model,2021-08-30,2021/22
covid_archive,archive,COVID-19 cases,UNIPV-BayesINGARCHX,model,2021-09-06,2021/22
covid_archive,archive,COVID-19 cases,UNIPV-BayesINGARCHX,model,2021-09-13,2021/22
covid_archive,archive,COVID-19 cases,UNIPV-BayesINGARCHX,model,2021-09-20,2021/22
covid_archive,archive,COVID-19 cases,UNIPV-BayesINGARCHX,model,2021-10-04,2021/22
covid_archive,archive,COVID-19 cases,UNIPV-BayesINGARCHX,model,2021-10-11,2021/22
covid_archive,archive,COVID-19 cases,UNIPV-BayesINGARCHX,model,2021-10-18,2021/22
covid_archive,archive,COVID-19 cases,UNIPV-BayesINGARCHX,model,2021-10-25,2021/22
covid_archive,archive,COVID-19 cases,UNIPV-BayesINGARCHX,model,2021-11-01,2021/22
covid_archive,archive,COVID-19 cases,UNIPV-BayesINGARCHX,model,2021-11-08,2021/22
covid_archive,archive,COVID-19 cases,UNIPV-BayesINGARCHX,model,2021-11-15,2021/22
covid_archive,archive,COVID-19 cases,UNIPV-BayesINGARCHX,model,2021-11-22,2021/22
covid_archive,archive,COVID-19 cases,UNIPV-BayesINGARCHX,model,2021-11-29,2021/22
covid_archive,archive,COVID-19 cases,USC-SIkJalpha,model,2021-02-08,2020/21
covid_archive,archive,COVID-19 cases,USC-SIkJalpha,model,2021-02-15,2020/21
covid_archive,archive,COVID-19 cases,USC-SIkJalpha,model,2021-02-22,2020/21
covid_archive,archive,COVID-19 cases,USC-SIkJalpha,model,2021-03-01,2020/21
covid_archive,archive,COVID-19 cases,USC-SIkJalpha,model,2021-03-08,2020/21
covid_archive,archive,COVID-19 cases,USC-SIkJalpha,model,2021-03-15,2020/21
covid_archive,archive,COVID-19 cases,USC-SIkJalpha,model,2021-03-22,2020/21
covid_archive,archive,COVID-19 cases,USC-SIkJalpha,model,2021-03-29,2020/21
covid_archive,archive,COVID-19 cases,USC-SIkJalpha,model,2021-04-05,2020/21
covid_archive,archive,COVID-19 cases,USC-SIkJalpha,model,2021-04-12,2020/21
covid_archive,archive,COVID-19 cases,USC-SIkJalpha,model,2021-04-19,2020/21
covid_archive,archive,COVID-19 cases,USC-SIkJalpha,model,2021-04-26,2020/21
covid_archive,archive,COVID-19 cases,USC-SIkJalpha,model,2021-05-03,2020/21
covid_archive,archive,COVID-19 cases,USC-SIkJalpha,model,2021-05-10,2020/21
covid_archive,archive,COVID-19 cases,USC-SIkJalpha,model,2021-05-17,2020/21
covid_archive,archive,COVID-19 cases,USC-SIkJalpha,model,2021-05-24,2020/21
covid_archive,archive,COVID-19 cases,USC-SIkJalpha,model,2021-05-31,2020/21
covid_archive,archive,COVID-19 cases,USC-SIkJalpha,model,2021-06-07,2020/21
covid_archive,archive,COVID-19 cases,USC-SIkJalpha,model,2021-06-14,2020/21
covid_archive,archive,COVID-19 cases,USC-SIkJalpha,model,2021-06-21,2020/21
covid_archive,archive,COVID-19 cases,USC-SIkJalpha,model,2021-06-28,2020/21
covid_archive,archive,COVID-19 cases,USC-SIkJalpha,model,2021-07-05,2020/21
covid_archive,archive,COVID-19 cases,USC-SIkJalpha,model,2021-07-12,2020/21
covid_archive,archive,COVID-19 cases,USC-SIkJalpha,model,2021-07-19,2020/21
covid_archive,archive,COVID-19 cases,USC-SIkJalpha,model,2021-07-26,2020/21
covid_archive,archive,COVID-19 cases,USC-SIkJalpha,model,2021-08-02,2021/22
covid_archive,archive,COVID-19 cases,USC-SIkJalpha,model,2021-08-09,2021/22
covid_archive,archive,COVID-19 cases,USC-SIkJalpha,model,2021-08-16,2021/22
covid_archive,archive,COVID-19 cases,USC-SIkJalpha,model,2021-08-23,2021/22
covid_archive,archive,COVID-19 cases,USC-SIkJalpha,model,2021-08-30,2021/22
covid_archive,archive,COVID-19 cases,USC-SIkJalpha,model,2021-09-06,2021/22
covid_archive,archive,COVID-19 cases,USC-SIkJalpha,model,2021-09-13,2021/22
covid_archive,archive,COVID-19 cases,USC-SIkJalpha,model,2021-09-20,2021/22
covid_archive,archive,COVID-19 cases,USC-SIkJalpha,model,2021-09-27,2021/22
covid_archive,archive,COVID-19 cases,USC-SIkJalpha,model,2021-10-04,2021/22
covid_archive,archive,COVID-19 cases,USC-SIkJalpha,model,2021-10-11,2021/22
covid_archive,archive,COVID-19 cases,USC-SIkJalpha,model,2021-10-18,2021/22
covid_archive,archive,COVID-19 cases,USC-SIkJalpha,model,2021-10-25,2021/22
covid_archive,archive,COVID-19 cases,USC-SIkJalpha,model,2021-11-01,2021/22
covid_archive,archive,COVID-19 cases,USC-SIkJalpha,model,2021-11-08,2021/22
covid_archive,archive,COVID-19 cases,USC-SIkJalpha,model,2021-11-15,2021/22
covid_archive,archive,COVID-19 cases,USC-SIkJalpha,model,2021-11-22,2021/22
covid_archive,archive,COVID-19 cases,USC-SIkJalpha,model,2021-11-29,2021/22
covid_archive,archive,COVID-19 cases,USC-SIkJalpha,model,2021-12-06,2021/22
covid_archive,archive,COVID-19 cases,USC-SIkJalpha,model,2021-12-13,2021/22
covid_archive,archive,COVID-19 cases,USC-SIkJalpha,model,2021-12-20,2021/22
covid_archive,archive,COVID-19 cases,USC-SIkJalpha,model,2021-12-27,2021/22
covid_archive,archive,COVID-19 cases,USC-SIkJalpha,model,2022-01-03,2021/22
covid_archive,archive,COVID-19 cases,USC-SIkJalpha,model,2022-01-10,2021/22
covid_archive,archive,COVID-19 cases,USC-SIkJalpha,model,2022-01-17,2021/22
covid_archive,archive,COVID-19 cases,USC-SIkJalpha,model,2022-01-24,2021/22
covid_archive,archive,COVID-19 cases,USC-SIkJalpha,model,2022-01-31,2021/22
covid_archive,archive,COVID-19 cases,USC-SIkJalpha,model,2022-02-07,2021/22
covid_archive,archive,COVID-19 cases,USC-SIkJalpha,model,2022-02-14,2021/22
covid_archive,archive,COVID-19 cases,USC-SIkJalpha,model,2022-02-21,2021/22
covid_archive,archive,COVID-19 cases,USC-SIkJalpha,model,2022-02-28,2021/22
covid_archive,archive,COVID-19 cases,USC-SIkJalpha,model,2022-03-07,2021/22
covid_archive,archive,COVID-19 cases,USC-SIkJalpha,model,2022-03-14,2021/22
covid_archive,archive,COVID-19 cases,USC-SIkJalpha,model,2022-03-21,2021/22
covid_archive,archive,COVID-19 cases,USC-SIkJalpha,model,2022-03-28,2021/22
covid_archive,archive,COVID-19 cases,USC-SIkJalpha,model,2022-04-04,2021/22
covid_archive,archive,COVID-19 cases,USC-SIkJalpha,model,2022-04-11,2021/22
covid_archive,archive,COVID-19 cases,USC-SIkJalpha,model,2022-04-18,2021/22
covid_archive,archive,COVID-19 cases,USC-SIkJalpha,model,2022-04-25,2021/22
covid_archive,archive,COVID-19 cases,USC-SIkJalpha,model,2022-05-02,2021/22
covid_archive,archive,COVID-19 cases,USC-SIkJalpha,model,2022-05-09,2021/22
covid_archive,archive,COVID-19 cases,USC-SIkJalpha,model,2022-05-16,2021/22
covid_archive,archive,COVID-19 cases,USC-SIkJalpha,model,2022-05-23,2021/22
covid_archive,archive,COVID-19 cases,USC-SIkJalpha,model,2022-05-30,2021/22
covid_archive,archive,COVID-19 cases,USC-SIkJalpha,model,2022-06-06,2021/22
covid_archive,archive,COVID-19 cases,USC-SIkJalpha,model,2022-06-13,2021/22
covid_archive,archive,COVID-19 cases,USC-SIkJalpha,model,2022-06-20,2021/22
covid_archive,archive,COVID-19 cases,USC-SIkJalpha,model,2022-06-27,2021/22
covid_archive,archive,COVID-19 cases,USC-SIkJalpha,model,2022-07-04,2021/22
covid_archive,archive,COVID-19 cases,USC-SIkJalpha,model,2022-07-11,2021/22
covid_archive,archive,COVID-19 cases,USC-SIkJalpha,model,2022-07-18,2021/22
covid_archive,archive,COVID-19 cases,USC-SIkJalpha,model,2022-07-25,2021/22
covid_archive,archive,COVID-19 cases,USC-SIkJalpha,model,2022-08-01,2022/23
covid_archive,archive,COVID-19 cases,USC-SIkJalpha,model,2022-08-08,2022/23
covid_archive,archive,COVID-19 cases,USC-SIkJalpha,model,2022-08-15,2022/23
covid_archive,archive,COVID-19 cases,USC-SIkJalpha,model,2022-08-22,2022/23
covid_archive,archive,COVID-19 cases,USC-SIkJalpha,model,2022-08-29,2022/23
covid_archive,archive,COVID-19 cases,USC-SIkJalpha,model,2022-09-05,2022/23
covid_archive,archive,COVID-19 cases,USC-SIkJalpha,model,2022-09-12,2022/23
covid_archive,archive,COVID-19 cases,USC-SIkJalpha,model,2022-09-19,2022/23
covid_archive,archive,COVID-19 cases,USC-SIkJalpha,model,2022-09-26,2022/23
covid_archive,archive,COVID-19 cases,USC-SIkJalpha,model,2022-10-03,2022/23
covid_archive,archive,COVID-19 cases,USC-SIkJalpha,model,2022-10-10,2022/23
covid_archive,archive,COVID-19 cases,USC-SIkJalpha,model,2022-10-17,2022/23
covid_archive,archive,COVID-19 cases,USC-SIkJalpha,model,2022-10-24,2022/23
covid_archive,archive,COVID-19 cases,USC-SIkJalpha,model,2022-10-31,2022/23
covid_archive,archive,COVID-19 cases,USC-SIkJalpha,model,2022-11-07,2022/23
covid_archive,archive,COVID-19 cases,USC-SIkJalpha,model,2022-11-14,2022/23
covid_archive,archive,COVID-19 cases,USC-SIkJalpha,model,2022-11-21,2022/23
covid_archive,archive,COVID-19 cases,USC-SIkJalpha,model,2022-11-28,2022/23
covid_archive,archive,COVID-19 cases,USC-SIkJalpha,model,2022-12-05,2022/23
covid_archive,archive,COVID-19 cases,USC-SIkJalpha,model,2022-12-12,2022/23
covid_archive,archive,COVID-19 cases,USC-SIkJalpha,model,2022-12-26,2022/23
covid_archive,archive,COVID-19 cases,USC-SIkJalpha,model,2023-01-02,2022/23
covid_archive,archive,COVID-19 cases,USC-SIkJalpha,model,2023-01-09,2022/23
covid_archive,archive,COVID-19 cases,USC-SIkJalpha,model,2023-01-16,2022/23
covid_archive,archive,COVID-19 cases,USC-SIkJalpha,model,2023-01-23,2022/23
covid_archive,archive,COVID-19 cases,USC-SIkJalpha,model,2023-01-30,2022/23
covid_archive,archive,COVID-19 cases,USC-SIkJalpha,model,2023-02-06,2022/23
covid_archive,archive,COVID-19 cases,USC-SIkJalpha,model,2023-02-13,2022/23
covid_archive,archive,COVID-19 cases,USC-SIkJalpha,model,2023-02-20,2022/23
covid_archive,archive,COVID-19 cases,USC-SIkJalpha,model,2023-02-27,2022/23
covid_archive,archive,COVID-19 cases,UVA-Ensemble,model,2021-03-08,2020/21
covid_archive,archive,COVID-19 cases,UVA-Ensemble,model,2021-03-15,2020/21
covid_archive,archive,COVID-19 cases,UVA-Ensemble,model,2021-03-22,2020/21
covid_archive,archive,COVID-19 cases,UVA-Ensemble,model,2021-03-29,2020/21
covid_archive,archive,COVID-19 cases,UVA-Ensemble,model,2021-04-05,2020/21
covid_archive,archive,COVID-19 cases,UVA-Ensemble,model,2021-04-12,2020/21
covid_archive,archive,COVID-19 cases,UVA-Ensemble,model,2021-04-19,2020/21
covid_archive,archive,COVID-19 cases,UVA-Ensemble,model,2021-04-26,2020/21
covid_archive,archive,COVID-19 cases,UVA-Ensemble,model,2021-05-03,2020/21
covid_archive,archive,COVID-19 cases,UVA-Ensemble,model,2021-05-10,2020/21
covid_archive,archive,COVID-19 cases,UVA-Ensemble,model,2021-05-17,2020/21
covid_archive,archive,COVID-19 cases,UVA-Ensemble,model,2021-05-24,2020/21
covid_archive,archive,COVID-19 cases,UVA-Ensemble,model,2021-05-31,2020/21
covid_archive,archive,COVID-19 cases,UVA-Ensemble,model,2021-06-07,2020/21
covid_archive,archive,COVID-19 cases,UVA-Ensemble,model,2021-06-14,2020/21
covid_archive,archive,COVID-19 cases,UVA-Ensemble,model,2021-06-21,2020/21
covid_archive,archive,COVID-19 cases,UVA-Ensemble,model,2021-06-28,2020/21
covid_archive,archive,COVID-19 cases,UVA-Ensemble,model,2021-07-05,2020/21
covid_archive,archive,COVID-19 cases,UVA-Ensemble,model,2021-07-12,2020/21
covid_archive,archive,COVID-19 cases,UVA-Ensemble,model,2021-07-19,2020/21
covid_archive,archive,COVID-19 cases,UVA-Ensemble,model,2021-07-26,2020/21
covid_archive,archive,COVID-19 cases,UVA-Ensemble,model,2021-08-02,2021/22
covid_archive,archive,COVID-19 cases,UVA-Ensemble,model,2021-08-09,2021/22
covid_archive,archive,COVID-19 cases,UVA-Ensemble,model,2021-08-16,2021/22
covid_archive,archive,COVID-19 cases,UVA-Ensemble,model,2021-08-23,2021/22
covid_archive,archive,COVID-19 cases,UVA-Ensemble,model,2021-08-30,2021/22
covid_archive,archive,COVID-19 cases,UVA-Ensemble,model,2021-09-06,2021/22
covid_archive,archive,COVID-19 cases,UVA-Ensemble,model,2021-09-13,2021/22
covid_archive,archive,COVID-19 cases,UVA-Ensemble,model,2021-09-20,2021/22
covid_archive,archive,COVID-19 cases,UVA-Ensemble,model,2021-09-27,2021/22
covid_archive,archive,COVID-19 cases,UVA-Ensemble,model,2021-10-04,2021/22
covid_archive,archive,COVID-19 cases,UVA-Ensemble,model,2021-10-11,2021/22
covid_archive,archive,COVID-19 cases,UVA-Ensemble,model,2021-10-18,2021/22
covid_archive,archive,COVID-19 cases,UVA-Ensemble,model,2021-10-25,2021/22
covid_archive,archive,COVID-19 cases,UVA-Ensemble,model,2021-11-01,2021/22
covid_archive,archive,COVID-19 cases,UVA-Ensemble,model,2021-11-08,2021/22
covid_archive,archive,COVID-19 cases,UVA-Ensemble,model,2021-11-22,2021/22
covid_archive,archive,COVID-19 cases,UVA-Ensemble,model,2021-11-29,2021/22
covid_archive,archive,COVID-19 cases,UVA-Ensemble,model,2021-12-20,2021/22
covid_archive,archive,COVID-19 cases,UVA-Ensemble,model,2021-12-27,2021/22
covid_archive,archive,COVID-19 cases,UVA-Ensemble,model,2022-01-03,2021/22
covid_archive,archive,COVID-19 cases,UVA-Ensemble,model,2022-01-10,2021/22
covid_archive,archive,COVID-19 cases,UVA-Ensemble,model,2022-01-17,2021/22
covid_archive,archive,COVID-19 cases,UVA-Ensemble,model,2022-01-24,2021/22
covid_archive,archive,COVID-19 cases,UVA-Ensemble,model,2022-01-31,2021/22
covid_archive,archive,COVID-19 cases,UVA-Ensemble,model,2022-02-14,2021/22
covid_archive,archive,COVID-19 cases,UVA-Ensemble,model,2022-02-28,2021/22
covid_archive,archive,COVID-19 cases,UVA-Ensemble,model,2022-03-14,2021/22
covid_archive,archive,COVID-19 cases,UVA-Ensemble,model,2022-03-21,2021/22
covid_archive,archive,COVID-19 cases,UVA-Ensemble,model,2022-03-28,2021/22
covid_archive,archive,COVID-19 cases,UVA-Ensemble,model,2022-04-04,2021/22
covid_archive,archive,COVID-19 cases,UVA-Ensemble,model,2022-04-18,2021/22
covid_archive,archive,COVID-19 cases,UVA-Ensemble,model,2022-05-02,2021/22
covid_archive,archive,COVID-19 cases,UVA-Ensemble,model,2022-07-18,2021/22
covid_archive,archive,COVID-19 cases,UpgUmibUsi-MultiBayes,model,2021-03-22,2020/21
covid_archive,archive,COVID-19 cases,UpgUmibUsi-MultiBayes,model,2021-03-29,2020/21
covid_archive,archive,COVID-19 cases,UpgUmibUsi-MultiBayes,model,2021-04-05,2020/21
covid_archive,archive,COVID-19 cases,UpgUmibUsi-MultiBayes,model,2021-04-12,2020/21
covid_archive,archive,COVID-19 cases,UpgUmibUsi-MultiBayes,model,2021-04-19,2020/21
covid_archive,archive,COVID-19 cases,UpgUmibUsi-MultiBayes,model,2021-04-26,2020/21
covid_archive,archive,COVID-19 cases,UpgUmibUsi-MultiBayes,model,2021-05-03,2020/21
covid_archive,archive,COVID-19 cases,UpgUmibUsi-MultiBayes,model,2021-05-10,2020/21
covid_archive,archive,COVID-19 cases,UpgUmibUsi-MultiBayes,model,2021-05-17,2020/21
covid_archive,archive,COVID-19 cases,UpgUmibUsi-MultiBayes,model,2021-05-24,2020/21
covid_archive,archive,COVID-19 cases,UpgUmibUsi-MultiBayes,model,2021-05-31,2020/21
covid_archive,archive,COVID-19 cases,UpgUmibUsi-MultiBayes,model,2021-06-07,2020/21
covid_archive,archive,COVID-19 cases,UpgUmibUsi-MultiBayes,model,2021-06-14,2020/21
covid_archive,archive,COVID-19 cases,UpgUmibUsi-MultiBayes,model,2021-06-21,2020/21
covid_archive,archive,COVID-19 cases,UpgUmibUsi-MultiBayes,model,2021-06-28,2020/21
covid_archive,archive,COVID-19 cases,UpgUmibUsi-MultiBayes,model,2021-07-05,2020/21
covid_archive,archive,COVID-19 cases,UpgUmibUsi-MultiBayes,model,2021-07-12,2020/21
covid_archive,archive,COVID-19 cases,UpgUmibUsi-MultiBayes,model,2021-07-19,2020/21
covid_archive,archive,COVID-19 cases,UpgUmibUsi-MultiBayes,model,2021-08-02,2021/22
covid_archive,archive,COVID-19 cases,UpgUmibUsi-MultiBayes,model,2021-08-09,2021/22
covid_archive,archive,COVID-19 cases,UpgUmibUsi-MultiBayes,model,2021-08-16,2021/22
covid_archive,archive,COVID-19 cases,UpgUmibUsi-MultiBayes,model,2021-08-23,2021/22
covid_archive,archive,COVID-19 cases,UpgUmibUsi-MultiBayes,model,2021-08-30,2021/22
covid_archive,archive,COVID-19 cases,UpgUmibUsi-MultiBayes,model,2021-09-06,2021/22
covid_archive,archive,COVID-19 cases,UpgUmibUsi-MultiBayes,model,2021-09-13,2021/22
covid_archive,archive,COVID-19 cases,UpgUmibUsi-MultiBayes,model,2021-09-20,2021/22
covid_archive,archive,COVID-19 cases,UpgUmibUsi-MultiBayes,model,2021-09-27,2021/22
covid_archive,archive,COVID-19 cases,UpgUmibUsi-MultiBayes,model,2021-10-04,2021/22
covid_archive,archive,COVID-19 cases,UpgUmibUsi-MultiBayes,model,2021-10-11,2021/22
covid_archive,archive,COVID-19 cases,UpgUmibUsi-MultiBayes,model,2021-10-18,2021/22
covid_archive,archive,COVID-19 cases,UpgUmibUsi-MultiBayes,model,2021-10-25,2021/22
covid_archive,archive,COVID-19 cases,UpgUmibUsi-MultiBayes,model,2021-11-01,2021/22
covid_archive,archive,COVID-19 cases,UpgUmibUsi-MultiBayes,model,2021-11-08,2021/22
covid_archive,archive,COVID-19 cases,UpgUmibUsi-MultiBayes,model,2021-11-15,2021/22
covid_archive,archive,COVID-19 cases,UpgUmibUsi-MultiBayes,model,2021-11-22,2021/22
covid_archive,archive,COVID-19 cases,UpgUmibUsi-MultiBayes,model,2021-11-29,2021/22
covid_archive,archive,COVID-19 cases,UpgUmibUsi-MultiBayes,model,2021-12-06,2021/22
covid_archive,archive,COVID-19 cases,UpgUmibUsi-MultiBayes,model,2021-12-13,2021/22
covid_archive,archive,COVID-19 cases,UpgUmibUsi-MultiBayes,model,2021-12-20,2021/22
covid_archive,archive,COVID-19 cases,UpgUmibUsi-MultiBayes,model,2021-12-27,2021/22
covid_archive,archive,COVID-19 cases,UpgUmibUsi-MultiBayes,model,2022-01-03,2021/22
covid_archive,archive,COVID-19 cases,UpgUmibUsi-MultiBayes,model,2022-01-10,2021/22
covid_archive,archive,COVID-19 cases,UpgUmibUsi-MultiBayes,model,2022-01-17,2021/22
covid_archive,archive,COVID-19 cases,UpgUmibUsi-MultiBayes,model,2022-01-24,2021/22
covid_archive,archive,COVID-19 cases,UpgUmibUsi-MultiBayes,model,2022-01-31,2021/22
covid_archive,archive,COVID-19 cases,UpgUmibUsi-MultiBayes,model,2022-02-07,2021/22
covid_archive,archive,COVID-19 cases,UpgUmibUsi-MultiBayes,model,2022-02-14,2021/22
covid_archive,archive,COVID-19 cases,UpgUmibUsi-MultiBayes,model,2022-02-21,2021/22
covid_archive,archive,COVID-19 cases,UpgUmibUsi-MultiBayes,model,2022-02-28,2021/22
covid_archive,archive,COVID-19 cases,UpgUmibUsi-MultiBayes,model,2022-03-07,2021/22
covid_archive,archive,COVID-19 cases,UpgUmibUsi-MultiBayes,model,2022-03-14,2021/22
covid_archive,archive,COVID-19 cases,UpgUmibUsi-MultiBayes,model,2022-03-21,2021/22
covid_archive,archive,COVID-19 cases,UpgUmibUsi-MultiBayes,model,2022-03-28,2021/22
covid_archive,archive,COVID-19 cases,UpgUmibUsi-MultiBayes,model,2022-04-04,2021/22
covid_archive,archive,COVID-19 cases,UpgUmibUsi-MultiBayes,model,2022-04-11,2021/22
covid_archive,archive,COVID-19 cases,UpgUmibUsi-MultiBayes,model,2022-04-18,2021/22
covid_archive,archive,COVID-19 cases,UpgUmibUsi-MultiBayes,model,2022-04-25,2021/22
covid_archive,archive,COVID-19 cases,UpgUmibUsi-MultiBayes,model,2022-05-02,2021/22
covid_archive,archive,COVID-19 cases,UpgUmibUsi-MultiBayes,model,2022-05-09,2021/22
covid_archive,archive,COVID-19 cases,UpgUmibUsi-MultiBayes,model,2022-05-16,2021/22
covid_archive,archive,COVID-19 cases,UpgUmibUsi-MultiBayes,model,2022-05-23,2021/22
covid_archive,archive,COVID-19 cases,UpgUmibUsi-MultiBayes,model,2022-05-30,2021/22
covid_archive,archive,COVID-19 cases,UpgUmibUsi-MultiBayes,model,2022-06-06,2021/22
covid_archive,archive,COVID-19 cases,UpgUmibUsi-MultiBayes,model,2022-06-13,2021/22
covid_archive,archive,COVID-19 cases,UpgUmibUsi-MultiBayes,model,2022-06-20,2021/22
covid_archive,archive,COVID-19 cases,UpgUmibUsi-MultiBayes,model,2022-06-27,2021/22
covid_archive,archive,COVID-19 cases,UpgUmibUsi-MultiBayes,model,2022-07-04,2021/22
covid_archive,archive,COVID-19 cases,UpgUmibUsi-MultiBayes,model,2022-07-11,2021/22
covid_archive,archive,COVID-19 cases,UpgUmibUsi-MultiBayes,model,2022-07-18,2021/22
covid_archive,archive,COVID-19 cases,UpgUmibUsi-MultiBayes,model,2022-07-25,2021/22
covid_archive,archive,COVID-19 cases,UpgUmibUsi-MultiBayes,model,2022-08-01,2022/23
covid_archive,archive,COVID-19 cases,UpgUmibUsi-MultiBayes,model,2022-08-08,2022/23
covid_archive,archive,COVID-19 cases,UpgUmibUsi-MultiBayes,model,2022-08-15,2022/23
covid_archive,archive,COVID-19 cases,UpgUmibUsi-MultiBayes,model,2022-08-22,2022/23
covid_archive,archive,COVID-19 cases,UpgUmibUsi-MultiBayes,model,2022-08-29,2022/23
covid_archive,archive,COVID-19 cases,UpgUmibUsi-MultiBayes,model,2022-09-05,2022/23
covid_archive,archive,COVID-19 cases,UpgUmibUsi-MultiBayes,model,2022-09-12,2022/23
covid_archive,archive,COVID-19 cases,UpgUmibUsi-MultiBayes,model,2022-09-19,2022/23
covid_archive,archive,COVID-19 cases,UpgUmibUsi-MultiBayes,model,2022-09-26,2022/23
covid_archive,archive,COVID-19 cases,UpgUmibUsi-MultiBayes,model,2022-10-03,2022/23
covid_archive,archive,COVID-19 cases,UpgUmibUsi-MultiBayes,model,2022-10-10,2022/23
covid_archive,archive,COVID-19 cases,UpgUmibUsi-MultiBayes,model,2022-10-24,2022/23
covid_archive,archive,COVID-19 cases,UpgUmibUsi-MultiBayes,model,2022-10-31,2022/23
covid_archive,archive,COVID-19 cases,UpgUmibUsi-MultiBayes,model,2022-11-07,2022/23
covid_archive,archive,COVID-19 cases,UpgUmibUsi-MultiBayes,model,2022-11-14,2022/23
covid_archive,archive,COVID-19 cases,UpgUmibUsi-MultiBayes,model,2022-11-21,2022/23
covid_archive,archive,COVID-19 cases,UpgUmibUsi-MultiBayes,model,2022-11-28,2022/23
covid_archive,archive,COVID-19 cases,UpgUmibUsi-MultiBayes,model,2022-12-05,2022/23
covid_archive,archive,COVID-19 cases,UpgUmibUsi-MultiBayes,model,2022-12-12,2022/23
covid_archive,archive,COVID-19 cases,UpgUmibUsi-MultiBayes,model,2022-12-26,2022/23
covid_archive,archive,COVID-19 cases,UpgUmibUsi-MultiBayes,model,2023-01-02,2022/23
covid_archive,archive,COVID-19 cases,UpgUmibUsi-MultiBayes,model,2023-01-09,2022/23
covid_archive,archive,COVID-19 cases,UpgUmibUsi-MultiBayes,model,2023-01-16,2022/23
covid_archive,archive,COVID-19 cases,UpgUmibUsi-MultiBayes,model,2023-01-23,2022/23
covid_archive,archive,COVID-19 cases,UpgUmibUsi-MultiBayes,model,2023-01-30,2022/23
covid_archive,archive,COVID-19 cases,UpgUmibUsi-MultiBayes,model,2023-02-06,2022/23
covid_archive,archive,COVID-19 cases,UpgUmibUsi-MultiBayes,model,2023-02-13,2022/23
covid_archive,archive,COVID-19 cases,UpgUmibUsi-MultiBayes,model,2023-02-20,2022/23
covid_archive,archive,COVID-19 cases,UpgUmibUsi-MultiBayes,model,2023-02-27,2022/23
covid_archive,archive,COVID-19 cases,UpgUmibUsi-MultiBayes,model,2023-03-06,2022/23
covid_archive,archive,COVID-19 cases,UpgUmibUsi-MultiBayes,model,2023-03-13,2022/23
covid_archive,archive,COVID-19 cases,UpgUmibUsi-MultiBayes,model,2023-03-20,2022/23
covid_archive,archive,COVID-19 cases,UpgUmibUsi-MultiBayes,model,2023-03-27,2022/23
covid_archive,archive,COVID-19 cases,UpgUmibUsi-MultiBayes,model,2023-04-03,2022/23
covid_archive,archive,COVID-19 cases,UpgUmibUsi-MultiBayes,model,2023-04-10,2022/23
covid_archive,archive,COVID-19 cases,UpgUmibUsi-MultiBayes,model,2023-04-17,2022/23
covid_archive,archive,COVID-19 cases,UpgUmibUsi-MultiBayes,model,2023-04-24,2022/23
covid_archive,archive,COVID-19 cases,UpgUmibUsi-MultiBayes,model,2023-05-01,2022/23
covid_archive,archive,COVID-19 cases,UpgUmibUsi-MultiBayes,model,2023-05-08,2022/23
covid_archive,archive,COVID-19 cases,UpgUmibUsi-MultiBayes,model,2023-05-15,2022/23
covid_archive,archive,COVID-19 cases,UpgUmibUsi-MultiBayes,model,2023-05-22,2022/23
covid_archive,archive,COVID-19 cases,UpgUmibUsi-MultiBayes,model,2023-05-29,2022/23
covid_archive,archive,COVID-19 cases,UpgUmibUsi-MultiBayes,model,2023-06-05,2022/23
covid_archive,archive,COVID-19 cases,UpgUmibUsi-MultiBayes,model,2023-06-12,2022/23
covid_archive,archive,COVID-19 cases,bisop-seirfilter,model,2021-03-29,2020/21
covid_archive,archive,COVID-19 cases,bisop-seirfilter,model,2021-04-05,2020/21
covid_archive,archive,COVID-19 cases,bisop-seirfilter,model,2021-04-12,2020/21
covid_archive,archive,COVID-19 cases,bisop-seirfilter,model,2021-04-19,2020/21
covid_archive,archive,COVID-19 cases,bisop-seirfilter,model,2021-04-26,2020/21
covid_archive,archive,COVID-19 cases,bisop-seirfilter,model,2021-05-03,2020/21
covid_archive,archive,COVID-19 cases,bisop-seirfilter,model,2021-05-10,2020/21
covid_archive,archive,COVID-19 cases,bisop-seirfilter,model,2021-05-17,2020/21
covid_archive,archive,COVID-19 cases,bisop-seirfilterlite,model,2021-04-05,2020/21
covid_archive,archive,COVID-19 cases,bisop-seirfilterlite,model,2021-04-12,2020/21
covid_archive,archive,COVID-19 cases,bisop-seirfilterlite,model,2021-04-19,2020/21
covid_archive,archive,COVID-19 cases,epiMOX-SUIHTER,model,2021-05-03,2020/21
covid_archive,archive,COVID-19 cases,epiMOX-SUIHTER,model,2021-05-10,2020/21
covid_archive,archive,COVID-19 cases,epiMOX-SUIHTER,model,2021-05-17,2020/21
covid_archive,archive,COVID-19 cases,epiMOX-SUIHTER,model,2021-05-24,2020/21
covid_archive,archive,COVID-19 cases,epiMOX-SUIHTER,model,2021-05-31,2020/21
covid_archive,archive,COVID-19 cases,epiMOX-SUIHTER,model,2021-06-07,2020/21
covid_archive,archive,COVID-19 cases,epiMOX-SUIHTER,model,2021-06-14,2020/21
covid_archive,archive,COVID-19 cases,epiMOX-SUIHTER,model,2021-06-21,2020/21
covid_archive,archive,COVID-19 cases,epiMOX-SUIHTER,model,2021-06-28,2020/21
covid_archive,archive,COVID-19 cases,epiMOX-SUIHTER,model,2021-07-05,2020/21
covid_archive,archive,COVID-19 cases,epiMOX-SUIHTER,model,2021-07-12,2020/21
covid_archive,archive,COVID-19 cases,epiMOX-SUIHTER,model,2021-07-19,2020/21
covid_archive,archive,COVID-19 cases,epiMOX-SUIHTER,model,2021-07-26,2020/21
covid_archive,archive,COVID-19 cases,epiMOX-SUIHTER,model,2021-08-02,2021/22
covid_archive,archive,COVID-19 cases,epiMOX-SUIHTER,model,2021-08-09,2021/22
covid_archive,archive,COVID-19 cases,epiMOX-SUIHTER,model,2021-08-16,2021/22
covid_archive,archive,COVID-19 cases,epiMOX-SUIHTER,model,2021-08-23,2021/22
covid_archive,archive,COVID-19 cases,epiMOX-SUIHTER,model,2021-08-30,2021/22
covid_archive,archive,COVID-19 cases,epiMOX-SUIHTER,model,2021-09-06,2021/22
covid_archive,archive,COVID-19 cases,epiMOX-SUIHTER,model,2021-09-13,2021/22
covid_archive,archive,COVID-19 cases,epiMOX-SUIHTER,model,2021-09-20,2021/22
covid_archive,archive,COVID-19 cases,epiMOX-SUIHTER,model,2021-09-27,2021/22
covid_archive,archive,COVID-19 cases,epiMOX-SUIHTER,model,2021-10-04,2021/22
covid_archive,archive,COVID-19 cases,epiMOX-SUIHTER,model,2021-10-11,2021/22
covid_archive,archive,COVID-19 cases,epiMOX-SUIHTER,model,2021-10-18,2021/22
covid_archive,archive,COVID-19 cases,epiMOX-SUIHTER,model,2021-10-25,2021/22
covid_archive,archive,COVID-19 cases,epiMOX-SUIHTER,model,2021-11-01,2021/22
covid_archive,archive,COVID-19 cases,epiMOX-SUIHTER,model,2021-11-08,2021/22
covid_archive,archive,COVID-19 cases,epiMOX-SUIHTER,model,2021-11-15,2021/22
covid_archive,archive,COVID-19 cases,epiMOX-SUIHTER,model,2021-11-22,2021/22
covid_archive,archive,COVID-19 cases,epiMOX-SUIHTER,model,2021-11-29,2021/22
covid_archive,archive,COVID-19 cases,epiMOX-SUIHTER,model,2021-12-06,2021/22
covid_archive,archive,COVID-19 cases,epiMOX-SUIHTER,model,2021-12-13,2021/22
covid_archive,archive,COVID-19 cases,epiMOX-SUIHTER,model,2021-12-20,2021/22
covid_archive,archive,COVID-19 cases,epiMOX-SUIHTER,model,2021-12-27,2021/22
covid_archive,archive,COVID-19 cases,epiMOX-SUIHTER,model,2022-01-03,2021/22
covid_archive,archive,COVID-19 cases,epiMOX-SUIHTER,model,2022-01-10,2021/22
covid_archive,archive,COVID-19 cases,epiMOX-SUIHTER,model,2022-01-17,2021/22
covid_archive,archive,COVID-19 cases,epiMOX-SUIHTER,model,2022-01-24,2021/22
covid_archive,archive,COVID-19 cases,epiMOX-SUIHTER,model,2022-01-31,2021/22
covid_archive,archive,COVID-19 cases,epiMOX-SUIHTER,model,2022-02-07,2021/22
covid_archive,archive,COVID-19 cases,epiMOX-SUIHTER,model,2022-02-14,2021/22
covid_archive,archive,COVID-19 cases,epiMOX-SUIHTER,model,2022-02-21,2021/22
covid_archive,archive,COVID-19 cases,epiMOX-SUIHTER,model,2022-02-28,2021/22
covid_archive,archive,COVID-19 cases,epiMOX-SUIHTER,model,2022-03-07,2021/22
covid_archive,archive,COVID-19 cases,epiMOX-SUIHTER,model,2022-03-14,2021/22
covid_archive,archive,COVID-19 cases,epiMOX-SUIHTER,model,2022-03-21,2021/22
covid_archive,archive,COVID-19 cases,epiMOX-SUIHTER,model,2022-03-28,2021/22
covid_archive,archive,COVID-19 cases,epiMOX-SUIHTER,model,2022-04-04,2021/22
covid_archive,archive,COVID-19 cases,epiMOX-SUIHTER,model,2022-04-11,2021/22
covid_archive,archive,COVID-19 cases,epiMOX-SUIHTER,model,2022-04-18,2021/22
covid_archive,archive,COVID-19 cases,epiMOX-SUIHTER,model,2022-04-25,2021/22
covid_archive,archive,COVID-19 cases,epiMOX-SUIHTER,model,2022-05-02,2021/22
covid_archive,archive,COVID-19 cases,epiMOX-SUIHTER,model,2022-05-09,2021/22
covid_archive,archive,COVID-19 cases,epiMOX-SUIHTER,model,2022-05-16,2021/22
covid_archive,archive,COVID-19 cases,epiMOX-SUIHTER,model,2022-05-23,2021/22
covid_archive,archive,COVID-19 cases,epiMOX-SUIHTER,model,2022-05-30,2021/22
covid_archive,archive,COVID-19 cases,epiMOX-SUIHTER,model,2022-06-06,2021/22
covid_archive,archive,COVID-19 cases,epiMOX-SUIHTER,model,2022-06-13,2021/22
covid_archive,archive,COVID-19 cases,epiMOX-SUIHTER,model,2022-06-20,2021/22
covid_archive,archive,COVID-19 cases,epiMOX-SUIHTER,model,2022-06-27,2021/22
covid_archive,archive,COVID-19 cases,epiMOX-SUIHTER,model,2022-07-04,2021/22
covid_archive,archive,COVID-19 cases,epiMOX-SUIHTER,model,2022-07-11,2021/22
covid_archive,archive,COVID-19 cases,epiMOX-SUIHTER,model,2022-07-18,2021/22
covid_archive,archive,COVID-19 cases,epiMOX-SUIHTER,model,2022-07-25,2021/22
covid_archive,archive,COVID-19 cases,epiMOX-SUIHTER,model,2022-08-01,2022/23
covid_archive,archive,COVID-19 cases,epiMOX-SUIHTER,model,2022-08-08,2022/23
covid_archive,archive,COVID-19 cases,epiMOX-SUIHTER,model,2022-08-15,2022/23
covid_archive,archive,COVID-19 cases,epiMOX-SUIHTER,model,2022-08-22,2022/23
covid_archive,archive,COVID-19 cases,epiMOX-SUIHTER,model,2022-08-29,2022/23
covid_archive,archive,COVID-19 cases,epiMOX-SUIHTER,model,2022-09-05,2022/23
covid_archive,archive,COVID-19 cases,epiMOX-SUIHTER,model,2022-09-12,2022/23
covid_archive,archive,COVID-19 cases,epiMOX-SUIHTER,model,2022-09-19,2022/23
covid_archive,archive,COVID-19 cases,epiMOX-SUIHTER,model,2022-09-26,2022/23
covid_archive,archive,COVID-19 cases,epiMOX-SUIHTER,model,2022-10-03,2022/23
covid_archive,archive,COVID-19 cases,epiMOX-SUIHTER,model,2022-10-10,2022/23
covid_archive,archive,COVID-19 cases,epiMOX-SUIHTER,model,2022-10-17,2022/23
covid_archive,archive,COVID-19 cases,epiMOX-SUIHTER,model,2022-10-24,2022/23
covid_archive,archive,COVID-19 cases,epiMOX-SUIHTER,model,2022-10-31,2022/23
covid_archive,archive,COVID-19 cases,epiMOX-SUIHTER,model,2022-11-07,2022/23
covid_archive,archive,COVID-19 cases,epiforecasts-EpiExpert,model,2021-02-15,2020/21
covid_archive,archive,COVID-19 cases,epiforecasts-EpiExpert,model,2021-02-22,2020/21
covid_archive,archive,COVID-19 cases,epiforecasts-EpiExpert,model,2021-03-08,2020/21
covid_archive,archive,COVID-19 cases,epiforecasts-EpiExpert,model,2021-03-15,2020/21
covid_archive,archive,COVID-19 cases,epiforecasts-EpiExpert,model,2021-03-22,2020/21
covid_archive,archive,COVID-19 cases,epiforecasts-EpiExpert,model,2021-03-29,2020/21
covid_archive,archive,COVID-19 cases,epiforecasts-EpiExpert,model,2021-04-05,2020/21
covid_archive,archive,COVID-19 cases,epiforecasts-EpiExpert,model,2021-04-12,2020/21
covid_archive,archive,COVID-19 cases,epiforecasts-EpiExpert,model,2021-04-19,2020/21
covid_archive,archive,COVID-19 cases,epiforecasts-EpiExpert,model,2021-04-26,2020/21
covid_archive,archive,COVID-19 cases,epiforecasts-EpiExpert,model,2021-05-03,2020/21
covid_archive,archive,COVID-19 cases,epiforecasts-EpiExpert,model,2021-05-10,2020/21
covid_archive,archive,COVID-19 cases,epiforecasts-EpiExpert,model,2021-05-17,2020/21
covid_archive,archive,COVID-19 cases,epiforecasts-EpiExpert,model,2021-05-24,2020/21
covid_archive,archive,COVID-19 cases,epiforecasts-EpiExpert,model,2021-05-31,2020/21
covid_archive,archive,COVID-19 cases,epiforecasts-EpiExpert,model,2021-06-07,2020/21
covid_archive,archive,COVID-19 cases,epiforecasts-EpiExpert,model,2021-06-14,2020/21
covid_archive,archive,COVID-19 cases,epiforecasts-EpiExpert,model,2021-06-21,2020/21
covid_archive,archive,COVID-19 cases,epiforecasts-EpiExpert,model,2021-06-28,2020/21
covid_archive,archive,COVID-19 cases,epiforecasts-EpiExpert,model,2021-07-05,2020/21
covid_archive,archive,COVID-19 cases,epiforecasts-EpiExpert,model,2021-07-12,2020/21
covid_archive,archive,COVID-19 cases,epiforecasts-EpiExpert,model,2021-07-19,2020/21
covid_archive,archive,COVID-19 cases,epiforecasts-EpiExpert,model,2021-07-26,2020/21
covid_archive,archive,COVID-19 cases,epiforecasts-EpiExpert,model,2021-08-02,2021/22
covid_archive,archive,COVID-19 cases,epiforecasts-EpiExpert,model,2021-08-09,2021/22
covid_archive,archive,COVID-19 cases,epiforecasts-EpiExpert,model,2021-08-16,2021/22
covid_archive,archive,COVID-19 cases,epiforecasts-EpiExpert,model,2021-08-23,2021/22
covid_archive,archive,COVID-19 cases,epiforecasts-EpiExpert,model,2021-08-30,2021/22
covid_archive,archive,COVID-19 cases,epiforecasts-EpiExpert_Rt,model,2021-04-19,2020/21
covid_archive,archive,COVID-19 cases,epiforecasts-EpiExpert_Rt,model,2021-04-26,2020/21
covid_archive,archive,COVID-19 cases,epiforecasts-EpiExpert_Rt,model,2021-05-03,2020/21
covid_archive,archive,COVID-19 cases,epiforecasts-EpiExpert_Rt,model,2021-05-10,2020/21
covid_archive,archive,COVID-19 cases,epiforecasts-EpiExpert_Rt,model,2021-05-24,2020/21
covid_archive,archive,COVID-19 cases,epiforecasts-EpiExpert_Rt,model,2021-05-31,2020/21
covid_archive,archive,COVID-19 cases,epiforecasts-EpiExpert_Rt,model,2021-06-07,2020/21
covid_archive,archive,COVID-19 cases,epiforecasts-EpiExpert_Rt,model,2021-06-14,2020/21
covid_archive,archive,COVID-19 cases,epiforecasts-EpiExpert_Rt,model,2021-06-21,2020/21
covid_archive,archive,COVID-19 cases,epiforecasts-EpiExpert_Rt,model,2021-06-28,2020/21
covid_archive,archive,COVID-19 cases,epiforecasts-EpiExpert_Rt,model,2021-07-05,2020/21
covid_archive,archive,COVID-19 cases,epiforecasts-EpiExpert_Rt,model,2021-07-12,2020/21
covid_archive,archive,COVID-19 cases,epiforecasts-EpiExpert_Rt,model,2021-07-19,2020/21
covid_archive,archive,COVID-19 cases,epiforecasts-EpiExpert_Rt,model,2021-07-26,2020/21
covid_archive,archive,COVID-19 cases,epiforecasts-EpiExpert_Rt,model,2021-08-02,2021/22
covid_archive,archive,COVID-19 cases,epiforecasts-EpiExpert_Rt,model,2021-08-09,2021/22
covid_archive,archive,COVID-19 cases,epiforecasts-EpiExpert_Rt,model,2021-08-16,2021/22
covid_archive,archive,COVID-19 cases,epiforecasts-EpiExpert_Rt,model,2021-08-23,2021/22
covid_archive,archive,COVID-19 cases,epiforecasts-EpiExpert_Rt,model,2021-08-30,2021/22
covid_archive,archive,COVID-19 cases,epiforecasts-EpiExpert_direct,model,2021-04-26,2020/21
covid_archive,archive,COVID-19 cases,epiforecasts-EpiExpert_direct,model,2021-05-03,2020/21
covid_archive,archive,COVID-19 cases,epiforecasts-EpiExpert_direct,model,2021-05-10,2020/21
covid_archive,archive,COVID-19 cases,epiforecasts-EpiExpert_direct,model,2021-05-17,2020/21
covid_archive,archive,COVID-19 cases,epiforecasts-EpiExpert_direct,model,2021-05-24,2020/21
covid_archive,archive,COVID-19 cases,epiforecasts-EpiExpert_direct,model,2021-05-31,2020/21
covid_archive,archive,COVID-19 cases,epiforecasts-EpiExpert_direct,model,2021-06-07,2020/21
covid_archive,archive,COVID-19 cases,epiforecasts-EpiExpert_direct,model,2021-06-14,2020/21
covid_archive,archive,COVID-19 cases,epiforecasts-EpiExpert_direct,model,2021-06-21,2020/21
covid_archive,archive,COVID-19 cases,epiforecasts-EpiExpert_direct,model,2021-06-28,2020/21
covid_archive,archive,COVID-19 cases,epiforecasts-EpiExpert_direct,model,2021-07-05,2020/21
covid_archive,archive,COVID-19 cases,epiforecasts-EpiExpert_direct,model,2021-07-12,2020/21
covid_archive,archive,COVID-19 cases,epiforecasts-EpiExpert_direct,model,2021-07-19,2020/21
covid_archive,archive,COVID-19 cases,epiforecasts-EpiExpert_direct,model,2021-07-26,2020/21
covid_archive,archive,COVID-19 cases,epiforecasts-EpiExpert_direct,model,2021-08-02,2021/22
covid_archive,archive,COVID-19 cases,epiforecasts-EpiExpert_direct,model,2021-08-09,2021/22
covid_archive,archive,COVID-19 cases,epiforecasts-EpiExpert_direct,model,2021-08-16,2021/22
covid_archive,archive,COVID-19 cases,epiforecasts-EpiExpert_direct,model,2021-08-23,2021/22
covid_archive,archive,COVID-19 cases,epiforecasts-EpiExpert_direct,model,2021-08-30,2021/22
covid_archive,archive,COVID-19 cases,epiforecasts-EpiExpert_direct,model,2021-09-06,2021/22
covid_archive,archive,COVID-19 cases,epiforecasts-EpiExpert_direct,model,2021-09-13,2021/22
covid_archive,archive,COVID-19 cases,epiforecasts-EpiExpert_direct,model,2021-09-20,2021/22
covid_archive,archive,COVID-19 cases,epiforecasts-EpiNow2,model,2021-02-15,2020/21
covid_archive,archive,COVID-19 cases,epiforecasts-EpiNow2,model,2021-02-22,2020/21
covid_archive,archive,COVID-19 cases,epiforecasts-EpiNow2,model,2021-03-08,2020/21
covid_archive,archive,COVID-19 cases,epiforecasts-EpiNow2,model,2021-03-15,2020/21
covid_archive,archive,COVID-19 cases,epiforecasts-EpiNow2,model,2021-03-22,2020/21
covid_archive,archive,COVID-19 cases,epiforecasts-EpiNow2,model,2021-03-29,2020/21
covid_archive,archive,COVID-19 cases,epiforecasts-EpiNow2,model,2021-04-05,2020/21
covid_archive,archive,COVID-19 cases,epiforecasts-EpiNow2,model,2021-04-12,2020/21
covid_archive,archive,COVID-19 cases,epiforecasts-EpiNow2,model,2021-04-19,2020/21
covid_archive,archive,COVID-19 cases,epiforecasts-EpiNow2,model,2021-04-26,2020/21
covid_archive,archive,COVID-19 cases,epiforecasts-EpiNow2,model,2021-05-03,2020/21
covid_archive,archive,COVID-19 cases,epiforecasts-EpiNow2,model,2021-05-10,2020/21
covid_archive,archive,COVID-19 cases,epiforecasts-EpiNow2,model,2021-05-17,2020/21
covid_archive,archive,COVID-19 cases,epiforecasts-EpiNow2,model,2021-05-24,2020/21
covid_archive,archive,COVID-19 cases,epiforecasts-EpiNow2,model,2021-05-31,2020/21
covid_archive,archive,COVID-19 cases,epiforecasts-EpiNow2,model,2021-06-07,2020/21
covid_archive,archive,COVID-19 cases,epiforecasts-EpiNow2,model,2021-06-14,2020/21
covid_archive,archive,COVID-19 cases,epiforecasts-EpiNow2,model,2021-06-21,2020/21
covid_archive,archive,COVID-19 cases,epiforecasts-EpiNow2,model,2021-06-28,2020/21
covid_archive,archive,COVID-19 cases,epiforecasts-EpiNow2,model,2021-07-05,2020/21
covid_archive,archive,COVID-19 cases,epiforecasts-EpiNow2,model,2021-07-12,2020/21
covid_archive,archive,COVID-19 cases,epiforecasts-EpiNow2,model,2021-07-19,2020/21
covid_archive,archive,COVID-19 cases,epiforecasts-EpiNow2,model,2021-07-26,2020/21
covid_archive,archive,COVID-19 cases,epiforecasts-EpiNow2,model,2021-08-02,2021/22
covid_archive,archive,COVID-19 cases,epiforecasts-EpiNow2,model,2021-08-09,2021/22
covid_archive,archive,COVID-19 cases,epiforecasts-EpiNow2,model,2021-08-16,2021/22
covid_archive,archive,COVID-19 cases,epiforecasts-EpiNow2,model,2021-08-23,2021/22
covid_archive,archive,COVID-19 cases,epiforecasts-EpiNow2,model,2021-08-30,2021/22
covid_archive,archive,COVID-19 cases,epiforecasts-EpiNow2,model,2021-09-06,2021/22
covid_archive,archive,COVID-19 cases,epiforecasts-EpiNow2,model,2021-09-13,2021/22
covid_archive,archive,COVID-19 cases,epiforecasts-EpiNow2,model,2021-09-20,2021/22
covid_archive,archive,COVID-19 cases,epiforecasts-EpiNow2,model,2021-09-27,2021/22
covid_archive,archive,COVID-19 cases,epiforecasts-EpiNow2,model,2021-10-04,2021/22
covid_archive,archive,COVID-19 cases,epiforecasts-EpiNow2,model,2021-10-11,2021/22
covid_archive,archive,COVID-19 cases,epiforecasts-EpiNow2,model,2021-10-18,2021/22
covid_archive,archive,COVID-19 cases,epiforecasts-EpiNow2,model,2021-11-29,2021/22
covid_archive,archive,COVID-19 cases,epiforecasts-EpiNow2,model,2021-12-06,2021/22
covid_archive,archive,COVID-19 cases,epiforecasts-EpiNow2,model,2021-12-13,2021/22
covid_archive,archive,COVID-19 cases,epiforecasts-EpiNow2,model,2021-12-20,2021/22
covid_archive,archive,COVID-19 cases,epiforecasts-EpiNow2,model,2021-12-27,2021/22
covid_archive,archive,COVID-19 cases,epiforecasts-EpiNow2,model,2022-01-03,2021/22
covid_archive,archive,COVID-19 cases,epiforecasts-EpiNow2,model,2022-01-10,2021/22
covid_archive,archive,COVID-19 cases,epiforecasts-EpiNow2,model,2022-01-17,2021/22
covid_archive,archive,COVID-19 cases,epiforecasts-EpiNow2,model,2022-01-24,2021/22
covid_archive,archive,COVID-19 cases,epiforecasts-EpiNow2,model,2022-01-31,2021/22
covid_archive,archive,COVID-19 cases,epiforecasts-EpiNow2,model,2022-02-07,2021/22
covid_archive,archive,COVID-19 cases,epiforecasts-EpiNow2,model,2022-02-14,2021/22
covid_archive,archive,COVID-19 cases,epiforecasts-EpiNow2,model,2022-02-21,2021/22
covid_archive,archive,COVID-19 cases,epiforecasts-EpiNow2,model,2022-02-28,2021/22
covid_archive,archive,COVID-19 cases,epiforecasts-EpiNow2,model,2022-03-07,2021/22
covid_archive,archive,COVID-19 cases,epiforecasts-EpiNow2,model,2022-03-14,2021/22
covid_archive,archive,COVID-19 cases,epiforecasts-EpiNow2,model,2022-03-21,2021/22
covid_archive,archive,COVID-19 cases,epiforecasts-EpiNow2,model,2022-03-28,2021/22
covid_archive,archive,COVID-19 cases,epiforecasts-EpiNow2,model,2022-04-04,2021/22
covid_archive,archive,COVID-19 cases,epiforecasts-EpiNow2,model,2022-04-11,2021/22
covid_archive,archive,COVID-19 cases,epiforecasts-EpiNow2,model,2022-04-18,2021/22
covid_archive,archive,COVID-19 cases,epiforecasts-EpiNow2,model,2022-04-25,2021/22
covid_archive,archive,COVID-19 cases,epiforecasts-EpiNow2,model,2022-05-02,2021/22
covid_archive,archive,COVID-19 cases,epiforecasts-EpiNow2,model,2022-05-09,2021/22
covid_archive,archive,COVID-19 cases,epiforecasts-EpiNow2,model,2022-05-16,2021/22
covid_archive,archive,COVID-19 cases,epiforecasts-EpiNow2,model,2022-05-23,2021/22
covid_archive,archive,COVID-19 cases,epiforecasts-EpiNow2,model,2022-05-30,2021/22
covid_archive,archive,COVID-19 cases,epiforecasts-EpiNow2,model,2022-06-06,2021/22
covid_archive,archive,COVID-19 cases,epiforecasts-EpiNow2,model,2022-06-13,2021/22
covid_archive,archive,COVID-19 cases,epiforecasts-EpiNow2,model,2022-06-20,2021/22
covid_archive,archive,COVID-19 cases,epiforecasts-EpiNow2,model,2022-06-27,2021/22
covid_archive,archive,COVID-19 cases,epiforecasts-EpiNow2,model,2023-01-16,2022/23
covid_archive,archive,COVID-19 cases,epiforecasts-EpiNow2,model,2023-01-23,2022/23
covid_archive,archive,COVID-19 cases,epiforecasts-EpiNow2,model,2023-01-30,2022/23
covid_archive,archive,COVID-19 cases,epiforecasts-EpiNow2,model,2023-02-06,2022/23
covid_archive,archive,COVID-19 cases,epiforecasts-EpiNow2,model,2023-02-13,2022/23
covid_archive,archive,COVID-19 cases,epiforecasts-EpiNow2,model,2023-02-20,2022/23
covid_archive,archive,COVID-19 cases,epiforecasts-EpiNow2,model,2023-02-27,2022/23
covid_archive,archive,COVID-19 cases,epiforecasts-EpiNow2,model,2023-03-06,2022/23
covid_archive,archive,COVID-19 cases,epiforecasts-EpiNow2,model,2023-03-27,2022/23
covid_archive,archive,COVID-19 cases,epiforecasts-EpiNow2,model,2023-04-03,2022/23
covid_archive,archive,COVID-19 cases,epiforecasts-EpiNow2,model,2023-04-10,2022/23
covid_archive,archive,COVID-19 cases,epiforecasts-EpiNow2,model,2023-04-17,2022/23
covid_archive,archive,COVID-19 cases,epiforecasts-EpiNow2,model,2023-04-24,2022/23
covid_archive,archive,COVID-19 cases,epiforecasts-EpiNow2,model,2023-05-01,2022/23
covid_archive,archive,COVID-19 cases,epiforecasts-EpiNow2,model,2023-05-08,2022/23
covid_archive,archive,COVID-19 cases,epiforecasts-EpiNow2,model,2023-05-15,2022/23
covid_archive,archive,COVID-19 cases,epiforecasts-EpiNow2,model,2023-05-22,2022/23
covid_archive,archive,COVID-19 cases,epiforecasts-EpiNow2,model,2023-05-29,2022/23
covid_archive,archive,COVID-19 cases,epiforecasts-EpiNow2,model,2023-06-05,2022/23
covid_archive,archive,COVID-19 cases,epiforecasts-EpiNow2,model,2023-06-12,2022/23
covid_archive,archive,COVID-19 cases,epiforecasts-EpiNow2,model,2023-06-19,2022/23
covid_archive,archive,COVID-19 cases,epiforecasts-EpiNow2,model,2023-06-26,2022/23
covid_archive,archive,COVID-19 cases,epiforecasts-EpiNow2,model,2023-07-03,2022/23
covid_archive,archive,COVID-19 cases,epiforecasts-EpiNow2,model,2023-07-10,2022/23
covid_archive,archive,COVID-19 cases,epiforecasts-EpiNow2,model,2023-07-17,2022/23
covid_archive,archive,COVID-19 cases,epiforecasts-EpiNow2,model,2023-07-24,2022/23
covid_archive,archive,COVID-19 cases,epiforecasts-EpiNow2,model,2023-07-31,2022/23
covid_archive,archive,COVID-19 cases,epiforecasts-EpiNow2,model,2023-08-07,2023/24
covid_archive,archive,COVID-19 cases,epiforecasts-EpiNow2,model,2023-08-14,2023/24
covid_archive,archive,COVID-19 cases,epiforecasts-EpiNow2,model,2023-08-21,2023/24
covid_archive,archive,COVID-19 cases,epiforecasts-EpiNow2,model,2023-08-28,2023/24
covid_archive,archive,COVID-19 cases,epiforecasts-EpiNow2,model,2023-09-04,2023/24
covid_archive,archive,COVID-19 cases,epiforecasts-EpiNow2,model,2023-09-11,2023/24
covid_archive,archive,COVID-19 cases,epiforecasts-EpiNow2,model,2023-09-18,2023/24
covid_archive,archive,COVID-19 cases,epiforecasts-EpiNow2,model,2023-09-25,2023/24
covid_archive,archive,COVID-19 cases,epiforecasts-EpiNow2,model,2023-10-02,2023/24
covid_archive,archive,COVID-19 cases,epiforecasts-EpiNow2,model,2023-10-09,2023/24
covid_archive,archive,COVID-19 cases,epiforecasts-EpiNow2,model,2023-10-30,2023/24
covid_archive,archive,COVID-19 cases,epiforecasts-EpiNow2,model,2023-11-06,2023/24
covid_archive,archive,COVID-19 cases,epiforecasts-EpiNow2,model,2023-11-13,2023/24
covid_archive,archive,COVID-19 cases,epiforecasts-EpiNow2,model,2023-11-20,2023/24
covid_archive,archive,COVID-19 cases,epiforecasts-EpiNow2,model,2023-11-27,2023/24
covid_archive,archive,COVID-19 cases,epiforecasts-EpiNow2,model,2023-12-04,2023/24
covid_archive,archive,COVID-19 cases,epiforecasts-EpiNow2,model,2024-01-22,2023/24
covid_archive,archive,COVID-19 cases,epiforecasts-EpiNow2,model,2024-01-29,2023/24
covid_archive,archive,COVID-19 cases,epiforecasts-EpiNow2,model,2024-02-05,2023/24
covid_archive,archive,COVID-19 cases,epiforecasts-EpiNow2,model,2024-02-12,2023/24
covid_archive,archive,COVID-19 cases,epiforecasts-EpiNow2,model,2024-02-19,2023/24
covid_archive,archive,COVID-19 cases,epiforecasts-EpiNow2,model,2024-02-26,2023/24
covid_archive,archive,COVID-19 cases,epiforecasts-EpiNow2,model,2024-03-04,2023/24
covid_archive,archive,COVID-19 cases,epiforecasts-EpiNow2,model,2024-03-11,2023/24
covid_archive,archive,COVID-19 cases,epiforecasts-EpiNow2,model,2024-04-22,2023/24
covid_archive,archive,COVID-19 cases,epiforecasts-EpiNow2,model,2024-04-29,2023/24
covid_archive,archive,COVID-19 cases,epiforecasts-EpiNow2,model,2024-05-06,2023/24
covid_archive,archive,COVID-19 cases,epiforecasts-EpiNow2,model,2024-05-20,2023/24
covid_archive,archive,COVID-19 cases,epiforecasts-EpiNow2,model,2024-05-27,2023/24
covid_archive,archive,COVID-19 cases,epiforecasts-EpiNow2,model,2024-06-03,2023/24
covid_archive,archive,COVID-19 cases,epiforecasts-EpiNow2,model,2024-06-10,2023/24
covid_archive,archive,COVID-19 cases,epiforecasts-EpiNow2,model,2024-06-17,2023/24
covid_archive,archive,COVID-19 cases,epiforecasts-EpiNow2,model,2024-06-24,2023/24
covid_archive,archive,COVID-19 cases,epiforecasts-EpiNow2,model,2024-07-01,2023/24
covid_archive,archive,COVID-19 cases,epiforecasts-EpiNow2,model,2024-07-08,2023/24
covid_archive,archive,COVID-19 cases,epiforecasts-EpiNow2,model,2024-07-15,2023/24
covid_archive,archive,COVID-19 cases,epiforecasts-EpiNow2,model,2024-07-22,2023/24
covid_archive,archive,COVID-19 cases,epiforecasts-EpiNow2,model,2024-07-29,2023/24
covid_archive,archive,COVID-19 cases,epiforecasts-tsensemble,model,2023-03-20,2022/23
covid_archive,archive,COVID-19 cases,epiforecasts-tsensemble,model,2023-03-27,2022/23
covid_archive,archive,COVID-19 cases,epiforecasts-tsensemble,model,2023-04-03,2022/23
covid_archive,archive,COVID-19 cases,epiforecasts-tsensemble,model,2023-04-10,2022/23
covid_archive,archive,COVID-19 cases,epiforecasts-tsensemble,model,2023-04-17,2022/23
covid_archive,archive,COVID-19 cases,epiforecasts-tsensemble,model,2023-04-24,2022/23
covid_archive,archive,COVID-19 cases,epiforecasts-tsensemble,model,2023-05-01,2022/23
covid_archive,archive,COVID-19 cases,epiforecasts-tsensemble,model,2023-05-08,2022/23
covid_archive,archive,COVID-19 cases,epiforecasts-tsensemble,model,2023-05-15,2022/23
covid_archive,archive,COVID-19 cases,epiforecasts-tsensemble,model,2023-05-22,2022/23
covid_archive,archive,COVID-19 cases,epiforecasts-tsensemble,model,2023-05-29,2022/23
covid_archive,archive,COVID-19 cases,epiforecasts-tsensemble,model,2023-06-05,2022/23
covid_archive,archive,COVID-19 cases,epiforecasts-tsensemble,model,2023-06-12,2022/23
covid_archive,archive,COVID-19 cases,epiforecasts-tsensemble,model,2023-06-19,2022/23
covid_archive,archive,COVID-19 cases,epiforecasts-tsensemble,model,2023-06-26,2022/23
covid_archive,archive,COVID-19 cases,epiforecasts-tsensemble,model,2023-07-03,2022/23
covid_archive,archive,COVID-19 cases,epiforecasts-tsensemble,model,2023-07-10,2022/23
covid_archive,archive,COVID-19 cases,epiforecasts-tsensemble,model,2023-07-17,2022/23
covid_archive,archive,COVID-19 cases,epiforecasts-tsensemble,model,2023-07-24,2022/23
covid_archive,archive,COVID-19 cases,epiforecasts-tsensemble,model,2023-07-31,2022/23
covid_archive,archive,COVID-19 cases,epiforecasts-tsensemble,model,2023-08-07,2023/24
covid_archive,archive,COVID-19 cases,epiforecasts-tsensemble,model,2023-08-14,2023/24
covid_archive,archive,COVID-19 cases,epiforecasts-tsensemble,model,2023-08-21,2023/24
covid_archive,archive,COVID-19 cases,epiforecasts-tsensemble,model,2023-08-28,2023/24
covid_archive,archive,COVID-19 cases,epiforecasts-tsensemble,model,2023-09-04,2023/24
covid_archive,archive,COVID-19 cases,epiforecasts-tsensemble,model,2023-09-11,2023/24
covid_archive,archive,COVID-19 cases,epiforecasts-tsensemble,model,2023-09-18,2023/24
covid_archive,archive,COVID-19 cases,epiforecasts-tsensemble,model,2023-09-25,2023/24
covid_archive,archive,COVID-19 cases,epiforecasts-tsensemble,model,2023-10-02,2023/24
covid_archive,archive,COVID-19 cases,epiforecasts-tsensemble,model,2023-10-09,2023/24
covid_archive,archive,COVID-19 cases,epiforecasts-tsensemble,model,2023-10-16,2023/24
covid_archive,archive,COVID-19 cases,epiforecasts-tsensemble,model,2023-10-23,2023/24
covid_archive,archive,COVID-19 cases,epiforecasts-tsensemble,model,2023-10-30,2023/24
covid_archive,archive,COVID-19 cases,epiforecasts-tsensemble,model,2023-11-06,2023/24
covid_archive,archive,COVID-19 cases,epiforecasts-tsensemble,model,2023-11-27,2023/24
covid_archive,archive,COVID-19 cases,epiforecasts-tsensemble,model,2023-12-04,2023/24
covid_archive,archive,COVID-19 cases,epiforecasts-tsensemble,model,2023-12-18,2023/24
covid_archive,archive,COVID-19 cases,epiforecasts-tsensemble,model,2023-12-25,2023/24
covid_archive,archive,COVID-19 cases,epiforecasts-tsensemble,model,2024-01-08,2023/24
covid_archive,archive,COVID-19 cases,epiforecasts-tsensemble,model,2024-01-22,2023/24
covid_archive,archive,COVID-19 cases,epiforecasts-tsensemble,model,2024-01-29,2023/24
covid_archive,archive,COVID-19 cases,epiforecasts-tsensemble,model,2024-02-05,2023/24
covid_archive,archive,COVID-19 cases,epiforecasts-tsensemble,model,2024-02-12,2023/24
covid_archive,archive,COVID-19 cases,epiforecasts-tsensemble,model,2024-02-19,2023/24
covid_archive,archive,COVID-19 cases,epiforecasts-tsensemble,model,2024-02-26,2023/24
covid_archive,archive,COVID-19 cases,epiforecasts-tsensemble,model,2024-03-04,2023/24
covid_archive,archive,COVID-19 cases,epiforecasts-tsensemble,model,2024-03-11,2023/24
covid_archive,archive,COVID-19 cases,epiforecasts-tsensemble,model,2024-03-18,2023/24
covid_archive,archive,COVID-19 cases,epiforecasts-tsensemble,model,2024-03-25,2023/24
covid_archive,archive,COVID-19 cases,epiforecasts-tsensemble,model,2024-04-01,2023/24
covid_archive,archive,COVID-19 cases,epiforecasts-tsensemble,model,2024-04-08,2023/24
covid_archive,archive,COVID-19 cases,epiforecasts-tsensemble,model,2024-04-15,2023/24
covid_archive,archive,COVID-19 cases,epiforecasts-tsensemble,model,2024-04-22,2023/24
covid_archive,archive,COVID-19 cases,epiforecasts-tsensemble,model,2024-04-29,2023/24
covid_archive,archive,COVID-19 cases,epiforecasts-tsensemble,model,2024-05-06,2023/24
covid_archive,archive,COVID-19 cases,epiforecasts-tsensemble,model,2024-05-20,2023/24
covid_archive,archive,COVID-19 cases,epiforecasts-tsensemble,model,2024-05-27,2023/24
covid_archive,archive,COVID-19 cases,epiforecasts-tsensemble,model,2024-06-03,2023/24
covid_archive,archive,COVID-19 cases,epiforecasts-tsensemble,model,2024-06-10,2023/24
covid_archive,archive,COVID-19 cases,epiforecasts-tsensemble,model,2024-06-17,2023/24
covid_archive,archive,COVID-19 cases,epiforecasts-tsensemble,model,2024-06-24,2023/24
covid_archive,archive,COVID-19 cases,epiforecasts-tsensemble,model,2024-07-01,2023/24
covid_archive,archive,COVID-19 cases,epiforecasts-tsensemble,model,2024-07-08,2023/24
covid_archive,archive,COVID-19 cases,epiforecasts-tsensemble,model,2024-07-15,2023/24
covid_archive,archive,COVID-19 cases,epiforecasts-tsensemble,model,2024-07-22,2023/24
covid_archive,archive,COVID-19 cases,epiforecasts-tsensemble,model,2024-07-29,2023/24
covid_archive,archive,COVID-19 cases,epiforecasts-tsensemble,model,2024-08-05,2024/25
covid_archive,archive,COVID-19 cases,epiforecasts-tsensemble,model,2024-08-12,2024/25
covid_archive,archive,COVID-19 cases,epiforecasts-tsensemble,model,2024-08-19,2024/25
covid_archive,archive,COVID-19 cases,epiforecasts-tsensemble,model,2024-08-26,2024/25
covid_archive,archive,COVID-19 cases,epiforecasts-tsensemble,model,2024-09-02,2024/25
covid_archive,archive,COVID-19 cases,epiforecasts-weeklygrowth,model,2022-01-10,2021/22
covid_archive,archive,COVID-19 cases,epiforecasts-weeklygrowth,model,2022-01-17,2021/22
covid_archive,archive,COVID-19 cases,epiforecasts-weeklygrowth,model,2022-01-24,2021/22
covid_archive,archive,COVID-19 cases,epiforecasts-weeklygrowth,model,2022-01-31,2021/22
covid_archive,archive,COVID-19 cases,epiforecasts-weeklygrowth,model,2022-02-07,2021/22
covid_archive,archive,COVID-19 cases,epiforecasts-weeklygrowth,model,2022-02-14,2021/22
covid_archive,archive,COVID-19 cases,epiforecasts-weeklygrowth,model,2022-02-21,2021/22
covid_archive,archive,COVID-19 cases,epiforecasts-weeklygrowth,model,2022-02-28,2021/22
covid_archive,archive,COVID-19 cases,epiforecasts-weeklygrowth,model,2022-03-07,2021/22
covid_archive,archive,COVID-19 cases,epiforecasts-weeklygrowth,model,2022-03-14,2021/22
covid_archive,archive,COVID-19 cases,epiforecasts-weeklygrowth,model,2022-03-21,2021/22
covid_archive,archive,COVID-19 cases,epiforecasts-weeklygrowth,model,2022-03-28,2021/22
covid_archive,archive,COVID-19 cases,epiforecasts-weeklygrowth,model,2022-04-04,2021/22
covid_archive,archive,COVID-19 cases,epiforecasts-weeklygrowth,model,2022-04-11,2021/22
covid_archive,archive,COVID-19 cases,epiforecasts-weeklygrowth,model,2022-04-18,2021/22
covid_archive,archive,COVID-19 cases,epiforecasts-weeklygrowth,model,2022-04-25,2021/22
covid_archive,archive,COVID-19 cases,epiforecasts-weeklygrowth,model,2022-05-02,2021/22
covid_archive,archive,COVID-19 cases,epiforecasts-weeklygrowth,model,2022-05-09,2021/22
covid_archive,archive,COVID-19 cases,epiforecasts-weeklygrowth,model,2022-05-16,2021/22
covid_archive,archive,COVID-19 cases,epiforecasts-weeklygrowth,model,2022-05-30,2021/22
covid_archive,archive,COVID-19 cases,epiforecasts-weeklygrowth,model,2022-06-06,2021/22
covid_archive,archive,COVID-19 cases,epiforecasts-weeklygrowth,model,2022-06-13,2021/22
covid_archive,archive,COVID-19 cases,epiforecasts-weeklygrowth,model,2022-06-20,2021/22
covid_archive,archive,COVID-19 cases,epiforecasts-weeklygrowth,model,2022-06-27,2021/22
covid_archive,archive,COVID-19 cases,epiforecasts-weeklygrowth,model,2022-07-04,2021/22
covid_archive,archive,COVID-19 cases,epiforecasts-weeklygrowth,model,2022-07-11,2021/22
covid_archive,archive,COVID-19 cases,epiforecasts-weeklygrowth,model,2022-07-18,2021/22
covid_archive,archive,COVID-19 cases,epiforecasts-weeklygrowth,model,2022-07-25,2021/22
covid_archive,archive,COVID-19 cases,epiforecasts-weeklygrowth,model,2022-08-01,2022/23
covid_archive,archive,COVID-19 cases,epiforecasts-weeklygrowth,model,2022-08-08,2022/23
covid_archive,archive,COVID-19 cases,epiforecasts-weeklygrowth,model,2022-08-15,2022/23
covid_archive,archive,COVID-19 cases,epiforecasts-weeklygrowth,model,2022-08-22,2022/23
covid_archive,archive,COVID-19 cases,epiforecasts-weeklygrowth,model,2022-08-29,2022/23
covid_archive,archive,COVID-19 cases,epiforecasts-weeklygrowth,model,2022-09-05,2022/23
covid_archive,archive,COVID-19 cases,epiforecasts-weeklygrowth,model,2022-09-12,2022/23
covid_archive,archive,COVID-19 cases,epiforecasts-weeklygrowth,model,2022-09-19,2022/23
covid_archive,archive,COVID-19 cases,epiforecasts-weeklygrowth,model,2022-10-10,2022/23
covid_archive,archive,COVID-19 cases,epiforecasts-weeklygrowth,model,2022-10-17,2022/23
covid_archive,archive,COVID-19 cases,epiforecasts-weeklygrowth,model,2022-10-24,2022/23
covid_archive,archive,COVID-19 cases,epiforecasts-weeklygrowth,model,2022-10-31,2022/23
covid_archive,archive,COVID-19 cases,epiforecasts-weeklygrowth,model,2022-11-07,2022/23
covid_archive,archive,COVID-19 cases,epiforecasts-weeklygrowth,model,2022-11-14,2022/23
covid_archive,archive,COVID-19 cases,epiforecasts-weeklygrowth,model,2022-11-21,2022/23
covid_archive,archive,COVID-19 cases,epiforecasts-weeklygrowth,model,2022-12-26,2022/23
covid_archive,archive,COVID-19 cases,epiforecasts-weeklygrowth,model,2023-01-02,2022/23
covid_archive,archive,COVID-19 cases,epiforecasts-weeklygrowth,model,2023-01-09,2022/23
covid_archive,archive,COVID-19 cases,epiforecasts-weeklygrowth,model,2023-01-23,2022/23
covid_archive,archive,COVID-19 cases,epiforecasts-weeklygrowth,model,2023-01-30,2022/23
covid_archive,archive,COVID-19 cases,epiforecasts-weeklygrowth,model,2023-02-13,2022/23
covid_archive,archive,COVID-19 cases,epiforecasts-weeklygrowth,model,2023-02-20,2022/23
covid_archive,archive,COVID-19 cases,epiforecasts-weeklygrowth,model,2023-02-27,2022/23
covid_archive,archive,COVID-19 cases,epiforecasts-weeklygrowth,model,2023-03-27,2022/23
covid_archive,archive,COVID-19 cases,epiforecasts-weeklygrowth,model,2023-04-03,2022/23
covid_archive,archive,COVID-19 cases,epiforecasts-weeklygrowth,model,2023-04-10,2022/23
covid_archive,archive,COVID-19 cases,epiforecasts-weeklygrowth,model,2023-04-17,2022/23
covid_archive,archive,COVID-19 cases,epiforecasts-weeklygrowth,model,2023-04-24,2022/23
covid_archive,archive,COVID-19 cases,epiforecasts-weeklygrowth,model,2023-05-01,2022/23
covid_archive,archive,COVID-19 cases,epiforecasts-weeklygrowth,model,2023-05-08,2022/23
covid_archive,archive,COVID-19 cases,epiforecasts-weeklygrowth,model,2023-05-22,2022/23
covid_archive,archive,COVID-19 cases,epiforecasts-weeklygrowth,model,2023-05-29,2022/23
covid_archive,archive,COVID-19 cases,epiforecasts-weeklygrowth,model,2023-06-05,2022/23
covid_archive,archive,COVID-19 cases,epiforecasts-weeklygrowth,model,2023-06-12,2022/23
covid_archive,archive,COVID-19 cases,epiforecasts-weeklygrowth,model,2023-06-19,2022/23
covid_archive,archive,COVID-19 cases,epiforecasts-weeklygrowth,model,2023-06-26,2022/23
covid_archive,archive,COVID-19 cases,epiforecasts-weeklygrowth,model,2023-07-03,2022/23
covid_archive,archive,COVID-19 cases,epiforecasts-weeklygrowth,model,2023-07-10,2022/23
covid_archive,archive,COVID-19 cases,epiforecasts-weeklygrowth,model,2023-07-17,2022/23
covid_archive,archive,COVID-19 cases,epiforecasts-weeklygrowth,model,2023-07-24,2022/23
covid_archive,archive,COVID-19 cases,epiforecasts-weeklygrowth,model,2023-07-31,2022/23
covid_archive,archive,COVID-19 cases,epiforecasts-weeklygrowth,model,2023-08-07,2023/24
covid_archive,archive,COVID-19 cases,epiforecasts-weeklygrowth,model,2023-08-14,2023/24
covid_archive,archive,COVID-19 cases,epiforecasts-weeklygrowth,model,2023-08-21,2023/24
covid_archive,archive,COVID-19 cases,epiforecasts-weeklygrowth,model,2023-08-28,2023/24
covid_archive,archive,COVID-19 cases,epiforecasts-weeklygrowth,model,2023-09-04,2023/24
covid_archive,archive,COVID-19 cases,epiforecasts-weeklygrowth,model,2023-09-11,2023/24
covid_archive,archive,COVID-19 cases,epiforecasts-weeklygrowth,model,2023-09-18,2023/24
covid_archive,archive,COVID-19 cases,epiforecasts-weeklygrowth,model,2023-09-25,2023/24
covid_archive,archive,COVID-19 cases,epiforecasts-weeklygrowth,model,2023-10-02,2023/24
covid_archive,archive,COVID-19 cases,epiforecasts-weeklygrowth,model,2023-10-09,2023/24
covid_archive,archive,COVID-19 cases,epiforecasts-weeklygrowth,model,2023-10-16,2023/24
covid_archive,archive,COVID-19 cases,epiforecasts-weeklygrowth,model,2023-10-23,2023/24
covid_archive,archive,COVID-19 cases,epiforecasts-weeklygrowth,model,2023-10-30,2023/24
covid_archive,archive,COVID-19 cases,epiforecasts-weeklygrowth,model,2023-11-06,2023/24
covid_archive,archive,COVID-19 cases,epiforecasts-weeklygrowth,model,2023-12-11,2023/24
covid_archive,archive,COVID-19 cases,epiforecasts-weeklygrowth,model,2023-12-18,2023/24
covid_archive,archive,COVID-19 cases,epiforecasts-weeklygrowth,model,2024-01-01,2023/24
covid_archive,archive,COVID-19 cases,fjordhest-ensemble,model,2023-03-06,2022/23
covid_archive,archive,COVID-19 cases,fjordhest-ensemble,model,2023-03-13,2022/23
covid_archive,archive,COVID-19 cases,fjordhest-ensemble,model,2023-03-20,2022/23
covid_archive,archive,COVID-19 cases,fjordhest-ensemble,model,2023-03-27,2022/23
covid_archive,archive,COVID-19 cases,fjordhest-ensemble,model,2023-04-03,2022/23
covid_archive,archive,COVID-19 cases,fjordhest-ensemble,model,2023-04-10,2022/23
covid_archive,archive,COVID-19 cases,fjordhest-ensemble,model,2023-04-17,2022/23
covid_archive,archive,COVID-19 cases,fjordhest-ensemble,model,2023-04-24,2022/23
covid_archive,archive,COVID-19 cases,fjordhest-ensemble,model,2023-05-01,2022/23
covid_archive,archive,COVID-19 cases,fjordhest-ensemble,model,2023-05-08,2022/23
covid_archive,archive,COVID-19 cases,fjordhest-ensemble,model,2023-05-15,2022/23
covid_archive,archive,COVID-19 cases,fjordhest-ensemble,model,2023-05-22,2022/23
covid_archive,archive,COVID-19 cases,fjordhest-ensemble,model,2023-05-29,2022/23
covid_archive,archive,COVID-19 cases,fjordhest-ensemble,model,2023-06-05,2022/23
covid_archive,archive,COVID-19 cases,fjordhest-ensemble,model,2023-06-12,2022/23
covid_archive,archive,COVID-19 cases,fjordhest-ensemble,model,2023-06-19,2022/23
covid_archive,archive,COVID-19 cases,fjordhest-ensemble,model,2023-06-26,2022/23
covid_archive,archive,COVID-19 cases,fjordhest-ensemble,model,2023-07-03,2022/23
covid_archive,archive,COVID-19 cases,fjordhest-ensemble,model,2023-07-10,2022/23
covid_archive,archive,COVID-19 cases,fjordhest-ensemble,model,2023-07-17,2022/23
covid_archive,archive,COVID-19 cases,fjordhest-ensemble,model,2023-07-24,2022/23
covid_archive,archive,COVID-19 cases,fjordhest-ensemble,model,2023-07-31,2022/23
covid_archive,archive,COVID-19 cases,fjordhest-ensemble,model,2023-08-07,2023/24
covid_archive,archive,COVID-19 cases,fjordhest-ensemble,model,2023-08-14,2023/24
covid_archive,archive,COVID-19 cases,fjordhest-ensemble,model,2023-08-21,2023/24
covid_archive,archive,COVID-19 cases,fjordhest-ensemble,model,2023-08-28,2023/24
covid_archive,archive,COVID-19 cases,fjordhest-ensemble,model,2023-09-04,2023/24
covid_archive,archive,COVID-19 cases,fjordhest-ensemble,model,2023-09-11,2023/24
covid_archive,archive,COVID-19 cases,fjordhest-ensemble,model,2023-09-18,2023/24
covid_archive,archive,COVID-19 cases,fjordhest-ensemble,model,2023-09-25,2023/24
covid_archive,archive,COVID-19 cases,fjordhest-ensemble,model,2023-10-02,2023/24
covid_archive,archive,COVID-19 cases,fjordhest-ensemble,model,2023-10-09,2023/24
covid_archive,archive,COVID-19 cases,fjordhest-ensemble,model,2023-10-16,2023/24
covid_archive,archive,COVID-19 cases,fjordhest-ensemble,model,2023-10-23,2023/24
covid_archive,archive,COVID-19 cases,fjordhest-ensemble,model,2023-10-30,2023/24
covid_archive,archive,COVID-19 cases,fjordhest-ensemble,model,2023-11-06,2023/24
covid_archive,archive,COVID-19 cases,fjordhest-ensemble,model,2023-11-13,2023/24
covid_archive,archive,COVID-19 cases,fjordhest-ensemble,model,2023-11-20,2023/24
covid_archive,archive,COVID-19 cases,fjordhest-ensemble,model,2023-11-27,2023/24
covid_archive,archive,COVID-19 cases,fjordhest-ensemble,model,2023-12-04,2023/24
covid_archive,archive,COVID-19 cases,fjordhest-ensemble,model,2023-12-11,2023/24
covid_archive,archive,COVID-19 cases,fjordhest-ensemble,model,2023-12-25,2023/24
covid_archive,archive,COVID-19 cases,fjordhest-ensemble,model,2024-01-08,2023/24
covid_archive,archive,COVID-19 cases,fjordhest-ensemble,model,2024-01-15,2023/24
covid_archive,archive,COVID-19 cases,fjordhest-ensemble,model,2024-01-22,2023/24
covid_archive,archive,COVID-19 cases,fjordhest-ensemble,model,2024-01-29,2023/24
covid_archive,archive,COVID-19 cases,fjordhest-ensemble,model,2024-02-05,2023/24
covid_archive,archive,COVID-19 cases,fjordhest-ensemble,model,2024-02-12,2023/24
covid_archive,archive,COVID-19 cases,fjordhest-ensemble,model,2024-02-19,2023/24
covid_archive,archive,COVID-19 cases,fjordhest-ensemble,model,2024-02-26,2023/24
covid_archive,archive,COVID-19 cases,fjordhest-ensemble,model,2024-03-04,2023/24
covid_archive,archive,COVID-19 cases,fjordhest-ensemble,model,2024-03-11,2023/24
covid_archive,archive,COVID-19 cases,fjordhest-ensemble,model,2024-03-18,2023/24
covid_archive,archive,COVID-19 cases,fjordhest-ensemble,model,2024-03-25,2023/24
covid_archive,archive,COVID-19 cases,fjordhest-ensemble,model,2024-04-08,2023/24
covid_archive,archive,COVID-19 cases,fjordhest-ensemble,model,2024-04-15,2023/24
covid_archive,archive,COVID-19 cases,fjordhest-ensemble,model,2024-04-22,2023/24
covid_archive,archive,COVID-19 cases,fjordhest-ensemble,model,2024-04-29,2023/24
covid_archive,archive,COVID-19 cases,itwm-dSEIR,model,2021-02-15,2020/21
covid_archive,archive,COVID-19 cases,itwm-dSEIR,model,2021-02-22,2020/21
covid_archive,archive,COVID-19 cases,itwm-dSEIR,model,2021-03-01,2020/21
covid_archive,archive,COVID-19 cases,itwm-dSEIR,model,2021-03-08,2020/21
covid_archive,archive,COVID-19 cases,itwm-dSEIR,model,2021-03-15,2020/21
covid_archive,archive,COVID-19 cases,itwm-dSEIR,model,2021-03-22,2020/21
covid_archive,archive,COVID-19 cases,itwm-dSEIR,model,2021-03-29,2020/21
covid_archive,archive,COVID-19 cases,itwm-dSEIR,model,2021-04-05,2020/21
covid_archive,archive,COVID-19 cases,itwm-dSEIR,model,2021-04-12,2020/21
covid_archive,archive,COVID-19 cases,itwm-dSEIR,model,2021-04-19,2020/21
covid_archive,archive,COVID-19 cases,itwm-dSEIR,model,2021-04-26,2020/21
covid_archive,archive,COVID-19 cases,itwm-dSEIR,model,2021-05-03,2020/21
covid_archive,archive,COVID-19 cases,itwm-dSEIR,model,2021-05-10,2020/21
covid_archive,archive,COVID-19 cases,itwm-dSEIR,model,2021-05-17,2020/21
covid_archive,archive,COVID-19 cases,itwm-dSEIR,model,2021-05-24,2020/21
covid_archive,archive,COVID-19 cases,itwm-dSEIR,model,2021-05-31,2020/21
covid_archive,archive,COVID-19 cases,itwm-dSEIR,model,2021-06-07,2020/21
covid_archive,archive,COVID-19 cases,itwm-dSEIR,model,2021-06-14,2020/21
covid_archive,archive,COVID-19 cases,itwm-dSEIR,model,2021-06-21,2020/21
covid_archive,archive,COVID-19 cases,itwm-dSEIR,model,2021-06-28,2020/21
covid_archive,archive,COVID-19 cases,itwm-dSEIR,model,2021-07-05,2020/21
covid_archive,archive,COVID-19 cases,itwm-dSEIR,model,2021-07-12,2020/21
covid_archive,archive,COVID-19 cases,itwm-dSEIR,model,2021-07-19,2020/21
covid_archive,archive,COVID-19 cases,itwm-dSEIR,model,2021-07-26,2020/21
covid_archive,archive,COVID-19 cases,itwm-dSEIR,model,2021-08-02,2021/22
covid_archive,archive,COVID-19 cases,itwm-dSEIR,model,2021-08-09,2021/22
covid_archive,archive,COVID-19 cases,itwm-dSEIR,model,2021-08-16,2021/22
covid_archive,archive,COVID-19 cases,itwm-dSEIR,model,2021-08-23,2021/22
covid_archive,archive,COVID-19 cases,itwm-dSEIR,model,2021-08-30,2021/22
covid_archive,archive,COVID-19 cases,itwm-dSEIR,model,2021-09-06,2021/22
covid_archive,archive,COVID-19 cases,itwm-dSEIR,model,2021-09-13,2021/22
covid_archive,archive,COVID-19 cases,itwm-dSEIR,model,2021-09-20,2021/22
covid_archive,archive,COVID-19 cases,itwm-dSEIR,model,2021-09-27,2021/22
covid_archive,archive,COVID-19 cases,itwm-dSEIR,model,2021-10-04,2021/22
covid_archive,archive,COVID-19 cases,itwm-dSEIR,model,2021-10-11,2021/22
covid_archive,archive,COVID-19 cases,itwm-dSEIR,model,2021-10-18,2021/22
covid_archive,archive,COVID-19 cases,itwm-dSEIR,model,2021-10-25,2021/22
covid_archive,archive,COVID-19 cases,itwm-dSEIR,model,2021-11-01,2021/22
covid_archive,archive,COVID-19 cases,itwm-dSEIR,model,2021-11-08,2021/22
covid_archive,archive,COVID-19 cases,itwm-dSEIR,model,2021-11-15,2021/22
covid_archive,archive,COVID-19 cases,itwm-dSEIR,model,2021-11-22,2021/22
covid_archive,archive,COVID-19 cases,itwm-dSEIR,model,2021-11-29,2021/22
covid_archive,archive,COVID-19 cases,itwm-dSEIR,model,2021-12-06,2021/22
covid_archive,archive,COVID-19 cases,itwm-dSEIR,model,2021-12-13,2021/22
covid_archive,archive,COVID-19 cases,itwm-dSEIR,model,2021-12-20,2021/22
covid_archive,archive,COVID-19 cases,itwm-dSEIR,model,2021-12-27,2021/22
covid_archive,archive,COVID-19 cases,itwm-dSEIR,model,2022-01-03,2021/22
covid_archive,archive,COVID-19 cases,itwm-dSEIR,model,2022-01-10,2021/22
covid_archive,archive,COVID-19 cases,itwm-dSEIR,model,2022-01-17,2021/22
covid_archive,archive,COVID-19 cases,itwm-dSEIR,model,2022-01-24,2021/22
covid_archive,archive,COVID-19 cases,itwm-dSEIR,model,2022-01-31,2021/22
covid_archive,archive,COVID-19 cases,itwm-dSEIR,model,2022-02-07,2021/22
covid_archive,archive,COVID-19 cases,itwm-dSEIR,model,2022-02-14,2021/22
covid_archive,archive,COVID-19 cases,itwm-dSEIR,model,2022-02-21,2021/22
covid_archive,archive,COVID-19 cases,itwm-dSEIR,model,2022-02-28,2021/22
covid_archive,archive,COVID-19 cases,itwm-dSEIR,model,2022-03-07,2021/22
covid_archive,archive,COVID-19 cases,itwm-dSEIR,model,2022-03-14,2021/22
covid_archive,archive,COVID-19 cases,itwm-dSEIR,model,2022-03-21,2021/22
covid_archive,archive,COVID-19 cases,itwm-dSEIR,model,2022-03-28,2021/22
covid_archive,archive,COVID-19 cases,itwm-dSEIR,model,2022-04-04,2021/22
covid_archive,archive,COVID-19 cases,itwm-dSEIR,model,2022-04-11,2021/22
covid_archive,archive,COVID-19 cases,itwm-dSEIR,model,2022-04-18,2021/22
covid_archive,archive,COVID-19 cases,itwm-dSEIR,model,2022-04-25,2021/22
covid_archive,archive,COVID-19 cases,itwm-dSEIR,model,2022-05-02,2021/22
covid_archive,archive,COVID-19 cases,itwm-dSEIR,model,2022-05-09,2021/22
covid_archive,archive,COVID-19 cases,itwm-dSEIR,model,2022-05-16,2021/22
covid_archive,archive,COVID-19 cases,itwm-dSEIR,model,2022-05-23,2021/22
covid_archive,archive,COVID-19 cases,itwm-dSEIR,model,2022-05-30,2021/22
covid_archive,archive,COVID-19 cases,itwm-dSEIR,model,2022-06-06,2021/22
covid_archive,archive,COVID-19 cases,itwm-dSEIR,model,2022-06-13,2021/22
covid_archive,archive,COVID-19 cases,itwm-dSEIR,model,2022-06-20,2021/22
covid_archive,archive,COVID-19 cases,itwm-dSEIR,model,2022-06-27,2021/22
covid_archive,archive,COVID-19 cases,itwm-dSEIR,model,2022-07-04,2021/22
covid_archive,archive,COVID-19 cases,itwm-dSEIR,model,2022-07-11,2021/22
covid_archive,archive,COVID-19 cases,itwm-dSEIR,model,2022-07-18,2021/22
covid_archive,archive,COVID-19 cases,itwm-dSEIR,model,2022-07-25,2021/22
covid_archive,archive,COVID-19 cases,itwm-dSEIR,model,2022-08-01,2022/23
covid_archive,archive,COVID-19 cases,itwm-dSEIR,model,2022-08-08,2022/23
covid_archive,archive,COVID-19 cases,itwm-dSEIR,model,2022-08-15,2022/23
covid_archive,archive,COVID-19 cases,itwm-dSEIR,model,2022-08-22,2022/23
covid_archive,archive,COVID-19 cases,itwm-dSEIR,model,2022-08-29,2022/23
covid_archive,archive,COVID-19 cases,itwm-dSEIR,model,2022-09-05,2022/23
covid_archive,archive,COVID-19 cases,itwm-dSEIR,model,2022-09-12,2022/23
covid_archive,archive,COVID-19 cases,itwm-dSEIR,model,2022-09-19,2022/23
covid_archive,archive,COVID-19 cases,itwm-dSEIR,model,2022-09-26,2022/23
covid_archive,archive,COVID-19 cases,itwm-dSEIR,model,2022-10-03,2022/23
covid_archive,archive,COVID-19 cases,itwm-dSEIR,model,2022-10-10,2022/23
covid_archive,archive,COVID-19 cases,itwm-dSEIR,model,2022-10-17,2022/23
covid_archive,archive,COVID-19 cases,itwm-dSEIR,model,2022-10-24,2022/23
covid_archive,archive,COVID-19 cases,itwm-dSEIR,model,2022-10-31,2022/23
covid_archive,archive,COVID-19 cases,itwm-dSEIR,model,2022-11-07,2022/23
covid_archive,archive,COVID-19 cases,itwm-dSEIR,model,2022-11-14,2022/23
covid_archive,archive,COVID-19 cases,itwm-dSEIR,model,2022-11-21,2022/23
covid_archive,archive,COVID-19 cases,itwm-dSEIR,model,2022-11-28,2022/23
covid_archive,archive,COVID-19 cases,itwm-dSEIR,model,2022-12-05,2022/23
covid_archive,archive,COVID-19 cases,itwm-dSEIR,model,2022-12-12,2022/23
covid_archive,archive,COVID-19 cases,itwm-dSEIR,model,2022-12-19,2022/23
covid_archive,archive,COVID-19 cases,itwm-dSEIR,model,2023-01-02,2022/23
covid_archive,archive,COVID-19 cases,itwm-dSEIR,model,2023-01-09,2022/23
covid_archive,archive,COVID-19 cases,itwm-dSEIR,model,2023-01-16,2022/23
covid_archive,archive,COVID-19 cases,itwm-dSEIR,model,2023-01-23,2022/23
covid_archive,archive,COVID-19 cases,itwm-dSEIR,model,2023-01-30,2022/23
covid_archive,archive,COVID-19 cases,itwm-dSEIR,model,2023-02-06,2022/23
covid_archive,archive,COVID-19 cases,itwm-dSEIR,model,2023-02-13,2022/23
covid_archive,archive,COVID-19 cases,itwm-dSEIR,model,2023-02-20,2022/23
covid_archive,archive,COVID-19 cases,itwm-dSEIR,model,2023-02-27,2022/23
covid_archive,archive,COVID-19 cases,itwm-dSEIR,model,2023-03-06,2022/23
covid_archive,archive,COVID-19 cases,itwm-dSEIR,model,2023-03-13,2022/23
covid_archive,archive,COVID-19 cases,prolix-euclidean,model,2022-01-03,2021/22
covid_archive,archive,COVID-19 cases,prolix-euclidean,model,2022-01-10,2021/22
covid_archive,archive,COVID-19 cases,prolix-euclidean,model,2022-01-17,2021/22
covid_archive,archive,COVID-19 cases,prolix-euclidean,model,2022-01-24,2021/22
covid_archive,archive,COVID-19 cases,prolix-euclidean,model,2022-01-31,2021/22
covid_archive,archive,COVID-19 cases,prolix-euclidean,model,2022-02-07,2021/22
covid_archive,archive,COVID-19 cases,prolix-euclidean,model,2022-02-14,2021/22
covid_archive,archive,COVID-19 cases,prolix-euclidean,model,2022-02-21,2021/22
covid_archive,archive,COVID-19 cases,prolix-euclidean,model,2022-02-28,2021/22
covid_archive,archive,COVID-19 cases,prolix-euclidean,model,2022-03-07,2021/22
covid_archive,archive,COVID-19 cases,prolix-euclidean,model,2022-03-14,2021/22
covid_archive,archive,COVID-19 cases,prolix-euclidean,model,2022-03-21,2021/22
covid_archive,archive,COVID-19 cases,prolix-euclidean,model,2022-03-28,2021/22
covid_archive,archive,COVID-19 cases,prolix-euclidean,model,2022-04-04,2021/22
covid_archive,archive,COVID-19 cases,prolix-euclidean,model,2022-04-11,2021/22
covid_archive,archive,COVID-19 cases,prolix-euclidean,model,2022-04-18,2021/22
covid_archive,archive,COVID-19 cases,prolix-euclidean,model,2022-04-25,2021/22
covid_archive,archive,COVID-19 cases,prolix-euclidean,model,2022-05-02,2021/22
covid_archive,archive,COVID-19 cases,prolix-euclidean,model,2022-05-09,2021/22
covid_archive,archive,COVID-19 cases,prolix-euclidean,model,2022-05-16,2021/22
covid_archive,archive,COVID-19 deaths,BIOCOMSC-Gompertz,model,2021-04-26,2020/21
covid_archive,archive,COVID-19 deaths,BIOCOMSC-Gompertz,model,2021-05-03,2020/21
covid_archive,archive,COVID-19 deaths,BIOCOMSC-Gompertz,model,2021-05-10,2020/21
covid_archive,archive,COVID-19 deaths,BIOCOMSC-Gompertz,model,2021-05-17,2020/21
covid_archive,archive,COVID-19 deaths,BIOCOMSC-Gompertz,model,2021-05-24,2020/21
covid_archive,archive,COVID-19 deaths,BIOCOMSC-Gompertz,model,2021-05-31,2020/21
covid_archive,archive,COVID-19 deaths,BIOCOMSC-Gompertz,model,2021-06-07,2020/21
covid_archive,archive,COVID-19 deaths,BIOCOMSC-Gompertz,model,2021-06-14,2020/21
covid_archive,archive,COVID-19 deaths,BIOCOMSC-Gompertz,model,2021-06-21,2020/21
covid_archive,archive,COVID-19 deaths,BIOCOMSC-Gompertz,model,2021-06-28,2020/21
covid_archive,archive,COVID-19 deaths,BIOCOMSC-Gompertz,model,2021-07-05,2020/21
covid_archive,archive,COVID-19 deaths,BIOCOMSC-Gompertz,model,2021-07-12,2020/21
covid_archive,archive,COVID-19 deaths,BIOCOMSC-Gompertz,model,2021-07-19,2020/21
covid_archive,archive,COVID-19 deaths,BIOCOMSC-Gompertz,model,2021-07-26,2020/21
covid_archive,archive,COVID-19 deaths,BIOCOMSC-Gompertz,model,2021-08-02,2021/22
covid_archive,archive,COVID-19 deaths,BIOCOMSC-Gompertz,model,2021-08-09,2021/22
covid_archive,archive,COVID-19 deaths,BIOCOMSC-Gompertz,model,2021-08-23,2021/22
covid_archive,archive,COVID-19 deaths,BIOCOMSC-Gompertz,model,2021-08-30,2021/22
covid_archive,archive,COVID-19 deaths,BIOCOMSC-Gompertz,model,2021-09-06,2021/22
covid_archive,archive,COVID-19 deaths,BIOCOMSC-Gompertz,model,2021-09-13,2021/22
covid_archive,archive,COVID-19 deaths,BIOCOMSC-Gompertz,model,2021-09-27,2021/22
covid_archive,archive,COVID-19 deaths,BIOCOMSC-Gompertz,model,2021-10-04,2021/22
covid_archive,archive,COVID-19 deaths,BIOCOMSC-Gompertz,model,2021-10-11,2021/22
covid_archive,archive,COVID-19 deaths,BIOCOMSC-Gompertz,model,2021-10-18,2021/22
covid_archive,archive,COVID-19 deaths,BIOCOMSC-Gompertz,model,2021-10-25,2021/22
covid_archive,archive,COVID-19 deaths,BIOCOMSC-Gompertz,model,2021-11-01,2021/22
covid_archive,archive,COVID-19 deaths,BIOCOMSC-Gompertz,model,2021-11-08,2021/22
covid_archive,archive,COVID-19 deaths,BIOCOMSC-Gompertz,model,2021-11-22,2021/22
covid_archive,archive,COVID-19 deaths,BIOCOMSC-Gompertz,model,2021-11-29,2021/22
covid_archive,archive,COVID-19 deaths,BIOCOMSC-Gompertz,model,2021-12-06,2021/22
covid_archive,archive,COVID-19 deaths,BIOCOMSC-Gompertz,model,2021-12-13,2021/22
covid_archive,archive,COVID-19 deaths,BIOCOMSC-Gompertz,model,2021-12-20,2021/22
covid_archive,archive,COVID-19 deaths,BIOCOMSC-Gompertz,model,2021-12-27,2021/22
covid_archive,archive,COVID-19 deaths,BIOCOMSC-Gompertz,model,2022-01-03,2021/22
covid_archive,archive,COVID-19 deaths,BIOCOMSC-Gompertz,model,2022-01-10,2021/22
covid_archive,archive,COVID-19 deaths,BIOCOMSC-Gompertz,model,2022-01-17,2021/22
covid_archive,archive,COVID-19 deaths,BIOCOMSC-Gompertz,model,2022-01-24,2021/22
covid_archive,archive,COVID-19 deaths,BIOCOMSC-Gompertz,model,2022-01-31,2021/22
covid_archive,archive,COVID-19 deaths,BIOCOMSC-Gompertz,model,2022-02-07,2021/22
covid_archive,archive,COVID-19 deaths,BIOCOMSC-Gompertz,model,2022-02-14,2021/22
covid_archive,archive,COVID-19 deaths,BIOCOMSC-Gompertz,model,2022-02-21,2021/22
covid_archive,archive,COVID-19 deaths,BIOCOMSC-Gompertz,model,2022-02-28,2021/22
covid_archive,archive,COVID-19 deaths,BIOCOMSC-Gompertz,model,2022-03-07,2021/22
covid_archive,archive,COVID-19 deaths,BIOCOMSC-Gompertz,model,2022-03-14,2021/22
covid_archive,archive,COVID-19 deaths,BIOCOMSC-Gompertz,model,2022-03-21,2021/22
covid_archive,archive,COVID-19 deaths,BIOCOMSC-Gompertz,model,2022-03-28,2021/22
covid_archive,archive,COVID-19 deaths,BIOCOMSC-Gompertz,model,2022-04-04,2021/22
covid_archive,archive,COVID-19 deaths,BIOCOMSC-Gompertz,model,2022-04-11,2021/22
covid_archive,archive,COVID-19 deaths,BIOCOMSC-Gompertz,model,2022-04-18,2021/22
covid_archive,archive,COVID-19 deaths,BIOCOMSC-Gompertz,model,2022-04-25,2021/22
covid_archive,archive,COVID-19 deaths,BIOCOMSC-Gompertz,model,2022-05-02,2021/22
covid_archive,archive,COVID-19 deaths,BIOCOMSC-Gompertz,model,2022-05-09,2021/22
covid_archive,archive,COVID-19 deaths,BIOCOMSC-Gompertz,model,2022-05-16,2021/22
covid_archive,archive,COVID-19 deaths,BIOCOMSC-Gompertz,model,2022-05-23,2021/22
covid_archive,archive,COVID-19 deaths,BIOCOMSC-Gompertz,model,2022-05-30,2021/22
covid_archive,archive,COVID-19 deaths,BIOCOMSC-Gompertz,model,2022-06-06,2021/22
covid_archive,archive,COVID-19 deaths,BIOCOMSC-Gompertz,model,2022-06-13,2021/22
covid_archive,archive,COVID-19 deaths,BIOCOMSC-Gompertz,model,2022-06-20,2021/22
covid_archive,archive,COVID-19 deaths,BIOCOMSC-Gompertz,model,2022-06-27,2021/22
covid_archive,archive,COVID-19 deaths,BIOCOMSC-Gompertz,model,2022-07-04,2021/22
covid_archive,archive,COVID-19 deaths,BIOCOMSC-Gompertz,model,2022-07-18,2021/22
covid_archive,archive,COVID-19 deaths,BIOCOMSC-Gompertz,model,2022-07-25,2021/22
covid_archive,archive,COVID-19 deaths,BIOCOMSC-Gompertz,model,2022-08-01,2022/23
covid_archive,archive,COVID-19 deaths,BIOCOMSC-Gompertz,model,2022-08-08,2022/23
covid_archive,archive,COVID-19 deaths,BIOCOMSC-Gompertz,model,2022-08-15,2022/23
covid_archive,archive,COVID-19 deaths,BIOCOMSC-Gompertz,model,2022-08-22,2022/23
covid_archive,archive,COVID-19 deaths,BIOCOMSC-Gompertz,model,2022-08-29,2022/23
covid_archive,archive,COVID-19 deaths,BIOCOMSC-Gompertz,model,2022-09-05,2022/23
covid_archive,archive,COVID-19 deaths,BIOCOMSC-Gompertz,model,2022-09-12,2022/23
covid_archive,archive,COVID-19 deaths,BIOCOMSC-Gompertz,model,2022-09-19,2022/23
covid_archive,archive,COVID-19 deaths,BIOCOMSC-Gompertz,model,2022-09-26,2022/23
covid_archive,archive,COVID-19 deaths,BIOCOMSC-Gompertz,model,2022-10-03,2022/23
covid_archive,archive,COVID-19 deaths,BIOCOMSC-Gompertz,model,2022-10-10,2022/23
covid_archive,archive,COVID-19 deaths,BIOCOMSC-Gompertz,model,2022-10-17,2022/23
covid_archive,archive,COVID-19 deaths,BIOCOMSC-Gompertz,model,2022-10-24,2022/23
covid_archive,archive,COVID-19 deaths,BIOCOMSC-Gompertz,model,2022-10-31,2022/23
covid_archive,archive,COVID-19 deaths,BIOCOMSC-Gompertz,model,2022-11-07,2022/23
covid_archive,archive,COVID-19 deaths,BIOCOMSC-Gompertz,model,2022-11-14,2022/23
covid_archive,archive,COVID-19 deaths,BIOCOMSC-Gompertz,model,2022-11-21,2022/23
covid_archive,archive,COVID-19 deaths,BIOCOMSC-Gompertz,model,2022-11-28,2022/23
covid_archive,archive,COVID-19 deaths,BIOCOMSC-Gompertz,model,2022-12-05,2022/23
covid_archive,archive,COVID-19 deaths,BIOCOMSC-Gompertz,model,2022-12-12,2022/23
covid_archive,archive,COVID-19 deaths,BIOCOMSC-Gompertz,model,2022-12-19,2022/23
covid_archive,archive,COVID-19 deaths,BIOCOMSC-Gompertz,model,2022-12-26,2022/23
covid_archive,archive,COVID-19 deaths,BIOCOMSC-Gompertz,model,2023-01-02,2022/23
covid_archive,archive,COVID-19 deaths,BIOCOMSC-Gompertz,model,2023-01-09,2022/23
covid_archive,archive,COVID-19 deaths,BIOCOMSC-Gompertz,model,2023-01-16,2022/23
covid_archive,archive,COVID-19 deaths,BIOCOMSC-Gompertz,model,2023-01-30,2022/23
covid_archive,archive,COVID-19 deaths,BIOCOMSC-Gompertz,model,2023-02-06,2022/23
covid_archive,archive,COVID-19 deaths,BIOCOMSC-Gompertz,model,2023-02-13,2022/23
covid_archive,archive,COVID-19 deaths,BIOCOMSC-Gompertz,model,2023-02-20,2022/23
covid_archive,archive,COVID-19 deaths,BIOCOMSC-Gompertz,model,2023-02-27,2022/23
covid_archive,archive,COVID-19 deaths,BIOCOMSC-Gompertz,model,2023-03-06,2022/23
covid_archive,archive,COVID-19 deaths,ECDC-norrsken_blue,model,2023-12-18,2023/24
covid_archive,archive,COVID-19 deaths,ECDC-norrsken_blue,model,2023-12-25,2023/24
covid_archive,archive,COVID-19 deaths,ECDC-norrsken_blue,model,2024-01-01,2023/24
covid_archive,archive,COVID-19 deaths,ECDC-norrsken_blue,model,2024-01-08,2023/24
covid_archive,archive,COVID-19 deaths,ECDC-norrsken_blue,model,2024-01-15,2023/24
covid_archive,archive,COVID-19 deaths,ECDC-norrsken_blue,model,2024-01-22,2023/24
covid_archive,archive,COVID-19 deaths,ECDC-norrsken_blue,model,2024-01-29,2023/24
covid_archive,archive,COVID-19 deaths,ECDC-norrsken_blue,model,2024-02-05,2023/24
covid_archive,archive,COVID-19 deaths,ECDC-norrsken_blue,model,2024-02-12,2023/24
covid_archive,archive,COVID-19 deaths,ECDC-norrsken_blue,model,2024-02-19,2023/24
covid_archive,archive,COVID-19 deaths,ECDC-norrsken_blue,model,2024-02-26,2023/24
covid_archive,archive,COVID-19 deaths,ECDC-norrsken_blue,model,2024-03-04,2023/24
covid_archive,archive,COVID-19 deaths,ECDC-norrsken_blue,model,2024-03-11,2023/24
covid_archive,archive,COVID-19 deaths,ECDC-norrsken_blue,model,2024-03-18,2023/24
covid_archive,archive,COVID-19 deaths,ECDC-norrsken_blue,model,2024-03-25,2023/24
covid_archive,archive,COVID-19 deaths,ECDC-norrsken_blue,model,2024-04-01,2023/24
covid_archive,archive,COVID-19 deaths,ECDC-norrsken_blue,model,2024-04-08,2023/24
covid_archive,archive,COVID-19 deaths,ECDC-norrsken_blue,model,2024-04-15,2023/24
covid_archive,archive,COVID-19 deaths,ECDC-norrsken_blue,model,2024-04-22,2023/24
covid_archive,archive,COVID-19 deaths,ECDC-norrsken_blue,model,2024-04-29,2023/24
covid_archive,archive,COVID-19 deaths,ECDC-norrsken_blue,model,2024-05-06,2023/24
covid_archive,archive,COVID-19 deaths,ECDC-norrsken_blue,model,2024-06-03,2023/24
covid_archive,archive,COVID-19 deaths,ECDC-norrsken_green,model,2023-12-18,2023/24
covid_archive,archive,COVID-19 deaths,ECDC-norrsken_green,model,2023-12-25,2023/24
covid_archive,archive,COVID-19 deaths,ECDC-norrsken_green,model,2024-01-01,2023/24
covid_archive,archive,COVID-19 deaths,ECDC-norrsken_green,model,2024-01-08,2023/24
covid_archive,archive,COVID-19 deaths,ECDC-norrsken_green,model,2024-01-15,2023/24
covid_archive,archive,COVID-19 deaths,ECDC-norrsken_green,model,2024-01-22,2023/24
covid_archive,archive,COVID-19 deaths,ECDC-norrsken_green,model,2024-01-29,2023/24
covid_archive,archive,COVID-19 deaths,ECDC-norrsken_green,model,2024-02-05,2023/24
covid_archive,archive,COVID-19 deaths,ECDC-norrsken_green,model,2024-02-12,2023/24
covid_archive,archive,COVID-19 deaths,ECDC-norrsken_green,model,2024-02-19,2023/24
covid_archive,archive,COVID-19 deaths,ECDC-norrsken_green,model,2024-02-26,2023/24
covid_archive,archive,COVID-19 deaths,ECDC-norrsken_green,model,2024-03-04,2023/24
covid_archive,archive,COVID-19 deaths,ECDC-norrsken_green,model,2024-03-11,2023/24
covid_archive,archive,COVID-19 deaths,ECDC-norrsken_green,model,2024-03-18,2023/24
covid_archive,archive,COVID-19 deaths,ECDC-norrsken_green,model,2024-03-25,2023/24
covid_archive,archive,COVID-19 deaths,ECDC-norrsken_green,model,2024-04-01,2023/24
covid_archive,archive,COVID-19 deaths,ECDC-norrsken_green,model,2024-04-08,2023/24
covid_archive,archive,COVID-19 deaths,ECDC-norrsken_green,model,2024-04-15,2023/24
covid_archive,archive,COVID-19 deaths,ECDC-norrsken_green,model,2024-04-22,2023/24
covid_archive,archive,COVID-19 deaths,ECDC-norrsken_green,model,2024-04-29,2023/24
covid_archive,archive,COVID-19 deaths,ECDC-norrsken_green,model,2024-05-06,2023/24
covid_archive,archive,COVID-19 deaths,ECDC-norrsken_green,model,2024-06-03,2023/24
covid_archive,archive,COVID-19 deaths,ECDC-soca_simplex,model,2024-02-19,2023/24
covid_archive,archive,COVID-19 deaths,ECDC-soca_simplex,model,2024-02-26,2023/24
covid_archive,archive,COVID-19 deaths,ECDC-soca_simplex,model,2024-03-04,2023/24
covid_archive,archive,COVID-19 deaths,ECDC-soca_simplex,model,2024-03-11,2023/24
covid_archive,archive,COVID-19 deaths,ECDC-soca_simplex,model,2024-03-18,2023/24
covid_archive,archive,COVID-19 deaths,ECDC-soca_simplex,model,2024-03-25,2023/24
covid_archive,archive,COVID-19 deaths,ECDC-soca_simplex,model,2024-04-08,2023/24
covid_archive,archive,COVID-19 deaths,ECDC-soca_simplex,model,2024-04-15,2023/24
covid_archive,archive,COVID-19 deaths,ECDC-soca_simplex,model,2024-04-22,2023/24
covid_archive,archive,COVID-19 deaths,ECDC-soca_simplex,model,2024-04-29,2023/24
covid_archive,archive,COVID-19 deaths,ECDC-soca_simplex,model,2024-05-06,2023/24
covid_archive,archive,COVID-19 deaths,ECDC-soca_simplex,model,2024-05-20,2023/24
covid_archive,archive,COVID-19 deaths,ECDC-soca_simplex,model,2024-05-27,2023/24
covid_archive,archive,COVID-19 deaths,ECDC-soca_simplex,model,2024-06-10,2023/24
covid_archive,archive,COVID-19 deaths,ECDC-soca_simplex,model,2024-07-08,2023/24
covid_archive,archive,COVID-19 deaths,ECDC-soca_simplex,model,2024-07-15,2023/24
covid_archive,archive,COVID-19 deaths,ECDC-soca_simplex,model,2024-07-22,2023/24
covid_archive,archive,COVID-19 deaths,ECDC-soca_simplex,model,2024-07-29,2023/24
covid_archive,archive,COVID-19 deaths,ECDC-soca_simplex,model,2024-08-05,2024/25
covid_archive,archive,COVID-19 deaths,ECDC-soca_simplex,model,2024-09-09,2024/25
covid_archive,archive,COVID-19 deaths,ECDC-soca_simplex,model,2024-09-16,2024/25
covid_archive,archive,COVID-19 deaths,ECDC-soca_simplex,model,2024-09-23,2024/25
covid_archive,archive,COVID-19 deaths,ECDC-soca_simplex,model,2024-09-30,2024/25
covid_archive,archive,COVID-19 deaths,ECDC-soca_simplex,model,2024-10-07,2024/25
covid_archive,archive,COVID-19 deaths,ECDC-soca_simplex,model,2024-10-14,2024/25
covid_archive,archive,COVID-19 deaths,EuroCOVIDhub-baseline,baseline,2021-03-08,2020/21
covid_archive,archive,COVID-19 deaths,EuroCOVIDhub-baseline,baseline,2021-03-15,2020/21
covid_archive,archive,COVID-19 deaths,EuroCOVIDhub-baseline,baseline,2021-03-22,2020/21
covid_archive,archive,COVID-19 deaths,EuroCOVIDhub-baseline,baseline,2021-03-29,2020/21
covid_archive,archive,COVID-19 deaths,EuroCOVIDhub-baseline,baseline,2021-04-05,2020/21
covid_archive,archive,COVID-19 deaths,EuroCOVIDhub-baseline,baseline,2021-04-12,2020/21
covid_archive,archive,COVID-19 deaths,EuroCOVIDhub-baseline,baseline,2021-04-19,2020/21
covid_archive,archive,COVID-19 deaths,EuroCOVIDhub-baseline,baseline,2021-04-26,2020/21
covid_archive,archive,COVID-19 deaths,EuroCOVIDhub-baseline,baseline,2021-05-03,2020/21
covid_archive,archive,COVID-19 deaths,EuroCOVIDhub-baseline,baseline,2021-05-10,2020/21
covid_archive,archive,COVID-19 deaths,EuroCOVIDhub-baseline,baseline,2021-05-17,2020/21
covid_archive,archive,COVID-19 deaths,EuroCOVIDhub-baseline,baseline,2021-05-24,2020/21
covid_archive,archive,COVID-19 deaths,EuroCOVIDhub-baseline,baseline,2021-05-31,2020/21
covid_archive,archive,COVID-19 deaths,EuroCOVIDhub-baseline,baseline,2021-06-07,2020/21
covid_archive,archive,COVID-19 deaths,EuroCOVIDhub-baseline,baseline,2021-06-14,2020/21
covid_archive,archive,COVID-19 deaths,EuroCOVIDhub-baseline,baseline,2021-06-21,2020/21
covid_archive,archive,COVID-19 deaths,EuroCOVIDhub-baseline,baseline,2021-06-28,2020/21
covid_archive,archive,COVID-19 deaths,EuroCOVIDhub-baseline,baseline,2021-07-05,2020/21
covid_archive,archive,COVID-19 deaths,EuroCOVIDhub-baseline,baseline,2021-07-12,2020/21
covid_archive,archive,COVID-19 deaths,EuroCOVIDhub-baseline,baseline,2021-07-19,2020/21
covid_archive,archive,COVID-19 deaths,EuroCOVIDhub-baseline,baseline,2021-07-26,2020/21
covid_archive,archive,COVID-19 deaths,EuroCOVIDhub-baseline,baseline,2021-08-02,2021/22
covid_archive,archive,COVID-19 deaths,EuroCOVIDhub-baseline,baseline,2021-08-09,2021/22
covid_archive,archive,COVID-19 deaths,EuroCOVIDhub-baseline,baseline,2021-08-16,2021/22
covid_archive,archive,COVID-19 deaths,EuroCOVIDhub-baseline,baseline,2021-08-23,2021/22
covid_archive,archive,COVID-19 deaths,EuroCOVIDhub-baseline,baseline,2021-08-30,2021/22
covid_archive,archive,COVID-19 deaths,EuroCOVIDhub-baseline,baseline,2021-09-06,2021/22
covid_archive,archive,COVID-19 deaths,EuroCOVIDhub-baseline,baseline,2021-09-13,2021/22
covid_archive,archive,COVID-19 deaths,EuroCOVIDhub-baseline,baseline,2021-09-20,2021/22
covid_archive,archive,COVID-19 deaths,EuroCOVIDhub-baseline,baseline,2021-09-27,2021/22
covid_archive,archive,COVID-19 deaths,EuroCOVIDhub-baseline,baseline,2021-10-04,2021/22
covid_archive,archive,COVID-19 deaths,EuroCOVIDhub-baseline,baseline,2021-10-11,2021/22
covid_archive,archive,COVID-19 deaths,EuroCOVIDhub-baseline,baseline,2021-10-18,2021/22
covid_archive,archive,COVID-19 deaths,EuroCOVIDhub-baseline,baseline,2021-10-25,2021/22
covid_archive,archive,COVID-19 deaths,EuroCOVIDhub-baseline,baseline,2021-11-01,2021/22
covid_archive,archive,COVID-19 deaths,EuroCOVIDhub-baseline,baseline,2021-11-08,2021/22
covid_archive,archive,COVID-19 deaths,EuroCOVIDhub-baseline,baseline,2021-11-15,2021/22
covid_archive,archive,COVID-19 deaths,EuroCOVIDhub-baseline,baseline,2021-11-22,2021/22
covid_archive,archive,COVID-19 deaths,EuroCOVIDhub-baseline,baseline,2021-11-29,2021/22
covid_archive,archive,COVID-19 deaths,EuroCOVIDhub-baseline,baseline,2021-12-06,2021/22
covid_archive,archive,COVID-19 deaths,EuroCOVIDhub-baseline,baseline,2021-12-13,2021/22
covid_archive,archive,COVID-19 deaths,EuroCOVIDhub-baseline,baseline,2021-12-20,2021/22
covid_archive,archive,COVID-19 deaths,EuroCOVIDhub-baseline,baseline,2021-12-27,2021/22
covid_archive,archive,COVID-19 deaths,EuroCOVIDhub-baseline,baseline,2022-01-03,2021/22
covid_archive,archive,COVID-19 deaths,EuroCOVIDhub-baseline,baseline,2022-01-10,2021/22
covid_archive,archive,COVID-19 deaths,EuroCOVIDhub-baseline,baseline,2022-01-17,2021/22
covid_archive,archive,COVID-19 deaths,EuroCOVIDhub-baseline,baseline,2022-01-24,2021/22
covid_archive,archive,COVID-19 deaths,EuroCOVIDhub-baseline,baseline,2022-01-31,2021/22
covid_archive,archive,COVID-19 deaths,EuroCOVIDhub-baseline,baseline,2022-02-07,2021/22
covid_archive,archive,COVID-19 deaths,EuroCOVIDhub-baseline,baseline,2022-02-14,2021/22
covid_archive,archive,COVID-19 deaths,EuroCOVIDhub-baseline,baseline,2022-02-21,2021/22
covid_archive,archive,COVID-19 deaths,EuroCOVIDhub-baseline,baseline,2022-02-28,2021/22
covid_archive,archive,COVID-19 deaths,EuroCOVIDhub-baseline,baseline,2022-03-07,2021/22
covid_archive,archive,COVID-19 deaths,EuroCOVIDhub-baseline,baseline,2022-03-14,2021/22
covid_archive,archive,COVID-19 deaths,EuroCOVIDhub-baseline,baseline,2022-03-21,2021/22
covid_archive,archive,COVID-19 deaths,EuroCOVIDhub-baseline,baseline,2022-03-28,2021/22
covid_archive,archive,COVID-19 deaths,EuroCOVIDhub-baseline,baseline,2022-04-04,2021/22
covid_archive,archive,COVID-19 deaths,EuroCOVIDhub-baseline,baseline,2022-04-11,2021/22
covid_archive,archive,COVID-19 deaths,EuroCOVIDhub-baseline,baseline,2022-04-18,2021/22
covid_archive,archive,COVID-19 deaths,EuroCOVIDhub-baseline,baseline,2022-04-25,2021/22
covid_archive,archive,COVID-19 deaths,EuroCOVIDhub-baseline,baseline,2022-05-02,2021/22
covid_archive,archive,COVID-19 deaths,EuroCOVIDhub-baseline,baseline,2022-05-09,2021/22
covid_archive,archive,COVID-19 deaths,EuroCOVIDhub-baseline,baseline,2022-05-16,2021/22
covid_archive,archive,COVID-19 deaths,EuroCOVIDhub-baseline,baseline,2022-05-23,2021/22
covid_archive,archive,COVID-19 deaths,EuroCOVIDhub-baseline,baseline,2022-05-30,2021/22
covid_archive,archive,COVID-19 deaths,EuroCOVIDhub-baseline,baseline,2022-06-06,2021/22
covid_archive,archive,COVID-19 deaths,EuroCOVIDhub-baseline,baseline,2022-06-13,2021/22
covid_archive,archive,COVID-19 deaths,EuroCOVIDhub-baseline,baseline,2022-06-20,2021/22
covid_archive,archive,COVID-19 deaths,EuroCOVIDhub-baseline,baseline,2022-06-27,2021/22
covid_archive,archive,COVID-19 deaths,EuroCOVIDhub-baseline,baseline,2022-07-04,2021/22
covid_archive,archive,COVID-19 deaths,EuroCOVIDhub-baseline,baseline,2022-07-11,2021/22
covid_archive,archive,COVID-19 deaths,EuroCOVIDhub-baseline,baseline,2022-07-18,2021/22
covid_archive,archive,COVID-19 deaths,EuroCOVIDhub-baseline,baseline,2022-07-25,2021/22
covid_archive,archive,COVID-19 deaths,EuroCOVIDhub-baseline,baseline,2022-08-01,2022/23
covid_archive,archive,COVID-19 deaths,EuroCOVIDhub-baseline,baseline,2022-08-08,2022/23
covid_archive,archive,COVID-19 deaths,EuroCOVIDhub-baseline,baseline,2022-08-15,2022/23
covid_archive,archive,COVID-19 deaths,EuroCOVIDhub-baseline,baseline,2022-08-22,2022/23
covid_archive,archive,COVID-19 deaths,EuroCOVIDhub-baseline,baseline,2022-08-29,2022/23
covid_archive,archive,COVID-19 deaths,EuroCOVIDhub-baseline,baseline,2022-09-05,2022/23
covid_archive,archive,COVID-19 deaths,EuroCOVIDhub-baseline,baseline,2022-09-12,2022/23
covid_archive,archive,COVID-19 deaths,EuroCOVIDhub-baseline,baseline,2022-09-19,2022/23
covid_archive,archive,COVID-19 deaths,EuroCOVIDhub-baseline,baseline,2022-09-26,2022/23
covid_archive,archive,COVID-19 deaths,EuroCOVIDhub-baseline,baseline,2022-10-03,2022/23
covid_archive,archive,COVID-19 deaths,EuroCOVIDhub-baseline,baseline,2022-10-10,2022/23
covid_archive,archive,COVID-19 deaths,EuroCOVIDhub-baseline,baseline,2022-10-17,2022/23
covid_archive,archive,COVID-19 deaths,EuroCOVIDhub-baseline,baseline,2022-10-24,2022/23
covid_archive,archive,COVID-19 deaths,EuroCOVIDhub-baseline,baseline,2022-10-31,2022/23
covid_archive,archive,COVID-19 deaths,EuroCOVIDhub-baseline,baseline,2022-11-07,2022/23
covid_archive,archive,COVID-19 deaths,EuroCOVIDhub-baseline,baseline,2022-11-14,2022/23
covid_archive,archive,COVID-19 deaths,EuroCOVIDhub-baseline,baseline,2022-11-21,2022/23
covid_archive,archive,COVID-19 deaths,EuroCOVIDhub-baseline,baseline,2022-11-28,2022/23
covid_archive,archive,COVID-19 deaths,EuroCOVIDhub-baseline,baseline,2022-12-05,2022/23
covid_archive,archive,COVID-19 deaths,EuroCOVIDhub-baseline,baseline,2022-12-12,2022/23
covid_archive,archive,COVID-19 deaths,EuroCOVIDhub-baseline,baseline,2022-12-19,2022/23
covid_archive,archive,COVID-19 deaths,EuroCOVIDhub-baseline,baseline,2022-12-26,2022/23
covid_archive,archive,COVID-19 deaths,EuroCOVIDhub-baseline,baseline,2023-01-02,2022/23
covid_archive,archive,COVID-19 deaths,EuroCOVIDhub-baseline,baseline,2023-01-09,2022/23
covid_archive,archive,COVID-19 deaths,EuroCOVIDhub-baseline,baseline,2023-01-16,2022/23
covid_archive,archive,COVID-19 deaths,EuroCOVIDhub-baseline,baseline,2023-01-23,2022/23
covid_archive,archive,COVID-19 deaths,EuroCOVIDhub-baseline,baseline,2023-01-30,2022/23
covid_archive,archive,COVID-19 deaths,EuroCOVIDhub-baseline,baseline,2023-02-06,2022/23
covid_archive,archive,COVID-19 deaths,EuroCOVIDhub-baseline,baseline,2023-02-13,2022/23
covid_archive,archive,COVID-19 deaths,EuroCOVIDhub-baseline,baseline,2023-02-20,2022/23
covid_archive,archive,COVID-19 deaths,EuroCOVIDhub-baseline,baseline,2023-02-27,2022/23
covid_archive,archive,COVID-19 deaths,EuroCOVIDhub-baseline,baseline,2023-03-06,2022/23
covid_archive,archive,COVID-19 deaths,EuroCOVIDhub-baseline,baseline,2023-03-13,2022/23
covid_archive,archive,COVID-19 deaths,EuroCOVIDhub-baseline,baseline,2023-03-20,2022/23
covid_archive,archive,COVID-19 deaths,EuroCOVIDhub-baseline,baseline,2023-03-27,2022/23
covid_archive,archive,COVID-19 deaths,EuroCOVIDhub-baseline,baseline,2023-04-03,2022/23
covid_archive,archive,COVID-19 deaths,EuroCOVIDhub-baseline,baseline,2023-04-10,2022/23
covid_archive,archive,COVID-19 deaths,EuroCOVIDhub-baseline,baseline,2023-04-17,2022/23
covid_archive,archive,COVID-19 deaths,EuroCOVIDhub-baseline,baseline,2023-04-24,2022/23
covid_archive,archive,COVID-19 deaths,EuroCOVIDhub-baseline,baseline,2023-05-01,2022/23
covid_archive,archive,COVID-19 deaths,EuroCOVIDhub-baseline,baseline,2023-05-08,2022/23
covid_archive,archive,COVID-19 deaths,EuroCOVIDhub-baseline,baseline,2023-05-15,2022/23
covid_archive,archive,COVID-19 deaths,EuroCOVIDhub-baseline,baseline,2023-05-22,2022/23
covid_archive,archive,COVID-19 deaths,EuroCOVIDhub-baseline,baseline,2023-05-29,2022/23
covid_archive,archive,COVID-19 deaths,EuroCOVIDhub-baseline,baseline,2023-06-05,2022/23
covid_archive,archive,COVID-19 deaths,EuroCOVIDhub-baseline,baseline,2023-06-12,2022/23
covid_archive,archive,COVID-19 deaths,EuroCOVIDhub-baseline,baseline,2023-06-19,2022/23
covid_archive,archive,COVID-19 deaths,EuroCOVIDhub-baseline,baseline,2023-06-26,2022/23
covid_archive,archive,COVID-19 deaths,EuroCOVIDhub-baseline,baseline,2023-07-03,2022/23
covid_archive,archive,COVID-19 deaths,EuroCOVIDhub-baseline,baseline,2023-07-10,2022/23
covid_archive,archive,COVID-19 deaths,EuroCOVIDhub-baseline,baseline,2023-07-17,2022/23
covid_archive,archive,COVID-19 deaths,EuroCOVIDhub-baseline,baseline,2023-07-24,2022/23
covid_archive,archive,COVID-19 deaths,EuroCOVIDhub-baseline,baseline,2023-07-31,2022/23
covid_archive,archive,COVID-19 deaths,EuroCOVIDhub-baseline,baseline,2023-08-07,2023/24
covid_archive,archive,COVID-19 deaths,EuroCOVIDhub-baseline,baseline,2023-08-14,2023/24
covid_archive,archive,COVID-19 deaths,EuroCOVIDhub-baseline,baseline,2023-08-21,2023/24
covid_archive,archive,COVID-19 deaths,EuroCOVIDhub-baseline,baseline,2023-08-28,2023/24
covid_archive,archive,COVID-19 deaths,EuroCOVIDhub-baseline,baseline,2023-09-04,2023/24
covid_archive,archive,COVID-19 deaths,EuroCOVIDhub-baseline,baseline,2023-09-11,2023/24
covid_archive,archive,COVID-19 deaths,EuroCOVIDhub-baseline,baseline,2023-09-18,2023/24
covid_archive,archive,COVID-19 deaths,EuroCOVIDhub-baseline,baseline,2023-09-25,2023/24
covid_archive,archive,COVID-19 deaths,EuroCOVIDhub-baseline,baseline,2023-10-02,2023/24
covid_archive,archive,COVID-19 deaths,EuroCOVIDhub-baseline,baseline,2023-10-09,2023/24
covid_archive,archive,COVID-19 deaths,EuroCOVIDhub-baseline,baseline,2023-10-16,2023/24
covid_archive,archive,COVID-19 deaths,EuroCOVIDhub-baseline,baseline,2023-10-23,2023/24
covid_archive,archive,COVID-19 deaths,EuroCOVIDhub-baseline,baseline,2023-10-30,2023/24
covid_archive,archive,COVID-19 deaths,EuroCOVIDhub-baseline,baseline,2023-11-06,2023/24
covid_archive,archive,COVID-19 deaths,EuroCOVIDhub-baseline,baseline,2023-11-13,2023/24
covid_archive,archive,COVID-19 deaths,EuroCOVIDhub-baseline,baseline,2023-11-20,2023/24
covid_archive,archive,COVID-19 deaths,EuroCOVIDhub-baseline,baseline,2023-11-27,2023/24
covid_archive,archive,COVID-19 deaths,EuroCOVIDhub-baseline,baseline,2023-12-04,2023/24
covid_archive,archive,COVID-19 deaths,EuroCOVIDhub-baseline,baseline,2023-12-11,2023/24
covid_archive,archive,COVID-19 deaths,EuroCOVIDhub-baseline,baseline,2023-12-25,2023/24
covid_archive,archive,COVID-19 deaths,EuroCOVIDhub-baseline,baseline,2024-01-01,2023/24
covid_archive,archive,COVID-19 deaths,EuroCOVIDhub-baseline,baseline,2024-01-08,2023/24
covid_archive,archive,COVID-19 deaths,EuroCOVIDhub-baseline,baseline,2024-01-15,2023/24
covid_archive,archive,COVID-19 deaths,EuroCOVIDhub-baseline,baseline,2024-01-22,2023/24
covid_archive,archive,COVID-19 deaths,EuroCOVIDhub-baseline,baseline,2024-01-29,2023/24
covid_archive,archive,COVID-19 deaths,EuroCOVIDhub-baseline,baseline,2024-02-05,2023/24
covid_archive,archive,COVID-19 deaths,EuroCOVIDhub-baseline,baseline,2024-02-12,2023/24
covid_archive,archive,COVID-19 deaths,EuroCOVIDhub-baseline,baseline,2024-02-19,2023/24
covid_archive,archive,COVID-19 deaths,EuroCOVIDhub-baseline,baseline,2024-02-26,2023/24
covid_archive,archive,COVID-19 deaths,EuroCOVIDhub-baseline,baseline,2024-03-04,2023/24
covid_archive,archive,COVID-19 deaths,EuroCOVIDhub-baseline,baseline,2024-03-11,2023/24
covid_archive,archive,COVID-19 deaths,EuroCOVIDhub-baseline,baseline,2024-03-18,2023/24
covid_archive,archive,COVID-19 deaths,EuroCOVIDhub-baseline,baseline,2024-03-25,2023/24
covid_archive,archive,COVID-19 deaths,EuroCOVIDhub-baseline,baseline,2024-04-01,2023/24
covid_archive,archive,COVID-19 deaths,EuroCOVIDhub-baseline,baseline,2024-04-08,2023/24
covid_archive,archive,COVID-19 deaths,EuroCOVIDhub-baseline,baseline,2024-04-15,2023/24
covid_archive,archive,COVID-19 deaths,EuroCOVIDhub-baseline,baseline,2024-04-22,2023/24
covid_archive,archive,COVID-19 deaths,EuroCOVIDhub-ensemble,ensemble,2021-03-08,2020/21
covid_archive,archive,COVID-19 deaths,EuroCOVIDhub-ensemble,ensemble,2021-03-15,2020/21
covid_archive,archive,COVID-19 deaths,EuroCOVIDhub-ensemble,ensemble,2021-03-22,2020/21
covid_archive,archive,COVID-19 deaths,EuroCOVIDhub-ensemble,ensemble,2021-03-29,2020/21
covid_archive,archive,COVID-19 deaths,EuroCOVIDhub-ensemble,ensemble,2021-04-05,2020/21
covid_archive,archive,COVID-19 deaths,EuroCOVIDhub-ensemble,ensemble,2021-04-12,2020/21
covid_archive,archive,COVID-19 deaths,EuroCOVIDhub-ensemble,ensemble,2021-04-19,2020/21
covid_archive,archive,COVID-19 deaths,EuroCOVIDhub-ensemble,ensemble,2021-04-26,2020/21
covid_archive,archive,COVID-19 deaths,EuroCOVIDhub-ensemble,ensemble,2021-05-03,2020/21
covid_archive,archive,COVID-19 deaths,EuroCOVIDhub-ensemble,ensemble,2021-05-10,2020/21
covid_archive,archive,COVID-19 deaths,EuroCOVIDhub-ensemble,ensemble,2021-05-17,2020/21
covid_archive,archive,COVID-19 deaths,EuroCOVIDhub-ensemble,ensemble,2021-05-24,2020/21
covid_archive,archive,COVID-19 deaths,EuroCOVIDhub-ensemble,ensemble,2021-05-31,2020/21
covid_archive,archive,COVID-19 deaths,EuroCOVIDhub-ensemble,ensemble,2021-06-07,2020/21
covid_archive,archive,COVID-19 deaths,EuroCOVIDhub-ensemble,ensemble,2021-06-14,2020/21
covid_archive,archive,COVID-19 deaths,EuroCOVIDhub-ensemble,ensemble,2021-06-21,2020/21
covid_archive,archive,COVID-19 deaths,EuroCOVIDhub-ensemble,ensemble,2021-06-28,2020/21
covid_archive,archive,COVID-19 deaths,EuroCOVIDhub-ensemble,ensemble,2021-07-05,2020/21
covid_archive,archive,COVID-19 deaths,EuroCOVIDhub-ensemble,ensemble,2021-07-12,2020/21
covid_archive,archive,COVID-19 deaths,EuroCOVIDhub-ensemble,ensemble,2021-07-19,2020/21
covid_archive,archive,COVID-19 deaths,EuroCOVIDhub-ensemble,ensemble,2021-07-26,2020/21
covid_archive,archive,COVID-19 deaths,EuroCOVIDhub-ensemble,ensemble,2021-08-02,2021/22
covid_archive,archive,COVID-19 deaths,EuroCOVIDhub-ensemble,ensemble,2021-08-09,2021/22
covid_archive,archive,COVID-19 deaths,EuroCOVIDhub-ensemble,ensemble,2021-08-16,2021/22
covid_archive,archive,COVID-19 deaths,EuroCOVIDhub-ensemble,ensemble,2021-08-23,2021/22
covid_archive,archive,COVID-19 deaths,EuroCOVIDhub-ensemble,ensemble,2021-08-30,2021/22
covid_archive,archive,COVID-19 deaths,EuroCOVIDhub-ensemble,ensemble,2021-09-06,2021/22
covid_archive,archive,COVID-19 deaths,EuroCOVIDhub-ensemble,ensemble,2021-09-13,2021/22
covid_archive,archive,COVID-19 deaths,EuroCOVIDhub-ensemble,ensemble,2021-09-20,2021/22
covid_archive,archive,COVID-19 deaths,EuroCOVIDhub-ensemble,ensemble,2021-09-27,2021/22
covid_archive,archive,COVID-19 deaths,EuroCOVIDhub-ensemble,ensemble,2021-10-04,2021/22
covid_archive,archive,COVID-19 deaths,EuroCOVIDhub-ensemble,ensemble,2021-10-11,2021/22
covid_archive,archive,COVID-19 deaths,EuroCOVIDhub-ensemble,ensemble,2021-10-18,2021/22
covid_archive,archive,COVID-19 deaths,EuroCOVIDhub-ensemble,ensemble,2021-10-25,2021/22
covid_archive,archive,COVID-19 deaths,EuroCOVIDhub-ensemble,ensemble,2021-11-01,2021/22
covid_archive,archive,COVID-19 deaths,EuroCOVIDhub-ensemble,ensemble,2021-11-08,2021/22
covid_archive,archive,COVID-19 deaths,EuroCOVIDhub-ensemble,ensemble,2021-11-15,2021/22
covid_archive,archive,COVID-19 deaths,EuroCOVIDhub-ensemble,ensemble,2021-11-22,2021/22
covid_archive,archive,COVID-19 deaths,EuroCOVIDhub-ensemble,ensemble,2021-11-29,2021/22
covid_archive,archive,COVID-19 deaths,EuroCOVIDhub-ensemble,ensemble,2021-12-06,2021/22
covid_archive,archive,COVID-19 deaths,EuroCOVIDhub-ensemble,ensemble,2021-12-13,2021/22
covid_archive,archive,COVID-19 deaths,EuroCOVIDhub-ensemble,ensemble,2021-12-20,2021/22
covid_archive,archive,COVID-19 deaths,EuroCOVIDhub-ensemble,ensemble,2021-12-27,2021/22
covid_archive,archive,COVID-19 deaths,EuroCOVIDhub-ensemble,ensemble,2022-01-03,2021/22
covid_archive,archive,COVID-19 deaths,EuroCOVIDhub-ensemble,ensemble,2022-01-10,2021/22
covid_archive,archive,COVID-19 deaths,EuroCOVIDhub-ensemble,ensemble,2022-01-17,2021/22
covid_archive,archive,COVID-19 deaths,EuroCOVIDhub-ensemble,ensemble,2022-01-24,2021/22
covid_archive,archive,COVID-19 deaths,EuroCOVIDhub-ensemble,ensemble,2022-01-31,2021/22
covid_archive,archive,COVID-19 deaths,EuroCOVIDhub-ensemble,ensemble,2022-02-07,2021/22
covid_archive,archive,COVID-19 deaths,EuroCOVIDhub-ensemble,ensemble,2022-02-14,2021/22
covid_archive,archive,COVID-19 deaths,EuroCOVIDhub-ensemble,ensemble,2022-02-21,2021/22
covid_archive,archive,COVID-19 deaths,EuroCOVIDhub-ensemble,ensemble,2022-02-28,2021/22
covid_archive,archive,COVID-19 deaths,EuroCOVIDhub-ensemble,ensemble,2022-03-07,2021/22
covid_archive,archive,COVID-19 deaths,EuroCOVIDhub-ensemble,ensemble,2022-03-14,2021/22
covid_archive,archive,COVID-19 deaths,EuroCOVIDhub-ensemble,ensemble,2022-03-21,2021/22
covid_archive,archive,COVID-19 deaths,EuroCOVIDhub-ensemble,ensemble,2022-03-28,2021/22
covid_archive,archive,COVID-19 deaths,EuroCOVIDhub-ensemble,ensemble,2022-04-04,2021/22
covid_archive,archive,COVID-19 deaths,EuroCOVIDhub-ensemble,ensemble,2022-04-11,2021/22
covid_archive,archive,COVID-19 deaths,EuroCOVIDhub-ensemble,ensemble,2022-04-18,2021/22
covid_archive,archive,COVID-19 deaths,EuroCOVIDhub-ensemble,ensemble,2022-04-25,2021/22
covid_archive,archive,COVID-19 deaths,EuroCOVIDhub-ensemble,ensemble,2022-05-02,2021/22
covid_archive,archive,COVID-19 deaths,EuroCOVIDhub-ensemble,ensemble,2022-05-09,2021/22
covid_archive,archive,COVID-19 deaths,EuroCOVIDhub-ensemble,ensemble,2022-05-16,2021/22
covid_archive,archive,COVID-19 deaths,EuroCOVIDhub-ensemble,ensemble,2022-05-23,2021/22
covid_archive,archive,COVID-19 deaths,EuroCOVIDhub-ensemble,ensemble,2022-05-30,2021/22
covid_archive,archive,COVID-19 deaths,EuroCOVIDhub-ensemble,ensemble,2022-06-06,2021/22
covid_archive,archive,COVID-19 deaths,EuroCOVIDhub-ensemble,ensemble,2022-06-13,2021/22
covid_archive,archive,COVID-19 deaths,EuroCOVIDhub-ensemble,ensemble,2022-06-20,2021/22
covid_archive,archive,COVID-19 deaths,EuroCOVIDhub-ensemble,ensemble,2022-06-27,2021/22
covid_archive,archive,COVID-19 deaths,EuroCOVIDhub-ensemble,ensemble,2022-07-04,2021/22
covid_archive,archive,COVID-19 deaths,EuroCOVIDhub-ensemble,ensemble,2022-07-11,2021/22
covid_archive,archive,COVID-19 deaths,EuroCOVIDhub-ensemble,ensemble,2022-07-18,2021/22
covid_archive,archive,COVID-19 deaths,EuroCOVIDhub-ensemble,ensemble,2022-07-25,2021/22
covid_archive,archive,COVID-19 deaths,EuroCOVIDhub-ensemble,ensemble,2022-08-01,2022/23
covid_archive,archive,COVID-19 deaths,EuroCOVIDhub-ensemble,ensemble,2022-08-08,2022/23
covid_archive,archive,COVID-19 deaths,EuroCOVIDhub-ensemble,ensemble,2022-08-15,2022/23
covid_archive,archive,COVID-19 deaths,EuroCOVIDhub-ensemble,ensemble,2022-08-22,2022/23
covid_archive,archive,COVID-19 deaths,EuroCOVIDhub-ensemble,ensemble,2022-08-29,2022/23
covid_archive,archive,COVID-19 deaths,EuroCOVIDhub-ensemble,ensemble,2022-09-05,2022/23
covid_archive,archive,COVID-19 deaths,EuroCOVIDhub-ensemble,ensemble,2022-09-12,2022/23
covid_archive,archive,COVID-19 deaths,EuroCOVIDhub-ensemble,ensemble,2022-09-19,2022/23
covid_archive,archive,COVID-19 deaths,EuroCOVIDhub-ensemble,ensemble,2022-09-26,2022/23
covid_archive,archive,COVID-19 deaths,EuroCOVIDhub-ensemble,ensemble,2022-10-03,2022/23
covid_archive,archive,COVID-19 deaths,EuroCOVIDhub-ensemble,ensemble,2022-10-10,2022/23
covid_archive,archive,COVID-19 deaths,EuroCOVIDhub-ensemble,ensemble,2022-10-17,2022/23
covid_archive,archive,COVID-19 deaths,EuroCOVIDhub-ensemble,ensemble,2022-10-24,2022/23
covid_archive,archive,COVID-19 deaths,EuroCOVIDhub-ensemble,ensemble,2022-10-31,2022/23
covid_archive,archive,COVID-19 deaths,EuroCOVIDhub-ensemble,ensemble,2022-11-07,2022/23
covid_archive,archive,COVID-19 deaths,EuroCOVIDhub-ensemble,ensemble,2022-11-14,2022/23
covid_archive,archive,COVID-19 deaths,EuroCOVIDhub-ensemble,ensemble,2022-11-21,2022/23
covid_archive,archive,COVID-19 deaths,EuroCOVIDhub-ensemble,ensemble,2022-11-28,2022/23
covid_archive,archive,COVID-19 deaths,EuroCOVIDhub-ensemble,ensemble,2022-12-05,2022/23
covid_archive,archive,COVID-19 deaths,EuroCOVIDhub-ensemble,ensemble,2022-12-12,2022/23
covid_archive,archive,COVID-19 deaths,EuroCOVIDhub-ensemble,ensemble,2022-12-19,2022/23
covid_archive,archive,COVID-19 deaths,EuroCOVIDhub-ensemble,ensemble,2023-01-02,2022/23
covid_archive,archive,COVID-19 deaths,EuroCOVIDhub-ensemble,ensemble,2023-01-09,2022/23
covid_archive,archive,COVID-19 deaths,EuroCOVIDhub-ensemble,ensemble,2023-01-16,2022/23
covid_archive,archive,COVID-19 deaths,EuroCOVIDhub-ensemble,ensemble,2023-01-23,2022/23
covid_archive,archive,COVID-19 deaths,EuroCOVIDhub-ensemble,ensemble,2023-01-30,2022/23
covid_archive,archive,COVID-19 deaths,EuroCOVIDhub-ensemble,ensemble,2023-02-06,2022/23
covid_archive,archive,COVID-19 deaths,EuroCOVIDhub-ensemble,ensemble,2023-02-13,2022/23
covid_archive,archive,COVID-19 deaths,EuroCOVIDhub-ensemble,ensemble,2023-02-20,2022/23
covid_archive,archive,COVID-19 deaths,EuroCOVIDhub-ensemble,ensemble,2023-02-27,2022/23
covid_archive,archive,COVID-19 deaths,EuroCOVIDhub-ensemble,ensemble,2023-03-06,2022/23
covid_archive,archive,COVID-19 deaths,EuroCOVIDhub-ensemble,ensemble,2023-03-13,2022/23
covid_archive,archive,COVID-19 deaths,EuroCOVIDhub-ensemble,ensemble,2023-03-20,2022/23
covid_archive,archive,COVID-19 deaths,EuroCOVIDhub-ensemble,ensemble,2023-03-27,2022/23
covid_archive,archive,COVID-19 deaths,EuroCOVIDhub-ensemble,ensemble,2023-04-03,2022/23
covid_archive,archive,COVID-19 deaths,EuroCOVIDhub-ensemble,ensemble,2023-04-10,2022/23
covid_archive,archive,COVID-19 deaths,EuroCOVIDhub-ensemble,ensemble,2023-04-17,2022/23
covid_archive,archive,COVID-19 deaths,EuroCOVIDhub-ensemble,ensemble,2023-04-24,2022/23
covid_archive,archive,COVID-19 deaths,EuroCOVIDhub-ensemble,ensemble,2023-05-01,2022/23
covid_archive,archive,COVID-19 deaths,EuroCOVIDhub-ensemble,ensemble,2023-05-08,2022/23
covid_archive,archive,COVID-19 deaths,EuroCOVIDhub-ensemble,ensemble,2023-05-15,2022/23
covid_archive,archive,COVID-19 deaths,EuroCOVIDhub-ensemble,ensemble,2023-05-22,2022/23
covid_archive,archive,COVID-19 deaths,EuroCOVIDhub-ensemble,ensemble,2023-05-29,2022/23
covid_archive,archive,COVID-19 deaths,EuroCOVIDhub-ensemble,ensemble,2023-06-05,2022/23
covid_archive,archive,COVID-19 deaths,EuroCOVIDhub-ensemble,ensemble,2023-06-12,2022/23
covid_archive,archive,COVID-19 deaths,EuroCOVIDhub-ensemble,ensemble,2023-06-19,2022/23
covid_archive,archive,COVID-19 deaths,EuroCOVIDhub-ensemble,ensemble,2023-06-26,2022/23
covid_archive,archive,COVID-19 deaths,EuroCOVIDhub-ensemble,ensemble,2023-07-03,2022/23
covid_archive,archive,COVID-19 deaths,EuroCOVIDhub-ensemble,ensemble,2023-07-10,2022/23
covid_archive,archive,COVID-19 deaths,EuroCOVIDhub-ensemble,ensemble,2023-07-17,2022/23
covid_archive,archive,COVID-19 deaths,EuroCOVIDhub-ensemble,ensemble,2023-07-24,2022/23
covid_archive,archive,COVID-19 deaths,EuroCOVIDhub-ensemble,ensemble,2023-07-31,2022/23
covid_archive,archive,COVID-19 deaths,EuroCOVIDhub-ensemble,ensemble,2023-08-07,2023/24
covid_archive,archive,COVID-19 deaths,EuroCOVIDhub-ensemble,ensemble,2023-08-14,2023/24
covid_archive,archive,COVID-19 deaths,EuroCOVIDhub-ensemble,ensemble,2023-08-21,2023/24
covid_archive,archive,COVID-19 deaths,EuroCOVIDhub-ensemble,ensemble,2023-09-04,2023/24
covid_archive,archive,COVID-19 deaths,EuroCOVIDhub-ensemble,ensemble,2023-09-11,2023/24
covid_archive,archive,COVID-19 deaths,EuroCOVIDhub-ensemble,ensemble,2023-09-18,2023/24
covid_archive,archive,COVID-19 deaths,EuroCOVIDhub-ensemble,ensemble,2023-09-25,2023/24
covid_archive,archive,COVID-19 deaths,EuroCOVIDhub-ensemble,ensemble,2023-10-02,2023/24
covid_archive,archive,COVID-19 deaths,EuroCOVIDhub-ensemble,ensemble,2023-10-09,2023/24
covid_archive,archive,COVID-19 deaths,EuroCOVIDhub-ensemble,ensemble,2023-10-16,2023/24
covid_archive,archive,COVID-19 deaths,EuroCOVIDhub-ensemble,ensemble,2023-10-23,2023/24
covid_archive,archive,COVID-19 deaths,EuroCOVIDhub-ensemble,ensemble,2023-10-30,2023/24
covid_archive,archive,COVID-19 deaths,EuroCOVIDhub-ensemble,ensemble,2023-11-06,2023/24
covid_archive,archive,COVID-19 deaths,EuroCOVIDhub-ensemble,ensemble,2023-11-13,2023/24
covid_archive,archive,COVID-19 deaths,EuroCOVIDhub-ensemble,ensemble,2023-11-20,2023/24
covid_archive,archive,COVID-19 deaths,EuroCOVIDhub-ensemble,ensemble,2023-11-27,2023/24
covid_archive,archive,COVID-19 deaths,EuroCOVIDhub-ensemble,ensemble,2023-12-04,2023/24
covid_archive,archive,COVID-19 deaths,EuroCOVIDhub-ensemble,ensemble,2023-12-11,2023/24
covid_archive,archive,COVID-19 deaths,EuroCOVIDhub-ensemble,ensemble,2023-12-18,2023/24
covid_archive,archive,COVID-19 deaths,EuroCOVIDhub-ensemble,ensemble,2023-12-25,2023/24
covid_archive,archive,COVID-19 deaths,EuroCOVIDhub-ensemble,ensemble,2024-01-01,2023/24
covid_archive,archive,COVID-19 deaths,EuroCOVIDhub-ensemble,ensemble,2024-01-08,2023/24
covid_archive,archive,COVID-19 deaths,EuroCOVIDhub-ensemble,ensemble,2024-01-15,2023/24
covid_archive,archive,COVID-19 deaths,EuroCOVIDhub-ensemble,ensemble,2024-01-22,2023/24
covid_archive,archive,COVID-19 deaths,EuroCOVIDhub-ensemble,ensemble,2024-01-29,2023/24
covid_archive,archive,COVID-19 deaths,EuroCOVIDhub-ensemble,ensemble,2024-02-05,2023/24
covid_archive,archive,COVID-19 deaths,EuroCOVIDhub-ensemble,ensemble,2024-02-12,2023/24
covid_archive,archive,COVID-19 deaths,EuroCOVIDhub-ensemble,ensemble,2024-02-19,2023/24
covid_archive,archive,COVID-19 deaths,EuroCOVIDhub-ensemble,ensemble,2024-02-26,2023/24
covid_archive,archive,COVID-19 deaths,EuroCOVIDhub-ensemble,ensemble,2024-03-04,2023/24
covid_archive,archive,COVID-19 deaths,EuroCOVIDhub-ensemble,ensemble,2024-03-11,2023/24
covid_archive,archive,COVID-19 deaths,EuroCOVIDhub-ensemble,ensemble,2024-03-18,2023/24
covid_archive,archive,COVID-19 deaths,EuroCOVIDhub-ensemble,ensemble,2024-03-25,2023/24
covid_archive,archive,COVID-19 deaths,EuroCOVIDhub-ensemble,ensemble,2024-04-01,2023/24
covid_archive,archive,COVID-19 deaths,EuroCOVIDhub-ensemble,ensemble,2024-04-08,2023/24
covid_archive,archive,COVID-19 deaths,EuroCOVIDhub-ensemble,ensemble,2024-04-15,2023/24
covid_archive,archive,COVID-19 deaths,EuroCOVIDhub-ensemble,ensemble,2024-04-22,2023/24
covid_archive,archive,COVID-19 deaths,EuroCOVIDhub-ensemble,ensemble,2024-04-29,2023/24
covid_archive,archive,COVID-19 deaths,EuroCOVIDhub-ensemble,ensemble,2024-05-06,2023/24
covid_archive,archive,COVID-19 deaths,EuroCOVIDhub-ensemble,ensemble,2024-06-03,2023/24
covid_archive,archive,COVID-19 deaths,EuroCOVIDhub-ensemble,ensemble,2024-07-01,2023/24
covid_archive,archive,COVID-19 deaths,EuroCOVIDhub-ensemble,ensemble,2024-07-08,2023/24
covid_archive,archive,COVID-19 deaths,EuroCOVIDhub-ensemble,ensemble,2024-07-15,2023/24
covid_archive,archive,COVID-19 deaths,EuroCOVIDhub-ensemble,ensemble,2024-07-22,2023/24
covid_archive,archive,COVID-19 deaths,EuroCOVIDhub-ensemble,ensemble,2024-07-29,2023/24
covid_archive,archive,COVID-19 deaths,EuroCOVIDhub-ensemble,ensemble,2024-08-05,2024/25
covid_archive,archive,COVID-19 deaths,EuroCOVIDhub-ensemble,ensemble,2024-08-19,2024/25
covid_archive,archive,COVID-19 deaths,FIAS_FZJ-Epi1Ger,model,2021-02-15,2020/21
covid_archive,archive,COVID-19 deaths,FIAS_FZJ-Epi1Ger,model,2021-02-22,2020/21
covid_archive,archive,COVID-19 deaths,FIAS_FZJ-Epi1Ger,model,2021-03-01,2020/21
covid_archive,archive,COVID-19 deaths,FIAS_FZJ-Epi1Ger,model,2021-03-08,2020/21
covid_archive,archive,COVID-19 deaths,FIAS_FZJ-Epi1Ger,model,2021-03-15,2020/21
covid_archive,archive,COVID-19 deaths,FIAS_FZJ-Epi1Ger,model,2021-03-22,2020/21
covid_archive,archive,COVID-19 deaths,FIAS_FZJ-Epi1Ger,model,2021-03-29,2020/21
covid_archive,archive,COVID-19 deaths,FIAS_FZJ-Epi1Ger,model,2021-04-05,2020/21
covid_archive,archive,COVID-19 deaths,FIAS_FZJ-Epi1Ger,model,2021-04-12,2020/21
covid_archive,archive,COVID-19 deaths,FIAS_FZJ-Epi1Ger,model,2021-04-19,2020/21
covid_archive,archive,COVID-19 deaths,FIAS_FZJ-Epi1Ger,model,2021-04-26,2020/21
covid_archive,archive,COVID-19 deaths,FIAS_FZJ-Epi1Ger,model,2021-05-03,2020/21
covid_archive,archive,COVID-19 deaths,FIAS_FZJ-Epi1Ger,model,2021-05-10,2020/21
covid_archive,archive,COVID-19 deaths,FIAS_FZJ-Epi1Ger,model,2021-05-17,2020/21
covid_archive,archive,COVID-19 deaths,FIAS_FZJ-Epi1Ger,model,2021-05-24,2020/21
covid_archive,archive,COVID-19 deaths,FIAS_FZJ-Epi1Ger,model,2021-05-31,2020/21
covid_archive,archive,COVID-19 deaths,FIAS_FZJ-Epi1Ger,model,2021-06-07,2020/21
covid_archive,archive,COVID-19 deaths,FIAS_FZJ-Epi1Ger,model,2021-06-14,2020/21
covid_archive,archive,COVID-19 deaths,FIAS_FZJ-Epi1Ger,model,2021-06-21,2020/21
covid_archive,archive,COVID-19 deaths,FIAS_FZJ-Epi1Ger,model,2021-06-28,2020/21
covid_archive,archive,COVID-19 deaths,FIAS_FZJ-Epi1Ger,model,2021-07-05,2020/21
covid_archive,archive,COVID-19 deaths,FIAS_FZJ-Epi1Ger,model,2021-07-12,2020/21
covid_archive,archive,COVID-19 deaths,FIAS_FZJ-Epi1Ger,model,2021-07-19,2020/21
covid_archive,archive,COVID-19 deaths,FIAS_FZJ-Epi1Ger,model,2021-07-26,2020/21
covid_archive,archive,COVID-19 deaths,FIAS_FZJ-Epi1Ger,model,2021-08-02,2021/22
covid_archive,archive,COVID-19 deaths,FIAS_FZJ-Epi1Ger,model,2021-08-09,2021/22
covid_archive,archive,COVID-19 deaths,FIAS_FZJ-Epi1Ger,model,2021-08-16,2021/22
covid_archive,archive,COVID-19 deaths,FIAS_FZJ-Epi1Ger,model,2021-08-23,2021/22
covid_archive,archive,COVID-19 deaths,FIAS_FZJ-Epi1Ger,model,2021-08-30,2021/22
covid_archive,archive,COVID-19 deaths,FIAS_FZJ-Epi1Ger,model,2021-09-06,2021/22
covid_archive,archive,COVID-19 deaths,FIAS_FZJ-Epi1Ger,model,2021-09-13,2021/22
covid_archive,archive,COVID-19 deaths,FIAS_FZJ-Epi1Ger,model,2021-09-20,2021/22
covid_archive,archive,COVID-19 deaths,FIAS_FZJ-Epi1Ger,model,2021-09-27,2021/22
covid_archive,archive,COVID-19 deaths,FIAS_FZJ-Epi1Ger,model,2021-10-04,2021/22
covid_archive,archive,COVID-19 deaths,FIAS_FZJ-Epi1Ger,model,2021-10-11,2021/22
covid_archive,archive,COVID-19 deaths,FIAS_FZJ-Epi1Ger,model,2021-10-18,2021/22
covid_archive,archive,COVID-19 deaths,FIAS_FZJ-Epi1Ger,model,2021-10-25,2021/22
covid_archive,archive,COVID-19 deaths,FIAS_FZJ-Epi1Ger,model,2021-11-01,2021/22
covid_archive,archive,COVID-19 deaths,FIAS_FZJ-Epi1Ger,model,2021-11-08,2021/22
covid_archive,archive,COVID-19 deaths,FIAS_FZJ-Epi1Ger,model,2021-11-15,2021/22
covid_archive,archive,COVID-19 deaths,FIAS_FZJ-Epi1Ger,model,2021-11-22,2021/22
covid_archive,archive,COVID-19 deaths,FIAS_FZJ-Epi1Ger,model,2021-11-29,2021/22
covid_archive,archive,COVID-19 deaths,FIAS_FZJ-Epi1Ger,model,2021-12-06,2021/22
covid_archive,archive,COVID-19 deaths,FIAS_FZJ-Epi1Ger,model,2021-12-13,2021/22
covid_archive,archive,COVID-19 deaths,FIAS_FZJ-Epi1Ger,model,2021-12-20,2021/22
covid_archive,archive,COVID-19 deaths,FIAS_FZJ-Epi1Ger,model,2021-12-27,2021/22
covid_archive,archive,COVID-19 deaths,FIAS_FZJ-Epi1Ger,model,2022-01-03,2021/22
covid_archive,archive,COVID-19 deaths,FIAS_FZJ-Epi1Ger,model,2022-01-10,2021/22
covid_archive,archive,COVID-19 deaths,FIAS_FZJ-Epi1Ger,model,2022-01-17,2021/22
covid_archive,archive,COVID-19 deaths,FIAS_FZJ-Epi1Ger,model,2022-01-24,2021/22
covid_archive,archive,COVID-19 deaths,FIAS_FZJ-Epi1Ger,model,2022-01-31,2021/22
covid_archive,archive,COVID-19 deaths,FIAS_FZJ-Epi1Ger,model,2022-02-07,2021/22
covid_archive,archive,COVID-19 deaths,FIAS_FZJ-Epi1Ger,model,2022-02-14,2021/22
covid_archive,archive,COVID-19 deaths,FIAS_FZJ-Epi1Ger,model,2022-02-21,2021/22
covid_archive,archive,COVID-19 deaths,FIAS_FZJ-Epi1Ger,model,2022-02-28,2021/22
covid_archive,archive,COVID-19 deaths,FIAS_FZJ-Epi1Ger,model,2022-03-07,2021/22
covid_archive,archive,COVID-19 deaths,FIAS_FZJ-Epi1Ger,model,2022-03-14,2021/22
covid_archive,archive,COVID-19 deaths,FIAS_FZJ-Epi1Ger,model,2022-03-21,2021/22
covid_archive,archive,COVID-19 deaths,FIAS_FZJ-Epi1Ger,model,2022-03-28,2021/22
covid_archive,archive,COVID-19 deaths,FIAS_FZJ-Epi1Ger,model,2022-04-04,2021/22
covid_archive,archive,COVID-19 deaths,FIAS_FZJ-Epi1Ger,model,2022-04-11,2021/22
covid_archive,archive,COVID-19 deaths,FIAS_FZJ-Epi1Ger,model,2022-04-25,2021/22
covid_archive,archive,COVID-19 deaths,FIAS_FZJ-Epi1Ger,model,2022-05-02,2021/22
covid_archive,archive,COVID-19 deaths,FIAS_FZJ-Epi1Ger,model,2022-05-16,2021/22
covid_archive,archive,COVID-19 deaths,FIAS_FZJ-Epi1Ger,model,2022-05-23,2021/22
covid_archive,archive,COVID-19 deaths,FIAS_FZJ-Epi1Ger,model,2022-05-30,2021/22
covid_archive,archive,COVID-19 deaths,FIAS_FZJ-Epi1Ger,model,2022-06-13,2021/22
covid_archive,archive,COVID-19 deaths,FIAS_FZJ-Epi1Ger,model,2022-06-20,2021/22
covid_archive,archive,COVID-19 deaths,FIAS_FZJ-Epi1Ger,model,2022-06-27,2021/22
covid_archive,archive,COVID-19 deaths,HZI-AgeExtendedSEIR,model,2021-03-15,2020/21
covid_archive,archive,COVID-19 deaths,HZI-AgeExtendedSEIR,model,2021-03-22,2020/21
covid_archive,archive,COVID-19 deaths,HZI-AgeExtendedSEIR,model,2021-03-29,2020/21
covid_archive,archive,COVID-19 deaths,HZI-AgeExtendedSEIR,model,2021-04-05,2020/21
covid_archive,archive,COVID-19 deaths,HZI-AgeExtendedSEIR,model,2021-04-12,2020/21
covid_archive,archive,COVID-19 deaths,HZI-AgeExtendedSEIR,model,2021-04-19,2020/21
covid_archive,archive,COVID-19 deaths,HZI-AgeExtendedSEIR,model,2021-04-26,2020/21
covid_archive,archive,COVID-19 deaths,HZI-AgeExtendedSEIR,model,2021-05-03,2020/21
covid_archive,archive,COVID-19 deaths,HZI-AgeExtendedSEIR,model,2021-05-10,2020/21
covid_archive,archive,COVID-19 deaths,HZI-AgeExtendedSEIR,model,2021-05-17,2020/21
covid_archive,archive,COVID-19 deaths,HZI-AgeExtendedSEIR,model,2021-05-24,2020/21
covid_archive,archive,COVID-19 deaths,HZI-AgeExtendedSEIR,model,2021-05-31,2020/21
covid_archive,archive,COVID-19 deaths,HZI-AgeExtendedSEIR,model,2021-06-07,2020/21
covid_archive,archive,COVID-19 deaths,HZI-AgeExtendedSEIR,model,2021-06-14,2020/21
covid_archive,archive,COVID-19 deaths,HZI-AgeExtendedSEIR,model,2021-06-21,2020/21
covid_archive,archive,COVID-19 deaths,HZI-AgeExtendedSEIR,model,2021-06-28,2020/21
covid_archive,archive,COVID-19 deaths,HZI-AgeExtendedSEIR,model,2021-07-05,2020/21
covid_archive,archive,COVID-19 deaths,HZI-AgeExtendedSEIR,model,2021-07-12,2020/21
covid_archive,archive,COVID-19 deaths,HZI-AgeExtendedSEIR,model,2021-07-19,2020/21
covid_archive,archive,COVID-19 deaths,HZI-AgeExtendedSEIR,model,2021-07-26,2020/21
covid_archive,archive,COVID-19 deaths,HZI-AgeExtendedSEIR,model,2021-08-02,2021/22
covid_archive,archive,COVID-19 deaths,HZI-AgeExtendedSEIR,model,2021-08-09,2021/22
covid_archive,archive,COVID-19 deaths,HZI-AgeExtendedSEIR,model,2021-08-16,2021/22
covid_archive,archive,COVID-19 deaths,HZI-AgeExtendedSEIR,model,2021-08-23,2021/22
covid_archive,archive,COVID-19 deaths,HZI-AgeExtendedSEIR,model,2021-08-30,2021/22
covid_archive,archive,COVID-19 deaths,HZI-AgeExtendedSEIR,model,2021-09-06,2021/22
covid_archive,archive,COVID-19 deaths,HZI-AgeExtendedSEIR,model,2021-09-13,2021/22
covid_archive,archive,COVID-19 deaths,HZI-AgeExtendedSEIR,model,2021-09-20,2021/22
covid_archive,archive,COVID-19 deaths,HZI-AgeExtendedSEIR,model,2021-09-27,2021/22
covid_archive,archive,COVID-19 deaths,HZI-AgeExtendedSEIR,model,2021-10-04,2021/22
covid_archive,archive,COVID-19 deaths,HZI-AgeExtendedSEIR,model,2021-10-11,2021/22
covid_archive,archive,COVID-19 deaths,HZI-AgeExtendedSEIR,model,2021-10-18,2021/22
covid_archive,archive,COVID-19 deaths,HZI-AgeExtendedSEIR,model,2021-10-25,2021/22
covid_archive,archive,COVID-19 deaths,HZI-AgeExtendedSEIR,model,2021-11-01,2021/22
covid_archive,archive,COVID-19 deaths,HZI-AgeExtendedSEIR,model,2021-11-08,2021/22
covid_archive,archive,COVID-19 deaths,HZI-AgeExtendedSEIR,model,2021-11-15,2021/22
covid_archive,archive,COVID-19 deaths,HZI-AgeExtendedSEIR,model,2021-11-22,2021/22
covid_archive,archive,COVID-19 deaths,HZI-AgeExtendedSEIR,model,2021-11-29,2021/22
covid_archive,archive,COVID-19 deaths,HZI-AgeExtendedSEIR,model,2021-12-06,2021/22
covid_archive,archive,COVID-19 deaths,HZI-AgeExtendedSEIR,model,2021-12-13,2021/22
covid_archive,archive,COVID-19 deaths,HZI-AgeExtendedSEIR,model,2021-12-20,2021/22
covid_archive,archive,COVID-19 deaths,HZI-AgeExtendedSEIR,model,2021-12-27,2021/22
covid_archive,archive,COVID-19 deaths,HZI-AgeExtendedSEIR,model,2022-01-03,2021/22
covid_archive,archive,COVID-19 deaths,HZI-AgeExtendedSEIR,model,2022-01-10,2021/22
covid_archive,archive,COVID-19 deaths,HZI-AgeExtendedSEIR,model,2022-01-17,2021/22
covid_archive,archive,COVID-19 deaths,HZI-AgeExtendedSEIR,model,2022-01-24,2021/22
covid_archive,archive,COVID-19 deaths,HZI-AgeExtendedSEIR,model,2022-01-31,2021/22
covid_archive,archive,COVID-19 deaths,HZI-AgeExtendedSEIR,model,2022-02-07,2021/22
covid_archive,archive,COVID-19 deaths,HZI-AgeExtendedSEIR,model,2022-02-14,2021/22
covid_archive,archive,COVID-19 deaths,HZI-AgeExtendedSEIR,model,2022-02-21,2021/22
covid_archive,archive,COVID-19 deaths,HZI-AgeExtendedSEIR,model,2022-02-28,2021/22
covid_archive,archive,COVID-19 deaths,HZI-AgeExtendedSEIR,model,2022-03-07,2021/22
covid_archive,archive,COVID-19 deaths,HZI-AgeExtendedSEIR,model,2022-03-14,2021/22
covid_archive,archive,COVID-19 deaths,HZI-AgeExtendedSEIR,model,2022-03-21,2021/22
covid_archive,archive,COVID-19 deaths,HZI-AgeExtendedSEIR,model,2022-03-28,2021/22
covid_archive,archive,COVID-19 deaths,HZI-AgeExtendedSEIR,model,2022-04-04,2021/22
covid_archive,archive,COVID-19 deaths,HZI-AgeExtendedSEIR,model,2022-04-11,2021/22
covid_archive,archive,COVID-19 deaths,HZI-AgeExtendedSEIR,model,2022-04-18,2021/22
covid_archive,archive,COVID-19 deaths,HZI-AgeExtendedSEIR,model,2022-04-25,2021/22
covid_archive,archive,COVID-19 deaths,HZI-AgeExtendedSEIR,model,2022-05-02,2021/22
covid_archive,archive,COVID-19 deaths,HZI-AgeExtendedSEIR,model,2022-05-09,2021/22
covid_archive,archive,COVID-19 deaths,HZI-AgeExtendedSEIR,model,2022-05-16,2021/22
covid_archive,archive,COVID-19 deaths,HZI-AgeExtendedSEIR,model,2022-05-23,2021/22
covid_archive,archive,COVID-19 deaths,HZI-AgeExtendedSEIR,model,2022-05-30,2021/22
covid_archive,archive,COVID-19 deaths,HZI-AgeExtendedSEIR,model,2022-06-06,2021/22
covid_archive,archive,COVID-19 deaths,HZI-AgeExtendedSEIR,model,2022-06-13,2021/22
covid_archive,archive,COVID-19 deaths,HZI-AgeExtendedSEIR,model,2022-06-20,2021/22
covid_archive,archive,COVID-19 deaths,HZI-AgeExtendedSEIR,model,2022-06-27,2021/22
covid_archive,archive,COVID-19 deaths,HZI-AgeExtendedSEIR,model,2022-07-04,2021/22
covid_archive,archive,COVID-19 deaths,HZI-AgeExtendedSEIR,model,2022-07-11,2021/22
covid_archive,archive,COVID-19 deaths,HZI-AgeExtendedSEIR,model,2022-07-18,2021/22
covid_archive,archive,COVID-19 deaths,HZI-AgeExtendedSEIR,model,2022-07-25,2021/22
covid_archive,archive,COVID-19 deaths,HZI-AgeExtendedSEIR,model,2022-08-01,2022/23
covid_archive,archive,COVID-19 deaths,HZI-AgeExtendedSEIR,model,2022-08-08,2022/23
covid_archive,archive,COVID-19 deaths,HZI-AgeExtendedSEIR,model,2022-08-15,2022/23
covid_archive,archive,COVID-19 deaths,HZI-AgeExtendedSEIR,model,2022-08-22,2022/23
covid_archive,archive,COVID-19 deaths,HZI-AgeExtendedSEIR,model,2022-08-29,2022/23
covid_archive,archive,COVID-19 deaths,HZI-AgeExtendedSEIR,model,2022-09-05,2022/23
covid_archive,archive,COVID-19 deaths,HZI-AgeExtendedSEIR,model,2022-09-12,2022/23
covid_archive,archive,COVID-19 deaths,HZI-AgeExtendedSEIR,model,2022-09-19,2022/23
covid_archive,archive,COVID-19 deaths,HZI-AgeExtendedSEIR,model,2022-09-26,2022/23
covid_archive,archive,COVID-19 deaths,HZI-AgeExtendedSEIR,model,2022-10-03,2022/23
covid_archive,archive,COVID-19 deaths,HZI-AgeExtendedSEIR,model,2022-10-10,2022/23
covid_archive,archive,COVID-19 deaths,HZI-AgeExtendedSEIR,model,2022-10-17,2022/23
covid_archive,archive,COVID-19 deaths,HZI-AgeExtendedSEIR,model,2022-10-24,2022/23
covid_archive,archive,COVID-19 deaths,HZI-AgeExtendedSEIR,model,2022-10-31,2022/23
covid_archive,archive,COVID-19 deaths,HZI-AgeExtendedSEIR,model,2022-11-07,2022/23
covid_archive,archive,COVID-19 deaths,HZI-AgeExtendedSEIR,model,2022-11-14,2022/23
covid_archive,archive,COVID-19 deaths,HZI-AgeExtendedSEIR,model,2022-11-21,2022/23
covid_archive,archive,COVID-19 deaths,HZI-AgeExtendedSEIR,model,2022-11-28,2022/23
covid_archive,archive,COVID-19 deaths,HZI-AgeExtendedSEIR,model,2022-12-05,2022/23
covid_archive,archive,COVID-19 deaths,HZI-AgeExtendedSEIR,model,2022-12-12,2022/23
covid_archive,archive,COVID-19 deaths,HZI-AgeExtendedSEIR,model,2022-12-19,2022/23
covid_archive,archive,COVID-19 deaths,HZI-AgeExtendedSEIR,model,2022-12-26,2022/23
covid_archive,archive,COVID-19 deaths,HZI-AgeExtendedSEIR,model,2023-01-02,2022/23
covid_archive,archive,COVID-19 deaths,HZI-AgeExtendedSEIR,model,2023-01-09,2022/23
covid_archive,archive,COVID-19 deaths,HZI-AgeExtendedSEIR,model,2023-01-16,2022/23
covid_archive,archive,COVID-19 deaths,HZI-AgeExtendedSEIR,model,2023-01-23,2022/23
covid_archive,archive,COVID-19 deaths,HZI-AgeExtendedSEIR,model,2023-01-30,2022/23
covid_archive,archive,COVID-19 deaths,HZI-AgeExtendedSEIR,model,2023-02-06,2022/23
covid_archive,archive,COVID-19 deaths,HZI-AgeExtendedSEIR,model,2023-02-13,2022/23
covid_archive,archive,COVID-19 deaths,HZI-AgeExtendedSEIR,model,2023-02-20,2022/23
covid_archive,archive,COVID-19 deaths,HZI-AgeExtendedSEIR,model,2023-02-27,2022/23
covid_archive,archive,COVID-19 deaths,HZI-AgeExtendedSEIR,model,2023-03-06,2022/23
covid_archive,archive,COVID-19 deaths,HZI-AgeExtendedSEIR,model,2023-03-13,2022/23
covid_archive,archive,COVID-19 deaths,HZI-AgeExtendedSEIR,model,2023-03-20,2022/23
covid_archive,archive,COVID-19 deaths,HZI-AgeExtendedSEIR,model,2023-03-27,2022/23
covid_archive,archive,COVID-19 deaths,HZI-AgeExtendedSEIR,model,2023-04-03,2022/23
covid_archive,archive,COVID-19 deaths,HZI-AgeExtendedSEIR,model,2023-04-10,2022/23
covid_archive,archive,COVID-19 deaths,HZI-AgeExtendedSEIR,model,2023-04-17,2022/23
covid_archive,archive,COVID-19 deaths,HZI-AgeExtendedSEIR,model,2023-04-24,2022/23
covid_archive,archive,COVID-19 deaths,HZI-AgeExtendedSEIR,model,2023-05-01,2022/23
covid_archive,archive,COVID-19 deaths,HZI-AgeExtendedSEIR,model,2023-05-08,2022/23
covid_archive,archive,COVID-19 deaths,HZI-AgeExtendedSEIR,model,2023-05-15,2022/23
covid_archive,archive,COVID-19 deaths,HZI-AgeExtendedSEIR,model,2023-05-22,2022/23
covid_archive,archive,COVID-19 deaths,ICM-agentModel,model,2021-02-15,2020/21
covid_archive,archive,COVID-19 deaths,ICM-agentModel,model,2021-02-22,2020/21
covid_archive,archive,COVID-19 deaths,ICM-agentModel,model,2021-03-08,2020/21
covid_archive,archive,COVID-19 deaths,ICM-agentModel,model,2021-03-15,2020/21
covid_archive,archive,COVID-19 deaths,ICM-agentModel,model,2021-03-22,2020/21
covid_archive,archive,COVID-19 deaths,ICM-agentModel,model,2021-03-29,2020/21
covid_archive,archive,COVID-19 deaths,ICM-agentModel,model,2021-04-05,2020/21
covid_archive,archive,COVID-19 deaths,ICM-agentModel,model,2021-04-12,2020/21
covid_archive,archive,COVID-19 deaths,ICM-agentModel,model,2021-04-19,2020/21
covid_archive,archive,COVID-19 deaths,ICM-agentModel,model,2021-04-26,2020/21
covid_archive,archive,COVID-19 deaths,ICM-agentModel,model,2021-05-10,2020/21
covid_archive,archive,COVID-19 deaths,ICM-agentModel,model,2021-05-17,2020/21
covid_archive,archive,COVID-19 deaths,ICM-agentModel,model,2021-05-31,2020/21
covid_archive,archive,COVID-19 deaths,ICM-agentModel,model,2021-06-07,2020/21
covid_archive,archive,COVID-19 deaths,ICM-agentModel,model,2021-06-14,2020/21
covid_archive,archive,COVID-19 deaths,ICM-agentModel,model,2021-06-21,2020/21
covid_archive,archive,COVID-19 deaths,ICM-agentModel,model,2021-07-05,2020/21
covid_archive,archive,COVID-19 deaths,ICM-agentModel,model,2021-07-12,2020/21
covid_archive,archive,COVID-19 deaths,ICM-agentModel,model,2021-07-19,2020/21
covid_archive,archive,COVID-19 deaths,ICM-agentModel,model,2021-07-26,2020/21
covid_archive,archive,COVID-19 deaths,ICM-agentModel,model,2021-08-09,2021/22
covid_archive,archive,COVID-19 deaths,ICM-agentModel,model,2021-08-16,2021/22
covid_archive,archive,COVID-19 deaths,ICM-agentModel,model,2021-09-06,2021/22
covid_archive,archive,COVID-19 deaths,ICM-agentModel,model,2021-09-13,2021/22
covid_archive,archive,COVID-19 deaths,ICM-agentModel,model,2021-09-20,2021/22
covid_archive,archive,COVID-19 deaths,ICM-agentModel,model,2021-09-27,2021/22
covid_archive,archive,COVID-19 deaths,ICM-agentModel,model,2021-10-04,2021/22
covid_archive,archive,COVID-19 deaths,ICM-agentModel,model,2021-10-11,2021/22
covid_archive,archive,COVID-19 deaths,ICM-agentModel,model,2021-10-18,2021/22
covid_archive,archive,COVID-19 deaths,ICM-agentModel,model,2021-10-25,2021/22
covid_archive,archive,COVID-19 deaths,ICM-agentModel,model,2021-11-01,2021/22
covid_archive,archive,COVID-19 deaths,ICM-agentModel,model,2021-11-08,2021/22
covid_archive,archive,COVID-19 deaths,ICM-agentModel,model,2021-11-15,2021/22
covid_archive,archive,COVID-19 deaths,ICM-agentModel,model,2021-11-22,2021/22
covid_archive,archive,COVID-19 deaths,ICM-agentModel,model,2021-11-29,2021/22
covid_archive,archive,COVID-19 deaths,ICM-agentModel,model,2021-12-06,2021/22
covid_archive,archive,COVID-19 deaths,ICM-agentModel,model,2021-12-13,2021/22
covid_archive,archive,COVID-19 deaths,ICM-agentModel,model,2021-12-20,2021/22
covid_archive,archive,COVID-19 deaths,ICM-agentModel,model,2022-01-03,2021/22
covid_archive,archive,COVID-19 deaths,ICM-agentModel,model,2022-01-10,2021/22
covid_archive,archive,COVID-19 deaths,ICM-agentModel,model,2022-01-17,2021/22
covid_archive,archive,COVID-19 deaths,ICM-agentModel,model,2022-01-24,2021/22
covid_archive,archive,COVID-19 deaths,ICM-agentModel,model,2022-01-31,2021/22
covid_archive,archive,COVID-19 deaths,ICM-agentModel,model,2022-02-07,2021/22
covid_archive,archive,COVID-19 deaths,ICM-agentModel,model,2022-02-14,2021/22
covid_archive,archive,COVID-19 deaths,ICM-agentModel,model,2022-02-21,2021/22
covid_archive,archive,COVID-19 deaths,ICM-agentModel,model,2022-02-28,2021/22
covid_archive,archive,COVID-19 deaths,ICM-agentModel,model,2022-04-04,2021/22
covid_archive,archive,COVID-19 deaths,ICM-agentModel,model,2022-04-11,2021/22
covid_archive,archive,COVID-19 deaths,ICM-agentModel,model,2022-04-25,2021/22
covid_archive,archive,COVID-19 deaths,ICM-agentModel,model,2022-05-09,2021/22
covid_archive,archive,COVID-19 deaths,ICM-agentModel,model,2022-05-23,2021/22
covid_archive,archive,COVID-19 deaths,ICM-agentModel,model,2022-05-30,2021/22
covid_archive,archive,COVID-19 deaths,ICM-agentModel,model,2022-06-06,2021/22
covid_archive,archive,COVID-19 deaths,ICM-agentModel,model,2022-06-13,2021/22
covid_archive,archive,COVID-19 deaths,ICM-agentModel,model,2022-06-20,2021/22
covid_archive,archive,COVID-19 deaths,ICM-agentModel,model,2022-06-27,2021/22
covid_archive,archive,COVID-19 deaths,ICM-agentModel,model,2022-07-11,2021/22
covid_archive,archive,COVID-19 deaths,ICM-agentModel,model,2022-07-18,2021/22
covid_archive,archive,COVID-19 deaths,ICM-agentModel,model,2022-07-25,2021/22
covid_archive,archive,COVID-19 deaths,ICM-agentModel,model,2022-08-01,2022/23
covid_archive,archive,COVID-19 deaths,ICM-agentModel,model,2022-08-08,2022/23
covid_archive,archive,COVID-19 deaths,ICM-agentModel,model,2022-08-15,2022/23
covid_archive,archive,COVID-19 deaths,ICM-agentModel,model,2022-08-22,2022/23
covid_archive,archive,COVID-19 deaths,ICM-agentModel,model,2022-08-29,2022/23
covid_archive,archive,COVID-19 deaths,ICM-agentModel,model,2022-09-05,2022/23
covid_archive,archive,COVID-19 deaths,ICM-agentModel,model,2022-09-19,2022/23
covid_archive,archive,COVID-19 deaths,ICM-agentModel,model,2022-10-03,2022/23
covid_archive,archive,COVID-19 deaths,ICM-agentModel,model,2022-10-10,2022/23
covid_archive,archive,COVID-19 deaths,ICM-agentModel,model,2022-10-17,2022/23
covid_archive,archive,COVID-19 deaths,ICM-agentModel,model,2022-10-24,2022/23
covid_archive,archive,COVID-19 deaths,ICM-agentModel,model,2022-10-31,2022/23
covid_archive,archive,COVID-19 deaths,ICM-agentModel,model,2022-11-07,2022/23
covid_archive,archive,COVID-19 deaths,ICM-agentModel,model,2022-11-14,2022/23
covid_archive,archive,COVID-19 deaths,ICM-agentModel,model,2022-11-21,2022/23
covid_archive,archive,COVID-19 deaths,ICM-agentModel,model,2022-11-28,2022/23
covid_archive,archive,COVID-19 deaths,ICM-agentModel,model,2022-12-05,2022/23
covid_archive,archive,COVID-19 deaths,ICM-agentModel,model,2022-12-12,2022/23
covid_archive,archive,COVID-19 deaths,ICM-agentModel,model,2022-12-19,2022/23
covid_archive,archive,COVID-19 deaths,ICM-agentModel,model,2023-01-02,2022/23
covid_archive,archive,COVID-19 deaths,ICM-agentModel,model,2023-01-09,2022/23
covid_archive,archive,COVID-19 deaths,ICM-agentModel,model,2023-01-16,2022/23
covid_archive,archive,COVID-19 deaths,ICM-agentModel,model,2023-01-23,2022/23
covid_archive,archive,COVID-19 deaths,ICM-agentModel,model,2023-01-30,2022/23
covid_archive,archive,COVID-19 deaths,ICM-agentModel,model,2023-02-13,2022/23
covid_archive,archive,COVID-19 deaths,ICM-agentModel,model,2023-02-20,2022/23
covid_archive,archive,COVID-19 deaths,ICM-agentModel,model,2023-02-27,2022/23
covid_archive,archive,COVID-19 deaths,ICM-agentModel,model,2023-03-06,2022/23
covid_archive,archive,COVID-19 deaths,ICM-agentModel,model,2023-03-13,2022/23
covid_archive,archive,COVID-19 deaths,ICM-agentModel,model,2023-03-20,2022/23
covid_archive,archive,COVID-19 deaths,ICM-agentModel,model,2023-03-27,2022/23
covid_archive,archive,COVID-19 deaths,ICM-agentModel,model,2023-04-03,2022/23
covid_archive,archive,COVID-19 deaths,ICM-agentModel,model,2023-04-10,2022/23
covid_archive,archive,COVID-19 deaths,ICM-agentModel,model,2023-04-17,2022/23
covid_archive,archive,COVID-19 deaths,ICM-agentModel,model,2023-04-24,2022/23
covid_archive,archive,COVID-19 deaths,ICM-agentModel,model,2023-05-01,2022/23
covid_archive,archive,COVID-19 deaths,ICM-agentModel,model,2023-05-08,2022/23
covid_archive,archive,COVID-19 deaths,ICM-agentModel,model,2023-05-15,2022/23
covid_archive,archive,COVID-19 deaths,ICM-agentModel,model,2023-05-22,2022/23
covid_archive,archive,COVID-19 deaths,ICM-agentModel,model,2023-05-29,2022/23
covid_archive,archive,COVID-19 deaths,ICM-agentModel,model,2023-06-05,2022/23
covid_archive,archive,COVID-19 deaths,ICM-agentModel,model,2023-06-12,2022/23
covid_archive,archive,COVID-19 deaths,ICM-agentModel,model,2023-06-19,2022/23
covid_archive,archive,COVID-19 deaths,ICM-agentModel,model,2023-06-26,2022/23
covid_archive,archive,COVID-19 deaths,ICM-agentModel,model,2023-07-03,2022/23
covid_archive,archive,COVID-19 deaths,ICM-agentModel,model,2023-07-10,2022/23
covid_archive,archive,COVID-19 deaths,ICM-agentModel,model,2023-07-17,2022/23
covid_archive,archive,COVID-19 deaths,ICM-agentModel,model,2023-07-24,2022/23
covid_archive,archive,COVID-19 deaths,ICM-agentModel,model,2023-07-31,2022/23
covid_archive,archive,COVID-19 deaths,ICM-agentModel,model,2023-08-07,2023/24
covid_archive,archive,COVID-19 deaths,ICM-agentModel,model,2023-08-14,2023/24
covid_archive,archive,COVID-19 deaths,ICM-agentModel,model,2023-08-28,2023/24
covid_archive,archive,COVID-19 deaths,ICM-agentModel,model,2023-09-11,2023/24
covid_archive,archive,COVID-19 deaths,ICM-agentModel,model,2023-10-09,2023/24
covid_archive,archive,COVID-19 deaths,ICM-agentModel,model,2023-10-16,2023/24
covid_archive,archive,COVID-19 deaths,ICM-agentModel,model,2023-10-23,2023/24
covid_archive,archive,COVID-19 deaths,ICM-agentModel,model,2023-10-30,2023/24
covid_archive,archive,COVID-19 deaths,ICM-agentModel,model,2023-11-06,2023/24
covid_archive,archive,COVID-19 deaths,ICM-agentModel,model,2023-11-13,2023/24
covid_archive,archive,COVID-19 deaths,ICM-agentModel,model,2023-11-20,2023/24
covid_archive,archive,COVID-19 deaths,ICM-agentModel,model,2023-11-27,2023/24
covid_archive,archive,COVID-19 deaths,ICM-agentModel,model,2023-12-04,2023/24
covid_archive,archive,COVID-19 deaths,ICM-agentModel,model,2023-12-11,2023/24
covid_archive,archive,COVID-19 deaths,ICM-agentModel,model,2023-12-18,2023/24
covid_archive,archive,COVID-19 deaths,ICM-agentModel,model,2024-01-01,2023/24
covid_archive,archive,COVID-19 deaths,ICM-agentModel,model,2024-01-08,2023/24
covid_archive,archive,COVID-19 deaths,ICM-agentModel,model,2024-01-15,2023/24
covid_archive,archive,COVID-19 deaths,ICM-agentModel,model,2024-01-22,2023/24
covid_archive,archive,COVID-19 deaths,ICM-agentModel,model,2024-01-29,2023/24
covid_archive,archive,COVID-19 deaths,ICM-agentModel,model,2024-02-05,2023/24
covid_archive,archive,COVID-19 deaths,ICM-agentModel,model,2024-02-12,2023/24
covid_archive,archive,COVID-19 deaths,ICM-agentModel,model,2024-02-19,2023/24
covid_archive,archive,COVID-19 deaths,ICM-agentModel,model,2024-02-26,2023/24
covid_archive,archive,COVID-19 deaths,ICM-agentModel,model,2024-03-04,2023/24
covid_archive,archive,COVID-19 deaths,ICM-agentModel,model,2024-03-11,2023/24
covid_archive,archive,COVID-19 deaths,IEM_Health-CovidProject,model,2021-03-08,2020/21
covid_archive,archive,COVID-19 deaths,IEM_Health-CovidProject,model,2021-03-15,2020/21
covid_archive,archive,COVID-19 deaths,IEM_Health-CovidProject,model,2021-03-22,2020/21
covid_archive,archive,COVID-19 deaths,IEM_Health-CovidProject,model,2021-03-29,2020/21
covid_archive,archive,COVID-19 deaths,IEM_Health-CovidProject,model,2021-04-05,2020/21
covid_archive,archive,COVID-19 deaths,IEM_Health-CovidProject,model,2021-04-12,2020/21
covid_archive,archive,COVID-19 deaths,IEM_Health-CovidProject,model,2021-04-19,2020/21
covid_archive,archive,COVID-19 deaths,IEM_Health-CovidProject,model,2021-04-26,2020/21
covid_archive,archive,COVID-19 deaths,IEM_Health-CovidProject,model,2021-05-03,2020/21
covid_archive,archive,COVID-19 deaths,IEM_Health-CovidProject,model,2021-05-10,2020/21
covid_archive,archive,COVID-19 deaths,IEM_Health-CovidProject,model,2021-05-17,2020/21
covid_archive,archive,COVID-19 deaths,IEM_Health-CovidProject,model,2021-05-24,2020/21
covid_archive,archive,COVID-19 deaths,IEM_Health-CovidProject,model,2021-05-31,2020/21
covid_archive,archive,COVID-19 deaths,IEM_Health-CovidProject,model,2021-06-07,2020/21
covid_archive,archive,COVID-19 deaths,IEM_Health-CovidProject,model,2021-06-14,2020/21
covid_archive,archive,COVID-19 deaths,IEM_Health-CovidProject,model,2021-06-21,2020/21
covid_archive,archive,COVID-19 deaths,IEM_Health-CovidProject,model,2021-06-28,2020/21
covid_archive,archive,COVID-19 deaths,IEM_Health-CovidProject,model,2021-07-05,2020/21
covid_archive,archive,COVID-19 deaths,IEM_Health-CovidProject,model,2021-07-12,2020/21
covid_archive,archive,COVID-19 deaths,IEM_Health-CovidProject,model,2021-07-19,2020/21
covid_archive,archive,COVID-19 deaths,IEM_Health-CovidProject,model,2021-07-26,2020/21
covid_archive,archive,COVID-19 deaths,IEM_Health-CovidProject,model,2021-08-02,2021/22
covid_archive,archive,COVID-19 deaths,IEM_Health-CovidProject,model,2021-08-09,2021/22
covid_archive,archive,COVID-19 deaths,IEM_Health-CovidProject,model,2021-08-16,2021/22
covid_archive,archive,COVID-19 deaths,IEM_Health-CovidProject,model,2021-08-23,2021/22
covid_archive,archive,COVID-19 deaths,IEM_Health-CovidProject,model,2021-08-30,2021/22
covid_archive,archive,COVID-19 deaths,IEM_Health-CovidProject,model,2021-09-06,2021/22
covid_archive,archive,COVID-19 deaths,IEM_Health-CovidProject,model,2021-09-13,2021/22
covid_archive,archive,COVID-19 deaths,IEM_Health-CovidProject,model,2021-09-20,2021/22
covid_archive,archive,COVID-19 deaths,IEM_Health-CovidProject,model,2021-09-27,2021/22
covid_archive,archive,COVID-19 deaths,IEM_Health-CovidProject,model,2021-10-04,2021/22
covid_archive,archive,COVID-19 deaths,IEM_Health-CovidProject,model,2021-10-11,2021/22
covid_archive,archive,COVID-19 deaths,IEM_Health-CovidProject,model,2021-10-18,2021/22
covid_archive,archive,COVID-19 deaths,IEM_Health-CovidProject,model,2021-10-25,2021/22
covid_archive,archive,COVID-19 deaths,IEM_Health-CovidProject,model,2021-11-01,2021/22
covid_archive,archive,COVID-19 deaths,IEM_Health-CovidProject,model,2021-11-08,2021/22
covid_archive,archive,COVID-19 deaths,IEM_Health-CovidProject,model,2021-11-15,2021/22
covid_archive,archive,COVID-19 deaths,IEM_Health-CovidProject,model,2021-11-22,2021/22
covid_archive,archive,COVID-19 deaths,IEM_Health-CovidProject,model,2021-11-29,2021/22
covid_archive,archive,COVID-19 deaths,IEM_Health-CovidProject,model,2021-12-06,2021/22
covid_archive,archive,COVID-19 deaths,IEM_Health-CovidProject,model,2021-12-13,2021/22
covid_archive,archive,COVID-19 deaths,IEM_Health-CovidProject,model,2021-12-27,2021/22
covid_archive,archive,COVID-19 deaths,IEM_Health-CovidProject,model,2022-01-03,2021/22
covid_archive,archive,COVID-19 deaths,IEM_Health-CovidProject,model,2022-01-10,2021/22
covid_archive,archive,COVID-19 deaths,IEM_Health-CovidProject,model,2022-01-17,2021/22
covid_archive,archive,COVID-19 deaths,IEM_Health-CovidProject,model,2022-01-24,2021/22
covid_archive,archive,COVID-19 deaths,IEM_Health-CovidProject,model,2022-01-31,2021/22
covid_archive,archive,COVID-19 deaths,IEM_Health-CovidProject,model,2022-02-07,2021/22
covid_archive,archive,COVID-19 deaths,IEM_Health-CovidProject,model,2022-02-14,2021/22
covid_archive,archive,COVID-19 deaths,IEM_Health-CovidProject,model,2022-02-21,2021/22
covid_archive,archive,COVID-19 deaths,IEM_Health-CovidProject,model,2022-02-28,2021/22
covid_archive,archive,COVID-19 deaths,IEM_Health-CovidProject,model,2022-03-07,2021/22
covid_archive,archive,COVID-19 deaths,IEM_Health-CovidProject,model,2022-03-14,2021/22
covid_archive,archive,COVID-19 deaths,IEM_Health-CovidProject,model,2022-03-21,2021/22
covid_archive,archive,COVID-19 deaths,IEM_Health-CovidProject,model,2022-03-28,2021/22
covid_archive,archive,COVID-19 deaths,IEM_Health-CovidProject,model,2022-04-11,2021/22
covid_archive,archive,COVID-19 deaths,IEM_Health-CovidProject,model,2022-04-18,2021/22
covid_archive,archive,COVID-19 deaths,IEM_Health-CovidProject,model,2022-04-25,2021/22
covid_archive,archive,COVID-19 deaths,IEM_Health-CovidProject,model,2022-05-02,2021/22
covid_archive,archive,COVID-19 deaths,IEM_Health-CovidProject,model,2022-05-09,2021/22
covid_archive,archive,COVID-19 deaths,ILM-EKF,model,2021-03-08,2020/21
covid_archive,archive,COVID-19 deaths,ILM-EKF,model,2021-03-15,2020/21
covid_archive,archive,COVID-19 deaths,ILM-EKF,model,2021-03-22,2020/21
covid_archive,archive,COVID-19 deaths,ILM-EKF,model,2021-03-29,2020/21
covid_archive,archive,COVID-19 deaths,ILM-EKF,model,2021-04-05,2020/21
covid_archive,archive,COVID-19 deaths,ILM-EKF,model,2021-04-12,2020/21
covid_archive,archive,COVID-19 deaths,ILM-EKF,model,2021-04-19,2020/21
covid_archive,archive,COVID-19 deaths,ILM-EKF,model,2021-04-26,2020/21
covid_archive,archive,COVID-19 deaths,ILM-EKF,model,2021-05-03,2020/21
covid_archive,archive,COVID-19 deaths,ILM-EKF,model,2021-05-10,2020/21
covid_archive,archive,COVID-19 deaths,ILM-EKF,model,2021-05-17,2020/21
covid_archive,archive,COVID-19 deaths,ILM-EKF,model,2021-05-24,2020/21
covid_archive,archive,COVID-19 deaths,ILM-EKF,model,2021-05-31,2020/21
covid_archive,archive,COVID-19 deaths,ILM-EKF,model,2021-06-07,2020/21
covid_archive,archive,COVID-19 deaths,ILM-EKF,model,2021-06-14,2020/21
covid_archive,archive,COVID-19 deaths,ILM-EKF,model,2021-06-21,2020/21
covid_archive,archive,COVID-19 deaths,ILM-EKF,model,2021-06-28,2020/21
covid_archive,archive,COVID-19 deaths,ILM-EKF,model,2021-07-05,2020/21
covid_archive,archive,COVID-19 deaths,ILM-EKF,model,2021-07-12,2020/21
covid_archive,archive,COVID-19 deaths,ILM-EKF,model,2021-07-19,2020/21
covid_archive,archive,COVID-19 deaths,ILM-EKF,model,2021-07-26,2020/21
covid_archive,archive,COVID-19 deaths,ILM-EKF,model,2021-08-02,2021/22
covid_archive,archive,COVID-19 deaths,ILM-EKF,model,2021-08-09,2021/22
covid_archive,archive,COVID-19 deaths,ILM-EKF,model,2021-08-16,2021/22
covid_archive,archive,COVID-19 deaths,ILM-EKF,model,2021-08-23,2021/22
covid_archive,archive,COVID-19 deaths,ILM-EKF,model,2021-08-30,2021/22
covid_archive,archive,COVID-19 deaths,ILM-EKF,model,2021-09-06,2021/22
covid_archive,archive,COVID-19 deaths,ILM-EKF,model,2021-09-13,2021/22
covid_archive,archive,COVID-19 deaths,ILM-EKF,model,2021-09-20,2021/22
covid_archive,archive,COVID-19 deaths,ILM-EKF,model,2021-09-27,2021/22
covid_archive,archive,COVID-19 deaths,ILM-EKF,model,2021-10-04,2021/22
covid_archive,archive,COVID-19 deaths,ILM-EKF,model,2021-10-11,2021/22
covid_archive,archive,COVID-19 deaths,ILM-EKF,model,2021-10-18,2021/22
covid_archive,archive,COVID-19 deaths,ILM-EKF,model,2021-10-25,2021/22
covid_archive,archive,COVID-19 deaths,ILM-EKF,model,2021-11-01,2021/22
covid_archive,archive,COVID-19 deaths,ILM-EKF,model,2021-11-08,2021/22
covid_archive,archive,COVID-19 deaths,ILM-EKF,model,2021-11-15,2021/22
covid_archive,archive,COVID-19 deaths,ILM-EKF,model,2021-11-22,2021/22
covid_archive,archive,COVID-19 deaths,ILM-EKF,model,2021-11-29,2021/22
covid_archive,archive,COVID-19 deaths,ILM-EKF,model,2021-12-06,2021/22
covid_archive,archive,COVID-19 deaths,ILM-EKF,model,2021-12-13,2021/22
covid_archive,archive,COVID-19 deaths,ILM-EKF,model,2021-12-20,2021/22
covid_archive,archive,COVID-19 deaths,ILM-EKF,model,2021-12-27,2021/22
covid_archive,archive,COVID-19 deaths,ILM-EKF,model,2022-01-03,2021/22
covid_archive,archive,COVID-19 deaths,ILM-EKF,model,2022-01-10,2021/22
covid_archive,archive,COVID-19 deaths,ILM-EKF,model,2022-01-17,2021/22
covid_archive,archive,COVID-19 deaths,ILM-EKF,model,2022-01-24,2021/22
covid_archive,archive,COVID-19 deaths,ILM-EKF,model,2022-01-31,2021/22
covid_archive,archive,COVID-19 deaths,ILM-EKF,model,2022-02-07,2021/22
covid_archive,archive,COVID-19 deaths,ILM-EKF,model,2022-02-14,2021/22
covid_archive,archive,COVID-19 deaths,ILM-EKF,model,2022-02-21,2021/22
covid_archive,archive,COVID-19 deaths,ILM-EKF,model,2022-02-28,2021/22
covid_archive,archive,COVID-19 deaths,ILM-EKF,model,2022-03-07,2021/22
covid_archive,archive,COVID-19 deaths,ILM-EKF,model,2022-03-14,2021/22
covid_archive,archive,COVID-19 deaths,ILM-EKF,model,2022-03-21,2021/22
covid_archive,archive,COVID-19 deaths,ILM-EKF,model,2022-03-28,2021/22
covid_archive,archive,COVID-19 deaths,ILM-EKF,model,2022-04-04,2021/22
covid_archive,archive,COVID-19 deaths,ILM-EKF,model,2022-04-11,2021/22
covid_archive,archive,COVID-19 deaths,ILM-EKF,model,2022-04-25,2021/22
covid_archive,archive,COVID-19 deaths,ILM-EKF,model,2022-05-02,2021/22
covid_archive,archive,COVID-19 deaths,ILM-EKF,model,2022-05-09,2021/22
covid_archive,archive,COVID-19 deaths,ILM-EKF,model,2022-05-16,2021/22
covid_archive,archive,COVID-19 deaths,ILM-EKF,model,2022-05-23,2021/22
covid_archive,archive,COVID-19 deaths,ILM-EKF,model,2022-05-30,2021/22
covid_archive,archive,COVID-19 deaths,ILM-EKF,model,2022-06-06,2021/22
covid_archive,archive,COVID-19 deaths,ILM-EKF,model,2022-06-13,2021/22
covid_archive,archive,COVID-19 deaths,ILM-EKF,model,2022-06-20,2021/22
covid_archive,archive,COVID-19 deaths,ILM-EKF,model,2022-06-27,2021/22
covid_archive,archive,COVID-19 deaths,ILM-EKF,model,2022-07-04,2021/22
covid_archive,archive,COVID-19 deaths,ILM-EKF,model,2022-07-11,2021/22
covid_archive,archive,COVID-19 deaths,ILM-EKF,model,2022-07-18,2021/22
covid_archive,archive,COVID-19 deaths,ILM-EKF,model,2022-07-25,2021/22
covid_archive,archive,COVID-19 deaths,ILM-EKF,model,2022-08-01,2022/23
covid_archive,archive,COVID-19 deaths,ILM-EKF,model,2022-08-08,2022/23
covid_archive,archive,COVID-19 deaths,ILM-EKF,model,2022-08-15,2022/23
covid_archive,archive,COVID-19 deaths,ILM-EKF,model,2022-08-22,2022/23
covid_archive,archive,COVID-19 deaths,ILM-EKF,model,2022-08-29,2022/23
covid_archive,archive,COVID-19 deaths,ILM-EKF,model,2022-09-05,2022/23
covid_archive,archive,COVID-19 deaths,ILM-EKF,model,2022-09-12,2022/23
covid_archive,archive,COVID-19 deaths,ILM-EKF,model,2022-09-19,2022/23
covid_archive,archive,COVID-19 deaths,ILM-EKF,model,2022-09-26,2022/23
covid_archive,archive,COVID-19 deaths,ILM-EKF,model,2022-10-03,2022/23
covid_archive,archive,COVID-19 deaths,ILM-EKF,model,2022-10-10,2022/23
covid_archive,archive,COVID-19 deaths,ILM-EKF,model,2022-10-17,2022/23
covid_archive,archive,COVID-19 deaths,ILM-EKF,model,2022-10-24,2022/23
covid_archive,archive,COVID-19 deaths,ILM-EKF,model,2022-11-07,2022/23
covid_archive,archive,COVID-19 deaths,ILM-EKF,model,2022-11-14,2022/23
covid_archive,archive,COVID-19 deaths,ILM-EKF,model,2022-11-21,2022/23
covid_archive,archive,COVID-19 deaths,ILM-EKF,model,2022-11-28,2022/23
covid_archive,archive,COVID-19 deaths,ILM-EKF,model,2022-12-05,2022/23
covid_archive,archive,COVID-19 deaths,ILM-EKF,model,2022-12-12,2022/23
covid_archive,archive,COVID-19 deaths,ILM-EKF,model,2022-12-19,2022/23
covid_archive,archive,COVID-19 deaths,ILM-EKF,model,2022-12-26,2022/23
covid_archive,archive,COVID-19 deaths,ILM-EKF,model,2023-01-02,2022/23
covid_archive,archive,COVID-19 deaths,ILM-EKF,model,2023-01-09,2022/23
covid_archive,archive,COVID-19 deaths,ILM-EKF,model,2023-01-16,2022/23
covid_archive,archive,COVID-19 deaths,ILM-EKF,model,2023-01-23,2022/23
covid_archive,archive,COVID-19 deaths,ILM-EKF,model,2023-01-30,2022/23
covid_archive,archive,COVID-19 deaths,ILM-EKF,model,2023-02-06,2022/23
covid_archive,archive,COVID-19 deaths,ILM-EKF,model,2023-02-13,2022/23
covid_archive,archive,COVID-19 deaths,ILM-EKF,model,2023-02-20,2022/23
covid_archive,archive,COVID-19 deaths,ILM-EKF,model,2023-02-27,2022/23
covid_archive,archive,COVID-19 deaths,ILM-EKF,model,2023-03-06,2022/23
covid_archive,archive,COVID-19 deaths,ILM-EKF,model,2023-03-13,2022/23
covid_archive,archive,COVID-19 deaths,ILM-EKF,model,2023-03-20,2022/23
covid_archive,archive,COVID-19 deaths,ISI-BLModel,model,2024-04-29,2023/24
covid_archive,archive,COVID-19 deaths,ISI-BLModel,model,2024-05-20,2023/24
covid_archive,archive,COVID-19 deaths,ISI-BLModel,model,2024-05-27,2023/24
covid_archive,archive,COVID-19 deaths,ISI-BLModel,model,2024-06-03,2023/24
covid_archive,archive,COVID-19 deaths,ISI-BLModel,model,2024-06-10,2023/24
covid_archive,archive,COVID-19 deaths,ISI-BLModel,model,2024-06-17,2023/24
covid_archive,archive,COVID-19 deaths,ISI-BLModel,model,2024-07-01,2023/24
covid_archive,archive,COVID-19 deaths,ISI-BLModel,model,2024-07-08,2023/24
covid_archive,archive,COVID-19 deaths,ISI-BLModel,model,2024-07-15,2023/24
covid_archive,archive,COVID-19 deaths,ISI-BLModel,model,2024-07-29,2023/24
covid_archive,archive,COVID-19 deaths,ISI-BLModel,model,2024-08-05,2024/25
covid_archive,archive,COVID-19 deaths,ISI-BLModel,model,2024-08-19,2024/25
covid_archive,archive,COVID-19 deaths,ISI-BLModel,model,2024-09-02,2024/25
covid_archive,archive,COVID-19 deaths,ISI-BLModel,model,2024-09-09,2024/25
covid_archive,archive,COVID-19 deaths,ISI-SMtrend,model,2024-04-29,2023/24
covid_archive,archive,COVID-19 deaths,ISI-SMtrend,model,2024-05-06,2023/24
covid_archive,archive,COVID-19 deaths,ISI-SMtrend,model,2024-05-20,2023/24
covid_archive,archive,COVID-19 deaths,ISI-SMtrend,model,2024-05-27,2023/24
covid_archive,archive,COVID-19 deaths,ISI-SMtrend,model,2024-06-03,2023/24
covid_archive,archive,COVID-19 deaths,ISI-SMtrend,model,2024-06-10,2023/24
covid_archive,archive,COVID-19 deaths,ISI-SMtrend,model,2024-06-17,2023/24
covid_archive,archive,COVID-19 deaths,ISI-SMtrend,model,2024-06-24,2023/24
covid_archive,archive,COVID-19 deaths,ISI-SMtrend,model,2024-07-01,2023/24
covid_archive,archive,COVID-19 deaths,ISI-SMtrend,model,2024-07-08,2023/24
covid_archive,archive,COVID-19 deaths,ISI-SMtrend,model,2024-07-15,2023/24
covid_archive,archive,COVID-19 deaths,ISI-SMtrend,model,2024-07-22,2023/24
covid_archive,archive,COVID-19 deaths,ISI-SMtrend,model,2024-07-29,2023/24
covid_archive,archive,COVID-19 deaths,ISI-SMtrend,model,2024-08-05,2024/25
covid_archive,archive,COVID-19 deaths,ISI-SMtrend,model,2024-08-12,2024/25
covid_archive,archive,COVID-19 deaths,ISI-SMtrend,model,2024-08-19,2024/25
covid_archive,archive,COVID-19 deaths,ISI-SMtrend,model,2024-09-02,2024/25
covid_archive,archive,COVID-19 deaths,ITWW-county_repro,model,2021-02-15,2020/21
covid_archive,archive,COVID-19 deaths,ITWW-county_repro,model,2021-02-22,2020/21
covid_archive,archive,COVID-19 deaths,ITWW-county_repro,model,2021-03-01,2020/21
covid_archive,archive,COVID-19 deaths,ITWW-county_repro,model,2021-03-08,2020/21
covid_archive,archive,COVID-19 deaths,ITWW-county_repro,model,2021-03-15,2020/21
covid_archive,archive,COVID-19 deaths,ITWW-county_repro,model,2021-03-22,2020/21
covid_archive,archive,COVID-19 deaths,ITWW-county_repro,model,2021-03-29,2020/21
covid_archive,archive,COVID-19 deaths,ITWW-county_repro,model,2021-04-05,2020/21
covid_archive,archive,COVID-19 deaths,ITWW-county_repro,model,2021-04-12,2020/21
covid_archive,archive,COVID-19 deaths,ITWW-county_repro,model,2021-04-19,2020/21
covid_archive,archive,COVID-19 deaths,ITWW-county_repro,model,2021-04-26,2020/21
covid_archive,archive,COVID-19 deaths,ITWW-county_repro,model,2021-05-03,2020/21
covid_archive,archive,COVID-19 deaths,ITWW-county_repro,model,2021-05-10,2020/21
covid_archive,archive,COVID-19 deaths,ITWW-county_repro,model,2021-05-17,2020/21
covid_archive,archive,COVID-19 deaths,ITWW-county_repro,model,2021-05-24,2020/21
covid_archive,archive,COVID-19 deaths,ITWW-county_repro,model,2021-05-31,2020/21
covid_archive,archive,COVID-19 deaths,ITWW-county_repro,model,2021-06-07,2020/21
covid_archive,archive,COVID-19 deaths,ITWW-county_repro,model,2021-06-14,2020/21
covid_archive,archive,COVID-19 deaths,ITWW-county_repro,model,2021-06-21,2020/21
covid_archive,archive,COVID-19 deaths,ITWW-county_repro,model,2021-06-28,2020/21
covid_archive,archive,COVID-19 deaths,ITWW-county_repro,model,2021-07-05,2020/21
covid_archive,archive,COVID-19 deaths,ITWW-county_repro,model,2021-07-12,2020/21
covid_archive,archive,COVID-19 deaths,ITWW-county_repro,model,2021-07-19,2020/21
covid_archive,archive,COVID-19 deaths,ITWW-county_repro,model,2021-07-26,2020/21
covid_archive,archive,COVID-19 deaths,ITWW-county_repro,model,2021-08-02,2021/22
covid_archive,archive,COVID-19 deaths,ITWW-county_repro,model,2021-08-09,2021/22
covid_archive,archive,COVID-19 deaths,ITWW-county_repro,model,2021-08-16,2021/22
covid_archive,archive,COVID-19 deaths,ITWW-county_repro,model,2021-08-23,2021/22
covid_archive,archive,COVID-19 deaths,ITWW-county_repro,model,2021-08-30,2021/22
covid_archive,archive,COVID-19 deaths,ITWW-county_repro,model,2021-09-06,2021/22
covid_archive,archive,COVID-19 deaths,ITWW-county_repro,model,2021-09-13,2021/22
covid_archive,archive,COVID-19 deaths,ITWW-county_repro,model,2021-09-20,2021/22
covid_archive,archive,COVID-19 deaths,ITWW-county_repro,model,2021-09-27,2021/22
covid_archive,archive,COVID-19 deaths,ITWW-county_repro,model,2021-10-04,2021/22
covid_archive,archive,COVID-19 deaths,ITWW-county_repro,model,2021-10-11,2021/22
covid_archive,archive,COVID-19 deaths,ITWW-county_repro,model,2021-10-18,2021/22
covid_archive,archive,COVID-19 deaths,ITWW-county_repro,model,2021-10-25,2021/22
covid_archive,archive,COVID-19 deaths,ITWW-county_repro,model,2021-11-01,2021/22
covid_archive,archive,COVID-19 deaths,ITWW-county_repro,model,2021-11-08,2021/22
covid_archive,archive,COVID-19 deaths,ITWW-county_repro,model,2021-11-15,2021/22
covid_archive,archive,COVID-19 deaths,ITWW-county_repro,model,2021-11-22,2021/22
covid_archive,archive,COVID-19 deaths,ITWW-county_repro,model,2021-11-29,2021/22
covid_archive,archive,COVID-19 deaths,ITWW-county_repro,model,2021-12-06,2021/22
covid_archive,archive,COVID-19 deaths,ITWW-county_repro,model,2021-12-13,2021/22
covid_archive,archive,COVID-19 deaths,ITWW-county_repro,model,2021-12-20,2021/22
covid_archive,archive,COVID-19 deaths,ITWW-county_repro,model,2021-12-27,2021/22
covid_archive,archive,COVID-19 deaths,ITWW-county_repro,model,2022-01-03,2021/22
covid_archive,archive,COVID-19 deaths,ITWW-county_repro,model,2022-01-10,2021/22
covid_archive,archive,COVID-19 deaths,ITWW-county_repro,model,2022-01-17,2021/22
covid_archive,archive,COVID-19 deaths,ITWW-county_repro,model,2022-01-24,2021/22
covid_archive,archive,COVID-19 deaths,ITWW-county_repro,model,2022-01-31,2021/22
covid_archive,archive,COVID-19 deaths,ITWW-county_repro,model,2022-02-07,2021/22
covid_archive,archive,COVID-19 deaths,ITWW-county_repro,model,2022-02-14,2021/22
covid_archive,archive,COVID-19 deaths,ITWW-county_repro,model,2022-02-21,2021/22
covid_archive,archive,COVID-19 deaths,ITWW-county_repro,model,2022-02-28,2021/22
covid_archive,archive,COVID-19 deaths,ITWW-county_repro,model,2022-03-07,2021/22
covid_archive,archive,COVID-19 deaths,ITWW-county_repro,model,2022-03-14,2021/22
covid_archive,archive,COVID-19 deaths,ITWW-county_repro,model,2022-03-21,2021/22
covid_archive,archive,COVID-19 deaths,ITWW-county_repro,model,2022-03-28,2021/22
covid_archive,archive,COVID-19 deaths,ITWW-county_repro,model,2022-04-04,2021/22
covid_archive,archive,COVID-19 deaths,ITWW-county_repro,model,2022-04-11,2021/22
covid_archive,archive,COVID-19 deaths,ITWW-county_repro,model,2022-04-18,2021/22
covid_archive,archive,COVID-19 deaths,ITWW-county_repro,model,2022-04-25,2021/22
covid_archive,archive,COVID-19 deaths,ITWW-county_repro,model,2022-05-02,2021/22
covid_archive,archive,COVID-19 deaths,ITWW-county_repro,model,2022-05-09,2021/22
covid_archive,archive,COVID-19 deaths,ITWW-county_repro,model,2022-05-16,2021/22
covid_archive,archive,COVID-19 deaths,ITWW-county_repro,model,2022-05-23,2021/22
covid_archive,archive,COVID-19 deaths,ITWW-county_repro,model,2022-05-30,2021/22
covid_archive,archive,COVID-19 deaths,ITWW-county_repro,model,2022-06-13,2021/22
covid_archive,archive,COVID-19 deaths,ITWW-county_repro,model,2022-06-20,2021/22
covid_archive,archive,COVID-19 deaths,ITWW-county_repro,model,2022-06-27,2021/22
covid_archive,archive,COVID-19 deaths,ITWW-county_repro,model,2022-07-04,2021/22
covid_archive,archive,COVID-19 deaths,ITWW-county_repro,model,2022-07-18,2021/22
covid_archive,archive,COVID-19 deaths,ITWW-county_repro,model,2022-07-25,2021/22
covid_archive,archive,COVID-19 deaths,ITWW-county_repro,model,2022-08-01,2022/23
covid_archive,archive,COVID-19 deaths,ITWW-county_repro,model,2022-08-08,2022/23
covid_archive,archive,COVID-19 deaths,ITWW-county_repro,model,2022-08-15,2022/23
covid_archive,archive,COVID-19 deaths,ITWW-county_repro,model,2022-08-22,2022/23
covid_archive,archive,COVID-19 deaths,ITWW-county_repro,model,2022-08-29,2022/23
covid_archive,archive,COVID-19 deaths,ITWW-county_repro,model,2022-09-05,2022/23
covid_archive,archive,COVID-19 deaths,ITWW-county_repro,model,2022-09-12,2022/23
covid_archive,archive,COVID-19 deaths,ITWW-county_repro,model,2022-09-19,2022/23
covid_archive,archive,COVID-19 deaths,ITWW-county_repro,model,2022-09-26,2022/23
covid_archive,archive,COVID-19 deaths,ITWW-county_repro,model,2022-10-03,2022/23
covid_archive,archive,COVID-19 deaths,ITWW-county_repro,model,2022-10-10,2022/23
covid_archive,archive,COVID-19 deaths,ITWW-county_repro,model,2022-10-17,2022/23
covid_archive,archive,COVID-19 deaths,ITWW-county_repro,model,2022-10-24,2022/23
covid_archive,archive,COVID-19 deaths,ITWW-county_repro,model,2022-11-07,2022/23
covid_archive,archive,COVID-19 deaths,ITWW-county_repro,model,2022-11-14,2022/23
covid_archive,archive,COVID-19 deaths,Imperial-DeCa,model,2021-03-15,2020/21
covid_archive,archive,COVID-19 deaths,Imperial-DeCa,model,2021-03-22,2020/21
covid_archive,archive,COVID-19 deaths,Imperial-DeCa,model,2021-03-29,2020/21
covid_archive,archive,COVID-19 deaths,Imperial-DeCa,model,2021-04-12,2020/21
covid_archive,archive,COVID-19 deaths,Imperial-DeCa,model,2021-04-19,2020/21
covid_archive,archive,COVID-19 deaths,Imperial-DeCa,model,2021-04-26,2020/21
covid_archive,archive,COVID-19 deaths,Imperial-DeCa,model,2021-05-10,2020/21
covid_archive,archive,COVID-19 deaths,Imperial-DeCa,model,2021-05-17,2020/21
covid_archive,archive,COVID-19 deaths,Imperial-DeCa,model,2021-05-24,2020/21
covid_archive,archive,COVID-19 deaths,Imperial-DeCa,model,2021-06-07,2020/21
covid_archive,archive,COVID-19 deaths,Imperial-DeCa,model,2021-06-14,2020/21
covid_archive,archive,COVID-19 deaths,Imperial-DeCa,model,2021-06-21,2020/21
covid_archive,archive,COVID-19 deaths,Imperial-DeCa,model,2021-06-28,2020/21
covid_archive,archive,COVID-19 deaths,Imperial-DeCa,model,2021-07-05,2020/21
covid_archive,archive,COVID-19 deaths,Imperial-DeCa,model,2021-07-12,2020/21
covid_archive,archive,COVID-19 deaths,Imperial-DeCa,model,2021-07-19,2020/21
covid_archive,archive,COVID-19 deaths,Imperial-DeCa,model,2021-07-26,2020/21
covid_archive,archive,COVID-19 deaths,Imperial-DeCa,model,2021-08-02,2021/22
covid_archive,archive,COVID-19 deaths,Imperial-DeCa,model,2021-08-09,2021/22
covid_archive,archive,COVID-19 deaths,Imperial-DeCa,model,2021-08-16,2021/22
covid_archive,archive,COVID-19 deaths,Imperial-DeCa,model,2021-08-23,2021/22
covid_archive,archive,COVID-19 deaths,Imperial-DeCa,model,2021-09-06,2021/22
covid_archive,archive,COVID-19 deaths,Imperial-DeCa,model,2021-09-13,2021/22
covid_archive,archive,COVID-19 deaths,Imperial-DeCa,model,2021-09-20,2021/22
covid_archive,archive,COVID-19 deaths,Imperial-DeCa,model,2021-09-27,2021/22
covid_archive,archive,COVID-19 deaths,Imperial-DeCa,model,2021-10-11,2021/22
covid_archive,archive,COVID-19 deaths,Imperial-DeCa,model,2021-10-18,2021/22
covid_archive,archive,COVID-19 deaths,Imperial-DeCa,model,2021-10-25,2021/22
covid_archive,archive,COVID-19 deaths,Imperial-DeCa,model,2021-11-01,2021/22
covid_archive,archive,COVID-19 deaths,Imperial-DeCa,model,2021-11-08,2021/22
covid_archive,archive,COVID-19 deaths,Imperial-DeCa,model,2021-11-15,2021/22
covid_archive,archive,COVID-19 deaths,Imperial-DeCa,model,2021-11-22,2021/22
covid_archive,archive,COVID-19 deaths,Imperial-RtI0,model,2021-03-15,2020/21
covid_archive,archive,COVID-19 deaths,Imperial-RtI0,model,2021-03-22,2020/21
covid_archive,archive,COVID-19 deaths,Imperial-RtI0,model,2021-03-29,2020/21
covid_archive,archive,COVID-19 deaths,Imperial-RtI0,model,2021-04-12,2020/21
covid_archive,archive,COVID-19 deaths,Imperial-RtI0,model,2021-04-19,2020/21
covid_archive,archive,COVID-19 deaths,Imperial-RtI0,model,2021-04-26,2020/21
covid_archive,archive,COVID-19 deaths,Imperial-RtI0,model,2021-05-10,2020/21
covid_archive,archive,COVID-19 deaths,Imperial-RtI0,model,2021-05-17,2020/21
covid_archive,archive,COVID-19 deaths,Imperial-RtI0,model,2021-05-24,2020/21
covid_archive,archive,COVID-19 deaths,Imperial-RtI0,model,2021-06-07,2020/21
covid_archive,archive,COVID-19 deaths,Imperial-RtI0,model,2021-06-14,2020/21
covid_archive,archive,COVID-19 deaths,Imperial-RtI0,model,2021-06-21,2020/21
covid_archive,archive,COVID-19 deaths,Imperial-RtI0,model,2021-06-28,2020/21
covid_archive,archive,COVID-19 deaths,Imperial-RtI0,model,2021-07-05,2020/21
covid_archive,archive,COVID-19 deaths,Imperial-RtI0,model,2021-07-12,2020/21
covid_archive,archive,COVID-19 deaths,Imperial-RtI0,model,2021-07-19,2020/21
covid_archive,archive,COVID-19 deaths,Imperial-RtI0,model,2021-07-26,2020/21
covid_archive,archive,COVID-19 deaths,Imperial-RtI0,model,2021-08-02,2021/22
covid_archive,archive,COVID-19 deaths,Imperial-RtI0,model,2021-08-09,2021/22
covid_archive,archive,COVID-19 deaths,Imperial-RtI0,model,2021-08-16,2021/22
covid_archive,archive,COVID-19 deaths,Imperial-RtI0,model,2021-08-23,2021/22
covid_archive,archive,COVID-19 deaths,Imperial-RtI0,model,2021-09-06,2021/22
covid_archive,archive,COVID-19 deaths,Imperial-RtI0,model,2021-09-13,2021/22
covid_archive,archive,COVID-19 deaths,Imperial-RtI0,model,2021-09-20,2021/22
covid_archive,archive,COVID-19 deaths,Imperial-RtI0,model,2021-09-27,2021/22
covid_archive,archive,COVID-19 deaths,Imperial-RtI0,model,2021-10-11,2021/22
covid_archive,archive,COVID-19 deaths,Imperial-RtI0,model,2021-10-18,2021/22
covid_archive,archive,COVID-19 deaths,Imperial-RtI0,model,2021-10-25,2021/22
covid_archive,archive,COVID-19 deaths,Imperial-RtI0,model,2021-11-01,2021/22
covid_archive,archive,COVID-19 deaths,Imperial-RtI0,model,2021-11-08,2021/22
covid_archive,archive,COVID-19 deaths,Imperial-RtI0,model,2021-11-15,2021/22
covid_archive,archive,COVID-19 deaths,Imperial-RtI0,model,2021-11-22,2021/22
covid_archive,archive,COVID-19 deaths,Imperial-sbkp,model,2021-03-15,2020/21
covid_archive,archive,COVID-19 deaths,Imperial-sbkp,model,2021-03-22,2020/21
covid_archive,archive,COVID-19 deaths,Imperial-sbkp,model,2021-03-29,2020/21
covid_archive,archive,COVID-19 deaths,Imperial-sbkp,model,2021-04-12,2020/21
covid_archive,archive,COVID-19 deaths,Imperial-sbkp,model,2021-04-19,2020/21
covid_archive,archive,COVID-19 deaths,Imperial-sbkp,model,2021-04-26,2020/21
covid_archive,archive,COVID-19 deaths,Imperial-sbkp,model,2021-05-10,2020/21
covid_archive,archive,COVID-19 deaths,Imperial-sbkp,model,2021-05-17,2020/21
covid_archive,archive,COVID-19 deaths,Imperial-sbkp,model,2021-05-24,2020/21
covid_archive,archive,COVID-19 deaths,Imperial-sbkp,model,2021-06-07,2020/21
covid_archive,archive,COVID-19 deaths,Imperial-sbkp,model,2021-06-14,2020/21
covid_archive,archive,COVID-19 deaths,Imperial-sbkp,model,2021-06-21,2020/21
covid_archive,archive,COVID-19 deaths,Imperial-sbkp,model,2021-06-28,2020/21
covid_archive,archive,COVID-19 deaths,Imperial-sbkp,model,2021-07-05,2020/21
covid_archive,archive,COVID-19 deaths,Imperial-sbkp,model,2021-07-12,2020/21
covid_archive,archive,COVID-19 deaths,Imperial-sbkp,model,2021-07-19,2020/21
covid_archive,archive,COVID-19 deaths,Imperial-sbkp,model,2021-07-26,2020/21
covid_archive,archive,COVID-19 deaths,Imperial-sbkp,model,2021-08-02,2021/22
covid_archive,archive,COVID-19 deaths,Imperial-sbkp,model,2021-08-09,2021/22
covid_archive,archive,COVID-19 deaths,Imperial-sbkp,model,2021-08-16,2021/22
covid_archive,archive,COVID-19 deaths,Imperial-sbkp,model,2021-08-23,2021/22
covid_archive,archive,COVID-19 deaths,Imperial-sbkp,model,2021-09-06,2021/22
covid_archive,archive,COVID-19 deaths,Imperial-sbkp,model,2021-09-13,2021/22
covid_archive,archive,COVID-19 deaths,Imperial-sbkp,model,2021-09-20,2021/22
covid_archive,archive,COVID-19 deaths,Imperial-sbkp,model,2021-09-27,2021/22
covid_archive,archive,COVID-19 deaths,Imperial-sbkp,model,2021-10-11,2021/22
covid_archive,archive,COVID-19 deaths,Imperial-sbkp,model,2021-10-18,2021/22
covid_archive,archive,COVID-19 deaths,Imperial-sbkp,model,2021-10-25,2021/22
covid_archive,archive,COVID-19 deaths,Imperial-sbkp,model,2021-11-01,2021/22
covid_archive,archive,COVID-19 deaths,Imperial-sbkp,model,2021-11-08,2021/22
covid_archive,archive,COVID-19 deaths,Imperial-sbkp,model,2021-11-15,2021/22
covid_archive,archive,COVID-19 deaths,Imperial-sbkp,model,2021-11-22,2021/22
covid_archive,archive,COVID-19 deaths,JBUD-HMXK,model,2021-11-08,2021/22
covid_archive,archive,COVID-19 deaths,JBUD-HMXK,model,2021-11-15,2021/22
covid_archive,archive,COVID-19 deaths,JBUD-HMXK,model,2021-12-13,2021/22
covid_archive,archive,COVID-19 deaths,JBUD-HMXK,model,2021-12-20,2021/22
covid_archive,archive,COVID-19 deaths,JBUD-HMXK,model,2021-12-27,2021/22
covid_archive,archive,COVID-19 deaths,JBUD-HMXK,model,2022-01-03,2021/22
covid_archive,archive,COVID-19 deaths,JBUD-HMXK,model,2022-01-10,2021/22
covid_archive,archive,COVID-19 deaths,JBUD-HMXK,model,2022-01-17,2021/22
covid_archive,archive,COVID-19 deaths,JBUD-HMXK,model,2022-01-24,2021/22
covid_archive,archive,COVID-19 deaths,JBUD-HMXK,model,2022-01-31,2021/22
covid_archive,archive,COVID-19 deaths,JBUD-HMXK,model,2022-02-07,2021/22
covid_archive,archive,COVID-19 deaths,JBUD-HMXK,model,2022-02-14,2021/22
covid_archive,archive,COVID-19 deaths,JBUD-HMXK,model,2022-02-21,2021/22
covid_archive,archive,COVID-19 deaths,JBUD-HMXK,model,2022-02-28,2021/22
covid_archive,archive,COVID-19 deaths,JBUD-HMXK,model,2022-03-14,2021/22
covid_archive,archive,COVID-19 deaths,JBUD-HMXK,model,2022-03-21,2021/22
covid_archive,archive,COVID-19 deaths,JBUD-HMXK,model,2022-03-28,2021/22
covid_archive,archive,COVID-19 deaths,JBUD-HMXK,model,2022-04-04,2021/22
covid_archive,archive,COVID-19 deaths,JBUD-HMXK,model,2022-04-11,2021/22
covid_archive,archive,COVID-19 deaths,JBUD-HMXK,model,2022-04-18,2021/22
covid_archive,archive,COVID-19 deaths,JBUD-HMXK,model,2022-04-25,2021/22
covid_archive,archive,COVID-19 deaths,JBUD-HMXK,model,2022-05-02,2021/22
covid_archive,archive,COVID-19 deaths,JBUD-HMXK,model,2022-05-09,2021/22
covid_archive,archive,COVID-19 deaths,JBUD-HMXK,model,2022-05-16,2021/22
covid_archive,archive,COVID-19 deaths,JBUD-HMXK,model,2022-05-23,2021/22
covid_archive,archive,COVID-19 deaths,JBUD-HMXK,model,2022-05-30,2021/22
covid_archive,archive,COVID-19 deaths,Karlen-pypm,model,2021-02-08,2020/21
covid_archive,archive,COVID-19 deaths,Karlen-pypm,model,2021-02-15,2020/21
covid_archive,archive,COVID-19 deaths,Karlen-pypm,model,2021-02-22,2020/21
covid_archive,archive,COVID-19 deaths,Karlen-pypm,model,2021-03-01,2020/21
covid_archive,archive,COVID-19 deaths,Karlen-pypm,model,2021-03-08,2020/21
covid_archive,archive,COVID-19 deaths,Karlen-pypm,model,2021-03-15,2020/21
covid_archive,archive,COVID-19 deaths,Karlen-pypm,model,2021-03-22,2020/21
covid_archive,archive,COVID-19 deaths,Karlen-pypm,model,2021-03-29,2020/21
covid_archive,archive,COVID-19 deaths,Karlen-pypm,model,2021-04-05,2020/21
covid_archive,archive,COVID-19 deaths,Karlen-pypm,model,2021-04-12,2020/21
covid_archive,archive,COVID-19 deaths,Karlen-pypm,model,2021-04-19,2020/21
covid_archive,archive,COVID-19 deaths,Karlen-pypm,model,2021-04-26,2020/21
covid_archive,archive,COVID-19 deaths,Karlen-pypm,model,2021-05-03,2020/21
covid_archive,archive,COVID-19 deaths,Karlen-pypm,model,2021-05-10,2020/21
covid_archive,archive,COVID-19 deaths,Karlen-pypm,model,2021-05-17,2020/21
covid_archive,archive,COVID-19 deaths,Karlen-pypm,model,2021-05-24,2020/21
covid_archive,archive,COVID-19 deaths,Karlen-pypm,model,2021-05-31,2020/21
covid_archive,archive,COVID-19 deaths,Karlen-pypm,model,2021-06-07,2020/21
covid_archive,archive,COVID-19 deaths,Karlen-pypm,model,2021-06-14,2020/21
covid_archive,archive,COVID-19 deaths,Karlen-pypm,model,2021-06-21,2020/21
covid_archive,archive,COVID-19 deaths,Karlen-pypm,model,2021-06-28,2020/21
covid_archive,archive,COVID-19 deaths,Karlen-pypm,model,2021-07-05,2020/21
covid_archive,archive,COVID-19 deaths,Karlen-pypm,model,2021-07-12,2020/21
covid_archive,archive,COVID-19 deaths,Karlen-pypm,model,2021-07-19,2020/21
covid_archive,archive,COVID-19 deaths,Karlen-pypm,model,2021-07-26,2020/21
covid_archive,archive,COVID-19 deaths,Karlen-pypm,model,2021-08-02,2021/22
covid_archive,archive,COVID-19 deaths,Karlen-pypm,model,2021-08-09,2021/22
covid_archive,archive,COVID-19 deaths,Karlen-pypm,model,2021-08-16,2021/22
covid_archive,archive,COVID-19 deaths,Karlen-pypm,model,2021-08-23,2021/22
covid_archive,archive,COVID-19 deaths,Karlen-pypm,model,2021-08-30,2021/22
covid_archive,archive,COVID-19 deaths,Karlen-pypm,model,2021-09-06,2021/22
covid_archive,archive,COVID-19 deaths,Karlen-pypm,model,2021-09-13,2021/22
covid_archive,archive,COVID-19 deaths,Karlen-pypm,model,2021-09-20,2021/22
covid_archive,archive,COVID-19 deaths,Karlen-pypm,model,2021-09-27,2021/22
covid_archive,archive,COVID-19 deaths,Karlen-pypm,model,2021-10-04,2021/22
covid_archive,archive,COVID-19 deaths,Karlen-pypm,model,2021-10-11,2021/22
covid_archive,archive,COVID-19 deaths,Karlen-pypm,model,2021-10-18,2021/22
covid_archive,archive,COVID-19 deaths,Karlen-pypm,model,2021-10-25,2021/22
covid_archive,archive,COVID-19 deaths,Karlen-pypm,model,2021-11-01,2021/22
covid_archive,archive,COVID-19 deaths,Karlen-pypm,model,2021-11-08,2021/22
covid_archive,archive,COVID-19 deaths,Karlen-pypm,model,2021-11-15,2021/22
covid_archive,archive,COVID-19 deaths,Karlen-pypm,model,2021-11-22,2021/22
covid_archive,archive,COVID-19 deaths,Karlen-pypm,model,2021-11-29,2021/22
covid_archive,archive,COVID-19 deaths,Karlen-pypm,model,2022-07-11,2021/22
covid_archive,archive,COVID-19 deaths,Karlen-pypm,model,2022-07-18,2021/22
covid_archive,archive,COVID-19 deaths,Karlen-pypm,model,2022-07-25,2021/22
covid_archive,archive,COVID-19 deaths,Karlen-pypm,model,2022-08-01,2022/23
covid_archive,archive,COVID-19 deaths,Karlen-pypm,model,2022-08-08,2022/23
covid_archive,archive,COVID-19 deaths,Karlen-pypm,model,2022-08-15,2022/23
covid_archive,archive,COVID-19 deaths,Karlen-pypm,model,2022-08-22,2022/23
covid_archive,archive,COVID-19 deaths,Karlen-pypm,model,2022-08-29,2022/23
covid_archive,archive,COVID-19 deaths,Karlen-pypm,model,2022-09-05,2022/23
covid_archive,archive,COVID-19 deaths,Karlen-pypm,model,2022-09-12,2022/23
covid_archive,archive,COVID-19 deaths,Karlen-pypm,model,2022-09-19,2022/23
covid_archive,archive,COVID-19 deaths,Karlen-pypm,model,2022-09-26,2022/23
covid_archive,archive,COVID-19 deaths,Karlen-pypm,model,2022-10-03,2022/23
covid_archive,archive,COVID-19 deaths,Karlen-pypm,model,2022-10-10,2022/23
covid_archive,archive,COVID-19 deaths,Karlen-pypm,model,2022-10-17,2022/23
covid_archive,archive,COVID-19 deaths,Karlen-pypm,model,2022-10-24,2022/23
covid_archive,archive,COVID-19 deaths,Karlen-pypm,model,2022-10-31,2022/23
covid_archive,archive,COVID-19 deaths,Karlen-pypm,model,2022-11-07,2022/23
covid_archive,archive,COVID-19 deaths,Karlen-pypm,model,2022-11-14,2022/23
covid_archive,archive,COVID-19 deaths,Karlen-pypm,model,2022-11-21,2022/23
covid_archive,archive,COVID-19 deaths,Karlen-pypm,model,2022-11-28,2022/23
covid_archive,archive,COVID-19 deaths,Karlen-pypm,model,2022-12-05,2022/23
covid_archive,archive,COVID-19 deaths,Karlen-pypm,model,2022-12-12,2022/23
covid_archive,archive,COVID-19 deaths,Karlen-pypm,model,2023-01-02,2022/23
covid_archive,archive,COVID-19 deaths,Karlen-pypm,model,2023-01-09,2022/23
covid_archive,archive,COVID-19 deaths,Karlen-pypm,model,2023-01-16,2022/23
covid_archive,archive,COVID-19 deaths,Karlen-pypm,model,2023-01-23,2022/23
covid_archive,archive,COVID-19 deaths,LANL-GrowthRate,model,2021-02-01,2020/21
covid_archive,archive,COVID-19 deaths,LANL-GrowthRate,model,2021-02-08,2020/21
covid_archive,archive,COVID-19 deaths,LANL-GrowthRate,model,2021-02-15,2020/21
covid_archive,archive,COVID-19 deaths,LANL-GrowthRate,model,2021-02-22,2020/21
covid_archive,archive,COVID-19 deaths,LANL-GrowthRate,model,2021-03-01,2020/21
covid_archive,archive,COVID-19 deaths,LANL-GrowthRate,model,2021-03-08,2020/21
covid_archive,archive,COVID-19 deaths,LANL-GrowthRate,model,2021-03-15,2020/21
covid_archive,archive,COVID-19 deaths,LANL-GrowthRate,model,2021-03-22,2020/21
covid_archive,archive,COVID-19 deaths,LANL-GrowthRate,model,2021-03-29,2020/21
covid_archive,archive,COVID-19 deaths,LANL-GrowthRate,model,2021-04-05,2020/21
covid_archive,archive,COVID-19 deaths,LANL-GrowthRate,model,2021-04-12,2020/21
covid_archive,archive,COVID-19 deaths,LANL-GrowthRate,model,2021-04-19,2020/21
covid_archive,archive,COVID-19 deaths,LANL-GrowthRate,model,2021-04-26,2020/21
covid_archive,archive,COVID-19 deaths,LANL-GrowthRate,model,2021-05-03,2020/21
covid_archive,archive,COVID-19 deaths,LANL-GrowthRate,model,2021-05-10,2020/21
covid_archive,archive,COVID-19 deaths,LANL-GrowthRate,model,2021-05-17,2020/21
covid_archive,archive,COVID-19 deaths,LANL-GrowthRate,model,2021-05-31,2020/21
covid_archive,archive,COVID-19 deaths,LANL-GrowthRate,model,2021-06-07,2020/21
covid_archive,archive,COVID-19 deaths,LANL-GrowthRate,model,2021-06-14,2020/21
covid_archive,archive,COVID-19 deaths,LANL-GrowthRate,model,2021-06-21,2020/21
covid_archive,archive,COVID-19 deaths,LANL-GrowthRate,model,2021-06-28,2020/21
covid_archive,archive,COVID-19 deaths,LANL-GrowthRate,model,2021-07-05,2020/21
covid_archive,archive,COVID-19 deaths,LANL-GrowthRate,model,2021-07-12,2020/21
covid_archive,archive,COVID-19 deaths,LANL-GrowthRate,model,2021-07-19,2020/21
covid_archive,archive,COVID-19 deaths,LANL-GrowthRate,model,2021-07-26,2020/21
covid_archive,archive,COVID-19 deaths,LANL-GrowthRate,model,2021-08-02,2021/22
covid_archive,archive,COVID-19 deaths,LANL-GrowthRate,model,2021-08-09,2021/22
covid_archive,archive,COVID-19 deaths,LANL-GrowthRate,model,2021-08-16,2021/22
covid_archive,archive,COVID-19 deaths,LANL-GrowthRate,model,2021-08-23,2021/22
covid_archive,archive,COVID-19 deaths,LANL-GrowthRate,model,2021-08-30,2021/22
covid_archive,archive,COVID-19 deaths,LANL-GrowthRate,model,2021-09-06,2021/22
covid_archive,archive,COVID-19 deaths,LANL-GrowthRate,model,2021-09-13,2021/22
covid_archive,archive,COVID-19 deaths,LANL-GrowthRate,model,2021-09-20,2021/22
covid_archive,archive,COVID-19 deaths,LeipzigIMISE-SECIR,model,2021-03-29,2020/21
covid_archive,archive,COVID-19 deaths,LeipzigIMISE-SECIR,model,2021-04-05,2020/21
covid_archive,archive,COVID-19 deaths,LeipzigIMISE-SECIR,model,2021-04-12,2020/21
covid_archive,archive,COVID-19 deaths,LeipzigIMISE-SECIR,model,2021-04-19,2020/21
covid_archive,archive,COVID-19 deaths,Lydia-SARIMA,model,2023-10-30,2023/24
covid_archive,archive,COVID-19 deaths,Lydia-SARIMA,model,2023-11-06,2023/24
covid_archive,archive,COVID-19 deaths,Lydia-SARIMA,model,2023-11-13,2023/24
covid_archive,archive,COVID-19 deaths,Lydia-SARIMA,model,2023-11-20,2023/24
covid_archive,archive,COVID-19 deaths,Lydia-SARIMA,model,2023-11-27,2023/24
covid_archive,archive,COVID-19 deaths,Lydia-SARIMA,model,2023-12-04,2023/24
covid_archive,archive,COVID-19 deaths,Lydia-SARIMA,model,2023-12-11,2023/24
covid_archive,archive,COVID-19 deaths,Lydia-SARIMA,model,2023-12-25,2023/24
covid_archive,archive,COVID-19 deaths,Lydia-SARIMA,model,2024-01-01,2023/24
covid_archive,archive,COVID-19 deaths,Lydia-SARIMA,model,2024-01-08,2023/24
covid_archive,archive,COVID-19 deaths,Lydia-SARIMA,model,2024-01-15,2023/24
covid_archive,archive,COVID-19 deaths,Lydia-SARIMA,model,2024-01-22,2023/24
covid_archive,archive,COVID-19 deaths,Lydia-SARIMA,model,2024-01-29,2023/24
covid_archive,archive,COVID-19 deaths,Lydia-SARIMA,model,2024-02-05,2023/24
covid_archive,archive,COVID-19 deaths,Lydia-SARIMA,model,2024-02-12,2023/24
covid_archive,archive,COVID-19 deaths,Lydia-SARIMA,model,2024-02-19,2023/24
covid_archive,archive,COVID-19 deaths,Lydia-SARIMA,model,2024-02-26,2023/24
covid_archive,archive,COVID-19 deaths,Lydia-SARIMA,model,2024-03-04,2023/24
covid_archive,archive,COVID-19 deaths,Lydia-SARIMA,model,2024-03-11,2023/24
covid_archive,archive,COVID-19 deaths,Lydia-SARIMA,model,2024-03-18,2023/24
covid_archive,archive,COVID-19 deaths,Lydia-SARIMA,model,2024-03-25,2023/24
covid_archive,archive,COVID-19 deaths,Lydia-SARIMA,model,2024-04-01,2023/24
covid_archive,archive,COVID-19 deaths,Lydia-SARIMA,model,2024-04-08,2023/24
covid_archive,archive,COVID-19 deaths,Lydia-SARIMA,model,2024-04-15,2023/24
covid_archive,archive,COVID-19 deaths,Lydia-SARIMA,model,2024-04-22,2023/24
covid_archive,archive,COVID-19 deaths,Lydia-SARIMA,model,2024-04-29,2023/24
covid_archive,archive,COVID-19 deaths,Lydia-SARIMA,model,2024-05-06,2023/24
covid_archive,archive,COVID-19 deaths,Lydia-SARIMA,model,2024-05-20,2023/24
covid_archive,archive,COVID-19 deaths,Lydia-SARIMA,model,2024-05-27,2023/24
covid_archive,archive,COVID-19 deaths,Lydia-SARIMA,model,2024-06-03,2023/24
covid_archive,archive,COVID-19 deaths,Lydia-SARIMA,model,2024-06-10,2023/24
covid_archive,archive,COVID-19 deaths,Lydia-SARIMA,model,2024-06-24,2023/24
covid_archive,archive,COVID-19 deaths,Lydia-SARIMA,model,2024-07-01,2023/24
covid_archive,archive,COVID-19 deaths,Lydia-SARIMA,model,2024-07-08,2023/24
covid_archive,archive,COVID-19 deaths,Lydia-SARIMA,model,2024-07-15,2023/24
covid_archive,archive,COVID-19 deaths,Lydia-SARIMA,model,2024-07-22,2023/24
covid_archive,archive,COVID-19 deaths,Lydia-SARIMA,model,2024-07-29,2023/24
covid_archive,archive,COVID-19 deaths,Lydia-SARIMA,model,2024-08-05,2024/25
covid_archive,archive,COVID-19 deaths,Lydia-SARIMA,model,2024-09-09,2024/25
covid_archive,archive,COVID-19 deaths,Lydia-SARIMA,model,2024-09-16,2024/25
covid_archive,archive,COVID-19 deaths,Lydia-SARIMA,model,2024-09-23,2024/25
covid_archive,archive,COVID-19 deaths,Lydia-SARIMA,model,2024-09-30,2024/25
covid_archive,archive,COVID-19 deaths,Lydia-SARIMA,model,2024-10-07,2024/25
covid_archive,archive,COVID-19 deaths,Lydia-SARIMA,model,2024-10-14,2024/25
covid_archive,archive,COVID-19 deaths,Lydia-simpleARIMA,model,2023-10-16,2023/24
covid_archive,archive,COVID-19 deaths,Lydia-simpleARIMA,model,2023-10-23,2023/24
covid_archive,archive,COVID-19 deaths,Lydia-simpleARIMA,model,2023-10-30,2023/24
covid_archive,archive,COVID-19 deaths,Lydia-simpleARIMA,model,2023-11-06,2023/24
covid_archive,archive,COVID-19 deaths,Lydia-simpleARIMA,model,2023-11-13,2023/24
covid_archive,archive,COVID-19 deaths,Lydia-simpleARIMA,model,2023-11-20,2023/24
covid_archive,archive,COVID-19 deaths,Lydia-simpleARIMA,model,2023-11-27,2023/24
covid_archive,archive,COVID-19 deaths,Lydia-simpleARIMA,model,2023-12-04,2023/24
covid_archive,archive,COVID-19 deaths,Lydia-simpleARIMA,model,2023-12-11,2023/24
covid_archive,archive,COVID-19 deaths,Lydia-simpleARIMA,model,2023-12-25,2023/24
covid_archive,archive,COVID-19 deaths,Lydia-simpleARIMA,model,2024-01-01,2023/24
covid_archive,archive,COVID-19 deaths,Lydia-simpleARIMA,model,2024-01-08,2023/24
covid_archive,archive,COVID-19 deaths,Lydia-simpleARIMA,model,2024-01-15,2023/24
covid_archive,archive,COVID-19 deaths,Lydia-simpleARIMA,model,2024-01-22,2023/24
covid_archive,archive,COVID-19 deaths,Lydia-simpleARIMA,model,2024-01-29,2023/24
covid_archive,archive,COVID-19 deaths,Lydia-simpleARIMA,model,2024-02-05,2023/24
covid_archive,archive,COVID-19 deaths,Lydia-simpleARIMA,model,2024-02-12,2023/24
covid_archive,archive,COVID-19 deaths,Lydia-simpleARIMA,model,2024-02-19,2023/24
covid_archive,archive,COVID-19 deaths,Lydia-simpleARIMA,model,2024-02-26,2023/24
covid_archive,archive,COVID-19 deaths,Lydia-simpleARIMA,model,2024-03-04,2023/24
covid_archive,archive,COVID-19 deaths,MIMUW-StochSEIR,model,2021-02-15,2020/21
covid_archive,archive,COVID-19 deaths,MIMUW-StochSEIR,model,2021-02-22,2020/21
covid_archive,archive,COVID-19 deaths,MIMUW-StochSEIR,model,2021-03-08,2020/21
covid_archive,archive,COVID-19 deaths,MIMUW-StochSEIR,model,2021-03-15,2020/21
covid_archive,archive,COVID-19 deaths,MIMUW-StochSEIR,model,2021-03-22,2020/21
covid_archive,archive,COVID-19 deaths,MIMUW-StochSEIR,model,2021-03-29,2020/21
covid_archive,archive,COVID-19 deaths,MIMUW-StochSEIR,model,2021-04-05,2020/21
covid_archive,archive,COVID-19 deaths,MIMUW-StochSEIR,model,2021-04-12,2020/21
covid_archive,archive,COVID-19 deaths,MIMUW-StochSEIR,model,2021-04-19,2020/21
covid_archive,archive,COVID-19 deaths,MIMUW-StochSEIR,model,2021-04-26,2020/21
covid_archive,archive,COVID-19 deaths,MIMUW-StochSEIR,model,2021-05-03,2020/21
covid_archive,archive,COVID-19 deaths,MIMUW-StochSEIR,model,2021-05-10,2020/21
covid_archive,archive,COVID-19 deaths,MIMUW-StochSEIR,model,2021-05-17,2020/21
covid_archive,archive,COVID-19 deaths,MIMUW-StochSEIR,model,2021-05-24,2020/21
covid_archive,archive,COVID-19 deaths,MIMUW-StochSEIR,model,2021-05-31,2020/21
covid_archive,archive,COVID-19 deaths,MIMUW-StochSEIR,model,2021-06-07,2020/21
covid_archive,archive,COVID-19 deaths,MIMUW-StochSEIR,model,2021-06-14,2020/21
covid_archive,archive,COVID-19 deaths,MIMUW-StochSEIR,model,2021-06-21,2020/21
covid_archive,archive,COVID-19 deaths,MIMUW-StochSEIR,model,2021-06-28,2020/21
covid_archive,archive,COVID-19 deaths,MIMUW-StochSEIR,model,2021-07-05,2020/21
covid_archive,archive,COVID-19 deaths,MIMUW-StochSEIR,model,2021-07-12,2020/21
covid_archive,archive,COVID-19 deaths,MIT_CovidAnalytics-DELPHI,model,2021-02-15,2020/21
covid_archive,archive,COVID-19 deaths,MIT_CovidAnalytics-DELPHI,model,2021-02-22,2020/21
covid_archive,archive,COVID-19 deaths,MIT_CovidAnalytics-DELPHI,model,2021-03-01,2020/21
covid_archive,archive,COVID-19 deaths,MIT_CovidAnalytics-DELPHI,model,2021-03-08,2020/21
covid_archive,archive,COVID-19 deaths,MIT_CovidAnalytics-DELPHI,model,2021-03-15,2020/21
covid_archive,archive,COVID-19 deaths,MIT_CovidAnalytics-DELPHI,model,2021-03-22,2020/21
covid_archive,archive,COVID-19 deaths,MIT_CovidAnalytics-DELPHI,model,2021-03-29,2020/21
covid_archive,archive,COVID-19 deaths,MIT_CovidAnalytics-DELPHI,model,2021-04-05,2020/21
covid_archive,archive,COVID-19 deaths,MIT_CovidAnalytics-DELPHI,model,2021-04-12,2020/21
covid_archive,archive,COVID-19 deaths,MIT_CovidAnalytics-DELPHI,model,2021-04-19,2020/21
covid_archive,archive,COVID-19 deaths,MIT_CovidAnalytics-DELPHI,model,2021-05-03,2020/21
covid_archive,archive,COVID-19 deaths,MIT_CovidAnalytics-DELPHI,model,2021-05-17,2020/21
covid_archive,archive,COVID-19 deaths,MIT_CovidAnalytics-DELPHI,model,2021-05-24,2020/21
covid_archive,archive,COVID-19 deaths,MIT_CovidAnalytics-DELPHI,model,2021-05-31,2020/21
covid_archive,archive,COVID-19 deaths,MIT_CovidAnalytics-DELPHI,model,2021-06-07,2020/21
covid_archive,archive,COVID-19 deaths,MIT_CovidAnalytics-DELPHI,model,2021-06-14,2020/21
covid_archive,archive,COVID-19 deaths,MIT_CovidAnalytics-DELPHI,model,2021-06-21,2020/21
covid_archive,archive,COVID-19 deaths,MIT_CovidAnalytics-DELPHI,model,2021-06-28,2020/21
covid_archive,archive,COVID-19 deaths,MIT_CovidAnalytics-DELPHI,model,2021-07-05,2020/21
covid_archive,archive,COVID-19 deaths,MIT_CovidAnalytics-DELPHI,model,2021-07-12,2020/21
covid_archive,archive,COVID-19 deaths,MIT_CovidAnalytics-DELPHI,model,2021-07-19,2020/21
covid_archive,archive,COVID-19 deaths,MIT_CovidAnalytics-DELPHI,model,2021-08-02,2021/22
covid_archive,archive,COVID-19 deaths,MIT_CovidAnalytics-DELPHI,model,2021-08-09,2021/22
covid_archive,archive,COVID-19 deaths,MIT_CovidAnalytics-DELPHI,model,2021-08-16,2021/22
covid_archive,archive,COVID-19 deaths,MIT_CovidAnalytics-DELPHI,model,2021-08-23,2021/22
covid_archive,archive,COVID-19 deaths,MIT_CovidAnalytics-DELPHI,model,2021-08-30,2021/22
covid_archive,archive,COVID-19 deaths,MIT_CovidAnalytics-DELPHI,model,2021-09-06,2021/22
covid_archive,archive,COVID-19 deaths,MIT_CovidAnalytics-DELPHI,model,2021-09-13,2021/22
covid_archive,archive,COVID-19 deaths,MIT_CovidAnalytics-DELPHI,model,2021-09-20,2021/22
covid_archive,archive,COVID-19 deaths,MIT_CovidAnalytics-DELPHI,model,2021-09-27,2021/22
covid_archive,archive,COVID-19 deaths,MIT_CovidAnalytics-DELPHI,model,2021-10-04,2021/22
covid_archive,archive,COVID-19 deaths,MIT_CovidAnalytics-DELPHI,model,2021-10-11,2021/22
covid_archive,archive,COVID-19 deaths,MIT_CovidAnalytics-DELPHI,model,2021-10-18,2021/22
covid_archive,archive,COVID-19 deaths,MIT_CovidAnalytics-DELPHI,model,2021-10-25,2021/22
covid_archive,archive,COVID-19 deaths,MIT_CovidAnalytics-DELPHI,model,2021-11-01,2021/22
covid_archive,archive,COVID-19 deaths,MIT_CovidAnalytics-DELPHI,model,2021-11-08,2021/22
covid_archive,archive,COVID-19 deaths,MIT_CovidAnalytics-DELPHI,model,2021-11-15,2021/22
covid_archive,archive,COVID-19 deaths,MIT_CovidAnalytics-DELPHI,model,2021-11-22,2021/22
covid_archive,archive,COVID-19 deaths,MIT_CovidAnalytics-DELPHI,model,2021-11-29,2021/22
covid_archive,archive,COVID-19 deaths,MIT_CovidAnalytics-DELPHI,model,2021-12-06,2021/22
covid_archive,archive,COVID-19 deaths,MIT_CovidAnalytics-DELPHI,model,2021-12-13,2021/22
covid_archive,archive,COVID-19 deaths,MIT_CovidAnalytics-DELPHI,model,2021-12-20,2021/22
covid_archive,archive,COVID-19 deaths,MIT_CovidAnalytics-DELPHI,model,2021-12-27,2021/22
covid_archive,archive,COVID-19 deaths,MIT_CovidAnalytics-DELPHI,model,2022-01-10,2021/22
covid_archive,archive,COVID-19 deaths,MIT_CovidAnalytics-DELPHI,model,2022-01-17,2021/22
covid_archive,archive,COVID-19 deaths,MIT_CovidAnalytics-DELPHI,model,2022-01-24,2021/22
covid_archive,archive,COVID-19 deaths,MIT_CovidAnalytics-DELPHI,model,2022-02-07,2021/22
covid_archive,archive,COVID-19 deaths,MIT_CovidAnalytics-DELPHI,model,2022-02-21,2021/22
covid_archive,archive,COVID-19 deaths,MIT_CovidAnalytics-DELPHI,model,2022-02-28,2021/22
covid_archive,archive,COVID-19 deaths,MIT_CovidAnalytics-DELPHI,model,2022-03-07,2021/22
covid_archive,archive,COVID-19 deaths,MIT_CovidAnalytics-DELPHI,model,2022-03-14,2021/22
covid_archive,archive,COVID-19 deaths,MIT_CovidAnalytics-DELPHI,model,2022-03-21,2021/22
covid_archive,archive,COVID-19 deaths,MIT_CovidAnalytics-DELPHI,model,2022-03-28,2021/22
covid_archive,archive,COVID-19 deaths,MIT_CovidAnalytics-DELPHI,model,2022-04-04,2021/22
covid_archive,archive,COVID-19 deaths,MIT_CovidAnalytics-DELPHI,model,2022-04-11,2021/22
covid_archive,archive,COVID-19 deaths,MIT_CovidAnalytics-DELPHI,model,2022-04-18,2021/22
covid_archive,archive,COVID-19 deaths,MIT_CovidAnalytics-DELPHI,model,2022-04-25,2021/22
covid_archive,archive,COVID-19 deaths,MIT_CovidAnalytics-DELPHI,model,2022-05-02,2021/22
covid_archive,archive,COVID-19 deaths,MIT_CovidAnalytics-DELPHI,model,2022-05-09,2021/22
covid_archive,archive,COVID-19 deaths,MIT_CovidAnalytics-DELPHI,model,2022-05-23,2021/22
covid_archive,archive,COVID-19 deaths,MIT_CovidAnalytics-DELPHI,model,2022-05-30,2021/22
covid_archive,archive,COVID-19 deaths,MIT_CovidAnalytics-DELPHI,model,2022-06-06,2021/22
covid_archive,archive,COVID-19 deaths,MIT_CovidAnalytics-DELPHI,model,2022-06-13,2021/22
covid_archive,archive,COVID-19 deaths,MIT_CovidAnalytics-DELPHI,model,2022-06-20,2021/22
covid_archive,archive,COVID-19 deaths,MIT_CovidAnalytics-DELPHI,model,2022-06-27,2021/22
covid_archive,archive,COVID-19 deaths,MIT_CovidAnalytics-DELPHI,model,2022-07-04,2021/22
covid_archive,archive,COVID-19 deaths,MIT_CovidAnalytics-DELPHI,model,2022-07-11,2021/22
covid_archive,archive,COVID-19 deaths,MOCOS-agent1,model,2021-02-15,2020/21
covid_archive,archive,COVID-19 deaths,MOCOS-agent1,model,2021-02-22,2020/21
covid_archive,archive,COVID-19 deaths,MOCOS-agent1,model,2021-03-08,2020/21
covid_archive,archive,COVID-19 deaths,MOCOS-agent1,model,2021-03-15,2020/21
covid_archive,archive,COVID-19 deaths,MOCOS-agent1,model,2021-03-22,2020/21
covid_archive,archive,COVID-19 deaths,MOCOS-agent1,model,2021-03-29,2020/21
covid_archive,archive,COVID-19 deaths,MOCOS-agent1,model,2021-04-05,2020/21
covid_archive,archive,COVID-19 deaths,MOCOS-agent1,model,2021-04-12,2020/21
covid_archive,archive,COVID-19 deaths,MOCOS-agent1,model,2021-04-19,2020/21
covid_archive,archive,COVID-19 deaths,MOCOS-agent1,model,2021-04-26,2020/21
covid_archive,archive,COVID-19 deaths,MOCOS-agent1,model,2021-05-03,2020/21
covid_archive,archive,COVID-19 deaths,MOCOS-agent1,model,2021-05-10,2020/21
covid_archive,archive,COVID-19 deaths,MOCOS-agent1,model,2021-05-17,2020/21
covid_archive,archive,COVID-19 deaths,MOCOS-agent1,model,2021-05-24,2020/21
covid_archive,archive,COVID-19 deaths,MOCOS-agent1,model,2021-05-31,2020/21
covid_archive,archive,COVID-19 deaths,MOCOS-agent1,model,2021-06-07,2020/21
covid_archive,archive,COVID-19 deaths,MOCOS-agent1,model,2021-06-14,2020/21
covid_archive,archive,COVID-19 deaths,MOCOS-agent1,model,2021-06-21,2020/21
covid_archive,archive,COVID-19 deaths,MOCOS-agent1,model,2021-06-28,2020/21
covid_archive,archive,COVID-19 deaths,MOCOS-agent1,model,2021-07-05,2020/21
covid_archive,archive,COVID-19 deaths,MOCOS-agent1,model,2021-07-12,2020/21
covid_archive,archive,COVID-19 deaths,MOCOS-agent1,model,2021-07-19,2020/21
covid_archive,archive,COVID-19 deaths,MOCOS-agent1,model,2021-07-26,2020/21
covid_archive,archive,COVID-19 deaths,MOCOS-agent1,model,2021-08-02,2021/22
covid_archive,archive,COVID-19 deaths,MOCOS-agent1,model,2021-08-09,2021/22
covid_archive,archive,COVID-19 deaths,MOCOS-agent1,model,2021-08-16,2021/22
covid_archive,archive,COVID-19 deaths,MOCOS-agent1,model,2021-08-23,2021/22
covid_archive,archive,COVID-19 deaths,MOCOS-agent1,model,2021-08-30,2021/22
covid_archive,archive,COVID-19 deaths,MOCOS-agent1,model,2021-09-06,2021/22
covid_archive,archive,COVID-19 deaths,MOCOS-agent1,model,2021-09-13,2021/22
covid_archive,archive,COVID-19 deaths,MOCOS-agent1,model,2021-09-20,2021/22
covid_archive,archive,COVID-19 deaths,MOCOS-agent1,model,2021-09-27,2021/22
covid_archive,archive,COVID-19 deaths,MOCOS-agent1,model,2021-10-04,2021/22
covid_archive,archive,COVID-19 deaths,MOCOS-agent1,model,2021-10-11,2021/22
covid_archive,archive,COVID-19 deaths,MOCOS-agent1,model,2021-10-18,2021/22
covid_archive,archive,COVID-19 deaths,MOCOS-agent1,model,2021-10-25,2021/22
covid_archive,archive,COVID-19 deaths,MOCOS-agent1,model,2021-11-01,2021/22
covid_archive,archive,COVID-19 deaths,MOCOS-agent1,model,2021-11-08,2021/22
covid_archive,archive,COVID-19 deaths,MOCOS-agent1,model,2021-11-15,2021/22
covid_archive,archive,COVID-19 deaths,MOCOS-agent1,model,2021-11-22,2021/22
covid_archive,archive,COVID-19 deaths,MOCOS-agent1,model,2021-11-29,2021/22
covid_archive,archive,COVID-19 deaths,MOCOS-agent1,model,2021-12-06,2021/22
covid_archive,archive,COVID-19 deaths,MOCOS-agent1,model,2021-12-13,2021/22
covid_archive,archive,COVID-19 deaths,MOCOS-agent1,model,2021-12-20,2021/22
covid_archive,archive,COVID-19 deaths,MOCOS-agent1,model,2021-12-27,2021/22
covid_archive,archive,COVID-19 deaths,MOCOS-agent1,model,2022-01-03,2021/22
covid_archive,archive,COVID-19 deaths,MOCOS-agent1,model,2022-01-10,2021/22
covid_archive,archive,COVID-19 deaths,MOCOS-agent1,model,2022-01-17,2021/22
covid_archive,archive,COVID-19 deaths,MOCOS-agent1,model,2022-01-24,2021/22
covid_archive,archive,COVID-19 deaths,MOCOS-agent1,model,2022-01-31,2021/22
covid_archive,archive,COVID-19 deaths,MOCOS-agent1,model,2022-02-07,2021/22
covid_archive,archive,COVID-19 deaths,MOCOS-agent1,model,2022-02-14,2021/22
covid_archive,archive,COVID-19 deaths,MOCOS-agent1,model,2022-02-21,2021/22
covid_archive,archive,COVID-19 deaths,MOCOS-agent1,model,2022-02-28,2021/22
covid_archive,archive,COVID-19 deaths,MOCOS-agent1,model,2022-03-07,2021/22
covid_archive,archive,COVID-19 deaths,MOCOS-agent1,model,2022-03-14,2021/22
covid_archive,archive,COVID-19 deaths,MOCOS-agent1,model,2022-03-28,2021/22
covid_archive,archive,COVID-19 deaths,MOCOS-agent1,model,2022-04-04,2021/22
covid_archive,archive,COVID-19 deaths,MOCOS-agent1,model,2022-04-11,2021/22
covid_archive,archive,COVID-19 deaths,MOCOS-agent1,model,2022-04-18,2021/22
covid_archive,archive,COVID-19 deaths,MOCOS-agent1,model,2022-04-25,2021/22
covid_archive,archive,COVID-19 deaths,MOCOS-agent1,model,2022-05-02,2021/22
covid_archive,archive,COVID-19 deaths,MOCOS-agent1,model,2022-05-09,2021/22
covid_archive,archive,COVID-19 deaths,MOCOS-agent1,model,2022-05-16,2021/22
covid_archive,archive,COVID-19 deaths,MOCOS-agent1,model,2022-05-23,2021/22
covid_archive,archive,COVID-19 deaths,MOCOS-agent1,model,2022-05-30,2021/22
covid_archive,archive,COVID-19 deaths,MOCOS-agent1,model,2022-06-20,2021/22
covid_archive,archive,COVID-19 deaths,MOCOS-agent1,model,2022-07-18,2021/22
covid_archive,archive,COVID-19 deaths,MOCOS-agent1,model,2022-07-25,2021/22
covid_archive,archive,COVID-19 deaths,MOCOS-agent1,model,2022-08-01,2022/23
covid_archive,archive,COVID-19 deaths,MOCOS-agent1,model,2022-08-08,2022/23
covid_archive,archive,COVID-19 deaths,MOCOS-agent1,model,2022-08-15,2022/23
covid_archive,archive,COVID-19 deaths,MOCOS-agent1,model,2022-08-22,2022/23
covid_archive,archive,COVID-19 deaths,MOCOS-agent1,model,2022-08-29,2022/23
covid_archive,archive,COVID-19 deaths,MOCOS-agent1,model,2022-09-05,2022/23
covid_archive,archive,COVID-19 deaths,MOCOS-agent1,model,2022-09-12,2022/23
covid_archive,archive,COVID-19 deaths,MOCOS-agent1,model,2022-09-19,2022/23
covid_archive,archive,COVID-19 deaths,MOCOS-agent1,model,2022-09-26,2022/23
covid_archive,archive,COVID-19 deaths,MOCOS-agent1,model,2022-10-03,2022/23
covid_archive,archive,COVID-19 deaths,MOCOS-agent1,model,2022-10-10,2022/23
covid_archive,archive,COVID-19 deaths,MOCOS-agent1,model,2022-10-17,2022/23
covid_archive,archive,COVID-19 deaths,MOCOS-agent1,model,2022-10-24,2022/23
covid_archive,archive,COVID-19 deaths,MOCOS-agent1,model,2022-10-31,2022/23
covid_archive,archive,COVID-19 deaths,MOCOS-agent1,model,2022-11-07,2022/23
covid_archive,archive,COVID-19 deaths,MOCOS-agent1,model,2022-11-14,2022/23
covid_archive,archive,COVID-19 deaths,MOCOS-agent1,model,2022-11-21,2022/23
covid_archive,archive,COVID-19 deaths,MOCOS-agent1,model,2022-11-28,2022/23
covid_archive,archive,COVID-19 deaths,MOCOS-agent1,model,2022-12-05,2022/23
covid_archive,archive,COVID-19 deaths,MOCOS-agent1,model,2022-12-12,2022/23
covid_archive,archive,COVID-19 deaths,MOCOS-agent1,model,2022-12-19,2022/23
covid_archive,archive,COVID-19 deaths,MOCOS-agent1,model,2022-12-26,2022/23
covid_archive,archive,COVID-19 deaths,MOCOS-agent1,model,2023-01-02,2022/23
covid_archive,archive,COVID-19 deaths,MOCOS-agent1,model,2023-01-09,2022/23
covid_archive,archive,COVID-19 deaths,MOCOS-agent1,model,2023-01-16,2022/23
covid_archive,archive,COVID-19 deaths,MOCOS-agent1,model,2023-01-23,2022/23
covid_archive,archive,COVID-19 deaths,MOCOS-agent1,model,2023-01-30,2022/23
covid_archive,archive,COVID-19 deaths,MOCOS-agent1,model,2023-02-06,2022/23
covid_archive,archive,COVID-19 deaths,MOCOS-agent1,model,2023-02-13,2022/23
covid_archive,archive,COVID-19 deaths,MOCOS-agent1,model,2023-02-20,2022/23
covid_archive,archive,COVID-19 deaths,MOCOS-agent1,model,2023-02-27,2022/23
covid_archive,archive,COVID-19 deaths,MOCOS-agent1,model,2023-03-06,2022/23
covid_archive,archive,COVID-19 deaths,MOCOS-agent1,model,2023-03-13,2022/23
covid_archive,archive,COVID-19 deaths,MOCOS-agent1,model,2023-03-20,2022/23
covid_archive,archive,COVID-19 deaths,MOCOS-agent1,model,2023-03-27,2022/23
covid_archive,archive,COVID-19 deaths,MOCOS-agent1,model,2023-04-03,2022/23
covid_archive,archive,COVID-19 deaths,MOCOS-agent1,model,2023-04-10,2022/23
covid_archive,archive,COVID-19 deaths,MOCOS-agent1,model,2023-04-17,2022/23
covid_archive,archive,COVID-19 deaths,MOCOS-agent1,model,2023-04-24,2022/23
covid_archive,archive,COVID-19 deaths,MOCOS-agent1,model,2023-05-01,2022/23
covid_archive,archive,COVID-19 deaths,MUNI-ARIMA,model,2021-05-03,2020/21
covid_archive,archive,COVID-19 deaths,MUNI-ARIMA,model,2021-05-10,2020/21
covid_archive,archive,COVID-19 deaths,MUNI-ARIMA,model,2021-05-17,2020/21
covid_archive,archive,COVID-19 deaths,MUNI-ARIMA,model,2021-05-24,2020/21
covid_archive,archive,COVID-19 deaths,MUNI-ARIMA,model,2021-05-31,2020/21
covid_archive,archive,COVID-19 deaths,MUNI-ARIMA,model,2021-06-07,2020/21
covid_archive,archive,COVID-19 deaths,MUNI-ARIMA,model,2021-06-14,2020/21
covid_archive,archive,COVID-19 deaths,MUNI-ARIMA,model,2021-06-21,2020/21
covid_archive,archive,COVID-19 deaths,MUNI-ARIMA,model,2021-06-28,2020/21
covid_archive,archive,COVID-19 deaths,MUNI-ARIMA,model,2021-07-05,2020/21
covid_archive,archive,COVID-19 deaths,MUNI-ARIMA,model,2021-07-12,2020/21
covid_archive,archive,COVID-19 deaths,MUNI-ARIMA,model,2021-07-19,2020/21
covid_archive,archive,COVID-19 deaths,MUNI-ARIMA,model,2021-07-26,2020/21
covid_archive,archive,COVID-19 deaths,MUNI-ARIMA,model,2021-08-02,2021/22
covid_archive,archive,COVID-19 deaths,MUNI-ARIMA,model,2021-08-09,2021/22
covid_archive,archive,COVID-19 deaths,MUNI-ARIMA,model,2021-08-16,2021/22
covid_archive,archive,COVID-19 deaths,MUNI-ARIMA,model,2021-08-23,2021/22
covid_archive,archive,COVID-19 deaths,MUNI-ARIMA,model,2021-08-30,2021/22
covid_archive,archive,COVID-19 deaths,MUNI-ARIMA,model,2021-09-06,2021/22
covid_archive,archive,COVID-19 deaths,MUNI-ARIMA,model,2021-09-13,2021/22
covid_archive,archive,COVID-19 deaths,MUNI-ARIMA,model,2021-09-20,2021/22
covid_archive,archive,COVID-19 deaths,MUNI-ARIMA,model,2021-09-27,2021/22
covid_archive,archive,COVID-19 deaths,MUNI-ARIMA,model,2021-10-04,2021/22
covid_archive,archive,COVID-19 deaths,MUNI-ARIMA,model,2021-10-11,2021/22
covid_archive,archive,COVID-19 deaths,MUNI-ARIMA,model,2021-10-18,2021/22
covid_archive,archive,COVID-19 deaths,MUNI-ARIMA,model,2021-10-25,2021/22
covid_archive,archive,COVID-19 deaths,MUNI-ARIMA,model,2021-11-01,2021/22
covid_archive,archive,COVID-19 deaths,MUNI-ARIMA,model,2021-11-08,2021/22
covid_archive,archive,COVID-19 deaths,MUNI-ARIMA,model,2021-11-15,2021/22
covid_archive,archive,COVID-19 deaths,MUNI-ARIMA,model,2021-11-22,2021/22
covid_archive,archive,COVID-19 deaths,MUNI-ARIMA,model,2021-11-29,2021/22
covid_archive,archive,COVID-19 deaths,MUNI-ARIMA,model,2021-12-06,2021/22
covid_archive,archive,COVID-19 deaths,MUNI-ARIMA,model,2021-12-13,2021/22
covid_archive,archive,COVID-19 deaths,MUNI-ARIMA,model,2021-12-20,2021/22
covid_archive,archive,COVID-19 deaths,MUNI-ARIMA,model,2021-12-27,2021/22
covid_archive,archive,COVID-19 deaths,MUNI-ARIMA,model,2022-01-03,2021/22
covid_archive,archive,COVID-19 deaths,MUNI-ARIMA,model,2022-01-10,2021/22
covid_archive,archive,COVID-19 deaths,MUNI-ARIMA,model,2022-01-17,2021/22
covid_archive,archive,COVID-19 deaths,MUNI-ARIMA,model,2022-01-24,2021/22
covid_archive,archive,COVID-19 deaths,MUNI-ARIMA,model,2022-01-31,2021/22
covid_archive,archive,COVID-19 deaths,MUNI-ARIMA,model,2022-02-07,2021/22
covid_archive,archive,COVID-19 deaths,MUNI-ARIMA,model,2022-02-14,2021/22
covid_archive,archive,COVID-19 deaths,MUNI-ARIMA,model,2022-02-21,2021/22
covid_archive,archive,COVID-19 deaths,MUNI-ARIMA,model,2022-03-14,2021/22
covid_archive,archive,COVID-19 deaths,MUNI-ARIMA,model,2022-03-21,2021/22
covid_archive,archive,COVID-19 deaths,MUNI-ARIMA,model,2022-03-28,2021/22
covid_archive,archive,COVID-19 deaths,MUNI-ARIMA,model,2022-04-04,2021/22
covid_archive,archive,COVID-19 deaths,MUNI-ARIMA,model,2022-04-11,2021/22
covid_archive,archive,COVID-19 deaths,MUNI-ARIMA,model,2022-04-18,2021/22
covid_archive,archive,COVID-19 deaths,MUNI-ARIMA,model,2022-04-25,2021/22
covid_archive,archive,COVID-19 deaths,MUNI-ARIMA,model,2022-05-02,2021/22
covid_archive,archive,COVID-19 deaths,MUNI-ARIMA,model,2022-05-09,2021/22
covid_archive,archive,COVID-19 deaths,MUNI-ARIMA,model,2022-05-16,2021/22
covid_archive,archive,COVID-19 deaths,MUNI-ARIMA,model,2022-05-23,2021/22
covid_archive,archive,COVID-19 deaths,MUNI-ARIMA,model,2022-05-30,2021/22
covid_archive,archive,COVID-19 deaths,MUNI-ARIMA,model,2022-06-06,2021/22
covid_archive,archive,COVID-19 deaths,MUNI-ARIMA,model,2022-06-13,2021/22
covid_archive,archive,COVID-19 deaths,MUNI-ARIMA,model,2022-06-20,2021/22
covid_archive,archive,COVID-19 deaths,MUNI-ARIMA,model,2022-06-27,2021/22
covid_archive,archive,COVID-19 deaths,MUNI-ARIMA,model,2022-07-04,2021/22
covid_archive,archive,COVID-19 deaths,MUNI-ARIMA,model,2022-07-11,2021/22
covid_archive,archive,COVID-19 deaths,MUNI-ARIMA,model,2022-07-18,2021/22
covid_archive,archive,COVID-19 deaths,MUNI-ARIMA,model,2022-07-25,2021/22
covid_archive,archive,COVID-19 deaths,MUNI-ARIMA,model,2022-08-01,2022/23
covid_archive,archive,COVID-19 deaths,MUNI-ARIMA,model,2022-08-08,2022/23
covid_archive,archive,COVID-19 deaths,MUNI-ARIMA,model,2022-08-15,2022/23
covid_archive,archive,COVID-19 deaths,MUNI-ARIMA,model,2022-08-22,2022/23
covid_archive,archive,COVID-19 deaths,MUNI-ARIMA,model,2022-08-29,2022/23
covid_archive,archive,COVID-19 deaths,MUNI-ARIMA,model,2022-09-05,2022/23
covid_archive,archive,COVID-19 deaths,MUNI-ARIMA,model,2022-09-12,2022/23
covid_archive,archive,COVID-19 deaths,MUNI-ARIMA,model,2022-09-19,2022/23
covid_archive,archive,COVID-19 deaths,MUNI-ARIMA,model,2022-09-26,2022/23
covid_archive,archive,COVID-19 deaths,MUNI-ARIMA,model,2022-10-03,2022/23
covid_archive,archive,COVID-19 deaths,MUNI-ARIMA,model,2022-10-10,2022/23
covid_archive,archive,COVID-19 deaths,MUNI-ARIMA,model,2022-10-17,2022/23
covid_archive,archive,COVID-19 deaths,MUNI-ARIMA,model,2022-10-24,2022/23
covid_archive,archive,COVID-19 deaths,MUNI-ARIMA,model,2022-10-31,2022/23
covid_archive,archive,COVID-19 deaths,MUNI-ARIMA,model,2022-11-07,2022/23
covid_archive,archive,COVID-19 deaths,MUNI-ARIMA,model,2022-11-14,2022/23
covid_archive,archive,COVID-19 deaths,MUNI-ARIMA,model,2022-11-21,2022/23
covid_archive,archive,COVID-19 deaths,MUNI-ARIMA,model,2022-11-28,2022/23
covid_archive,archive,COVID-19 deaths,MUNI-ARIMA,model,2022-12-05,2022/23
covid_archive,archive,COVID-19 deaths,MUNI-ARIMA,model,2022-12-12,2022/23
covid_archive,archive,COVID-19 deaths,MUNI-ARIMA,model,2023-01-02,2022/23
covid_archive,archive,COVID-19 deaths,MUNI-ARIMA,model,2023-01-16,2022/23
covid_archive,archive,COVID-19 deaths,MUNI-ARIMA,model,2023-01-23,2022/23
covid_archive,archive,COVID-19 deaths,MUNI-ARIMA,model,2023-01-30,2022/23
covid_archive,archive,COVID-19 deaths,MUNI-ARIMA,model,2023-02-06,2022/23
covid_archive,archive,COVID-19 deaths,MUNI-ARIMA,model,2023-02-13,2022/23
covid_archive,archive,COVID-19 deaths,MUNI-ARIMA,model,2023-02-20,2022/23
covid_archive,archive,COVID-19 deaths,MUNI-ARIMA,model,2023-02-27,2022/23
covid_archive,archive,COVID-19 deaths,MUNI-ARIMA,model,2023-03-06,2022/23
covid_archive,archive,COVID-19 deaths,MUNI-LaggedRegARIMA,model,2021-11-22,2021/22
covid_archive,archive,COVID-19 deaths,MUNI-LaggedRegARIMA,model,2021-11-29,2021/22
covid_archive,archive,COVID-19 deaths,MUNI-LaggedRegARIMA,model,2021-12-06,2021/22
covid_archive,archive,COVID-19 deaths,MUNI-LaggedRegARIMA,model,2021-12-13,2021/22
covid_archive,archive,COVID-19 deaths,MUNI-LaggedRegARIMA,model,2021-12-20,2021/22
covid_archive,archive,COVID-19 deaths,MUNI-LaggedRegARIMA,model,2021-12-27,2021/22
covid_archive,archive,COVID-19 deaths,MUNI-VAR,model,2021-11-08,2021/22
covid_archive,archive,COVID-19 deaths,MUNI-VAR,model,2021-11-15,2021/22
covid_archive,archive,COVID-19 deaths,MUNI-VAR,model,2021-11-22,2021/22
covid_archive,archive,COVID-19 deaths,MUNI-VAR,model,2021-11-29,2021/22
covid_archive,archive,COVID-19 deaths,MUNI-VAR,model,2021-12-06,2021/22
covid_archive,archive,COVID-19 deaths,MUNI-VAR,model,2021-12-13,2021/22
covid_archive,archive,COVID-19 deaths,MUNI-VAR,model,2021-12-20,2021/22
covid_archive,archive,COVID-19 deaths,MUNI-VAR,model,2021-12-27,2021/22
covid_archive,archive,COVID-19 deaths,MUNI_DMS-SEIAR,model,2021-03-08,2020/21
covid_archive,archive,COVID-19 deaths,MUNI_DMS-SEIAR,model,2021-03-15,2020/21
covid_archive,archive,COVID-19 deaths,MUNI_DMS-SEIAR,model,2021-04-05,2020/21
covid_archive,archive,COVID-19 deaths,MUNI_DMS-SEIAR,model,2021-04-12,2020/21
covid_archive,archive,COVID-19 deaths,MUNI_DMS-SEIAR,model,2021-04-19,2020/21
covid_archive,archive,COVID-19 deaths,MUNI_DMS-SEIAR,model,2021-04-26,2020/21
covid_archive,archive,COVID-19 deaths,MUNI_DMS-SEIAR,model,2021-05-03,2020/21
covid_archive,archive,COVID-19 deaths,MUNI_DMS-SEIAR,model,2021-05-10,2020/21
covid_archive,archive,COVID-19 deaths,MUNI_DMS-SEIAR,model,2021-05-17,2020/21
covid_archive,archive,COVID-19 deaths,MUNI_DMS-SEIAR,model,2021-05-24,2020/21
covid_archive,archive,COVID-19 deaths,MUNI_DMS-SEIAR,model,2021-05-31,2020/21
covid_archive,archive,COVID-19 deaths,MUNI_DMS-SEIAR,model,2021-06-07,2020/21
covid_archive,archive,COVID-19 deaths,MUNI_DMS-SEIAR,model,2021-06-14,2020/21
covid_archive,archive,COVID-19 deaths,MUNI_DMS-SEIAR,model,2021-06-21,2020/21
covid_archive,archive,COVID-19 deaths,MUNI_DMS-SEIAR,model,2021-06-28,2020/21
covid_archive,archive,COVID-19 deaths,MUNI_DMS-SEIAR,model,2021-07-05,2020/21
covid_archive,archive,COVID-19 deaths,MUNI_DMS-SEIAR,model,2021-07-12,2020/21
covid_archive,archive,COVID-19 deaths,MUNI_DMS-SEIAR,model,2021-07-19,2020/21
covid_archive,archive,COVID-19 deaths,MUNI_DMS-SEIAR,model,2021-07-26,2020/21
covid_archive,archive,COVID-19 deaths,MUNI_DMS-SEIAR,model,2021-08-02,2021/22
covid_archive,archive,COVID-19 deaths,MUNI_DMS-SEIAR,model,2021-08-09,2021/22
covid_archive,archive,COVID-19 deaths,MUNI_DMS-SEIAR,model,2021-08-16,2021/22
covid_archive,archive,COVID-19 deaths,MUNI_DMS-SEIAR,model,2021-08-23,2021/22
covid_archive,archive,COVID-19 deaths,MUNI_DMS-SEIAR,model,2021-08-30,2021/22
covid_archive,archive,COVID-19 deaths,MUNI_DMS-SEIAR,model,2021-09-06,2021/22
covid_archive,archive,COVID-19 deaths,MUNI_DMS-SEIAR,model,2021-09-13,2021/22
covid_archive,archive,COVID-19 deaths,MUNI_DMS-SEIAR,model,2021-09-20,2021/22
covid_archive,archive,COVID-19 deaths,MUNI_DMS-SEIAR,model,2021-09-27,2021/22
covid_archive,archive,COVID-19 deaths,MUNI_DMS-SEIAR,model,2021-10-04,2021/22
covid_archive,archive,COVID-19 deaths,MUNI_DMS-SEIAR,model,2021-10-11,2021/22
covid_archive,archive,COVID-19 deaths,MUNI_DMS-SEIAR,model,2021-10-18,2021/22
covid_archive,archive,COVID-19 deaths,MUNI_DMS-SEIAR,model,2021-10-25,2021/22
covid_archive,archive,COVID-19 deaths,MUNI_DMS-SEIAR,model,2021-11-01,2021/22
covid_archive,archive,COVID-19 deaths,MUNI_DMS-SEIAR,model,2021-11-08,2021/22
covid_archive,archive,COVID-19 deaths,MUNI_DMS-SEIAR,model,2021-11-15,2021/22
covid_archive,archive,COVID-19 deaths,MUNI_DMS-SEIAR,model,2021-11-29,2021/22
covid_archive,archive,COVID-19 deaths,MUNI_DMS-SEIAR,model,2021-12-06,2021/22
covid_archive,archive,COVID-19 deaths,MUNI_DMS-SEIAR,model,2021-12-13,2021/22
covid_archive,archive,COVID-19 deaths,MUNI_DMS-SEIAR,model,2021-12-20,2021/22
covid_archive,archive,COVID-19 deaths,MUNI_DMS-SEIAR,model,2021-12-27,2021/22
covid_archive,archive,COVID-19 deaths,MUNI_DMS-SEIAR,model,2022-01-03,2021/22
covid_archive,archive,COVID-19 deaths,MUNI_DMS-SEIAR,model,2022-01-10,2021/22
covid_archive,archive,COVID-19 deaths,MUNI_DMS-SEIAR,model,2022-01-17,2021/22
covid_archive,archive,COVID-19 deaths,MUNI_DMS-SEIAR,model,2022-01-24,2021/22
covid_archive,archive,COVID-19 deaths,MUNI_DMS-SEIAR,model,2022-02-07,2021/22
covid_archive,archive,COVID-19 deaths,MUNI_DMS-SEIAR,model,2022-02-14,2021/22
covid_archive,archive,COVID-19 deaths,MUNI_DMS-SEIAR,model,2022-02-21,2021/22
covid_archive,archive,COVID-19 deaths,MUNI_DMS-SEIAR,model,2022-02-28,2021/22
covid_archive,archive,COVID-19 deaths,MUNI_DMS-SEIAR,model,2022-03-07,2021/22
covid_archive,archive,COVID-19 deaths,MUNI_DMS-SEIAR,model,2022-03-14,2021/22
covid_archive,archive,COVID-19 deaths,MUNI_DMS-SEIAR,model,2022-03-21,2021/22
covid_archive,archive,COVID-19 deaths,MUNI_DMS-SEIAR,model,2022-03-28,2021/22
covid_archive,archive,COVID-19 deaths,MUNI_DMS-SEIAR,model,2022-04-04,2021/22
covid_archive,archive,COVID-19 deaths,MUNI_DMS-SEIAR,model,2022-04-11,2021/22
covid_archive,archive,COVID-19 deaths,RobertWalraven-ESG,model,2021-03-01,2020/21
covid_archive,archive,COVID-19 deaths,RobertWalraven-ESG,model,2021-03-08,2020/21
covid_archive,archive,COVID-19 deaths,RobertWalraven-ESG,model,2021-03-15,2020/21
covid_archive,archive,COVID-19 deaths,RobertWalraven-ESG,model,2021-03-22,2020/21
covid_archive,archive,COVID-19 deaths,RobertWalraven-ESG,model,2021-03-29,2020/21
covid_archive,archive,COVID-19 deaths,RobertWalraven-ESG,model,2021-04-05,2020/21
covid_archive,archive,COVID-19 deaths,RobertWalraven-ESG,model,2021-04-12,2020/21
covid_archive,archive,COVID-19 deaths,RobertWalraven-ESG,model,2021-04-19,2020/21
covid_archive,archive,COVID-19 deaths,RobertWalraven-ESG,model,2021-04-26,2020/21
covid_archive,archive,COVID-19 deaths,RobertWalraven-ESG,model,2021-05-03,2020/21
covid_archive,archive,COVID-19 deaths,RobertWalraven-ESG,model,2021-05-10,2020/21
covid_archive,archive,COVID-19 deaths,RobertWalraven-ESG,model,2021-05-17,2020/21
covid_archive,archive,COVID-19 deaths,RobertWalraven-ESG,model,2021-05-24,2020/21
covid_archive,archive,COVID-19 deaths,RobertWalraven-ESG,model,2021-05-31,2020/21
covid_archive,archive,COVID-19 deaths,RobertWalraven-ESG,model,2021-06-07,2020/21
covid_archive,archive,COVID-19 deaths,RobertWalraven-ESG,model,2021-06-14,2020/21
covid_archive,archive,COVID-19 deaths,RobertWalraven-ESG,model,2021-06-21,2020/21
covid_archive,archive,COVID-19 deaths,RobertWalraven-ESG,model,2021-06-28,2020/21
covid_archive,archive,COVID-19 deaths,RobertWalraven-ESG,model,2021-07-05,2020/21
covid_archive,archive,COVID-19 deaths,RobertWalraven-ESG,model,2021-07-12,2020/21
covid_archive,archive,COVID-19 deaths,RobertWalraven-ESG,model,2021-07-19,2020/21
covid_archive,archive,COVID-19 deaths,RobertWalraven-ESG,model,2021-07-26,2020/21
covid_archive,archive,COVID-19 deaths,RobertWalraven-ESG,model,2021-08-02,2021/22
covid_archive,archive,COVID-19 deaths,RobertWalraven-ESG,model,2021-08-09,2021/22
covid_archive,archive,COVID-19 deaths,RobertWalraven-ESG,model,2021-08-16,2021/22
covid_archive,archive,COVID-19 deaths,RobertWalraven-ESG,model,2021-08-23,2021/22
covid_archive,archive,COVID-19 deaths,RobertWalraven-ESG,model,2021-08-30,2021/22
covid_archive,archive,COVID-19 deaths,RobertWalraven-ESG,model,2021-09-06,2021/22
covid_archive,archive,COVID-19 deaths,RobertWalraven-ESG,model,2021-09-13,2021/22
covid_archive,archive,COVID-19 deaths,RobertWalraven-ESG,model,2021-09-20,2021/22
covid_archive,archive,COVID-19 deaths,RobertWalraven-ESG,model,2021-09-27,2021/22
covid_archive,archive,COVID-19 deaths,RobertWalraven-ESG,model,2021-10-04,2021/22
covid_archive,archive,COVID-19 deaths,RobertWalraven-ESG,model,2021-10-11,2021/22
covid_archive,archive,COVID-19 deaths,RobertWalraven-ESG,model,2021-10-18,2021/22
covid_archive,archive,COVID-19 deaths,RobertWalraven-ESG,model,2021-10-25,2021/22
covid_archive,archive,COVID-19 deaths,RobertWalraven-ESG,model,2021-11-01,2021/22
covid_archive,archive,COVID-19 deaths,RobertWalraven-ESG,model,2021-11-08,2021/22
covid_archive,archive,COVID-19 deaths,RobertWalraven-ESG,model,2021-11-15,2021/22
covid_archive,archive,COVID-19 deaths,RobertWalraven-ESG,model,2021-11-22,2021/22
covid_archive,archive,COVID-19 deaths,RobertWalraven-ESG,model,2021-11-29,2021/22
covid_archive,archive,COVID-19 deaths,RobertWalraven-ESG,model,2021-12-06,2021/22
covid_archive,archive,COVID-19 deaths,RobertWalraven-ESG,model,2021-12-13,2021/22
covid_archive,archive,COVID-19 deaths,RobertWalraven-ESG,model,2021-12-20,2021/22
covid_archive,archive,COVID-19 deaths,RobertWalraven-ESG,model,2021-12-27,2021/22
covid_archive,archive,COVID-19 deaths,RobertWalraven-ESG,model,2022-01-03,2021/22
covid_archive,archive,COVID-19 deaths,RobertWalraven-ESG,model,2022-01-10,2021/22
covid_archive,archive,COVID-19 deaths,RobertWalraven-ESG,model,2022-01-17,2021/22
covid_archive,archive,COVID-19 deaths,RobertWalraven-ESG,model,2022-01-24,2021/22
covid_archive,archive,COVID-19 deaths,RobertWalraven-ESG,model,2022-01-31,2021/22
covid_archive,archive,COVID-19 deaths,RobertWalraven-ESG,model,2022-02-07,2021/22
covid_archive,archive,COVID-19 deaths,RobertWalraven-ESG,model,2022-02-14,2021/22
covid_archive,archive,COVID-19 deaths,RobertWalraven-ESG,model,2022-02-21,2021/22
covid_archive,archive,COVID-19 deaths,RobertWalraven-ESG,model,2022-02-28,2021/22
covid_archive,archive,COVID-19 deaths,RobertWalraven-ESG,model,2022-03-07,2021/22
covid_archive,archive,COVID-19 deaths,RobertWalraven-ESG,model,2022-03-14,2021/22
covid_archive,archive,COVID-19 deaths,RobertWalraven-ESG,model,2022-03-21,2021/22
covid_archive,archive,COVID-19 deaths,RobertWalraven-ESG,model,2022-03-28,2021/22
covid_archive,archive,COVID-19 deaths,RobertWalraven-ESG,model,2022-04-04,2021/22
covid_archive,archive,COVID-19 deaths,RobertWalraven-ESG,model,2022-04-11,2021/22
covid_archive,archive,COVID-19 deaths,RobertWalraven-ESG,model,2022-04-18,2021/22
covid_archive,archive,COVID-19 deaths,RobertWalraven-ESG,model,2022-04-25,2021/22
covid_archive,archive,COVID-19 deaths,RobertWalraven-ESG,model,2022-05-02,2021/22
covid_archive,archive,COVID-19 deaths,RobertWalraven-ESG,model,2022-05-16,2021/22
covid_archive,archive,COVID-19 deaths,RobertWalraven-ESG,model,2022-05-23,2021/22
covid_archive,archive,COVID-19 deaths,RobertWalraven-ESG,model,2022-05-30,2021/22
covid_archive,archive,COVID-19 deaths,RobertWalraven-ESG,model,2022-06-06,2021/22
covid_archive,archive,COVID-19 deaths,RobertWalraven-ESG,model,2022-06-20,2021/22
covid_archive,archive,COVID-19 deaths,RobertWalraven-ESG,model,2022-06-27,2021/22
covid_archive,archive,COVID-19 deaths,RobertWalraven-ESG,model,2022-07-04,2021/22
covid_archive,archive,COVID-19 deaths,RobertWalraven-ESG,model,2022-07-11,2021/22
covid_archive,archive,COVID-19 deaths,RobertWalraven-ESG,model,2022-07-18,2021/22
covid_archive,archive,COVID-19 deaths,RobertWalraven-ESG,model,2022-07-25,2021/22
covid_archive,archive,COVID-19 deaths,RobertWalraven-ESG,model,2022-08-01,2022/23
covid_archive,archive,COVID-19 deaths,RobertWalraven-ESG,model,2022-08-08,2022/23
covid_archive,archive,COVID-19 deaths,RobertWalraven-ESG,model,2022-08-15,2022/23
covid_archive,archive,COVID-19 deaths,RobertWalraven-ESG,model,2022-08-22,2022/23
covid_archive,archive,COVID-19 deaths,RobertWalraven-ESG,model,2022-08-29,2022/23
covid_archive,archive,COVID-19 deaths,RobertWalraven-ESG,model,2022-09-05,2022/23
covid_archive,archive,COVID-19 deaths,RobertWalraven-ESG,model,2022-09-12,2022/23
covid_archive,archive,COVID-19 deaths,RobertWalraven-ESG,model,2022-09-19,2022/23
covid_archive,archive,COVID-19 deaths,RobertWalraven-ESG,model,2022-09-26,2022/23
covid_archive,archive,COVID-19 deaths,SDSC_ISG-TrendModel,model,2021-03-29,2020/21
covid_archive,archive,COVID-19 deaths,SDSC_ISG-TrendModel,model,2021-04-05,2020/21
covid_archive,archive,COVID-19 deaths,SDSC_ISG-TrendModel,model,2021-04-12,2020/21
covid_archive,archive,COVID-19 deaths,SDSC_ISG-TrendModel,model,2021-04-19,2020/21
covid_archive,archive,COVID-19 deaths,SDSC_ISG-TrendModel,model,2021-04-26,2020/21
covid_archive,archive,COVID-19 deaths,SDSC_ISG-TrendModel,model,2021-05-03,2020/21
covid_archive,archive,COVID-19 deaths,SDSC_ISG-TrendModel,model,2021-05-10,2020/21
covid_archive,archive,COVID-19 deaths,SDSC_ISG-TrendModel,model,2021-05-17,2020/21
covid_archive,archive,COVID-19 deaths,SDSC_ISG-TrendModel,model,2021-05-24,2020/21
covid_archive,archive,COVID-19 deaths,SDSC_ISG-TrendModel,model,2021-05-31,2020/21
covid_archive,archive,COVID-19 deaths,SDSC_ISG-TrendModel,model,2021-06-07,2020/21
covid_archive,archive,COVID-19 deaths,SDSC_ISG-TrendModel,model,2021-06-14,2020/21
covid_archive,archive,COVID-19 deaths,SDSC_ISG-TrendModel,model,2021-06-21,2020/21
covid_archive,archive,COVID-19 deaths,SDSC_ISG-TrendModel,model,2021-06-28,2020/21
covid_archive,archive,COVID-19 deaths,SDSC_ISG-TrendModel,model,2021-07-05,2020/21
covid_archive,archive,COVID-19 deaths,SDSC_ISG-TrendModel,model,2021-07-12,2020/21
covid_archive,archive,COVID-19 deaths,SDSC_ISG-TrendModel,model,2021-07-19,2020/21
covid_archive,archive,COVID-19 deaths,SDSC_ISG-TrendModel,model,2021-07-26,2020/21
covid_archive,archive,COVID-19 deaths,SDSC_ISG-TrendModel,model,2021-08-02,2021/22
covid_archive,archive,COVID-19 deaths,SDSC_ISG-TrendModel,model,2021-08-09,2021/22
covid_archive,archive,COVID-19 deaths,SDSC_ISG-TrendModel,model,2021-08-16,2021/22
covid_archive,archive,COVID-19 deaths,SDSC_ISG-TrendModel,model,2021-08-23,2021/22
covid_archive,archive,COVID-19 deaths,SDSC_ISG-TrendModel,model,2021-08-30,2021/22
covid_archive,archive,COVID-19 deaths,SDSC_ISG-TrendModel,model,2021-09-06,2021/22
covid_archive,archive,COVID-19 deaths,SDSC_ISG-TrendModel,model,2021-09-13,2021/22
covid_archive,archive,COVID-19 deaths,SDSC_ISG-TrendModel,model,2021-09-20,2021/22
covid_archive,archive,COVID-19 deaths,SDSC_ISG-TrendModel,model,2021-09-27,2021/22
covid_archive,archive,COVID-19 deaths,SDSC_ISG-TrendModel,model,2021-10-04,2021/22
covid_archive,archive,COVID-19 deaths,SDSC_ISG-TrendModel,model,2021-10-11,2021/22
covid_archive,archive,COVID-19 deaths,SDSC_ISG-TrendModel,model,2021-10-18,2021/22
covid_archive,archive,COVID-19 deaths,SDSC_ISG-TrendModel,model,2021-10-25,2021/22
covid_archive,archive,COVID-19 deaths,SDSC_ISG-TrendModel,model,2021-11-01,2021/22
covid_archive,archive,COVID-19 deaths,SDSC_ISG-TrendModel,model,2021-11-08,2021/22
covid_archive,archive,COVID-19 deaths,SDSC_ISG-TrendModel,model,2021-11-15,2021/22
covid_archive,archive,COVID-19 deaths,SDSC_ISG-TrendModel,model,2021-11-22,2021/22
covid_archive,archive,COVID-19 deaths,SDSC_ISG-TrendModel,model,2021-11-29,2021/22
covid_archive,archive,COVID-19 deaths,SDSC_ISG-TrendModel,model,2021-12-06,2021/22
covid_archive,archive,COVID-19 deaths,SDSC_ISG-TrendModel,model,2021-12-13,2021/22
covid_archive,archive,COVID-19 deaths,SDSC_ISG-TrendModel,model,2021-12-20,2021/22
covid_archive,archive,COVID-19 deaths,SDSC_ISG-TrendModel,model,2021-12-27,2021/22
covid_archive,archive,COVID-19 deaths,SDSC_ISG-TrendModel,model,2022-01-03,2021/22
covid_archive,archive,COVID-19 deaths,SDSC_ISG-TrendModel,model,2022-01-10,2021/22
covid_archive,archive,COVID-19 deaths,SDSC_ISG-TrendModel,model,2022-01-17,2021/22
covid_archive,archive,COVID-19 deaths,SDSC_ISG-TrendModel,model,2022-01-24,2021/22
covid_archive,archive,COVID-19 deaths,SDSC_ISG-TrendModel,model,2022-01-31,2021/22
covid_archive,archive,COVID-19 deaths,SDSC_ISG-TrendModel,model,2022-02-07,2021/22
covid_archive,archive,COVID-19 deaths,SDSC_ISG-TrendModel,model,2022-02-14,2021/22
covid_archive,archive,COVID-19 deaths,SDSC_ISG-TrendModel,model,2022-02-21,2021/22
covid_archive,archive,COVID-19 deaths,SDSC_ISG-TrendModel,model,2022-02-28,2021/22
covid_archive,archive,COVID-19 deaths,SDSC_ISG-TrendModel,model,2022-03-07,2021/22
covid_archive,archive,COVID-19 deaths,SDSC_ISG-TrendModel,model,2022-03-14,2021/22
covid_archive,archive,COVID-19 deaths,SDSC_ISG-TrendModel,model,2022-03-21,2021/22
covid_archive,archive,COVID-19 deaths,SDSC_ISG-TrendModel,model,2022-03-28,2021/22
covid_archive,archive,COVID-19 deaths,SDSC_ISG-TrendModel,model,2022-04-04,2021/22
covid_archive,archive,COVID-19 deaths,SDSC_ISG-TrendModel,model,2022-04-11,2021/22
covid_archive,archive,COVID-19 deaths,SDSC_ISG-TrendModel,model,2022-04-18,2021/22
covid_archive,archive,COVID-19 deaths,SDSC_ISG-TrendModel,model,2022-04-25,2021/22
covid_archive,archive,COVID-19 deaths,SDSC_ISG-TrendModel,model,2022-05-02,2021/22
covid_archive,archive,COVID-19 deaths,SDSC_ISG-TrendModel,model,2022-05-09,2021/22
covid_archive,archive,COVID-19 deaths,SDSC_ISG-TrendModel,model,2022-05-16,2021/22
covid_archive,archive,COVID-19 deaths,SDSC_ISG-TrendModel,model,2022-05-23,2021/22
covid_archive,archive,COVID-19 deaths,SDSC_ISG-TrendModel,model,2022-05-30,2021/22
covid_archive,archive,COVID-19 deaths,SDSC_ISG-TrendModel,model,2022-06-06,2021/22
covid_archive,archive,COVID-19 deaths,SDSC_ISG-TrendModel,model,2022-06-13,2021/22
covid_archive,archive,COVID-19 deaths,SDSC_ISG-TrendModel,model,2022-06-20,2021/22
covid_archive,archive,COVID-19 deaths,SDSC_ISG-TrendModel,model,2022-06-27,2021/22
covid_archive,archive,COVID-19 deaths,SDSC_ISG-TrendModel,model,2022-07-04,2021/22
covid_archive,archive,COVID-19 deaths,SDSC_ISG-TrendModel,model,2022-07-11,2021/22
covid_archive,archive,COVID-19 deaths,SDSC_ISG-TrendModel,model,2022-07-18,2021/22
covid_archive,archive,COVID-19 deaths,SDSC_ISG-TrendModel,model,2022-07-25,2021/22
covid_archive,archive,COVID-19 deaths,SDSC_ISG-TrendModel,model,2022-08-01,2022/23
covid_archive,archive,COVID-19 deaths,SDSC_ISG-TrendModel,model,2022-08-08,2022/23
covid_archive,archive,COVID-19 deaths,SDSC_ISG-TrendModel,model,2022-08-15,2022/23
covid_archive,archive,COVID-19 deaths,SDSC_ISG-TrendModel,model,2022-08-22,2022/23
covid_archive,archive,COVID-19 deaths,SDSC_ISG-TrendModel,model,2022-09-05,2022/23
covid_archive,archive,COVID-19 deaths,SDSC_ISG-TrendModel,model,2022-09-12,2022/23
covid_archive,archive,COVID-19 deaths,SDSC_ISG-TrendModel,model,2022-09-19,2022/23
covid_archive,archive,COVID-19 deaths,SDSC_ISG-TrendModel,model,2022-09-26,2022/23
covid_archive,archive,COVID-19 deaths,SDSC_ISG-TrendModel,model,2022-10-03,2022/23
covid_archive,archive,COVID-19 deaths,SDSC_ISG-TrendModel,model,2022-10-10,2022/23
covid_archive,archive,COVID-19 deaths,SDSC_ISG-TrendModel,model,2022-10-17,2022/23
covid_archive,archive,COVID-19 deaths,SDSC_ISG-TrendModel,model,2022-10-24,2022/23
covid_archive,archive,COVID-19 deaths,SDSC_ISG-TrendModel,model,2022-10-31,2022/23
covid_archive,archive,COVID-19 deaths,SDSC_ISG-TrendModel,model,2022-11-07,2022/23
covid_archive,archive,COVID-19 deaths,SDSC_ISG-TrendModel,model,2022-11-14,2022/23
covid_archive,archive,COVID-19 deaths,SDSC_ISG-TrendModel,model,2022-11-21,2022/23
covid_archive,archive,COVID-19 deaths,SDSC_ISG-TrendModel,model,2022-11-28,2022/23
covid_archive,archive,COVID-19 deaths,SDSC_ISG-TrendModel,model,2022-12-05,2022/23
covid_archive,archive,COVID-19 deaths,SDSC_ISG-TrendModel,model,2022-12-12,2022/23
covid_archive,archive,COVID-19 deaths,SDSC_ISG-TrendModel,model,2022-12-19,2022/23
covid_archive,archive,COVID-19 deaths,SDSC_ISG-TrendModel,model,2022-12-26,2022/23
covid_archive,archive,COVID-19 deaths,SDSC_ISG-TrendModel,model,2023-01-02,2022/23
covid_archive,archive,COVID-19 deaths,SDSC_ISG-TrendModel,model,2023-01-09,2022/23
covid_archive,archive,COVID-19 deaths,SDSC_ISG-TrendModel,model,2023-01-16,2022/23
covid_archive,archive,COVID-19 deaths,SDSC_ISG-TrendModel,model,2023-01-23,2022/23
covid_archive,archive,COVID-19 deaths,SDSC_ISG-TrendModel,model,2023-01-30,2022/23
covid_archive,archive,COVID-19 deaths,SDSC_ISG-TrendModel,model,2023-02-06,2022/23
covid_archive,archive,COVID-19 deaths,SDSC_ISG-TrendModel,model,2023-02-13,2022/23
covid_archive,archive,COVID-19 deaths,SDSC_ISG-TrendModel,model,2023-02-20,2022/23
covid_archive,archive,COVID-19 deaths,SGroup-RandomForest,model,2023-04-03,2022/23
covid_archive,archive,COVID-19 deaths,SGroup-RandomForest,model,2023-04-10,2022/23
covid_archive,archive,COVID-19 deaths,SGroup-RandomForest,model,2023-05-01,2022/23
covid_archive,archive,COVID-19 deaths,SGroup-RandomForest,model,2023-05-08,2022/23
covid_archive,archive,COVID-19 deaths,SGroup-RandomForest,model,2023-05-22,2022/23
covid_archive,archive,COVID-19 deaths,SGroup-RandomForest,model,2023-05-29,2022/23
covid_archive,archive,COVID-19 deaths,SGroup-RandomForest,model,2023-06-05,2022/23
covid_archive,archive,COVID-19 deaths,SGroup-RandomForest,model,2023-06-12,2022/23
covid_archive,archive,COVID-19 deaths,SGroup-RandomForest,model,2023-06-19,2022/23
covid_archive,archive,COVID-19 deaths,SGroup-RandomForest,model,2023-06-26,2022/23
covid_archive,archive,COVID-19 deaths,SGroup-RandomForest,model,2023-07-03,2022/23
covid_archive,archive,COVID-19 deaths,SGroup-RandomForest,model,2023-07-10,2022/23
covid_archive,archive,COVID-19 deaths,SGroup-RandomForest,model,2023-07-17,2022/23
covid_archive,archive,COVID-19 deaths,SGroup-RandomForest,model,2023-07-24,2022/23
covid_archive,archive,COVID-19 deaths,SGroup-RandomForest,model,2023-07-31,2022/23
covid_archive,archive,COVID-19 deaths,SGroup-RandomForest,model,2023-08-07,2023/24
covid_archive,archive,COVID-19 deaths,SGroup-RandomForest,model,2023-08-14,2023/24
covid_archive,archive,COVID-19 deaths,SGroup-RandomForest,model,2023-08-21,2023/24
covid_archive,archive,COVID-19 deaths,SGroup-RandomForest,model,2023-08-28,2023/24
covid_archive,archive,COVID-19 deaths,SGroup-RandomForest,model,2023-09-04,2023/24
covid_archive,archive,COVID-19 deaths,SGroup-RandomForest,model,2023-09-11,2023/24
covid_archive,archive,COVID-19 deaths,SGroup-RandomForest,model,2023-09-18,2023/24
covid_archive,archive,COVID-19 deaths,SGroup-RandomForest,model,2023-09-25,2023/24
covid_archive,archive,COVID-19 deaths,SGroup-RandomForest,model,2023-10-02,2023/24
covid_archive,archive,COVID-19 deaths,Statgroup19-richards,model,2021-10-18,2021/22
covid_archive,archive,COVID-19 deaths,Statgroup19-richards,model,2021-10-25,2021/22
covid_archive,archive,COVID-19 deaths,Statgroup19-richards,model,2021-11-01,2021/22
covid_archive,archive,COVID-19 deaths,Statgroup19-richards,model,2021-11-08,2021/22
covid_archive,archive,COVID-19 deaths,Statgroup19-richards,model,2021-11-15,2021/22
covid_archive,archive,COVID-19 deaths,Statgroup19-richards,model,2021-11-22,2021/22
covid_archive,archive,COVID-19 deaths,Statgroup19-richards,model,2021-11-29,2021/22
covid_archive,archive,COVID-19 deaths,Statgroup19-richards,model,2021-12-06,2021/22
covid_archive,archive,COVID-19 deaths,Statgroup19-richards,model,2021-12-13,2021/22
covid_archive,archive,COVID-19 deaths,Statgroup19-richards,model,2021-12-20,2021/22
covid_archive,archive,COVID-19 deaths,Statgroup19-richards,model,2022-01-17,2021/22
covid_archive,archive,COVID-19 deaths,Statgroup19-richards,model,2022-01-24,2021/22
covid_archive,archive,COVID-19 deaths,Statgroup19-richards,model,2022-01-31,2021/22
covid_archive,archive,COVID-19 deaths,Statgroup19-richards,model,2022-02-07,2021/22
covid_archive,archive,COVID-19 deaths,Statgroup19-richards,model,2022-02-14,2021/22
covid_archive,archive,COVID-19 deaths,Statgroup19-richards,model,2022-02-21,2021/22
covid_archive,archive,COVID-19 deaths,Statgroup19-richards,model,2022-02-28,2021/22
covid_archive,archive,COVID-19 deaths,Statgroup19-richards,model,2022-03-07,2021/22
covid_archive,archive,COVID-19 deaths,Statgroup19-richards,model,2022-03-14,2021/22
covid_archive,archive,COVID-19 deaths,Statgroup19-richards,model,2022-03-21,2021/22
covid_archive,archive,COVID-19 deaths,Statgroup19-richards,model,2022-04-04,2021/22
covid_archive,archive,COVID-19 deaths,Statgroup19-richards,model,2022-04-11,2021/22
covid_archive,archive,COVID-19 deaths,Statgroup19-richards,model,2022-04-25,2021/22
covid_archive,archive,COVID-19 deaths,Statgroup19-richards,model,2022-05-02,2021/22
covid_archive,archive,COVID-19 deaths,Statgroup19-richards,model,2022-05-09,2021/22
covid_archive,archive,COVID-19 deaths,Statgroup19-richards,model,2022-05-30,2021/22
covid_archive,archive,COVID-19 deaths,Statgroup19-richards,model,2022-06-06,2021/22
covid_archive,archive,COVID-19 deaths,Statgroup19-richards,model,2022-06-13,2021/22
covid_archive,archive,COVID-19 deaths,Statgroup19-richards,model,2022-06-20,2021/22
covid_archive,archive,COVID-19 deaths,Statgroup19-richards,model,2022-06-27,2021/22
covid_archive,archive,COVID-19 deaths,Statgroup19-spatialrichards,model,2021-10-18,2021/22
covid_archive,archive,COVID-19 deaths,Statgroup19-spatialrichards,model,2021-10-25,2021/22
covid_archive,archive,COVID-19 deaths,Statgroup19-spatialrichards,model,2021-11-01,2021/22
covid_archive,archive,COVID-19 deaths,Statgroup19-spatialrichards,model,2021-11-15,2021/22
covid_archive,archive,COVID-19 deaths,Statgroup19-spatialrichards,model,2021-11-22,2021/22
covid_archive,archive,COVID-19 deaths,Statgroup19-spatialrichards,model,2021-11-29,2021/22
covid_archive,archive,COVID-19 deaths,Statgroup19-spatialrichards,model,2021-12-06,2021/22
covid_archive,archive,COVID-19 deaths,Statgroup19-spatialrichards,model,2021-12-13,2021/22
covid_archive,archive,COVID-19 deaths,Statgroup19-spatialrichards,model,2021-12-20,2021/22
covid_archive,archive,COVID-19 deaths,Statgroup19-spatialrichards,model,2022-01-17,2021/22
covid_archive,archive,COVID-19 deaths,Statgroup19-spatialrichards,model,2022-01-31,2021/22
covid_archive,archive,COVID-19 deaths,Statgroup19-spatialrichards,model,2022-02-07,2021/22
covid_archive,archive,COVID-19 deaths,Statgroup19-spatialrichards,model,2022-02-14,2021/22
covid_archive,archive,COVID-19 deaths,Statgroup19-spatialrichards,model,2022-02-21,2021/22
covid_archive,archive,COVID-19 deaths,Statgroup19-spatialrichards,model,2022-02-28,2021/22
covid_archive,archive,COVID-19 deaths,Statgroup19-spatialrichards,model,2022-03-07,2021/22
covid_archive,archive,COVID-19 deaths,Statgroup19-spatialrichards,model,2022-03-14,2021/22
covid_archive,archive,COVID-19 deaths,Statgroup19-spatialrichards,model,2022-03-21,2021/22
covid_archive,archive,COVID-19 deaths,Statgroup19-spatialrichards,model,2022-04-04,2021/22
covid_archive,archive,COVID-19 deaths,Statgroup19-spatialrichards,model,2022-04-11,2021/22
covid_archive,archive,COVID-19 deaths,Statgroup19-spatialrichards,model,2022-04-25,2021/22
covid_archive,archive,COVID-19 deaths,Statgroup19-spatialrichards,model,2022-05-02,2021/22
covid_archive,archive,COVID-19 deaths,Statgroup19-spatialrichards,model,2022-05-09,2021/22
covid_archive,archive,COVID-19 deaths,Statgroup19-spatialrichards,model,2022-05-30,2021/22
covid_archive,archive,COVID-19 deaths,Statgroup19-spatialrichards,model,2022-06-06,2021/22
covid_archive,archive,COVID-19 deaths,Statgroup19-spatialrichards,model,2022-06-13,2021/22
covid_archive,archive,COVID-19 deaths,Statgroup19-spatialrichards,model,2022-06-20,2021/22
covid_archive,archive,COVID-19 deaths,Statgroup19-spatialrichards,model,2022-06-27,2021/22
covid_archive,archive,COVID-19 deaths,UB-BSLCoV,model,2021-04-26,2020/21
covid_archive,archive,COVID-19 deaths,UB-BSLCoV,model,2021-05-03,2020/21
covid_archive,archive,COVID-19 deaths,UB-BSLCoV,model,2021-05-10,2020/21
covid_archive,archive,COVID-19 deaths,UB-BSLCoV,model,2021-05-17,2020/21
covid_archive,archive,COVID-19 deaths,UB-BSLCoV,model,2021-05-24,2020/21
covid_archive,archive,COVID-19 deaths,UB-BSLCoV,model,2021-05-31,2020/21
covid_archive,archive,COVID-19 deaths,UB-BSLCoV,model,2021-06-07,2020/21
covid_archive,archive,COVID-19 deaths,UB-BSLCoV,model,2021-06-14,2020/21
covid_archive,archive,COVID-19 deaths,UB-BSLCoV,model,2021-06-21,2020/21
covid_archive,archive,COVID-19 deaths,UB-BSLCoV,model,2021-06-28,2020/21
covid_archive,archive,COVID-19 deaths,UB-BSLCoV,model,2021-07-05,2020/21
covid_archive,archive,COVID-19 deaths,UB-BSLCoV,model,2021-07-12,2020/21
covid_archive,archive,COVID-19 deaths,UB-BSLCoV,model,2021-07-19,2020/21
covid_archive,archive,COVID-19 deaths,UB-BSLCoV,model,2021-07-26,2020/21
covid_archive,archive,COVID-19 deaths,UB-BSLCoV,model,2021-08-02,2021/22
covid_archive,archive,COVID-19 deaths,UB-BSLCoV,model,2021-08-09,2021/22
covid_archive,archive,COVID-19 deaths,UB-BSLCoV,model,2021-08-16,2021/22
covid_archive,archive,COVID-19 deaths,UB-BSLCoV,model,2021-08-23,2021/22
covid_archive,archive,COVID-19 deaths,UB-BSLCoV,model,2021-08-30,2021/22
covid_archive,archive,COVID-19 deaths,UB-BSLCoV,model,2021-09-06,2021/22
covid_archive,archive,COVID-19 deaths,UB-BSLCoV,model,2021-09-13,2021/22
covid_archive,archive,COVID-19 deaths,UB-BSLCoV,model,2021-09-20,2021/22
covid_archive,archive,COVID-19 deaths,UB-BSLCoV,model,2021-09-27,2021/22
covid_archive,archive,COVID-19 deaths,UB-BSLCoV,model,2021-10-04,2021/22
covid_archive,archive,COVID-19 deaths,ULZF-SEIRC19SI,model,2021-11-15,2021/22
covid_archive,archive,COVID-19 deaths,ULZF-SEIRC19SI,model,2021-11-22,2021/22
covid_archive,archive,COVID-19 deaths,ULZF-SEIRC19SI,model,2021-11-29,2021/22
covid_archive,archive,COVID-19 deaths,ULZF-SEIRC19SI,model,2021-12-06,2021/22
covid_archive,archive,COVID-19 deaths,ULZF-SEIRC19SI,model,2021-12-13,2021/22
covid_archive,archive,COVID-19 deaths,ULZF-SEIRC19SI,model,2021-12-20,2021/22
covid_archive,archive,COVID-19 deaths,ULZF-SEIRC19SI,model,2021-12-27,2021/22
covid_archive,archive,COVID-19 deaths,ULZF-SEIRC19SI,model,2022-01-03,2021/22
covid_archive,archive,COVID-19 deaths,ULZF-SEIRC19SI,model,2022-01-10,2021/22
covid_archive,archive,COVID-19 deaths,ULZF-SEIRC19SI,model,2022-01-17,2021/22
covid_archive,archive,COVID-19 deaths,ULZF-SEIRC19SI,model,2022-01-24,2021/22
covid_archive,archive,COVID-19 deaths,ULZF-SEIRC19SI,model,2022-01-31,2021/22
covid_archive,archive,COVID-19 deaths,ULZF-SEIRC19SI,model,2022-02-07,2021/22
covid_archive,archive,COVID-19 deaths,ULZF-SEIRC19SI,model,2022-02-14,2021/22
covid_archive,archive,COVID-19 deaths,ULZF-SEIRC19SI,model,2022-02-21,2021/22
covid_archive,archive,COVID-19 deaths,ULZF-SEIRC19SI,model,2022-02-28,2021/22
covid_archive,archive,COVID-19 deaths,ULZF-SEIRC19SI,model,2022-03-07,2021/22
covid_archive,archive,COVID-19 deaths,ULZF-SEIRC19SI,model,2022-03-14,2021/22
covid_archive,archive,COVID-19 deaths,ULZF-SEIRC19SI,model,2022-03-21,2021/22
covid_archive,archive,COVID-19 deaths,ULZF-SEIRC19SI,model,2022-03-28,2021/22
covid_archive,archive,COVID-19 deaths,ULZF-SEIRC19SI,model,2022-04-04,2021/22
covid_archive,archive,COVID-19 deaths,ULZF-SEIRC19SI,model,2022-04-11,2021/22
covid_archive,archive,COVID-19 deaths,ULZF-SEIRC19SI,model,2022-04-18,2021/22
covid_archive,archive,COVID-19 deaths,ULZF-SEIRC19SI,model,2022-04-25,2021/22
covid_archive,archive,COVID-19 deaths,ULZF-SEIRC19SI,model,2022-05-02,2021/22
covid_archive,archive,COVID-19 deaths,ULZF-SEIRC19SI,model,2022-05-09,2021/22
covid_archive,archive,COVID-19 deaths,ULZF-SEIRC19SI,model,2022-05-16,2021/22
covid_archive,archive,COVID-19 deaths,ULZF-SEIRC19SI,model,2022-05-23,2021/22
covid_archive,archive,COVID-19 deaths,ULZF-SEIRC19SI,model,2022-05-30,2021/22
covid_archive,archive,COVID-19 deaths,ULZF-SEIRC19SI,model,2022-06-06,2021/22
covid_archive,archive,COVID-19 deaths,ULZF-SEIRC19SI,model,2022-06-13,2021/22
covid_archive,archive,COVID-19 deaths,ULZF-SEIRC19SI,model,2022-06-20,2021/22
covid_archive,archive,COVID-19 deaths,ULZF-SEIRC19SI,model,2022-06-27,2021/22
covid_archive,archive,COVID-19 deaths,ULZF-SEIRC19SI,model,2022-07-04,2021/22
covid_archive,archive,COVID-19 deaths,ULZF-SEIRC19SI,model,2022-07-11,2021/22
covid_archive,archive,COVID-19 deaths,ULZF-SEIRC19SI,model,2022-07-18,2021/22
covid_archive,archive,COVID-19 deaths,ULZF-SEIRC19SI,model,2022-07-25,2021/22
covid_archive,archive,COVID-19 deaths,ULZF-SEIRC19SI,model,2022-08-01,2022/23
covid_archive,archive,COVID-19 deaths,ULZF-SEIRC19SI,model,2022-08-08,2022/23
covid_archive,archive,COVID-19 deaths,ULZF-SEIRC19SI,model,2022-08-15,2022/23
covid_archive,archive,COVID-19 deaths,ULZF-SEIRC19SI,model,2022-08-22,2022/23
covid_archive,archive,COVID-19 deaths,ULZF-SEIRC19SI,model,2022-08-29,2022/23
covid_archive,archive,COVID-19 deaths,ULZF-SEIRC19SI,model,2022-09-05,2022/23
covid_archive,archive,COVID-19 deaths,ULZF-SEIRC19SI,model,2022-09-12,2022/23
covid_archive,archive,COVID-19 deaths,ULZF-SEIRC19SI,model,2022-09-19,2022/23
covid_archive,archive,COVID-19 deaths,ULZF-SEIRC19SI,model,2022-09-26,2022/23
covid_archive,archive,COVID-19 deaths,ULZF-SEIRC19SI,model,2022-10-10,2022/23
covid_archive,archive,COVID-19 deaths,ULZF-SEIRC19SI,model,2022-10-17,2022/23
covid_archive,archive,COVID-19 deaths,ULZF-SEIRC19SI,model,2022-10-31,2022/23
covid_archive,archive,COVID-19 deaths,ULZF-SEIRC19SI,model,2022-11-07,2022/23
covid_archive,archive,COVID-19 deaths,ULZF-SEIRC19SI,model,2022-11-14,2022/23
covid_archive,archive,COVID-19 deaths,ULZF-SEIRC19SI,model,2022-11-21,2022/23
covid_archive,archive,COVID-19 deaths,ULZF-SEIRC19SI,model,2022-11-28,2022/23
covid_archive,archive,COVID-19 deaths,ULZF-SEIRC19SI,model,2022-12-05,2022/23
covid_archive,archive,COVID-19 deaths,ULZF-SEIRC19SI,model,2022-12-12,2022/23
covid_archive,archive,COVID-19 deaths,ULZF-SEIRC19SI,model,2022-12-19,2022/23
covid_archive,archive,COVID-19 deaths,ULZF-SEIRC19SI,model,2023-01-02,2022/23
covid_archive,archive,COVID-19 deaths,ULZF-SEIRC19SI,model,2023-01-09,2022/23
covid_archive,archive,COVID-19 deaths,ULZF-SEIRC19SI,model,2023-01-16,2022/23
covid_archive,archive,COVID-19 deaths,ULZF-SEIRC19SI,model,2023-01-23,2022/23
covid_archive,archive,COVID-19 deaths,ULZF-SEIRC19SI,model,2023-01-30,2022/23
covid_archive,archive,COVID-19 deaths,ULZF-SEIRC19SI,model,2023-02-06,2022/23
covid_archive,archive,COVID-19 deaths,ULZF-SEIRC19SI,model,2023-02-13,2022/23
covid_archive,archive,COVID-19 deaths,ULZF-SEIRC19SI,model,2023-02-20,2022/23
covid_archive,archive,COVID-19 deaths,ULZF-SEIRC19SI,model,2023-03-20,2022/23
covid_archive,archive,COVID-19 deaths,ULZF-SEIRC19SI,model,2023-03-27,2022/23
covid_archive,archive,COVID-19 deaths,ULZF-SEIRC19SI,model,2023-04-03,2022/23
covid_archive,archive,COVID-19 deaths,UMass-MechBayes,model,2021-03-22,2020/21
covid_archive,archive,COVID-19 deaths,UMass-MechBayes,model,2021-03-29,2020/21
covid_archive,archive,COVID-19 deaths,UMass-MechBayes,model,2021-04-05,2020/21
covid_archive,archive,COVID-19 deaths,UMass-MechBayes,model,2021-04-12,2020/21
covid_archive,archive,COVID-19 deaths,UMass-MechBayes,model,2021-04-19,2020/21
covid_archive,archive,COVID-19 deaths,UMass-MechBayes,model,2021-04-26,2020/21
covid_archive,archive,COVID-19 deaths,UMass-MechBayes,model,2021-05-03,2020/21
covid_archive,archive,COVID-19 deaths,UMass-MechBayes,model,2021-05-10,2020/21
covid_archive,archive,COVID-19 deaths,UMass-MechBayes,model,2021-05-17,2020/21
covid_archive,archive,COVID-19 deaths,UMass-MechBayes,model,2021-05-24,2020/21
covid_archive,archive,COVID-19 deaths,UMass-MechBayes,model,2021-05-31,2020/21
covid_archive,archive,COVID-19 deaths,UMass-MechBayes,model,2021-06-07,2020/21
covid_archive,archive,COVID-19 deaths,UMass-MechBayes,model,2021-06-14,2020/21
covid_archive,archive,COVID-19 deaths,UMass-MechBayes,model,2021-06-21,2020/21
covid_archive,archive,COVID-19 deaths,UMass-MechBayes,model,2021-06-28,2020/21
covid_archive,archive,COVID-19 deaths,UMass-MechBayes,model,2021-07-05,2020/21
covid_archive,archive,COVID-19 deaths,UMass-MechBayes,model,2021-07-12,2020/21
covid_archive,archive,COVID-19 deaths,UMass-MechBayes,model,2021-07-19,2020/21
covid_archive,archive,COVID-19 deaths,UMass-MechBayes,model,2021-07-26,2020/21
covid_archive,archive,COVID-19 deaths,UMass-MechBayes,model,2021-08-02,2021/22
covid_archive,archive,COVID-19 deaths,UMass-MechBayes,model,2021-08-09,2021/22
covid_archive,archive,COVID-19 deaths,UMass-MechBayes,model,2021-08-16,2021/22
covid_archive,archive,COVID-19 deaths,UMass-MechBayes,model,2021-08-23,2021/22
covid_archive,archive,COVID-19 deaths,UMass-MechBayes,model,2021-08-30,2021/22
covid_archive,archive,COVID-19 deaths,UMass-MechBayes,model,2021-09-06,2021/22
covid_archive,archive,COVID-19 deaths,UMass-MechBayes,model,2021-09-13,2021/22
covid_archive,archive,COVID-19 deaths,UMass-MechBayes,model,2021-09-20,2021/22
covid_archive,archive,COVID-19 deaths,UMass-MechBayes,model,2021-09-27,2021/22
covid_archive,archive,COVID-19 deaths,UMass-MechBayes,model,2021-10-04,2021/22
covid_archive,archive,COVID-19 deaths,UMass-MechBayes,model,2021-10-11,2021/22
covid_archive,archive,COVID-19 deaths,UMass-MechBayes,model,2021-10-18,2021/22
covid_archive,archive,COVID-19 deaths,UMass-MechBayes,model,2021-10-25,2021/22
covid_archive,archive,COVID-19 deaths,UMass-MechBayes,model,2021-11-01,2021/22
covid_archive,archive,COVID-19 deaths,UMass-MechBayes,model,2021-11-08,2021/22
covid_archive,archive,COVID-19 deaths,UMass-MechBayes,model,2021-11-15,2021/22
covid_archive,archive,COVID-19 deaths,UMass-MechBayes,model,2021-11-22,2021/22
covid_archive,archive,COVID-19 deaths,UMass-MechBayes,model,2021-11-29,2021/22
covid_archive,archive,COVID-19 deaths,UMass-MechBayes,model,2021-12-06,2021/22
covid_archive,archive,COVID-19 deaths,UMass-MechBayes,model,2021-12-13,2021/22
covid_archive,archive,COVID-19 deaths,UMass-MechBayes,model,2021-12-20,2021/22
covid_archive,archive,COVID-19 deaths,UMass-MechBayes,model,2021-12-27,2021/22
covid_archive,archive,COVID-19 deaths,UMass-MechBayes,model,2022-01-03,2021/22
covid_archive,archive,COVID-19 deaths,UMass-MechBayes,model,2022-01-10,2021/22
covid_archive,archive,COVID-19 deaths,UMass-MechBayes,model,2022-01-17,2021/22
covid_archive,archive,COVID-19 deaths,UMass-MechBayes,model,2022-01-24,2021/22
covid_archive,archive,COVID-19 deaths,UMass-MechBayes,model,2022-01-31,2021/22
covid_archive,archive,COVID-19 deaths,UMass-MechBayes,model,2022-02-07,2021/22
covid_archive,archive,COVID-19 deaths,UMass-SemiMech,model,2021-03-22,2020/21
covid_archive,archive,COVID-19 deaths,UMass-SemiMech,model,2021-03-29,2020/21
covid_archive,archive,COVID-19 deaths,UMass-SemiMech,model,2021-04-05,2020/21
covid_archive,archive,COVID-19 deaths,UMass-SemiMech,model,2021-04-12,2020/21
covid_archive,archive,COVID-19 deaths,UMass-SemiMech,model,2021-04-19,2020/21
covid_archive,archive,COVID-19 deaths,UMass-SemiMech,model,2021-04-26,2020/21
covid_archive,archive,COVID-19 deaths,UMass-SemiMech,model,2021-05-03,2020/21
covid_archive,archive,COVID-19 deaths,UMass-SemiMech,model,2021-05-10,2020/21
covid_archive,archive,COVID-19 deaths,UMass-SemiMech,model,2021-05-17,2020/21
covid_archive,archive,COVID-19 deaths,UMass-SemiMech,model,2021-05-24,2020/21
covid_archive,archive,COVID-19 deaths,UMass-SemiMech,model,2021-05-31,2020/21
covid_archive,archive,COVID-19 deaths,UMass-SemiMech,model,2021-06-07,2020/21
covid_archive,archive,COVID-19 deaths,UMass-SemiMech,model,2021-06-14,2020/21
covid_archive,archive,COVID-19 deaths,UMass-SemiMech,model,2021-06-21,2020/21
covid_archive,archive,COVID-19 deaths,UMass-SemiMech,model,2021-06-28,2020/21
covid_archive,archive,COVID-19 deaths,UNED-PreCoV2,model,2021-03-08,2020/21
covid_archive,archive,COVID-19 deaths,UNED-PreCoV2,model,2021-03-15,2020/21
covid_archive,archive,COVID-19 deaths,UNED-PreCoV2,model,2021-03-22,2020/21
covid_archive,archive,COVID-19 deaths,UNED-PreCoV2,model,2021-03-29,2020/21
covid_archive,archive,COVID-19 deaths,UNED-PreCoV2,model,2021-04-05,2020/21
covid_archive,archive,COVID-19 deaths,UNED-PreCoV2,model,2021-04-12,2020/21
covid_archive,archive,COVID-19 deaths,UNED-PreCoV2,model,2021-04-19,2020/21
covid_archive,archive,COVID-19 deaths,UNED-PreCoV2,model,2021-04-26,2020/21
covid_archive,archive,COVID-19 deaths,UNED-PreCoV2,model,2021-05-03,2020/21
covid_archive,archive,COVID-19 deaths,UNED-PreCoV2,model,2021-05-10,2020/21
covid_archive,archive,COVID-19 deaths,UNED-PreCoV2,model,2021-05-17,2020/21
covid_archive,archive,COVID-19 deaths,UNED-PreCoV2,model,2021-05-24,2020/21
covid_archive,archive,COVID-19 deaths,UNED-PreCoV2,model,2021-05-31,2020/21
covid_archive,archive,COVID-19 deaths,UNED-PreCoV2,model,2021-06-07,2020/21
covid_archive,archive,COVID-19 deaths,UNED-PreCoV2,model,2021-06-14,2020/21
covid_archive,archive,COVID-19 deaths,UNED-PreCoV2,model,2021-06-21,2020/21
covid_archive,archive,COVID-19 deaths,UNED-PreCoV2,model,2021-06-28,2020/21
covid_archive,archive,COVID-19 deaths,UNED-PreCoV2,model,2021-07-05,2020/21
covid_archive,archive,COVID-19 deaths,UNED-PreCoV2,model,2021-07-12,2020/21
covid_archive,archive,COVID-19 deaths,UNED-PreCoV2,model,2021-07-19,2020/21
covid_archive,archive,COVID-19 deaths,UNED-PreCoV2,model,2021-07-26,2020/21
covid_archive,archive,COVID-19 deaths,UNED-PreCoV2,model,2021-08-02,2021/22
covid_archive,archive,COVID-19 deaths,UNED-PreCoV2,model,2021-08-09,2021/22
covid_archive,archive,COVID-19 deaths,UNED-PreCoV2,model,2021-08-16,2021/22
covid_archive,archive,COVID-19 deaths,UNED-PreCoV2,model,2021-08-23,2021/22
covid_archive,archive,COVID-19 deaths,UNED-PreCoV2,model,2021-08-30,2021/22
covid_archive,archive,COVID-19 deaths,UNED-PreCoV2,model,2021-09-06,2021/22
covid_archive,archive,COVID-19 deaths,UNED-PreCoV2,model,2021-09-13,2021/22
covid_archive,archive,COVID-19 deaths,UNED-PreCoV2,model,2021-09-20,2021/22
covid_archive,archive,COVID-19 deaths,UNED-PreCoV2,model,2021-09-27,2021/22
covid_archive,archive,COVID-19 deaths,UNED-PreCoV2,model,2021-10-04,2021/22
covid_archive,archive,COVID-19 deaths,UNED-PreCoV2,model,2021-10-11,2021/22
covid_archive,archive,COVID-19 deaths,UNED-PreCoV2,model,2021-10-18,2021/22
covid_archive,archive,COVID-19 deaths,UNED-PreCoV2,model,2021-10-25,2021/22
covid_archive,archive,COVID-19 deaths,UNED-PreCoV2,model,2021-11-01,2021/22
covid_archive,archive,COVID-19 deaths,UNED-PreCoV2,model,2021-11-15,2021/22
covid_archive,archive,COVID-19 deaths,UNED-PreCoV2,model,2021-11-22,2021/22
covid_archive,archive,COVID-19 deaths,UNED-PreCoV2,model,2021-11-29,2021/22
covid_archive,archive,COVID-19 deaths,UNED-PreCoV2,model,2021-12-06,2021/22
covid_archive,archive,COVID-19 deaths,UNED-PreCoV2,model,2022-01-03,2021/22
covid_archive,archive,COVID-19 deaths,UNED-PreCoV2,model,2022-01-10,2021/22
covid_archive,archive,COVID-19 deaths,UNED-PreCoV2,model,2022-01-24,2021/22
covid_archive,archive,COVID-19 deaths,UNED-PreCoV2,model,2022-01-31,2021/22
covid_archive,archive,COVID-19 deaths,UNED-PreCoV2,model,2022-02-07,2021/22
covid_archive,archive,COVID-19 deaths,UNED-PreCoV2,model,2022-02-14,2021/22
covid_archive,archive,COVID-19 deaths,UNED-PreCoV2,model,2022-02-21,2021/22
covid_archive,archive,COVID-19 deaths,UNED-PreCoV2,model,2022-02-28,2021/22
covid_archive,archive,COVID-19 deaths,UNED-PreCoV2,model,2022-03-07,2021/22
covid_archive,archive,COVID-19 deaths,UNED-PreCoV2,model,2022-03-14,2021/22
covid_archive,archive,COVID-19 deaths,UNED-PreCoV2,model,2022-03-21,2021/22
covid_archive,archive,COVID-19 deaths,UNED-PreCoV2,model,2022-03-28,2021/22
covid_archive,archive,COVID-19 deaths,UNED-PreCoV2,model,2022-04-04,2021/22
covid_archive,archive,COVID-19 deaths,USC-SIkJalpha,model,2021-02-08,2020/21
covid_archive,archive,COVID-19 deaths,USC-SIkJalpha,model,2021-02-15,2020/21
covid_archive,archive,COVID-19 deaths,USC-SIkJalpha,model,2021-02-22,2020/21
covid_archive,archive,COVID-19 deaths,USC-SIkJalpha,model,2021-03-01,2020/21
covid_archive,archive,COVID-19 deaths,USC-SIkJalpha,model,2021-03-08,2020/21
covid_archive,archive,COVID-19 deaths,USC-SIkJalpha,model,2021-03-15,2020/21
covid_archive,archive,COVID-19 deaths,USC-SIkJalpha,model,2021-03-22,2020/21
covid_archive,archive,COVID-19 deaths,USC-SIkJalpha,model,2021-03-29,2020/21
covid_archive,archive,COVID-19 deaths,USC-SIkJalpha,model,2021-04-05,2020/21
covid_archive,archive,COVID-19 deaths,USC-SIkJalpha,model,2021-04-12,2020/21
covid_archive,archive,COVID-19 deaths,USC-SIkJalpha,model,2021-04-19,2020/21
covid_archive,archive,COVID-19 deaths,USC-SIkJalpha,model,2021-04-26,2020/21
covid_archive,archive,COVID-19 deaths,USC-SIkJalpha,model,2021-05-03,2020/21
covid_archive,archive,COVID-19 deaths,USC-SIkJalpha,model,2021-05-10,2020/21
covid_archive,archive,COVID-19 deaths,USC-SIkJalpha,model,2021-05-17,2020/21
covid_archive,archive,COVID-19 deaths,USC-SIkJalpha,model,2021-05-24,2020/21
covid_archive,archive,COVID-19 deaths,USC-SIkJalpha,model,2021-05-31,2020/21
covid_archive,archive,COVID-19 deaths,USC-SIkJalpha,model,2021-06-07,2020/21
covid_archive,archive,COVID-19 deaths,USC-SIkJalpha,model,2021-06-14,2020/21
covid_archive,archive,COVID-19 deaths,USC-SIkJalpha,model,2021-06-21,2020/21
covid_archive,archive,COVID-19 deaths,USC-SIkJalpha,model,2021-06-28,2020/21
covid_archive,archive,COVID-19 deaths,USC-SIkJalpha,model,2021-07-05,2020/21
covid_archive,archive,COVID-19 deaths,USC-SIkJalpha,model,2021-07-12,2020/21
covid_archive,archive,COVID-19 deaths,USC-SIkJalpha,model,2021-07-19,2020/21
covid_archive,archive,COVID-19 deaths,USC-SIkJalpha,model,2021-07-26,2020/21
covid_archive,archive,COVID-19 deaths,USC-SIkJalpha,model,2021-08-02,2021/22
covid_archive,archive,COVID-19 deaths,USC-SIkJalpha,model,2021-08-09,2021/22
covid_archive,archive,COVID-19 deaths,USC-SIkJalpha,model,2021-08-16,2021/22
covid_archive,archive,COVID-19 deaths,USC-SIkJalpha,model,2021-08-23,2021/22
covid_archive,archive,COVID-19 deaths,USC-SIkJalpha,model,2021-08-30,2021/22
covid_archive,archive,COVID-19 deaths,USC-SIkJalpha,model,2021-09-06,2021/22
covid_archive,archive,COVID-19 deaths,USC-SIkJalpha,model,2021-09-13,2021/22
covid_archive,archive,COVID-19 deaths,USC-SIkJalpha,model,2021-09-20,2021/22
covid_archive,archive,COVID-19 deaths,USC-SIkJalpha,model,2021-09-27,2021/22
covid_archive,archive,COVID-19 deaths,USC-SIkJalpha,model,2021-10-04,2021/22
covid_archive,archive,COVID-19 deaths,USC-SIkJalpha,model,2021-10-11,2021/22
covid_archive,archive,COVID-19 deaths,USC-SIkJalpha,model,2021-10-18,2021/22
covid_archive,archive,COVID-19 deaths,USC-SIkJalpha,model,2021-10-25,2021/22
covid_archive,archive,COVID-19 deaths,USC-SIkJalpha,model,2021-11-01,2021/22
covid_archive,archive,COVID-19 deaths,USC-SIkJalpha,model,2021-11-08,2021/22
covid_archive,archive,COVID-19 deaths,USC-SIkJalpha,model,2021-11-15,2021/22
covid_archive,archive,COVID-19 deaths,USC-SIkJalpha,model,2021-11-22,2021/22
covid_archive,archive,COVID-19 deaths,USC-SIkJalpha,model,2021-11-29,2021/22
covid_archive,archive,COVID-19 deaths,USC-SIkJalpha,model,2021-12-06,2021/22
covid_archive,archive,COVID-19 deaths,USC-SIkJalpha,model,2021-12-13,2021/22
covid_archive,archive,COVID-19 deaths,USC-SIkJalpha,model,2021-12-20,2021/22
covid_archive,archive,COVID-19 deaths,USC-SIkJalpha,model,2021-12-27,2021/22
covid_archive,archive,COVID-19 deaths,USC-SIkJalpha,model,2022-01-03,2021/22
covid_archive,archive,COVID-19 deaths,USC-SIkJalpha,model,2022-01-10,2021/22
covid_archive,archive,COVID-19 deaths,USC-SIkJalpha,model,2022-01-17,2021/22
covid_archive,archive,COVID-19 deaths,USC-SIkJalpha,model,2022-01-24,2021/22
covid_archive,archive,COVID-19 deaths,USC-SIkJalpha,model,2022-01-31,2021/22
covid_archive,archive,COVID-19 deaths,USC-SIkJalpha,model,2022-02-07,2021/22
covid_archive,archive,COVID-19 deaths,USC-SIkJalpha,model,2022-02-14,2021/22
covid_archive,archive,COVID-19 deaths,USC-SIkJalpha,model,2022-02-21,2021/22
covid_archive,archive,COVID-19 deaths,USC-SIkJalpha,model,2022-02-28,2021/22
covid_archive,archive,COVID-19 deaths,USC-SIkJalpha,model,2022-03-07,2021/22
covid_archive,archive,COVID-19 deaths,USC-SIkJalpha,model,2022-03-14,2021/22
covid_archive,archive,COVID-19 deaths,USC-SIkJalpha,model,2022-03-21,2021/22
covid_archive,archive,COVID-19 deaths,USC-SIkJalpha,model,2022-03-28,2021/22
covid_archive,archive,COVID-19 deaths,USC-SIkJalpha,model,2022-04-04,2021/22
covid_archive,archive,COVID-19 deaths,USC-SIkJalpha,model,2022-04-11,2021/22
covid_archive,archive,COVID-19 deaths,USC-SIkJalpha,model,2022-04-18,2021/22
covid_archive,archive,COVID-19 deaths,USC-SIkJalpha,model,2022-04-25,2021/22
covid_archive,archive,COVID-19 deaths,USC-SIkJalpha,model,2022-05-02,2021/22
covid_archive,archive,COVID-19 deaths,USC-SIkJalpha,model,2022-05-09,2021/22
covid_archive,archive,COVID-19 deaths,USC-SIkJalpha,model,2022-05-16,2021/22
covid_archive,archive,COVID-19 deaths,USC-SIkJalpha,model,2022-05-23,2021/22
covid_archive,archive,COVID-19 deaths,USC-SIkJalpha,model,2022-05-30,2021/22
covid_archive,archive,COVID-19 deaths,USC-SIkJalpha,model,2022-06-06,2021/22
covid_archive,archive,COVID-19 deaths,USC-SIkJalpha,model,2022-06-13,2021/22
covid_archive,archive,COVID-19 deaths,USC-SIkJalpha,model,2022-06-20,2021/22
covid_archive,archive,COVID-19 deaths,USC-SIkJalpha,model,2022-06-27,2021/22
covid_archive,archive,COVID-19 deaths,USC-SIkJalpha,model,2022-07-04,2021/22
covid_archive,archive,COVID-19 deaths,USC-SIkJalpha,model,2022-07-11,2021/22
covid_archive,archive,COVID-19 deaths,USC-SIkJalpha,model,2022-07-18,2021/22
covid_archive,archive,COVID-19 deaths,USC-SIkJalpha,model,2022-07-25,2021/22
covid_archive,archive,COVID-19 deaths,USC-SIkJalpha,model,2022-08-01,2022/23
covid_archive,archive,COVID-19 deaths,USC-SIkJalpha,model,2022-08-08,2022/23
covid_archive,archive,COVID-19 deaths,USC-SIkJalpha,model,2022-08-15,2022/23
covid_archive,archive,COVID-19 deaths,USC-SIkJalpha,model,2022-08-22,2022/23
covid_archive,archive,COVID-19 deaths,USC-SIkJalpha,model,2022-08-29,2022/23
covid_archive,archive,COVID-19 deaths,USC-SIkJalpha,model,2022-09-05,2022/23
covid_archive,archive,COVID-19 deaths,USC-SIkJalpha,model,2022-09-12,2022/23
covid_archive,archive,COVID-19 deaths,USC-SIkJalpha,model,2022-09-19,2022/23
covid_archive,archive,COVID-19 deaths,USC-SIkJalpha,model,2022-09-26,2022/23
covid_archive,archive,COVID-19 deaths,USC-SIkJalpha,model,2022-10-03,2022/23
covid_archive,archive,COVID-19 deaths,USC-SIkJalpha,model,2022-10-10,2022/23
covid_archive,archive,COVID-19 deaths,USC-SIkJalpha,model,2022-10-17,2022/23
covid_archive,archive,COVID-19 deaths,USC-SIkJalpha,model,2022-10-24,2022/23
covid_archive,archive,COVID-19 deaths,USC-SIkJalpha,model,2022-10-31,2022/23
covid_archive,archive,COVID-19 deaths,USC-SIkJalpha,model,2022-11-07,2022/23
covid_archive,archive,COVID-19 deaths,USC-SIkJalpha,model,2022-11-14,2022/23
covid_archive,archive,COVID-19 deaths,USC-SIkJalpha,model,2022-11-21,2022/23
covid_archive,archive,COVID-19 deaths,USC-SIkJalpha,model,2022-11-28,2022/23
covid_archive,archive,COVID-19 deaths,USC-SIkJalpha,model,2022-12-05,2022/23
covid_archive,archive,COVID-19 deaths,USC-SIkJalpha,model,2022-12-12,2022/23
covid_archive,archive,COVID-19 deaths,USC-SIkJalpha,model,2022-12-26,2022/23
covid_archive,archive,COVID-19 deaths,USC-SIkJalpha,model,2023-01-02,2022/23
covid_archive,archive,COVID-19 deaths,USC-SIkJalpha,model,2023-01-09,2022/23
covid_archive,archive,COVID-19 deaths,USC-SIkJalpha,model,2023-01-16,2022/23
covid_archive,archive,COVID-19 deaths,USC-SIkJalpha,model,2023-01-23,2022/23
covid_archive,archive,COVID-19 deaths,USC-SIkJalpha,model,2023-01-30,2022/23
covid_archive,archive,COVID-19 deaths,USC-SIkJalpha,model,2023-02-06,2022/23
covid_archive,archive,COVID-19 deaths,USC-SIkJalpha,model,2023-02-13,2022/23
covid_archive,archive,COVID-19 deaths,USC-SIkJalpha,model,2023-02-20,2022/23
covid_archive,archive,COVID-19 deaths,USC-SIkJalpha,model,2023-02-27,2022/23
covid_archive,archive,COVID-19 deaths,USyd-OneModelMan,model,2021-03-29,2020/21
covid_archive,archive,COVID-19 deaths,USyd-OneModelMan,model,2021-04-05,2020/21
covid_archive,archive,COVID-19 deaths,USyd-OneModelMan,model,2021-04-12,2020/21
covid_archive,archive,COVID-19 deaths,USyd-OneModelMan,model,2021-04-19,2020/21
covid_archive,archive,COVID-19 deaths,USyd-OneModelMan,model,2021-04-26,2020/21
covid_archive,archive,COVID-19 deaths,USyd-OneModelMan,model,2021-05-03,2020/21
covid_archive,archive,COVID-19 deaths,USyd-OneModelMan,model,2021-05-10,2020/21
covid_archive,archive,COVID-19 deaths,USyd-OneModelMan,model,2021-05-17,2020/21
covid_archive,archive,COVID-19 deaths,USyd-OneModelMan,model,2021-05-24,2020/21
covid_archive,archive,COVID-19 deaths,USyd-OneModelMan,model,2021-05-31,2020/21
covid_archive,archive,COVID-19 deaths,USyd-OneModelMan,model,2021-06-07,2020/21
covid_archive,archive,COVID-19 deaths,USyd-OneModelMan,model,2021-06-14,2020/21
covid_archive,archive,COVID-19 deaths,USyd-OneModelMan,model,2021-06-21,2020/21
covid_archive,archive,COVID-19 deaths,USyd-OneModelMan,model,2021-06-28,2020/21
covid_archive,archive,COVID-19 deaths,USyd-OneModelMan,model,2021-07-05,2020/21
covid_archive,archive,COVID-19 deaths,USyd-OneModelMan,model,2021-07-12,2020/21
covid_archive,archive,COVID-19 deaths,USyd-OneModelMan,model,2021-07-19,2020/21
covid_archive,archive,COVID-19 deaths,USyd-OneModelMan,model,2021-07-26,2020/21
covid_archive,archive,COVID-19 deaths,USyd-OneModelMan,model,2021-08-02,2021/22
covid_archive,archive,COVID-19 deaths,USyd-OneModelMan,model,2021-08-09,2021/22
covid_archive,archive,COVID-19 deaths,USyd-OneModelMan,model,2021-08-16,2021/22
covid_archive,archive,COVID-19 deaths,USyd-OneModelMan,model,2021-08-23,2021/22
covid_archive,archive,COVID-19 deaths,USyd-OneModelMan,model,2021-08-30,2021/22
covid_archive,archive,COVID-19 deaths,USyd-OneModelMan,model,2021-09-06,2021/22
covid_archive,archive,COVID-19 deaths,USyd-OneModelMan,model,2021-09-13,2021/22
covid_archive,archive,COVID-19 deaths,USyd-OneModelMan,model,2021-09-20,2021/22
covid_archive,archive,COVID-19 deaths,USyd-OneModelMan,model,2021-09-27,2021/22
covid_archive,archive,COVID-19 deaths,USyd-OneModelMan,model,2021-10-04,2021/22
covid_archive,archive,COVID-19 deaths,USyd-OneModelMan,model,2021-10-11,2021/22
covid_archive,archive,COVID-19 deaths,USyd-OneModelMan,model,2021-10-18,2021/22
covid_archive,archive,COVID-19 deaths,USyd-OneModelMan,model,2021-10-25,2021/22
covid_archive,archive,COVID-19 deaths,USyd-OneModelMan,model,2021-11-01,2021/22
covid_archive,archive,COVID-19 deaths,USyd-OneModelMan,model,2021-11-08,2021/22
covid_archive,archive,COVID-19 deaths,USyd-OneModelMan,model,2021-11-15,2021/22
covid_archive,archive,COVID-19 deaths,USyd-OneModelMan,model,2021-11-22,2021/22
covid_archive,archive,COVID-19 deaths,USyd-OneModelMan,model,2021-11-29,2021/22
covid_archive,archive,COVID-19 deaths,USyd-OneModelMan,model,2021-12-06,2021/22
covid_archive,archive,COVID-19 deaths,USyd-OneModelMan,model,2021-12-13,2021/22
covid_archive,archive,COVID-19 deaths,UpgUmibUsi-MultiBayes,model,2021-03-22,2020/21
covid_archive,archive,COVID-19 deaths,UpgUmibUsi-MultiBayes,model,2021-03-29,2020/21
covid_archive,archive,COVID-19 deaths,UpgUmibUsi-MultiBayes,model,2021-04-05,2020/21
covid_archive,archive,COVID-19 deaths,UpgUmibUsi-MultiBayes,model,2021-04-12,2020/21
covid_archive,archive,COVID-19 deaths,UpgUmibUsi-MultiBayes,model,2021-04-19,2020/21
covid_archive,archive,COVID-19 deaths,UpgUmibUsi-MultiBayes,model,2021-04-26,2020/21
covid_archive,archive,COVID-19 deaths,UpgUmibUsi-MultiBayes,model,2021-05-03,2020/21
covid_archive,archive,COVID-19 deaths,UpgUmibUsi-MultiBayes,model,2021-05-10,2020/21
covid_archive,archive,COVID-19 deaths,UpgUmibUsi-MultiBayes,model,2021-05-17,2020/21
covid_archive,archive,COVID-19 deaths,UpgUmibUsi-MultiBayes,model,2021-05-24,2020/21
covid_archive,archive,COVID-19 deaths,UpgUmibUsi-MultiBayes,model,2021-05-31,2020/21
covid_archive,archive,COVID-19 deaths,UpgUmibUsi-MultiBayes,model,2021-06-07,2020/21
covid_archive,archive,COVID-19 deaths,UpgUmibUsi-MultiBayes,model,2021-06-14,2020/21
covid_archive,archive,COVID-19 deaths,UpgUmibUsi-MultiBayes,model,2021-06-21,2020/21
covid_archive,archive,COVID-19 deaths,UpgUmibUsi-MultiBayes,model,2021-06-28,2020/21
covid_archive,archive,COVID-19 deaths,UpgUmibUsi-MultiBayes,model,2021-07-05,2020/21
covid_archive,archive,COVID-19 deaths,UpgUmibUsi-MultiBayes,model,2021-07-12,2020/21
covid_archive,archive,COVID-19 deaths,UpgUmibUsi-MultiBayes,model,2021-07-19,2020/21
covid_archive,archive,COVID-19 deaths,UpgUmibUsi-MultiBayes,model,2021-08-02,2021/22
covid_archive,archive,COVID-19 deaths,UpgUmibUsi-MultiBayes,model,2021-08-09,2021/22
covid_archive,archive,COVID-19 deaths,UpgUmibUsi-MultiBayes,model,2021-08-16,2021/22
covid_archive,archive,COVID-19 deaths,UpgUmibUsi-MultiBayes,model,2021-08-23,2021/22
covid_archive,archive,COVID-19 deaths,UpgUmibUsi-MultiBayes,model,2021-08-30,2021/22
covid_archive,archive,COVID-19 deaths,UpgUmibUsi-MultiBayes,model,2021-09-06,2021/22
covid_archive,archive,COVID-19 deaths,UpgUmibUsi-MultiBayes,model,2021-09-13,2021/22
covid_archive,archive,COVID-19 deaths,UpgUmibUsi-MultiBayes,model,2021-09-20,2021/22
covid_archive,archive,COVID-19 deaths,UpgUmibUsi-MultiBayes,model,2021-09-27,2021/22
covid_archive,archive,COVID-19 deaths,UpgUmibUsi-MultiBayes,model,2021-10-04,2021/22
covid_archive,archive,COVID-19 deaths,UpgUmibUsi-MultiBayes,model,2021-10-11,2021/22
covid_archive,archive,COVID-19 deaths,UpgUmibUsi-MultiBayes,model,2021-10-18,2021/22
covid_archive,archive,COVID-19 deaths,UpgUmibUsi-MultiBayes,model,2021-10-25,2021/22
covid_archive,archive,COVID-19 deaths,UpgUmibUsi-MultiBayes,model,2021-11-01,2021/22
covid_archive,archive,COVID-19 deaths,UpgUmibUsi-MultiBayes,model,2021-11-08,2021/22
covid_archive,archive,COVID-19 deaths,UpgUmibUsi-MultiBayes,model,2021-11-15,2021/22
covid_archive,archive,COVID-19 deaths,UpgUmibUsi-MultiBayes,model,2021-11-22,2021/22
covid_archive,archive,COVID-19 deaths,UpgUmibUsi-MultiBayes,model,2021-11-29,2021/22
covid_archive,archive,COVID-19 deaths,UpgUmibUsi-MultiBayes,model,2021-12-06,2021/22
covid_archive,archive,COVID-19 deaths,UpgUmibUsi-MultiBayes,model,2021-12-13,2021/22
covid_archive,archive,COVID-19 deaths,UpgUmibUsi-MultiBayes,model,2021-12-20,2021/22
covid_archive,archive,COVID-19 deaths,UpgUmibUsi-MultiBayes,model,2021-12-27,2021/22
covid_archive,archive,COVID-19 deaths,UpgUmibUsi-MultiBayes,model,2022-01-03,2021/22
covid_archive,archive,COVID-19 deaths,UpgUmibUsi-MultiBayes,model,2022-01-10,2021/22
covid_archive,archive,COVID-19 deaths,UpgUmibUsi-MultiBayes,model,2022-01-17,2021/22
covid_archive,archive,COVID-19 deaths,UpgUmibUsi-MultiBayes,model,2022-01-24,2021/22
covid_archive,archive,COVID-19 deaths,UpgUmibUsi-MultiBayes,model,2022-01-31,2021/22
covid_archive,archive,COVID-19 deaths,UpgUmibUsi-MultiBayes,model,2022-02-07,2021/22
covid_archive,archive,COVID-19 deaths,UpgUmibUsi-MultiBayes,model,2022-02-14,2021/22
covid_archive,archive,COVID-19 deaths,UpgUmibUsi-MultiBayes,model,2022-02-21,2021/22
covid_archive,archive,COVID-19 deaths,UpgUmibUsi-MultiBayes,model,2022-02-28,2021/22
covid_archive,archive,COVID-19 deaths,UpgUmibUsi-MultiBayes,model,2022-03-07,2021/22
covid_archive,archive,COVID-19 deaths,UpgUmibUsi-MultiBayes,model,2022-03-14,2021/22
covid_archive,archive,COVID-19 deaths,UpgUmibUsi-MultiBayes,model,2022-03-21,2021/22
covid_archive,archive,COVID-19 deaths,UpgUmibUsi-MultiBayes,model,2022-03-28,2021/22
covid_archive,archive,COVID-19 deaths,UpgUmibUsi-MultiBayes,model,2022-04-04,2021/22
covid_archive,archive,COVID-19 deaths,UpgUmibUsi-MultiBayes,model,2022-04-11,2021/22
covid_archive,archive,COVID-19 deaths,UpgUmibUsi-MultiBayes,model,2022-04-18,2021/22
covid_archive,archive,COVID-19 deaths,UpgUmibUsi-MultiBayes,model,2022-04-25,2021/22
covid_archive,archive,COVID-19 deaths,UpgUmibUsi-MultiBayes,model,2022-05-02,2021/22
covid_archive,archive,COVID-19 deaths,UpgUmibUsi-MultiBayes,model,2022-05-09,2021/22
covid_archive,archive,COVID-19 deaths,UpgUmibUsi-MultiBayes,model,2022-05-16,2021/22
covid_archive,archive,COVID-19 deaths,UpgUmibUsi-MultiBayes,model,2022-05-23,2021/22
covid_archive,archive,COVID-19 deaths,UpgUmibUsi-MultiBayes,model,2022-05-30,2021/22
covid_archive,archive,COVID-19 deaths,UpgUmibUsi-MultiBayes,model,2022-06-06,2021/22
covid_archive,archive,COVID-19 deaths,UpgUmibUsi-MultiBayes,model,2022-06-13,2021/22
covid_archive,archive,COVID-19 deaths,UpgUmibUsi-MultiBayes,model,2022-06-20,2021/22
covid_archive,archive,COVID-19 deaths,UpgUmibUsi-MultiBayes,model,2022-06-27,2021/22
covid_archive,archive,COVID-19 deaths,UpgUmibUsi-MultiBayes,model,2022-07-04,2021/22
covid_archive,archive,COVID-19 deaths,UpgUmibUsi-MultiBayes,model,2022-07-11,2021/22
covid_archive,archive,COVID-19 deaths,UpgUmibUsi-MultiBayes,model,2022-07-18,2021/22
covid_archive,archive,COVID-19 deaths,UpgUmibUsi-MultiBayes,model,2022-07-25,2021/22
covid_archive,archive,COVID-19 deaths,UpgUmibUsi-MultiBayes,model,2022-08-01,2022/23
covid_archive,archive,COVID-19 deaths,UpgUmibUsi-MultiBayes,model,2022-08-08,2022/23
covid_archive,archive,COVID-19 deaths,UpgUmibUsi-MultiBayes,model,2022-08-15,2022/23
covid_archive,archive,COVID-19 deaths,UpgUmibUsi-MultiBayes,model,2022-08-22,2022/23
covid_archive,archive,COVID-19 deaths,UpgUmibUsi-MultiBayes,model,2022-08-29,2022/23
covid_archive,archive,COVID-19 deaths,UpgUmibUsi-MultiBayes,model,2022-09-05,2022/23
covid_archive,archive,COVID-19 deaths,UpgUmibUsi-MultiBayes,model,2022-09-12,2022/23
covid_archive,archive,COVID-19 deaths,UpgUmibUsi-MultiBayes,model,2022-09-19,2022/23
covid_archive,archive,COVID-19 deaths,UpgUmibUsi-MultiBayes,model,2022-09-26,2022/23
covid_archive,archive,COVID-19 deaths,UpgUmibUsi-MultiBayes,model,2022-10-03,2022/23
covid_archive,archive,COVID-19 deaths,UpgUmibUsi-MultiBayes,model,2022-10-10,2022/23
covid_archive,archive,COVID-19 deaths,UpgUmibUsi-MultiBayes,model,2022-10-24,2022/23
covid_archive,archive,COVID-19 deaths,UpgUmibUsi-MultiBayes,model,2022-10-31,2022/23
covid_archive,archive,COVID-19 deaths,UpgUmibUsi-MultiBayes,model,2022-11-07,2022/23
covid_archive,archive,COVID-19 deaths,UpgUmibUsi-MultiBayes,model,2022-11-14,2022/23
covid_archive,archive,COVID-19 deaths,UpgUmibUsi-MultiBayes,model,2022-11-21,2022/23
covid_archive,archive,COVID-19 deaths,UpgUmibUsi-MultiBayes,model,2022-11-28,2022/23
covid_archive,archive,COVID-19 deaths,UpgUmibUsi-MultiBayes,model,2022-12-05,2022/23
covid_archive,archive,COVID-19 deaths,UpgUmibUsi-MultiBayes,model,2022-12-12,2022/23
covid_archive,archive,COVID-19 deaths,UpgUmibUsi-MultiBayes,model,2022-12-26,2022/23
covid_archive,archive,COVID-19 deaths,UpgUmibUsi-MultiBayes,model,2023-01-02,2022/23
covid_archive,archive,COVID-19 deaths,UpgUmibUsi-MultiBayes,model,2023-01-09,2022/23
covid_archive,archive,COVID-19 deaths,UpgUmibUsi-MultiBayes,model,2023-01-16,2022/23
covid_archive,archive,COVID-19 deaths,UpgUmibUsi-MultiBayes,model,2023-01-23,2022/23
covid_archive,archive,COVID-19 deaths,UpgUmibUsi-MultiBayes,model,2023-01-30,2022/23
covid_archive,archive,COVID-19 deaths,UpgUmibUsi-MultiBayes,model,2023-02-06,2022/23
covid_archive,archive,COVID-19 deaths,UpgUmibUsi-MultiBayes,model,2023-02-13,2022/23
covid_archive,archive,COVID-19 deaths,UpgUmibUsi-MultiBayes,model,2023-02-20,2022/23
covid_archive,archive,COVID-19 deaths,UpgUmibUsi-MultiBayes,model,2023-02-27,2022/23
covid_archive,archive,COVID-19 deaths,UpgUmibUsi-MultiBayes,model,2023-03-06,2022/23
covid_archive,archive,COVID-19 deaths,UpgUmibUsi-MultiBayes,model,2023-03-13,2022/23
covid_archive,archive,COVID-19 deaths,UpgUmibUsi-MultiBayes,model,2023-03-20,2022/23
covid_archive,archive,COVID-19 deaths,UpgUmibUsi-MultiBayes,model,2023-03-27,2022/23
covid_archive,archive,COVID-19 deaths,UpgUmibUsi-MultiBayes,model,2023-04-03,2022/23
covid_archive,archive,COVID-19 deaths,UpgUmibUsi-MultiBayes,model,2023-04-10,2022/23
covid_archive,archive,COVID-19 deaths,UpgUmibUsi-MultiBayes,model,2023-04-17,2022/23
covid_archive,archive,COVID-19 deaths,UpgUmibUsi-MultiBayes,model,2023-04-24,2022/23
covid_archive,archive,COVID-19 deaths,UpgUmibUsi-MultiBayes,model,2023-05-01,2022/23
covid_archive,archive,COVID-19 deaths,UpgUmibUsi-MultiBayes,model,2023-05-08,2022/23
covid_archive,archive,COVID-19 deaths,UpgUmibUsi-MultiBayes,model,2023-05-15,2022/23
covid_archive,archive,COVID-19 deaths,UpgUmibUsi-MultiBayes,model,2023-05-22,2022/23
covid_archive,archive,COVID-19 deaths,UpgUmibUsi-MultiBayes,model,2023-05-29,2022/23
covid_archive,archive,COVID-19 deaths,UpgUmibUsi-MultiBayes,model,2023-06-05,2022/23
covid_archive,archive,COVID-19 deaths,UpgUmibUsi-MultiBayes,model,2023-06-12,2022/23
covid_archive,archive,COVID-19 deaths,bisop-seirfilter,model,2021-03-29,2020/21
covid_archive,archive,COVID-19 deaths,bisop-seirfilter,model,2021-04-05,2020/21
covid_archive,archive,COVID-19 deaths,bisop-seirfilter,model,2021-04-12,2020/21
covid_archive,archive,COVID-19 deaths,bisop-seirfilter,model,2021-04-19,2020/21
covid_archive,archive,COVID-19 deaths,bisop-seirfilter,model,2021-04-26,2020/21
covid_archive,archive,COVID-19 deaths,bisop-seirfilter,model,2021-05-03,2020/21
covid_archive,archive,COVID-19 deaths,bisop-seirfilter,model,2021-05-10,2020/21
covid_archive,archive,COVID-19 deaths,bisop-seirfilter,model,2021-05-17,2020/21
covid_archive,archive,COVID-19 deaths,bisop-seirfilterlite,model,2021-04-05,2020/21
covid_archive,archive,COVID-19 deaths,bisop-seirfilterlite,model,2021-04-12,2020/21
covid_archive,archive,COVID-19 deaths,bisop-seirfilterlite,model,2021-04-19,2020/21
covid_archive,archive,COVID-19 deaths,epiMOX-SUIHTER,model,2021-05-03,2020/21
covid_archive,archive,COVID-19 deaths,epiMOX-SUIHTER,model,2021-05-10,2020/21
covid_archive,archive,COVID-19 deaths,epiMOX-SUIHTER,model,2021-05-17,2020/21
covid_archive,archive,COVID-19 deaths,epiMOX-SUIHTER,model,2021-05-24,2020/21
covid_archive,archive,COVID-19 deaths,epiMOX-SUIHTER,model,2021-05-31,2020/21
covid_archive,archive,COVID-19 deaths,epiMOX-SUIHTER,model,2021-06-07,2020/21
covid_archive,archive,COVID-19 deaths,epiMOX-SUIHTER,model,2021-06-14,2020/21
covid_archive,archive,COVID-19 deaths,epiMOX-SUIHTER,model,2021-06-21,2020/21
covid_archive,archive,COVID-19 deaths,epiMOX-SUIHTER,model,2021-06-28,2020/21
covid_archive,archive,COVID-19 deaths,epiMOX-SUIHTER,model,2021-07-05,2020/21
covid_archive,archive,COVID-19 deaths,epiMOX-SUIHTER,model,2021-07-12,2020/21
covid_archive,archive,COVID-19 deaths,epiMOX-SUIHTER,model,2021-07-19,2020/21
covid_archive,archive,COVID-19 deaths,epiMOX-SUIHTER,model,2021-07-26,2020/21
covid_archive,archive,COVID-19 deaths,epiMOX-SUIHTER,model,2021-08-02,2021/22
covid_archive,archive,COVID-19 deaths,epiMOX-SUIHTER,model,2021-08-09,2021/22
covid_archive,archive,COVID-19 deaths,epiMOX-SUIHTER,model,2021-08-16,2021/22
covid_archive,archive,COVID-19 deaths,epiMOX-SUIHTER,model,2021-08-23,2021/22
covid_archive,archive,COVID-19 deaths,epiMOX-SUIHTER,model,2021-08-30,2021/22
covid_archive,archive,COVID-19 deaths,epiMOX-SUIHTER,model,2021-09-06,2021/22
covid_archive,archive,COVID-19 deaths,epiMOX-SUIHTER,model,2021-09-13,2021/22
covid_archive,archive,COVID-19 deaths,epiMOX-SUIHTER,model,2021-09-20,2021/22
covid_archive,archive,COVID-19 deaths,epiMOX-SUIHTER,model,2021-09-27,2021/22
covid_archive,archive,COVID-19 deaths,epiMOX-SUIHTER,model,2021-10-04,2021/22
covid_archive,archive,COVID-19 deaths,epiMOX-SUIHTER,model,2021-10-11,2021/22
covid_archive,archive,COVID-19 deaths,epiMOX-SUIHTER,model,2021-10-18,2021/22
covid_archive,archive,COVID-19 deaths,epiMOX-SUIHTER,model,2021-10-25,2021/22
covid_archive,archive,COVID-19 deaths,epiMOX-SUIHTER,model,2021-11-01,2021/22
covid_archive,archive,COVID-19 deaths,epiMOX-SUIHTER,model,2021-11-08,2021/22
covid_archive,archive,COVID-19 deaths,epiMOX-SUIHTER,model,2021-11-15,2021/22
covid_archive,archive,COVID-19 deaths,epiMOX-SUIHTER,model,2021-11-22,2021/22
covid_archive,archive,COVID-19 deaths,epiMOX-SUIHTER,model,2021-11-29,2021/22
covid_archive,archive,COVID-19 deaths,epiMOX-SUIHTER,model,2021-12-06,2021/22
covid_archive,archive,COVID-19 deaths,epiMOX-SUIHTER,model,2021-12-13,2021/22
covid_archive,archive,COVID-19 deaths,epiMOX-SUIHTER,model,2021-12-20,2021/22
covid_archive,archive,COVID-19 deaths,epiMOX-SUIHTER,model,2021-12-27,2021/22
covid_archive,archive,COVID-19 deaths,epiMOX-SUIHTER,model,2022-01-03,2021/22
covid_archive,archive,COVID-19 deaths,epiMOX-SUIHTER,model,2022-01-10,2021/22
covid_archive,archive,COVID-19 deaths,epiMOX-SUIHTER,model,2022-01-17,2021/22
covid_archive,archive,COVID-19 deaths,epiMOX-SUIHTER,model,2022-01-24,2021/22
covid_archive,archive,COVID-19 deaths,epiMOX-SUIHTER,model,2022-01-31,2021/22
covid_archive,archive,COVID-19 deaths,epiMOX-SUIHTER,model,2022-02-07,2021/22
covid_archive,archive,COVID-19 deaths,epiMOX-SUIHTER,model,2022-02-14,2021/22
covid_archive,archive,COVID-19 deaths,epiMOX-SUIHTER,model,2022-02-21,2021/22
covid_archive,archive,COVID-19 deaths,epiMOX-SUIHTER,model,2022-02-28,2021/22
covid_archive,archive,COVID-19 deaths,epiMOX-SUIHTER,model,2022-03-07,2021/22
covid_archive,archive,COVID-19 deaths,epiMOX-SUIHTER,model,2022-03-14,2021/22
covid_archive,archive,COVID-19 deaths,epiMOX-SUIHTER,model,2022-03-21,2021/22
covid_archive,archive,COVID-19 deaths,epiMOX-SUIHTER,model,2022-03-28,2021/22
covid_archive,archive,COVID-19 deaths,epiMOX-SUIHTER,model,2022-04-04,2021/22
covid_archive,archive,COVID-19 deaths,epiMOX-SUIHTER,model,2022-04-11,2021/22
covid_archive,archive,COVID-19 deaths,epiMOX-SUIHTER,model,2022-04-18,2021/22
covid_archive,archive,COVID-19 deaths,epiMOX-SUIHTER,model,2022-04-25,2021/22
covid_archive,archive,COVID-19 deaths,epiMOX-SUIHTER,model,2022-05-02,2021/22
covid_archive,archive,COVID-19 deaths,epiMOX-SUIHTER,model,2022-05-09,2021/22
covid_archive,archive,COVID-19 deaths,epiMOX-SUIHTER,model,2022-05-16,2021/22
covid_archive,archive,COVID-19 deaths,epiMOX-SUIHTER,model,2022-05-23,2021/22
covid_archive,archive,COVID-19 deaths,epiMOX-SUIHTER,model,2022-05-30,2021/22
covid_archive,archive,COVID-19 deaths,epiMOX-SUIHTER,model,2022-06-06,2021/22
covid_archive,archive,COVID-19 deaths,epiMOX-SUIHTER,model,2022-06-13,2021/22
covid_archive,archive,COVID-19 deaths,epiMOX-SUIHTER,model,2022-06-20,2021/22
covid_archive,archive,COVID-19 deaths,epiMOX-SUIHTER,model,2022-06-27,2021/22
covid_archive,archive,COVID-19 deaths,epiMOX-SUIHTER,model,2022-07-04,2021/22
covid_archive,archive,COVID-19 deaths,epiMOX-SUIHTER,model,2022-07-11,2021/22
covid_archive,archive,COVID-19 deaths,epiMOX-SUIHTER,model,2022-07-18,2021/22
covid_archive,archive,COVID-19 deaths,epiMOX-SUIHTER,model,2022-07-25,2021/22
covid_archive,archive,COVID-19 deaths,epiMOX-SUIHTER,model,2022-08-01,2022/23
covid_archive,archive,COVID-19 deaths,epiMOX-SUIHTER,model,2022-08-08,2022/23
covid_archive,archive,COVID-19 deaths,epiMOX-SUIHTER,model,2022-08-15,2022/23
covid_archive,archive,COVID-19 deaths,epiMOX-SUIHTER,model,2022-08-22,2022/23
covid_archive,archive,COVID-19 deaths,epiMOX-SUIHTER,model,2022-08-29,2022/23
covid_archive,archive,COVID-19 deaths,epiMOX-SUIHTER,model,2022-09-05,2022/23
covid_archive,archive,COVID-19 deaths,epiMOX-SUIHTER,model,2022-09-12,2022/23
covid_archive,archive,COVID-19 deaths,epiMOX-SUIHTER,model,2022-09-19,2022/23
covid_archive,archive,COVID-19 deaths,epiMOX-SUIHTER,model,2022-09-26,2022/23
covid_archive,archive,COVID-19 deaths,epiMOX-SUIHTER,model,2022-10-03,2022/23
covid_archive,archive,COVID-19 deaths,epiMOX-SUIHTER,model,2022-10-10,2022/23
covid_archive,archive,COVID-19 deaths,epiMOX-SUIHTER,model,2022-10-17,2022/23
covid_archive,archive,COVID-19 deaths,epiMOX-SUIHTER,model,2022-10-24,2022/23
covid_archive,archive,COVID-19 deaths,epiMOX-SUIHTER,model,2022-10-31,2022/23
covid_archive,archive,COVID-19 deaths,epiMOX-SUIHTER,model,2022-11-07,2022/23
covid_archive,archive,COVID-19 deaths,epiforecasts-EpiExpert,model,2021-02-15,2020/21
covid_archive,archive,COVID-19 deaths,epiforecasts-EpiExpert,model,2021-02-22,2020/21
covid_archive,archive,COVID-19 deaths,epiforecasts-EpiExpert,model,2021-03-08,2020/21
covid_archive,archive,COVID-19 deaths,epiforecasts-EpiExpert,model,2021-03-15,2020/21
covid_archive,archive,COVID-19 deaths,epiforecasts-EpiExpert,model,2021-03-22,2020/21
covid_archive,archive,COVID-19 deaths,epiforecasts-EpiExpert,model,2021-03-29,2020/21
covid_archive,archive,COVID-19 deaths,epiforecasts-EpiExpert,model,2021-04-05,2020/21
covid_archive,archive,COVID-19 deaths,epiforecasts-EpiExpert,model,2021-04-12,2020/21
covid_archive,archive,COVID-19 deaths,epiforecasts-EpiExpert,model,2021-04-19,2020/21
covid_archive,archive,COVID-19 deaths,epiforecasts-EpiExpert,model,2021-04-26,2020/21
covid_archive,archive,COVID-19 deaths,epiforecasts-EpiExpert,model,2021-05-03,2020/21
covid_archive,archive,COVID-19 deaths,epiforecasts-EpiExpert,model,2021-05-10,2020/21
covid_archive,archive,COVID-19 deaths,epiforecasts-EpiExpert,model,2021-05-17,2020/21
covid_archive,archive,COVID-19 deaths,epiforecasts-EpiExpert,model,2021-05-24,2020/21
covid_archive,archive,COVID-19 deaths,epiforecasts-EpiExpert,model,2021-05-31,2020/21
covid_archive,archive,COVID-19 deaths,epiforecasts-EpiExpert,model,2021-06-07,2020/21
covid_archive,archive,COVID-19 deaths,epiforecasts-EpiExpert,model,2021-06-14,2020/21
covid_archive,archive,COVID-19 deaths,epiforecasts-EpiExpert,model,2021-06-21,2020/21
covid_archive,archive,COVID-19 deaths,epiforecasts-EpiExpert,model,2021-06-28,2020/21
covid_archive,archive,COVID-19 deaths,epiforecasts-EpiExpert,model,2021-07-05,2020/21
covid_archive,archive,COVID-19 deaths,epiforecasts-EpiExpert,model,2021-07-12,2020/21
covid_archive,archive,COVID-19 deaths,epiforecasts-EpiExpert,model,2021-07-19,2020/21
covid_archive,archive,COVID-19 deaths,epiforecasts-EpiExpert,model,2021-07-26,2020/21
covid_archive,archive,COVID-19 deaths,epiforecasts-EpiExpert,model,2021-08-02,2021/22
covid_archive,archive,COVID-19 deaths,epiforecasts-EpiExpert,model,2021-08-09,2021/22
covid_archive,archive,COVID-19 deaths,epiforecasts-EpiExpert,model,2021-08-16,2021/22
covid_archive,archive,COVID-19 deaths,epiforecasts-EpiExpert,model,2021-08-23,2021/22
covid_archive,archive,COVID-19 deaths,epiforecasts-EpiExpert,model,2021-08-30,2021/22
covid_archive,archive,COVID-19 deaths,epiforecasts-EpiExpert_Rt,model,2021-04-19,2020/21
covid_archive,archive,COVID-19 deaths,epiforecasts-EpiExpert_Rt,model,2021-04-26,2020/21
covid_archive,archive,COVID-19 deaths,epiforecasts-EpiExpert_Rt,model,2021-05-03,2020/21
covid_archive,archive,COVID-19 deaths,epiforecasts-EpiExpert_Rt,model,2021-05-10,2020/21
covid_archive,archive,COVID-19 deaths,epiforecasts-EpiExpert_Rt,model,2021-05-24,2020/21
covid_archive,archive,COVID-19 deaths,epiforecasts-EpiExpert_Rt,model,2021-05-31,2020/21
covid_archive,archive,COVID-19 deaths,epiforecasts-EpiExpert_Rt,model,2021-06-07,2020/21
covid_archive,archive,COVID-19 deaths,epiforecasts-EpiExpert_Rt,model,2021-06-14,2020/21
covid_archive,archive,COVID-19 deaths,epiforecasts-EpiExpert_Rt,model,2021-06-21,2020/21
covid_archive,archive,COVID-19 deaths,epiforecasts-EpiExpert_Rt,model,2021-06-28,2020/21
covid_archive,archive,COVID-19 deaths,epiforecasts-EpiExpert_Rt,model,2021-07-05,2020/21
covid_archive,archive,COVID-19 deaths,epiforecasts-EpiExpert_Rt,model,2021-07-12,2020/21
covid_archive,archive,COVID-19 deaths,epiforecasts-EpiExpert_Rt,model,2021-07-19,2020/21
covid_archive,archive,COVID-19 deaths,epiforecasts-EpiExpert_Rt,model,2021-07-26,2020/21
covid_archive,archive,COVID-19 deaths,epiforecasts-EpiExpert_Rt,model,2021-08-02,2021/22
covid_archive,archive,COVID-19 deaths,epiforecasts-EpiExpert_Rt,model,2021-08-09,2021/22
covid_archive,archive,COVID-19 deaths,epiforecasts-EpiExpert_Rt,model,2021-08-16,2021/22
covid_archive,archive,COVID-19 deaths,epiforecasts-EpiExpert_Rt,model,2021-08-23,2021/22
covid_archive,archive,COVID-19 deaths,epiforecasts-EpiExpert_Rt,model,2021-08-30,2021/22
covid_archive,archive,COVID-19 deaths,epiforecasts-EpiExpert_direct,model,2021-04-26,2020/21
covid_archive,archive,COVID-19 deaths,epiforecasts-EpiExpert_direct,model,2021-05-03,2020/21
covid_archive,archive,COVID-19 deaths,epiforecasts-EpiExpert_direct,model,2021-05-10,2020/21
covid_archive,archive,COVID-19 deaths,epiforecasts-EpiExpert_direct,model,2021-05-17,2020/21
covid_archive,archive,COVID-19 deaths,epiforecasts-EpiExpert_direct,model,2021-05-24,2020/21
covid_archive,archive,COVID-19 deaths,epiforecasts-EpiExpert_direct,model,2021-05-31,2020/21
covid_archive,archive,COVID-19 deaths,epiforecasts-EpiExpert_direct,model,2021-06-07,2020/21
covid_archive,archive,COVID-19 deaths,epiforecasts-EpiExpert_direct,model,2021-06-14,2020/21
covid_archive,archive,COVID-19 deaths,epiforecasts-EpiExpert_direct,model,2021-06-21,2020/21
covid_archive,archive,COVID-19 deaths,epiforecasts-EpiExpert_direct,model,2021-06-28,2020/21
covid_archive,archive,COVID-19 deaths,epiforecasts-EpiExpert_direct,model,2021-07-05,2020/21
covid_archive,archive,COVID-19 deaths,epiforecasts-EpiExpert_direct,model,2021-07-12,2020/21
covid_archive,archive,COVID-19 deaths,epiforecasts-EpiExpert_direct,model,2021-07-19,2020/21
covid_archive,archive,COVID-19 deaths,epiforecasts-EpiExpert_direct,model,2021-07-26,2020/21
covid_archive,archive,COVID-19 deaths,epiforecasts-EpiExpert_direct,model,2021-08-02,2021/22
covid_archive,archive,COVID-19 deaths,epiforecasts-EpiExpert_direct,model,2021-08-09,2021/22
covid_archive,archive,COVID-19 deaths,epiforecasts-EpiExpert_direct,model,2021-08-16,2021/22
covid_archive,archive,COVID-19 deaths,epiforecasts-EpiExpert_direct,model,2021-08-23,2021/22
covid_archive,archive,COVID-19 deaths,epiforecasts-EpiExpert_direct,model,2021-08-30,2021/22
covid_archive,archive,COVID-19 deaths,epiforecasts-EpiExpert_direct,model,2021-09-06,2021/22
covid_archive,archive,COVID-19 deaths,epiforecasts-EpiExpert_direct,model,2021-09-13,2021/22
covid_archive,archive,COVID-19 deaths,epiforecasts-EpiExpert_direct,model,2021-09-20,2021/22
covid_archive,archive,COVID-19 deaths,epiforecasts-EpiNow2,model,2021-02-15,2020/21
covid_archive,archive,COVID-19 deaths,epiforecasts-EpiNow2,model,2021-02-22,2020/21
covid_archive,archive,COVID-19 deaths,epiforecasts-EpiNow2,model,2021-03-08,2020/21
covid_archive,archive,COVID-19 deaths,epiforecasts-EpiNow2,model,2021-03-15,2020/21
covid_archive,archive,COVID-19 deaths,epiforecasts-EpiNow2,model,2021-03-22,2020/21
covid_archive,archive,COVID-19 deaths,epiforecasts-EpiNow2,model,2021-03-29,2020/21
covid_archive,archive,COVID-19 deaths,epiforecasts-EpiNow2,model,2021-04-05,2020/21
covid_archive,archive,COVID-19 deaths,epiforecasts-EpiNow2,model,2021-04-12,2020/21
covid_archive,archive,COVID-19 deaths,epiforecasts-EpiNow2,model,2021-04-19,2020/21
covid_archive,archive,COVID-19 deaths,epiforecasts-EpiNow2,model,2021-04-26,2020/21
covid_archive,archive,COVID-19 deaths,epiforecasts-EpiNow2,model,2021-05-03,2020/21
covid_archive,archive,COVID-19 deaths,epiforecasts-EpiNow2,model,2021-05-10,2020/21
covid_archive,archive,COVID-19 deaths,epiforecasts-EpiNow2,model,2021-05-17,2020/21
covid_archive,archive,COVID-19 deaths,epiforecasts-EpiNow2,model,2021-05-24,2020/21
covid_archive,archive,COVID-19 deaths,epiforecasts-EpiNow2,model,2021-05-31,2020/21
covid_archive,archive,COVID-19 deaths,epiforecasts-EpiNow2,model,2021-06-07,2020/21
covid_archive,archive,COVID-19 deaths,epiforecasts-EpiNow2,model,2021-06-14,2020/21
covid_archive,archive,COVID-19 deaths,epiforecasts-EpiNow2,model,2021-06-21,2020/21
covid_archive,archive,COVID-19 deaths,epiforecasts-EpiNow2,model,2021-06-28,2020/21
covid_archive,archive,COVID-19 deaths,epiforecasts-EpiNow2,model,2021-07-05,2020/21
covid_archive,archive,COVID-19 deaths,epiforecasts-EpiNow2,model,2021-07-12,2020/21
covid_archive,archive,COVID-19 deaths,epiforecasts-EpiNow2,model,2021-07-19,2020/21
covid_archive,archive,COVID-19 deaths,epiforecasts-EpiNow2,model,2021-07-26,2020/21
covid_archive,archive,COVID-19 deaths,epiforecasts-EpiNow2,model,2021-08-02,2021/22
covid_archive,archive,COVID-19 deaths,epiforecasts-EpiNow2,model,2021-08-09,2021/22
covid_archive,archive,COVID-19 deaths,epiforecasts-EpiNow2,model,2021-08-16,2021/22
covid_archive,archive,COVID-19 deaths,epiforecasts-EpiNow2,model,2021-08-23,2021/22
covid_archive,archive,COVID-19 deaths,epiforecasts-EpiNow2,model,2021-08-30,2021/22
covid_archive,archive,COVID-19 deaths,epiforecasts-EpiNow2,model,2021-09-06,2021/22
covid_archive,archive,COVID-19 deaths,epiforecasts-EpiNow2,model,2021-09-13,2021/22
covid_archive,archive,COVID-19 deaths,epiforecasts-EpiNow2,model,2021-09-20,2021/22
covid_archive,archive,COVID-19 deaths,epiforecasts-EpiNow2,model,2021-09-27,2021/22
covid_archive,archive,COVID-19 deaths,epiforecasts-EpiNow2,model,2021-10-04,2021/22
covid_archive,archive,COVID-19 deaths,epiforecasts-EpiNow2,model,2021-10-11,2021/22
covid_archive,archive,COVID-19 deaths,epiforecasts-EpiNow2,model,2021-10-18,2021/22
covid_archive,archive,COVID-19 deaths,epiforecasts-EpiNow2,model,2021-11-29,2021/22
covid_archive,archive,COVID-19 deaths,epiforecasts-EpiNow2,model,2021-12-06,2021/22
covid_archive,archive,COVID-19 deaths,epiforecasts-EpiNow2,model,2021-12-13,2021/22
covid_archive,archive,COVID-19 deaths,epiforecasts-EpiNow2,model,2021-12-20,2021/22
covid_archive,archive,COVID-19 deaths,epiforecasts-EpiNow2,model,2021-12-27,2021/22
covid_archive,archive,COVID-19 deaths,epiforecasts-EpiNow2,model,2022-01-03,2021/22
covid_archive,archive,COVID-19 deaths,epiforecasts-EpiNow2,model,2022-01-10,2021/22
covid_archive,archive,COVID-19 deaths,epiforecasts-EpiNow2,model,2022-01-17,2021/22
covid_archive,archive,COVID-19 deaths,epiforecasts-EpiNow2,model,2022-01-24,2021/22
covid_archive,archive,COVID-19 deaths,epiforecasts-EpiNow2,model,2022-01-31,2021/22
covid_archive,archive,COVID-19 deaths,epiforecasts-EpiNow2,model,2022-02-07,2021/22
covid_archive,archive,COVID-19 deaths,epiforecasts-EpiNow2,model,2022-02-14,2021/22
covid_archive,archive,COVID-19 deaths,epiforecasts-EpiNow2,model,2022-02-21,2021/22
covid_archive,archive,COVID-19 deaths,epiforecasts-EpiNow2,model,2022-02-28,2021/22
covid_archive,archive,COVID-19 deaths,epiforecasts-EpiNow2,model,2022-03-07,2021/22
covid_archive,archive,COVID-19 deaths,epiforecasts-EpiNow2,model,2022-03-14,2021/22
covid_archive,archive,COVID-19 deaths,epiforecasts-EpiNow2,model,2022-03-21,2021/22
covid_archive,archive,COVID-19 deaths,epiforecasts-EpiNow2,model,2022-03-28,2021/22
covid_archive,archive,COVID-19 deaths,epiforecasts-EpiNow2,model,2022-04-04,2021/22
covid_archive,archive,COVID-19 deaths,epiforecasts-EpiNow2,model,2022-04-11,2021/22
covid_archive,archive,COVID-19 deaths,epiforecasts-EpiNow2,model,2022-04-18,2021/22
covid_archive,archive,COVID-19 deaths,epiforecasts-EpiNow2,model,2022-04-25,2021/22
covid_archive,archive,COVID-19 deaths,epiforecasts-EpiNow2,model,2022-05-02,2021/22
covid_archive,archive,COVID-19 deaths,epiforecasts-EpiNow2,model,2022-05-09,2021/22
covid_archive,archive,COVID-19 deaths,epiforecasts-EpiNow2,model,2022-05-16,2021/22
covid_archive,archive,COVID-19 deaths,epiforecasts-EpiNow2,model,2022-05-23,2021/22
covid_archive,archive,COVID-19 deaths,epiforecasts-EpiNow2,model,2022-05-30,2021/22
covid_archive,archive,COVID-19 deaths,epiforecasts-EpiNow2,model,2022-06-06,2021/22
covid_archive,archive,COVID-19 deaths,epiforecasts-EpiNow2,model,2022-06-13,2021/22
covid_archive,archive,COVID-19 deaths,epiforecasts-EpiNow2,model,2022-06-20,2021/22
covid_archive,archive,COVID-19 deaths,epiforecasts-EpiNow2,model,2022-06-27,2021/22
covid_archive,archive,COVID-19 deaths,epiforecasts-EpiNow2,model,2023-01-16,2022/23
covid_archive,archive,COVID-19 deaths,epiforecasts-EpiNow2,model,2023-01-23,2022/23
covid_archive,archive,COVID-19 deaths,epiforecasts-EpiNow2,model,2023-01-30,2022/23
covid_archive,archive,COVID-19 deaths,epiforecasts-EpiNow2,model,2023-02-06,2022/23
covid_archive,archive,COVID-19 deaths,epiforecasts-EpiNow2,model,2023-02-13,2022/23
covid_archive,archive,COVID-19 deaths,epiforecasts-EpiNow2,model,2023-02-20,2022/23
covid_archive,archive,COVID-19 deaths,epiforecasts-EpiNow2,model,2023-02-27,2022/23
covid_archive,archive,COVID-19 deaths,epiforecasts-EpiNow2,model,2023-03-06,2022/23
covid_archive,archive,COVID-19 deaths,epiforecasts-EpiNow2,model,2023-05-08,2022/23
covid_archive,archive,COVID-19 deaths,epiforecasts-EpiNow2,model,2023-05-15,2022/23
covid_archive,archive,COVID-19 deaths,epiforecasts-EpiNow2,model,2023-05-22,2022/23
covid_archive,archive,COVID-19 deaths,epiforecasts-EpiNow2,model,2023-05-29,2022/23
covid_archive,archive,COVID-19 deaths,epiforecasts-EpiNow2,model,2023-06-05,2022/23
covid_archive,archive,COVID-19 deaths,epiforecasts-EpiNow2,model,2023-06-12,2022/23
covid_archive,archive,COVID-19 deaths,epiforecasts-EpiNow2,model,2023-06-19,2022/23
covid_archive,archive,COVID-19 deaths,epiforecasts-EpiNow2,model,2023-06-26,2022/23
covid_archive,archive,COVID-19 deaths,epiforecasts-EpiNow2,model,2023-07-03,2022/23
covid_archive,archive,COVID-19 deaths,epiforecasts-EpiNow2,model,2023-07-10,2022/23
covid_archive,archive,COVID-19 deaths,epiforecasts-EpiNow2,model,2023-07-17,2022/23
covid_archive,archive,COVID-19 deaths,epiforecasts-EpiNow2,model,2023-07-24,2022/23
covid_archive,archive,COVID-19 deaths,epiforecasts-EpiNow2,model,2023-07-31,2022/23
covid_archive,archive,COVID-19 deaths,epiforecasts-EpiNow2,model,2023-08-07,2023/24
covid_archive,archive,COVID-19 deaths,epiforecasts-EpiNow2,model,2023-08-14,2023/24
covid_archive,archive,COVID-19 deaths,epiforecasts-EpiNow2,model,2023-08-21,2023/24
covid_archive,archive,COVID-19 deaths,epiforecasts-EpiNow2,model,2023-08-28,2023/24
covid_archive,archive,COVID-19 deaths,epiforecasts-EpiNow2,model,2023-09-04,2023/24
covid_archive,archive,COVID-19 deaths,epiforecasts-EpiNow2,model,2023-09-11,2023/24
covid_archive,archive,COVID-19 deaths,epiforecasts-EpiNow2,model,2023-09-18,2023/24
covid_archive,archive,COVID-19 deaths,epiforecasts-EpiNow2,model,2023-09-25,2023/24
covid_archive,archive,COVID-19 deaths,epiforecasts-EpiNow2,model,2023-10-02,2023/24
covid_archive,archive,COVID-19 deaths,epiforecasts-EpiNow2,model,2023-10-09,2023/24
covid_archive,archive,COVID-19 deaths,epiforecasts-EpiNow2,model,2023-10-30,2023/24
covid_archive,archive,COVID-19 deaths,epiforecasts-EpiNow2,model,2023-11-06,2023/24
covid_archive,archive,COVID-19 deaths,epiforecasts-EpiNow2,model,2023-11-13,2023/24
covid_archive,archive,COVID-19 deaths,epiforecasts-EpiNow2,model,2023-11-20,2023/24
covid_archive,archive,COVID-19 deaths,epiforecasts-EpiNow2,model,2023-11-27,2023/24
covid_archive,archive,COVID-19 deaths,epiforecasts-EpiNow2,model,2023-12-04,2023/24
covid_archive,archive,COVID-19 deaths,epiforecasts-EpiNow2,model,2024-01-22,2023/24
covid_archive,archive,COVID-19 deaths,epiforecasts-EpiNow2,model,2024-01-29,2023/24
covid_archive,archive,COVID-19 deaths,epiforecasts-EpiNow2,model,2024-02-05,2023/24
covid_archive,archive,COVID-19 deaths,epiforecasts-EpiNow2,model,2024-02-12,2023/24
covid_archive,archive,COVID-19 deaths,epiforecasts-EpiNow2,model,2024-02-19,2023/24
covid_archive,archive,COVID-19 deaths,epiforecasts-EpiNow2,model,2024-02-26,2023/24
covid_archive,archive,COVID-19 deaths,epiforecasts-EpiNow2,model,2024-03-04,2023/24
covid_archive,archive,COVID-19 deaths,epiforecasts-EpiNow2,model,2024-03-11,2023/24
covid_archive,archive,COVID-19 deaths,epiforecasts-EpiNow2,model,2024-04-22,2023/24
covid_archive,archive,COVID-19 deaths,epiforecasts-EpiNow2,model,2024-04-29,2023/24
covid_archive,archive,COVID-19 deaths,epiforecasts-EpiNow2,model,2024-05-06,2023/24
covid_archive,archive,COVID-19 deaths,epiforecasts-EpiNow2,model,2024-05-20,2023/24
covid_archive,archive,COVID-19 deaths,epiforecasts-EpiNow2,model,2024-05-27,2023/24
covid_archive,archive,COVID-19 deaths,epiforecasts-EpiNow2,model,2024-06-03,2023/24
covid_archive,archive,COVID-19 deaths,epiforecasts-EpiNow2,model,2024-06-10,2023/24
covid_archive,archive,COVID-19 deaths,epiforecasts-EpiNow2,model,2024-06-17,2023/24
covid_archive,archive,COVID-19 deaths,epiforecasts-EpiNow2,model,2024-06-24,2023/24
covid_archive,archive,COVID-19 deaths,epiforecasts-EpiNow2,model,2024-07-01,2023/24
covid_archive,archive,COVID-19 deaths,epiforecasts-EpiNow2,model,2024-07-08,2023/24
covid_archive,archive,COVID-19 deaths,epiforecasts-EpiNow2,model,2024-07-15,2023/24
covid_archive,archive,COVID-19 deaths,epiforecasts-EpiNow2,model,2024-07-22,2023/24
covid_archive,archive,COVID-19 deaths,epiforecasts-EpiNow2,model,2024-07-29,2023/24
covid_archive,archive,COVID-19 deaths,epiforecasts-tsensemble,model,2023-05-01,2022/23
covid_archive,archive,COVID-19 deaths,epiforecasts-tsensemble,model,2023-05-08,2022/23
covid_archive,archive,COVID-19 deaths,epiforecasts-tsensemble,model,2023-05-15,2022/23
covid_archive,archive,COVID-19 deaths,epiforecasts-tsensemble,model,2023-05-22,2022/23
covid_archive,archive,COVID-19 deaths,epiforecasts-tsensemble,model,2023-05-29,2022/23
covid_archive,archive,COVID-19 deaths,epiforecasts-tsensemble,model,2023-06-05,2022/23
covid_archive,archive,COVID-19 deaths,epiforecasts-tsensemble,model,2023-06-12,2022/23
covid_archive,archive,COVID-19 deaths,epiforecasts-tsensemble,model,2023-06-19,2022/23
covid_archive,archive,COVID-19 deaths,epiforecasts-tsensemble,model,2023-06-26,2022/23
covid_archive,archive,COVID-19 deaths,epiforecasts-tsensemble,model,2023-07-03,2022/23
covid_archive,archive,COVID-19 deaths,epiforecasts-tsensemble,model,2023-07-10,2022/23
covid_archive,archive,COVID-19 deaths,epiforecasts-tsensemble,model,2023-07-17,2022/23
covid_archive,archive,COVID-19 deaths,epiforecasts-tsensemble,model,2023-07-24,2022/23
covid_archive,archive,COVID-19 deaths,epiforecasts-tsensemble,model,2023-07-31,2022/23
covid_archive,archive,COVID-19 deaths,epiforecasts-tsensemble,model,2023-08-07,2023/24
covid_archive,archive,COVID-19 deaths,epiforecasts-tsensemble,model,2023-08-14,2023/24
covid_archive,archive,COVID-19 deaths,epiforecasts-tsensemble,model,2023-08-21,2023/24
covid_archive,archive,COVID-19 deaths,epiforecasts-tsensemble,model,2023-08-28,2023/24
covid_archive,archive,COVID-19 deaths,epiforecasts-tsensemble,model,2023-09-04,2023/24
covid_archive,archive,COVID-19 deaths,epiforecasts-tsensemble,model,2023-09-11,2023/24
covid_archive,archive,COVID-19 deaths,epiforecasts-tsensemble,model,2023-09-18,2023/24
covid_archive,archive,COVID-19 deaths,epiforecasts-tsensemble,model,2023-09-25,2023/24
covid_archive,archive,COVID-19 deaths,epiforecasts-tsensemble,model,2023-10-02,2023/24
covid_archive,archive,COVID-19 deaths,epiforecasts-tsensemble,model,2023-10-09,2023/24
covid_archive,archive,COVID-19 deaths,epiforecasts-tsensemble,model,2023-10-16,2023/24
covid_archive,archive,COVID-19 deaths,epiforecasts-tsensemble,model,2023-10-23,2023/24
covid_archive,archive,COVID-19 deaths,epiforecasts-tsensemble,model,2023-10-30,2023/24
covid_archive,archive,COVID-19 deaths,epiforecasts-tsensemble,model,2023-11-06,2023/24
covid_archive,archive,COVID-19 deaths,epiforecasts-tsensemble,model,2023-11-27,2023/24
covid_archive,archive,COVID-19 deaths,epiforecasts-tsensemble,model,2023-12-04,2023/24
covid_archive,archive,COVID-19 deaths,epiforecasts-tsensemble,model,2023-12-18,2023/24
covid_archive,archive,COVID-19 deaths,epiforecasts-tsensemble,model,2023-12-25,2023/24
covid_archive,archive,COVID-19 deaths,epiforecasts-tsensemble,model,2024-01-08,2023/24
covid_archive,archive,COVID-19 deaths,epiforecasts-tsensemble,model,2024-01-22,2023/24
covid_archive,archive,COVID-19 deaths,epiforecasts-tsensemble,model,2024-01-29,2023/24
covid_archive,archive,COVID-19 deaths,epiforecasts-tsensemble,model,2024-02-05,2023/24
covid_archive,archive,COVID-19 deaths,epiforecasts-tsensemble,model,2024-02-12,2023/24
covid_archive,archive,COVID-19 deaths,epiforecasts-tsensemble,model,2024-02-19,2023/24
covid_archive,archive,COVID-19 deaths,epiforecasts-tsensemble,model,2024-02-26,2023/24
covid_archive,archive,COVID-19 deaths,epiforecasts-tsensemble,model,2024-03-04,2023/24
covid_archive,archive,COVID-19 deaths,epiforecasts-tsensemble,model,2024-03-11,2023/24
covid_archive,archive,COVID-19 deaths,epiforecasts-tsensemble,model,2024-03-18,2023/24
covid_archive,archive,COVID-19 deaths,epiforecasts-tsensemble,model,2024-03-25,2023/24
covid_archive,archive,COVID-19 deaths,epiforecasts-tsensemble,model,2024-04-01,2023/24
covid_archive,archive,COVID-19 deaths,epiforecasts-tsensemble,model,2024-04-08,2023/24
covid_archive,archive,COVID-19 deaths,epiforecasts-tsensemble,model,2024-04-15,2023/24
covid_archive,archive,COVID-19 deaths,epiforecasts-tsensemble,model,2024-04-22,2023/24
covid_archive,archive,COVID-19 deaths,epiforecasts-tsensemble,model,2024-04-29,2023/24
covid_archive,archive,COVID-19 deaths,epiforecasts-tsensemble,model,2024-05-06,2023/24
covid_archive,archive,COVID-19 deaths,epiforecasts-tsensemble,model,2024-05-20,2023/24
covid_archive,archive,COVID-19 deaths,epiforecasts-tsensemble,model,2024-05-27,2023/24
covid_archive,archive,COVID-19 deaths,epiforecasts-tsensemble,model,2024-06-03,2023/24
covid_archive,archive,COVID-19 deaths,epiforecasts-tsensemble,model,2024-06-10,2023/24
covid_archive,archive,COVID-19 deaths,epiforecasts-tsensemble,model,2024-06-17,2023/24
covid_archive,archive,COVID-19 deaths,epiforecasts-tsensemble,model,2024-06-24,2023/24
covid_archive,archive,COVID-19 deaths,epiforecasts-tsensemble,model,2024-07-01,2023/24
covid_archive,archive,COVID-19 deaths,epiforecasts-tsensemble,model,2024-07-08,2023/24
covid_archive,archive,COVID-19 deaths,epiforecasts-tsensemble,model,2024-07-15,2023/24
covid_archive,archive,COVID-19 deaths,epiforecasts-tsensemble,model,2024-07-22,2023/24
covid_archive,archive,COVID-19 deaths,epiforecasts-tsensemble,model,2024-07-29,2023/24
covid_archive,archive,COVID-19 deaths,epiforecasts-tsensemble,model,2024-08-05,2024/25
covid_archive,archive,COVID-19 deaths,epiforecasts-tsensemble,model,2024-08-12,2024/25
covid_archive,archive,COVID-19 deaths,epiforecasts-tsensemble,model,2024-08-19,2024/25
covid_archive,archive,COVID-19 deaths,epiforecasts-tsensemble,model,2024-08-26,2024/25
covid_archive,archive,COVID-19 deaths,epiforecasts-tsensemble,model,2024-09-02,2024/25
covid_archive,archive,COVID-19 deaths,epiforecasts-weeklygrowth,model,2023-05-08,2022/23
covid_archive,archive,COVID-19 deaths,epiforecasts-weeklygrowth,model,2023-05-22,2022/23
covid_archive,archive,COVID-19 deaths,epiforecasts-weeklygrowth,model,2023-05-29,2022/23
covid_archive,archive,COVID-19 deaths,epiforecasts-weeklygrowth,model,2023-06-05,2022/23
covid_archive,archive,COVID-19 deaths,epiforecasts-weeklygrowth,model,2023-06-12,2022/23
covid_archive,archive,COVID-19 deaths,epiforecasts-weeklygrowth,model,2023-06-19,2022/23
covid_archive,archive,COVID-19 deaths,epiforecasts-weeklygrowth,model,2023-06-26,2022/23
covid_archive,archive,COVID-19 deaths,epiforecasts-weeklygrowth,model,2023-07-03,2022/23
covid_archive,archive,COVID-19 deaths,epiforecasts-weeklygrowth,model,2023-07-10,2022/23
covid_archive,archive,COVID-19 deaths,epiforecasts-weeklygrowth,model,2023-07-17,2022/23
covid_archive,archive,COVID-19 deaths,epiforecasts-weeklygrowth,model,2023-07-24,2022/23
covid_archive,archive,COVID-19 deaths,epiforecasts-weeklygrowth,model,2023-07-31,2022/23
covid_archive,archive,COVID-19 deaths,epiforecasts-weeklygrowth,model,2023-08-07,2023/24
covid_archive,archive,COVID-19 deaths,epiforecasts-weeklygrowth,model,2023-08-14,2023/24
covid_archive,archive,COVID-19 deaths,epiforecasts-weeklygrowth,model,2023-08-21,2023/24
covid_archive,archive,COVID-19 deaths,epiforecasts-weeklygrowth,model,2023-08-28,2023/24
covid_archive,archive,COVID-19 deaths,epiforecasts-weeklygrowth,model,2023-09-04,2023/24
covid_archive,archive,COVID-19 deaths,epiforecasts-weeklygrowth,model,2023-09-11,2023/24
covid_archive,archive,COVID-19 deaths,epiforecasts-weeklygrowth,model,2023-09-18,2023/24
covid_archive,archive,COVID-19 deaths,epiforecasts-weeklygrowth,model,2023-09-25,2023/24
covid_archive,archive,COVID-19 deaths,epiforecasts-weeklygrowth,model,2023-10-02,2023/24
covid_archive,archive,COVID-19 deaths,epiforecasts-weeklygrowth,model,2023-10-09,2023/24
covid_archive,archive,COVID-19 deaths,epiforecasts-weeklygrowth,model,2023-10-16,2023/24
covid_archive,archive,COVID-19 deaths,epiforecasts-weeklygrowth,model,2023-10-23,2023/24
covid_archive,archive,COVID-19 deaths,epiforecasts-weeklygrowth,model,2023-10-30,2023/24
covid_archive,archive,COVID-19 deaths,epiforecasts-weeklygrowth,model,2023-11-06,2023/24
covid_archive,archive,COVID-19 deaths,epiforecasts-weeklygrowth,model,2023-12-11,2023/24
covid_archive,archive,COVID-19 deaths,epiforecasts-weeklygrowth,model,2023-12-18,2023/24
covid_archive,archive,COVID-19 deaths,epiforecasts-weeklygrowth,model,2024-01-01,2023/24
covid_archive,archive,COVID-19 deaths,fjordhest-ensemble,model,2023-03-06,2022/23
covid_archive,archive,COVID-19 deaths,fjordhest-ensemble,model,2023-03-13,2022/23
covid_archive,archive,COVID-19 deaths,fjordhest-ensemble,model,2023-03-20,2022/23
covid_archive,archive,COVID-19 deaths,fjordhest-ensemble,model,2023-03-27,2022/23
covid_archive,archive,COVID-19 deaths,fjordhest-ensemble,model,2023-04-03,2022/23
covid_archive,archive,COVID-19 deaths,fjordhest-ensemble,model,2023-04-10,2022/23
covid_archive,archive,COVID-19 deaths,fjordhest-ensemble,model,2023-04-17,2022/23
covid_archive,archive,COVID-19 deaths,fjordhest-ensemble,model,2023-04-24,2022/23
covid_archive,archive,COVID-19 deaths,fjordhest-ensemble,model,2023-05-01,2022/23
covid_archive,archive,COVID-19 deaths,fjordhest-ensemble,model,2023-05-08,2022/23
covid_archive,archive,COVID-19 deaths,fjordhest-ensemble,model,2023-05-15,2022/23
covid_archive,archive,COVID-19 deaths,fjordhest-ensemble,model,2023-05-22,2022/23
covid_archive,archive,COVID-19 deaths,fjordhest-ensemble,model,2023-05-29,2022/23
covid_archive,archive,COVID-19 deaths,fjordhest-ensemble,model,2023-06-05,2022/23
covid_archive,archive,COVID-19 deaths,fjordhest-ensemble,model,2023-06-12,2022/23
covid_archive,archive,COVID-19 deaths,fjordhest-ensemble,model,2023-06-19,2022/23
covid_archive,archive,COVID-19 deaths,fjordhest-ensemble,model,2023-06-26,2022/23
covid_archive,archive,COVID-19 deaths,fjordhest-ensemble,model,2023-07-03,2022/23
covid_archive,archive,COVID-19 deaths,fjordhest-ensemble,model,2023-07-10,2022/23
covid_archive,archive,COVID-19 deaths,fjordhest-ensemble,model,2023-07-17,2022/23
covid_archive,archive,COVID-19 deaths,fjordhest-ensemble,model,2023-07-24,2022/23
covid_archive,archive,COVID-19 deaths,fjordhest-ensemble,model,2023-07-31,2022/23
covid_archive,archive,COVID-19 deaths,fjordhest-ensemble,model,2023-08-07,2023/24
covid_archive,archive,COVID-19 deaths,fjordhest-ensemble,model,2023-08-14,2023/24
covid_archive,archive,COVID-19 deaths,fjordhest-ensemble,model,2023-08-21,2023/24
covid_archive,archive,COVID-19 deaths,fjordhest-ensemble,model,2023-08-28,2023/24
covid_archive,archive,COVID-19 deaths,fjordhest-ensemble,model,2023-09-04,2023/24
covid_archive,archive,COVID-19 deaths,fjordhest-ensemble,model,2023-09-11,2023/24
covid_archive,archive,COVID-19 deaths,fjordhest-ensemble,model,2023-09-18,2023/24
covid_archive,archive,COVID-19 deaths,fjordhest-ensemble,model,2023-09-25,2023/24
covid_archive,archive,COVID-19 deaths,fjordhest-ensemble,model,2023-10-02,2023/24
covid_archive,archive,COVID-19 deaths,fjordhest-ensemble,model,2023-10-09,2023/24
covid_archive,archive,COVID-19 deaths,fjordhest-ensemble,model,2023-10-16,2023/24
covid_archive,archive,COVID-19 deaths,fjordhest-ensemble,model,2023-10-23,2023/24
covid_archive,archive,COVID-19 deaths,fjordhest-ensemble,model,2023-10-30,2023/24
covid_archive,archive,COVID-19 deaths,fjordhest-ensemble,model,2023-11-06,2023/24
covid_archive,archive,COVID-19 deaths,fjordhest-ensemble,model,2023-11-13,2023/24
covid_archive,archive,COVID-19 deaths,fjordhest-ensemble,model,2023-11-20,2023/24
covid_archive,archive,COVID-19 deaths,fjordhest-ensemble,model,2023-11-27,2023/24
covid_archive,archive,COVID-19 deaths,fjordhest-ensemble,model,2023-12-04,2023/24
covid_archive,archive,COVID-19 deaths,fjordhest-ensemble,model,2023-12-11,2023/24
covid_archive,archive,COVID-19 deaths,fjordhest-ensemble,model,2023-12-25,2023/24
covid_archive,archive,COVID-19 deaths,fjordhest-ensemble,model,2024-01-08,2023/24
covid_archive,archive,COVID-19 deaths,fjordhest-ensemble,model,2024-01-15,2023/24
covid_archive,archive,COVID-19 deaths,fjordhest-ensemble,model,2024-01-22,2023/24
covid_archive,archive,COVID-19 deaths,fjordhest-ensemble,model,2024-01-29,2023/24
covid_archive,archive,COVID-19 deaths,fjordhest-ensemble,model,2024-02-05,2023/24
covid_archive,archive,COVID-19 deaths,fjordhest-ensemble,model,2024-02-12,2023/24
covid_archive,archive,COVID-19 deaths,fjordhest-ensemble,model,2024-02-19,2023/24
covid_archive,archive,COVID-19 deaths,fjordhest-ensemble,model,2024-02-26,2023/24
covid_archive,archive,COVID-19 deaths,fjordhest-ensemble,model,2024-03-04,2023/24
covid_archive,archive,COVID-19 deaths,fjordhest-ensemble,model,2024-03-11,2023/24
covid_archive,archive,COVID-19 deaths,fjordhest-ensemble,model,2024-03-18,2023/24
covid_archive,archive,COVID-19 deaths,fjordhest-ensemble,model,2024-03-25,2023/24
covid_archive,archive,COVID-19 deaths,fjordhest-ensemble,model,2024-04-08,2023/24
covid_archive,archive,COVID-19 deaths,fjordhest-ensemble,model,2024-04-15,2023/24
covid_archive,archive,COVID-19 deaths,fjordhest-ensemble,model,2024-04-22,2023/24
covid_archive,archive,COVID-19 deaths,fjordhest-ensemble,model,2024-04-29,2023/24
covid_archive,archive,COVID-19 deaths,itwm-dSEIR,model,2021-02-15,2020/21
covid_archive,archive,COVID-19 deaths,itwm-dSEIR,model,2021-02-22,2020/21
covid_archive,archive,COVID-19 deaths,itwm-dSEIR,model,2021-03-01,2020/21
covid_archive,archive,COVID-19 deaths,itwm-dSEIR,model,2021-03-08,2020/21
covid_archive,archive,COVID-19 deaths,itwm-dSEIR,model,2021-03-15,2020/21
covid_archive,archive,COVID-19 deaths,itwm-dSEIR,model,2021-03-22,2020/21
covid_archive,archive,COVID-19 deaths,itwm-dSEIR,model,2021-03-29,2020/21
covid_archive,archive,COVID-19 deaths,itwm-dSEIR,model,2021-04-05,2020/21
covid_archive,archive,COVID-19 deaths,itwm-dSEIR,model,2021-04-12,2020/21
covid_archive,archive,COVID-19 deaths,itwm-dSEIR,model,2021-04-19,2020/21
covid_archive,archive,COVID-19 deaths,itwm-dSEIR,model,2021-04-26,2020/21
covid_archive,archive,COVID-19 deaths,itwm-dSEIR,model,2021-05-03,2020/21
covid_archive,archive,COVID-19 deaths,itwm-dSEIR,model,2021-05-10,2020/21
covid_archive,archive,COVID-19 deaths,itwm-dSEIR,model,2021-05-17,2020/21
covid_archive,archive,COVID-19 deaths,itwm-dSEIR,model,2021-05-24,2020/21
covid_archive,archive,COVID-19 deaths,itwm-dSEIR,model,2021-05-31,2020/21
covid_archive,archive,COVID-19 deaths,itwm-dSEIR,model,2021-06-07,2020/21
covid_archive,archive,COVID-19 deaths,itwm-dSEIR,model,2021-06-14,2020/21
covid_archive,archive,COVID-19 deaths,itwm-dSEIR,model,2021-06-21,2020/21
covid_archive,archive,COVID-19 deaths,itwm-dSEIR,model,2021-06-28,2020/21
covid_archive,archive,COVID-19 deaths,itwm-dSEIR,model,2021-07-05,2020/21
covid_archive,archive,COVID-19 deaths,itwm-dSEIR,model,2021-07-12,2020/21
covid_archive,archive,COVID-19 deaths,itwm-dSEIR,model,2021-07-19,2020/21
covid_archive,archive,COVID-19 deaths,itwm-dSEIR,model,2021-07-26,2020/21
covid_archive,archive,COVID-19 deaths,itwm-dSEIR,model,2021-08-02,2021/22
covid_archive,archive,COVID-19 deaths,itwm-dSEIR,model,2021-08-09,2021/22
covid_archive,archive,COVID-19 deaths,itwm-dSEIR,model,2021-08-16,2021/22
covid_archive,archive,COVID-19 deaths,itwm-dSEIR,model,2021-08-23,2021/22
covid_archive,archive,COVID-19 deaths,itwm-dSEIR,model,2021-08-30,2021/22
covid_archive,archive,COVID-19 deaths,itwm-dSEIR,model,2021-09-06,2021/22
covid_archive,archive,COVID-19 deaths,itwm-dSEIR,model,2021-09-13,2021/22
covid_archive,archive,COVID-19 deaths,itwm-dSEIR,model,2021-09-20,2021/22
covid_archive,archive,COVID-19 deaths,itwm-dSEIR,model,2021-09-27,2021/22
covid_archive,archive,COVID-19 deaths,itwm-dSEIR,model,2021-10-04,2021/22
covid_archive,archive,COVID-19 deaths,itwm-dSEIR,model,2021-10-11,2021/22
covid_archive,archive,COVID-19 deaths,itwm-dSEIR,model,2021-10-18,2021/22
covid_archive,archive,COVID-19 deaths,itwm-dSEIR,model,2021-10-25,2021/22
covid_archive,archive,COVID-19 deaths,itwm-dSEIR,model,2021-11-01,2021/22
covid_archive,archive,COVID-19 deaths,itwm-dSEIR,model,2021-11-08,2021/22
covid_archive,archive,COVID-19 deaths,itwm-dSEIR,model,2021-11-15,2021/22
covid_archive,archive,COVID-19 deaths,itwm-dSEIR,model,2021-11-22,2021/22
covid_archive,archive,COVID-19 deaths,itwm-dSEIR,model,2021-11-29,2021/22
covid_archive,archive,COVID-19 deaths,itwm-dSEIR,model,2021-12-06,2021/22
covid_archive,archive,COVID-19 deaths,itwm-dSEIR,model,2021-12-13,2021/22
covid_archive,archive,COVID-19 deaths,itwm-dSEIR,model,2021-12-20,2021/22
covid_archive,archive,COVID-19 deaths,itwm-dSEIR,model,2021-12-27,2021/22
covid_archive,archive,COVID-19 deaths,itwm-dSEIR,model,2022-01-03,2021/22
covid_archive,archive,COVID-19 deaths,itwm-dSEIR,model,2022-01-10,2021/22
covid_archive,archive,COVID-19 deaths,itwm-dSEIR,model,2022-01-17,2021/22
covid_archive,archive,COVID-19 deaths,itwm-dSEIR,model,2022-01-24,2021/22
covid_archive,archive,COVID-19 deaths,itwm-dSEIR,model,2022-01-31,2021/22
covid_archive,archive,COVID-19 deaths,itwm-dSEIR,model,2022-02-07,2021/22
covid_archive,archive,COVID-19 deaths,itwm-dSEIR,model,2022-02-14,2021/22
covid_archive,archive,COVID-19 deaths,itwm-dSEIR,model,2022-02-21,2021/22
covid_archive,archive,COVID-19 deaths,itwm-dSEIR,model,2022-02-28,2021/22
covid_archive,archive,COVID-19 deaths,itwm-dSEIR,model,2022-03-07,2021/22
covid_archive,archive,COVID-19 deaths,itwm-dSEIR,model,2022-03-14,2021/22
covid_archive,archive,COVID-19 deaths,itwm-dSEIR,model,2022-03-21,2021/22
covid_archive,archive,COVID-19 deaths,itwm-dSEIR,model,2022-03-28,2021/22
covid_archive,archive,COVID-19 deaths,itwm-dSEIR,model,2022-04-04,2021/22
covid_archive,archive,COVID-19 deaths,itwm-dSEIR,model,2022-04-11,2021/22
covid_archive,archive,COVID-19 deaths,itwm-dSEIR,model,2022-04-18,2021/22
covid_archive,archive,COVID-19 deaths,itwm-dSEIR,model,2022-04-25,2021/22
covid_archive,archive,COVID-19 deaths,itwm-dSEIR,model,2022-05-02,2021/22
covid_archive,archive,COVID-19 deaths,itwm-dSEIR,model,2022-05-09,2021/22
covid_archive,archive,COVID-19 deaths,itwm-dSEIR,model,2022-05-16,2021/22
covid_archive,archive,COVID-19 deaths,itwm-dSEIR,model,2022-05-23,2021/22
covid_archive,archive,COVID-19 deaths,itwm-dSEIR,model,2022-05-30,2021/22
covid_archive,archive,COVID-19 deaths,itwm-dSEIR,model,2022-06-06,2021/22
covid_archive,archive,COVID-19 deaths,itwm-dSEIR,model,2022-06-13,2021/22
covid_archive,archive,COVID-19 deaths,itwm-dSEIR,model,2022-06-20,2021/22
covid_archive,archive,COVID-19 deaths,itwm-dSEIR,model,2022-06-27,2021/22
covid_archive,archive,COVID-19 deaths,itwm-dSEIR,model,2022-07-04,2021/22
covid_archive,archive,COVID-19 deaths,itwm-dSEIR,model,2022-07-11,2021/22
covid_archive,archive,COVID-19 deaths,itwm-dSEIR,model,2022-07-18,2021/22
covid_archive,archive,COVID-19 deaths,itwm-dSEIR,model,2022-07-25,2021/22
covid_archive,archive,COVID-19 deaths,itwm-dSEIR,model,2022-08-01,2022/23
covid_archive,archive,COVID-19 deaths,itwm-dSEIR,model,2022-08-08,2022/23
covid_archive,archive,COVID-19 deaths,itwm-dSEIR,model,2022-08-15,2022/23
covid_archive,archive,COVID-19 deaths,itwm-dSEIR,model,2022-08-22,2022/23
covid_archive,archive,COVID-19 deaths,itwm-dSEIR,model,2022-08-29,2022/23
covid_archive,archive,COVID-19 deaths,itwm-dSEIR,model,2022-09-05,2022/23
covid_archive,archive,COVID-19 deaths,itwm-dSEIR,model,2022-09-12,2022/23
covid_archive,archive,COVID-19 deaths,itwm-dSEIR,model,2022-09-19,2022/23
covid_archive,archive,COVID-19 deaths,itwm-dSEIR,model,2022-09-26,2022/23
covid_archive,archive,COVID-19 deaths,itwm-dSEIR,model,2022-10-03,2022/23
covid_archive,archive,COVID-19 deaths,itwm-dSEIR,model,2022-10-10,2022/23
covid_archive,archive,COVID-19 deaths,itwm-dSEIR,model,2022-10-17,2022/23
covid_archive,archive,COVID-19 deaths,itwm-dSEIR,model,2022-10-24,2022/23
covid_archive,archive,COVID-19 deaths,itwm-dSEIR,model,2022-10-31,2022/23
covid_archive,archive,COVID-19 deaths,itwm-dSEIR,model,2022-11-07,2022/23
covid_archive,archive,COVID-19 deaths,itwm-dSEIR,model,2022-11-14,2022/23
covid_archive,archive,COVID-19 deaths,itwm-dSEIR,model,2022-11-21,2022/23
covid_archive,archive,COVID-19 deaths,itwm-dSEIR,model,2022-11-28,2022/23
covid_archive,archive,COVID-19 deaths,itwm-dSEIR,model,2022-12-05,2022/23
covid_archive,archive,COVID-19 deaths,itwm-dSEIR,model,2022-12-12,2022/23
covid_archive,archive,COVID-19 deaths,itwm-dSEIR,model,2022-12-19,2022/23
covid_archive,archive,COVID-19 deaths,itwm-dSEIR,model,2023-01-02,2022/23
covid_archive,archive,COVID-19 deaths,itwm-dSEIR,model,2023-01-09,2022/23
covid_archive,archive,COVID-19 deaths,itwm-dSEIR,model,2023-01-16,2022/23
covid_archive,archive,COVID-19 deaths,itwm-dSEIR,model,2023-01-23,2022/23
covid_archive,archive,COVID-19 deaths,itwm-dSEIR,model,2023-01-30,2022/23
covid_archive,archive,COVID-19 deaths,itwm-dSEIR,model,2023-02-06,2022/23
covid_archive,archive,COVID-19 deaths,itwm-dSEIR,model,2023-02-13,2022/23
covid_archive,archive,COVID-19 deaths,itwm-dSEIR,model,2023-02-20,2022/23
covid_archive,archive,COVID-19 deaths,itwm-dSEIR,model,2023-02-27,2022/23
covid_archive,archive,COVID-19 deaths,itwm-dSEIR,model,2023-03-06,2022/23
covid_archive,archive,COVID-19 deaths,itwm-dSEIR,model,2023-03-13,2022/23
covid_archive,archive,COVID-19 deaths,prolix-euclidean,model,2022-01-03,2021/22
covid_archive,archive,COVID-19 deaths,prolix-euclidean,model,2022-01-10,2021/22
covid_archive,archive,COVID-19 deaths,prolix-euclidean,model,2022-01-17,2021/22
covid_archive,archive,COVID-19 deaths,prolix-euclidean,model,2022-01-24,2021/22
covid_archive,archive,COVID-19 deaths,prolix-euclidean,model,2022-01-31,2021/22
covid_archive,archive,COVID-19 deaths,prolix-euclidean,model,2022-02-07,2021/22
covid_archive,archive,COVID-19 deaths,prolix-euclidean,model,2022-02-14,2021/22
covid_archive,archive,COVID-19 deaths,prolix-euclidean,model,2022-02-21,2021/22
covid_archive,archive,COVID-19 deaths,prolix-euclidean,model,2022-02-28,2021/22
covid_archive,archive,COVID-19 deaths,prolix-euclidean,model,2022-03-07,2021/22
covid_archive,archive,COVID-19 deaths,prolix-euclidean,model,2022-03-14,2021/22
covid_archive,archive,COVID-19 deaths,prolix-euclidean,model,2022-03-21,2021/22
covid_archive,archive,COVID-19 deaths,prolix-euclidean,model,2022-03-28,2021/22
covid_archive,archive,COVID-19 deaths,prolix-euclidean,model,2022-04-04,2021/22
covid_archive,archive,COVID-19 deaths,prolix-euclidean,model,2022-04-11,2021/22
covid_archive,archive,COVID-19 deaths,prolix-euclidean,model,2022-04-18,2021/22
covid_archive,archive,COVID-19 deaths,prolix-euclidean,model,2022-04-25,2021/22
covid_archive,archive,COVID-19 deaths,prolix-euclidean,model,2022-05-02,2021/22
covid_archive,archive,COVID-19 deaths,prolix-euclidean,model,2022-05-09,2021/22
covid_archive,archive,COVID-19 deaths,prolix-euclidean,model,2022-05-16,2021/22
covid,current,COVID-19 hospitalisations,ECDC-CM_THREE,model,2025-08-18,2025/26
covid,current,COVID-19 hospitalisations,ECDC-CM_THREE,model,2025-08-25,2025/26
covid,current,COVID-19 hospitalisations,ECDC-CM_THREE,model,2025-09-01,2025/26
covid,current,COVID-19 hospitalisations,ECDC-CM_THREE,model,2025-09-08,2025/26
covid,current,COVID-19 hospitalisations,ECDC-CM_THREE,model,2025-09-15,2025/26
covid,current,COVID-19 hospitalisations,ECDC-CM_THREE,model,2025-09-22,2025/26
covid,current,COVID-19 hospitalisations,ECDC-CM_THREE,model,2025-09-29,2025/26
covid,current,COVID-19 hospitalisations,ECDC-CM_THREE,model,2025-10-06,2025/26
covid,current,COVID-19 hospitalisations,ECDC-CM_THREE,model,2025-10-13,2025/26
covid,current,COVID-19 hospitalisations,ECDC-CM_THREE,model,2025-10-20,2025/26
covid,current,COVID-19 hospitalisations,ECDC-CM_THREE,model,2025-10-27,2025/26
covid,current,COVID-19 hospitalisations,ECDC-CM_THREE,model,2025-11-03,2025/26
covid,current,COVID-19 hospitalisations,ECDC-CM_THREE,model,2025-11-10,2025/26
covid,current,COVID-19 hospitalisations,ECDC-CM_THREE,model,2025-11-17,2025/26
covid,current,COVID-19 hospitalisations,ECDC-CM_THREE,model,2025-11-24,2025/26
covid,current,COVID-19 hospitalisations,ECDC-CM_THREE,model,2025-12-01,2025/26
covid,current,COVID-19 hospitalisations,ECDC-CM_THREE,model,2025-12-08,2025/26
covid,current,COVID-19 hospitalisations,ECDC-CM_THREE,model,2025-12-15,2025/26
covid,current,COVID-19 hospitalisations,ECDC-CM_THREE,model,2025-12-22,2025/26
covid,current,COVID-19 hospitalisations,ECDC-CM_THREE,model,2026-01-12,2025/26
covid,current,COVID-19 hospitalisations,ECDC-CM_THREE,model,2026-01-19,2025/26
covid,current,COVID-19 hospitalisations,ECDC-CM_THREE,model,2026-01-26,2025/26
covid,current,COVID-19 hospitalisations,ECDC-CM_THREE,model,2026-02-02,2025/26
covid,current,COVID-19 hospitalisations,ECDC-CM_THREE,model,2026-02-09,2025/26
covid,current,COVID-19 hospitalisations,ECDC-CM_THREE,model,2026-02-16,2025/26
covid,current,COVID-19 hospitalisations,ECDC-CM_THREE,model,2026-02-23,2025/26
covid,current,COVID-19 hospitalisations,ECDC-CM_THREE,model,2026-03-02,2025/26
covid,current,COVID-19 hospitalisations,ECDC-CM_THREE,model,2026-03-09,2025/26
covid,current,COVID-19 hospitalisations,ECDC-CM_THREE,model,2026-03-16,2025/26
covid,current,COVID-19 hospitalisations,ECDC-CM_THREE,model,2026-03-23,2025/26
covid,current,COVID-19 hospitalisations,ECDC-CM_THREE,model,2026-03-30,2025/26
covid,current,COVID-19 hospitalisations,ECDC-CM_THREE,model,2026-04-06,2025/26
covid,current,COVID-19 hospitalisations,ECDC-CM_THREE,model,2026-04-13,2025/26
covid,current,COVID-19 hospitalisations,ECDC-CM_THREE,model,2026-04-20,2025/26
covid,current,COVID-19 hospitalisations,ECDC-CM_THREE,model,2026-04-27,2025/26
covid,current,COVID-19 hospitalisations,ECDC-CM_THREE,model,2026-05-04,2025/26
covid,current,COVID-19 hospitalisations,ECDC-CM_THREE,model,2026-05-18,2025/26
covid,current,COVID-19 hospitalisations,ECDC-CM_THREE,model,2026-05-25,2025/26
covid,current,COVID-19 hospitalisations,ECDC-CM_TWO_H,model,2024-11-11,2024/25
covid,current,COVID-19 hospitalisations,ECDC-CM_TWO_H,model,2024-11-18,2024/25
covid,current,COVID-19 hospitalisations,ECDC-CM_TWO_H,model,2024-11-25,2024/25
covid,current,COVID-19 hospitalisations,ECDC-CM_TWO_H,model,2024-12-02,2024/25
covid,current,COVID-19 hospitalisations,ECDC-CM_TWO_H,model,2024-12-09,2024/25
covid,current,COVID-19 hospitalisations,ECDC-CM_TWO_H,model,2024-12-16,2024/25
covid,current,COVID-19 hospitalisations,ECDC-CM_TWO_H,model,2024-12-23,2024/25
covid,current,COVID-19 hospitalisations,ECDC-CM_TWO_H,model,2025-01-06,2024/25
covid,current,COVID-19 hospitalisations,ECDC-CM_TWO_H,model,2025-01-13,2024/25
covid,current,COVID-19 hospitalisations,ECDC-CM_TWO_H,model,2025-01-20,2024/25
covid,current,COVID-19 hospitalisations,ECDC-CM_TWO_H,model,2025-01-27,2024/25
covid,current,COVID-19 hospitalisations,ECDC-CM_TWO_H,model,2025-02-03,2024/25
covid,current,COVID-19 hospitalisations,ECDC-CM_TWO_H,model,2025-02-10,2024/25
covid,current,COVID-19 hospitalisations,ECDC-CM_TWO_H,model,2025-02-17,2024/25
covid,current,COVID-19 hospitalisations,ECDC-CM_TWO_H,model,2025-02-24,2024/25
covid,current,COVID-19 hospitalisations,ECDC-CM_TWO_H,model,2025-03-03,2024/25
covid,current,COVID-19 hospitalisations,ECDC-CM_TWO_H,model,2025-03-10,2024/25
covid,current,COVID-19 hospitalisations,ECDC-CM_TWO_H,model,2025-03-17,2024/25
covid,current,COVID-19 hospitalisations,ECDC-CM_TWO_H,model,2025-03-24,2024/25
covid,current,COVID-19 hospitalisations,ECDC-CM_TWO_H,model,2025-03-31,2024/25
covid,current,COVID-19 hospitalisations,ECDC-CM_TWO_H,model,2025-04-07,2024/25
covid,current,COVID-19 hospitalisations,ECDC-CM_TWO_H,model,2025-04-14,2024/25
covid,current,COVID-19 hospitalisations,ECDC-CM_TWO_H,model,2025-04-21,2024/25
covid,current,COVID-19 hospitalisations,ECDC-CM_TWO_H,model,2025-04-28,2024/25
covid,current,COVID-19 hospitalisations,ECDC-CM_TWO_H,model,2025-05-05,2024/25
covid,current,COVID-19 hospitalisations,ECDC-CM_TWO_H,model,2025-05-12,2024/25
covid,current,COVID-19 hospitalisations,ECDC-CM_TWO_H,model,2025-05-19,2024/25
covid,current,COVID-19 hospitalisations,ECDC-CM_TWO_H,model,2025-05-26,2024/25
covid,current,COVID-19 hospitalisations,ECDC-CM_TWO_H,model,2025-06-09,2024/25
covid,current,COVID-19 hospitalisations,ECDC-CM_TWO_H,model,2025-06-16,2024/25
covid,current,COVID-19 hospitalisations,ECDC-CM_TWO_H,model,2025-06-23,2024/25
covid,current,COVID-19 hospitalisations,ECDC-CM_TWO_H,model,2025-06-30,2024/25
covid,current,COVID-19 hospitalisations,ECDC-CM_TWO_H,model,2025-07-07,2024/25
covid,current,COVID-19 hospitalisations,ECDC-CM_TWO_H,model,2025-07-14,2024/25
covid,current,COVID-19 hospitalisations,ECDC-CM_TWO_H,model,2025-07-21,2024/25
covid,current,COVID-19 hospitalisations,ECDC-CM_TWO_H,model,2025-07-28,2024/25
covid,current,COVID-19 hospitalisations,ECDC-CM_TWO_H,model,2025-08-04,2025/26
covid,current,COVID-19 hospitalisations,ECDC-CM_TWO_H,model,2025-08-11,2025/26
covid,current,COVID-19 hospitalisations,ECDC-CM_TWO_H,model,2025-08-18,2025/26
covid,current,COVID-19 hospitalisations,ECDC-CM_TWO_H,model,2025-08-25,2025/26
covid,current,COVID-19 hospitalisations,ECDC-CM_TWO_H,model,2025-09-01,2025/26
covid,current,COVID-19 hospitalisations,ECDC-CM_TWO_H,model,2025-09-08,2025/26
covid,current,COVID-19 hospitalisations,ECDC-CM_TWO_H,model,2025-09-15,2025/26
covid,current,COVID-19 hospitalisations,ECDC-CM_TWO_H,model,2025-09-22,2025/26
covid,current,COVID-19 hospitalisations,ECDC-CM_TWO_HC,model,2024-11-11,2024/25
covid,current,COVID-19 hospitalisations,ECDC-CM_TWO_HC,model,2024-11-18,2024/25
covid,current,COVID-19 hospitalisations,ECDC-CM_TWO_HC,model,2024-11-25,2024/25
covid,current,COVID-19 hospitalisations,ECDC-CM_TWO_HC,model,2024-12-02,2024/25
covid,current,COVID-19 hospitalisations,ECDC-CM_TWO_HC,model,2024-12-09,2024/25
covid,current,COVID-19 hospitalisations,ECDC-CM_TWO_HC,model,2024-12-16,2024/25
covid,current,COVID-19 hospitalisations,ECDC-CM_TWO_HC,model,2024-12-23,2024/25
covid,current,COVID-19 hospitalisations,ECDC-CM_TWO_HC,model,2025-01-06,2024/25
covid,current,COVID-19 hospitalisations,ECDC-CM_TWO_HC,model,2025-01-13,2024/25
covid,current,COVID-19 hospitalisations,ECDC-CM_TWO_HC,model,2025-01-20,2024/25
covid,current,COVID-19 hospitalisations,ECDC-CM_TWO_HC,model,2025-01-27,2024/25
covid,current,COVID-19 hospitalisations,ECDC-CM_TWO_HC,model,2025-02-03,2024/25
covid,current,COVID-19 hospitalisations,ECDC-CM_TWO_HC,model,2025-02-10,2024/25
covid,current,COVID-19 hospitalisations,ECDC-CM_TWO_HC,model,2025-02-17,2024/25
covid,current,COVID-19 hospitalisations,ECDC-CM_TWO_HC,model,2025-02-24,2024/25
covid,current,COVID-19 hospitalisations,ECDC-CM_TWO_HC,model,2025-03-03,2024/25
covid,current,COVID-19 hospitalisations,ECDC-CM_TWO_HC,model,2025-03-10,2024/25
covid,current,COVID-19 hospitalisations,ECDC-CM_TWO_HC,model,2025-03-17,2024/25
covid,current,COVID-19 hospitalisations,ECDC-CM_TWO_HC,model,2025-03-24,2024/25
covid,current,COVID-19 hospitalisations,ECDC-CM_TWO_HC,model,2025-03-31,2024/25
covid,current,COVID-19 hospitalisations,ECDC-CM_TWO_HC,model,2025-04-07,2024/25
covid,current,COVID-19 hospitalisations,ECDC-CM_TWO_HC,model,2025-04-14,2024/25
covid,current,COVID-19 hospitalisations,ECDC-CM_TWO_HC,model,2025-04-21,2024/25
covid,current,COVID-19 hospitalisations,ECDC-CM_TWO_HC,model,2025-04-28,2024/25
covid,current,COVID-19 hospitalisations,ECDC-CM_TWO_HC,model,2025-05-05,2024/25
covid,current,COVID-19 hospitalisations,ECDC-CM_TWO_HC,model,2025-05-12,2024/25
covid,current,COVID-19 hospitalisations,ECDC-CM_TWO_HC,model,2025-05-19,2024/25
covid,current,COVID-19 hospitalisations,ECDC-CM_TWO_HC,model,2025-05-26,2024/25
covid,current,COVID-19 hospitalisations,ECDC-CM_TWO_HC,model,2025-06-09,2024/25
covid,current,COVID-19 hospitalisations,ECDC-CM_TWO_HC,model,2025-06-16,2024/25
covid,current,COVID-19 hospitalisations,ECDC-CM_TWO_HC,model,2025-06-23,2024/25
covid,current,COVID-19 hospitalisations,ECDC-CM_TWO_HC,model,2025-06-30,2024/25
covid,current,COVID-19 hospitalisations,ECDC-CM_TWO_HC,model,2025-07-07,2024/25
covid,current,COVID-19 hospitalisations,ECDC-CM_TWO_HC,model,2025-07-14,2024/25
covid,current,COVID-19 hospitalisations,ECDC-CM_TWO_HC,model,2025-07-21,2024/25
covid,current,COVID-19 hospitalisations,ECDC-CM_TWO_HC,model,2025-07-28,2024/25
covid,current,COVID-19 hospitalisations,ECDC-CM_TWO_HC,model,2025-08-04,2025/26
covid,current,COVID-19 hospitalisations,ECDC-CM_TWO_HC,model,2025-08-11,2025/26
covid,current,COVID-19 hospitalisations,ECDC-CM_TWO_HC,model,2025-08-18,2025/26
covid,current,COVID-19 hospitalisations,ECDC-CM_TWO_HC,model,2025-08-25,2025/26
covid,current,COVID-19 hospitalisations,ECDC-CM_TWO_HC,model,2025-09-01,2025/26
covid,current,COVID-19 hospitalisations,ECDC-CM_TWO_HC,model,2025-09-08,2025/26
covid,current,COVID-19 hospitalisations,ECDC-CM_TWO_HC,model,2025-09-15,2025/26
covid,current,COVID-19 hospitalisations,ECDC-CM_TWO_HC,model,2025-09-22,2025/26
covid,current,COVID-19 hospitalisations,ECDC-SARIMA,model,2024-10-21,2024/25
covid,current,COVID-19 hospitalisations,ECDC-SARIMA,model,2024-10-28,2024/25
covid,current,COVID-19 hospitalisations,ECDC-SARIMA,model,2024-11-04,2024/25
covid,current,COVID-19 hospitalisations,ECDC-SARIMA,model,2024-11-11,2024/25
covid,current,COVID-19 hospitalisations,ECDC-SARIMA,model,2024-11-18,2024/25
covid,current,COVID-19 hospitalisations,ECDC-SARIMA,model,2024-11-25,2024/25
covid,current,COVID-19 hospitalisations,ECDC-SARIMA,model,2024-12-02,2024/25
covid,current,COVID-19 hospitalisations,ECDC-SARIMA,model,2024-12-09,2024/25
covid,current,COVID-19 hospitalisations,ECDC-SARIMA,model,2024-12-16,2024/25
covid,current,COVID-19 hospitalisations,ECDC-SARIMA,model,2024-12-23,2024/25
covid,current,COVID-19 hospitalisations,ECDC-SARIMA,model,2024-12-30,2024/25
covid,current,COVID-19 hospitalisations,ECDC-SARIMA,model,2025-01-06,2024/25
covid,current,COVID-19 hospitalisations,ECDC-SARIMA,model,2025-01-13,2024/25
covid,current,COVID-19 hospitalisations,ECDC-SARIMA,model,2025-01-20,2024/25
covid,current,COVID-19 hospitalisations,ECDC-SARIMA,model,2025-01-27,2024/25
covid,current,COVID-19 hospitalisations,ECDC-SARIMA,model,2025-02-03,2024/25
covid,current,COVID-19 hospitalisations,ECDC-SARIMA,model,2025-02-10,2024/25
covid,current,COVID-19 hospitalisations,ECDC-SARIMA,model,2025-02-17,2024/25
covid,current,COVID-19 hospitalisations,ECDC-SARIMA,model,2025-02-24,2024/25
covid,current,COVID-19 hospitalisations,ECDC-SARIMA,model,2025-03-03,2024/25
covid,current,COVID-19 hospitalisations,ECDC-SARIMA,model,2025-03-10,2024/25
covid,current,COVID-19 hospitalisations,ECDC-SARIMA,model,2025-03-17,2024/25
covid,current,COVID-19 hospitalisations,ECDC-SARIMA,model,2025-03-24,2024/25
covid,current,COVID-19 hospitalisations,ECDC-SARIMA,model,2025-03-31,2024/25
covid,current,COVID-19 hospitalisations,ECDC-SARIMA,model,2025-04-07,2024/25
covid,current,COVID-19 hospitalisations,ECDC-SARIMA,model,2025-04-14,2024/25
covid,current,COVID-19 hospitalisations,ECDC-SARIMA,model,2025-04-21,2024/25
covid,current,COVID-19 hospitalisations,ECDC-SARIMA,model,2025-04-28,2024/25
covid,current,COVID-19 hospitalisations,ECDC-SARIMA,model,2025-05-05,2024/25
covid,current,COVID-19 hospitalisations,ECDC-SARIMA,model,2025-05-12,2024/25
covid,current,COVID-19 hospitalisations,ECDC-SARIMA,model,2025-05-19,2024/25
covid,current,COVID-19 hospitalisations,ECDC-SARIMA,model,2025-05-26,2024/25
covid,current,COVID-19 hospitalisations,ECDC-SARIMA,model,2025-06-02,2024/25
covid,current,COVID-19 hospitalisations,ECDC-SARIMA,model,2025-06-09,2024/25
covid,current,COVID-19 hospitalisations,ECDC-SARIMA,model,2025-06-16,2024/25
covid,current,COVID-19 hospitalisations,ECDC-SARIMA,model,2025-06-23,2024/25
covid,current,COVID-19 hospitalisations,ECDC-SARIMA,model,2025-06-30,2024/25
covid,current,COVID-19 hospitalisations,ECDC-SARIMA,model,2025-07-07,2024/25
covid,current,COVID-19 hospitalisations,ECDC-SARIMA,model,2025-07-14,2024/25
covid,current,COVID-19 hospitalisations,ECDC-SARIMA,model,2025-07-21,2024/25
covid,current,COVID-19 hospitalisations,ECDC-SARIMA,model,2025-07-28,2024/25
covid,current,COVID-19 hospitalisations,ECDC-SARIMA,model,2025-08-04,2025/26
covid,current,COVID-19 hospitalisations,ECDC-SARIMA,model,2025-08-11,2025/26
covid,current,COVID-19 hospitalisations,ECDC-SARIMA,model,2025-08-18,2025/26
covid,current,COVID-19 hospitalisations,ECDC-SARIMA2,model,2025-08-25,2025/26
covid,current,COVID-19 hospitalisations,ECDC-SARIMA2,model,2025-09-01,2025/26
covid,current,COVID-19 hospitalisations,ECDC-SARIMA2,model,2025-09-08,2025/26
covid,current,COVID-19 hospitalisations,ECDC-SARIMA2,model,2025-09-15,2025/26
covid,current,COVID-19 hospitalisations,ECDC-SARIMA2,model,2025-09-22,2025/26
covid,current,COVID-19 hospitalisations,ECDC-SARIMA2,model,2025-09-29,2025/26
covid,current,COVID-19 hospitalisations,ECDC-SARIMA2,model,2025-10-06,2025/26
covid,current,COVID-19 hospitalisations,ECDC-SARIMA2,model,2025-10-13,2025/26
covid,current,COVID-19 hospitalisations,ECDC-SARIMA2,model,2025-10-20,2025/26
covid,current,COVID-19 hospitalisations,ECDC-SARIMA2,model,2025-10-27,2025/26
covid,current,COVID-19 hospitalisations,ECDC-SARIMA2,model,2025-11-03,2025/26
covid,current,COVID-19 hospitalisations,ECDC-SARIMA2,model,2025-11-10,2025/26
covid,current,COVID-19 hospitalisations,ECDC-SARIMA2,model,2025-11-17,2025/26
covid,current,COVID-19 hospitalisations,ECDC-SARIMA2,model,2025-11-24,2025/26
covid,current,COVID-19 hospitalisations,ECDC-SARIMA2,model,2025-12-01,2025/26
covid,current,COVID-19 hospitalisations,ECDC-SARIMA2,model,2025-12-08,2025/26
covid,current,COVID-19 hospitalisations,ECDC-SARIMA2,model,2025-12-15,2025/26
covid,current,COVID-19 hospitalisations,ECDC-SARIMA2,model,2025-12-22,2025/26
covid,current,COVID-19 hospitalisations,ECDC-SARIMA2,model,2025-12-29,2025/26
covid,current,COVID-19 hospitalisations,ECDC-SARIMA2,model,2026-01-05,2025/26
covid,current,COVID-19 hospitalisations,ECDC-SARIMA2,model,2026-01-12,2025/26
covid,current,COVID-19 hospitalisations,ECDC-SARIMA2,model,2026-01-26,2025/26
covid,current,COVID-19 hospitalisations,ECDC-SARIMA2,model,2026-02-02,2025/26
covid,current,COVID-19 hospitalisations,ECDC-SARIMA2,model,2026-02-09,2025/26
covid,current,COVID-19 hospitalisations,ECDC-SARIMA2,model,2026-02-16,2025/26
covid,current,COVID-19 hospitalisations,ECDC-SARIMA2,model,2026-02-23,2025/26
covid,current,COVID-19 hospitalisations,ECDC-SARIMA2,model,2026-03-02,2025/26
covid,current,COVID-19 hospitalisations,ECDC-SARIMA2,model,2026-03-09,2025/26
covid,current,COVID-19 hospitalisations,ECDC-SARIMA2,model,2026-03-16,2025/26
covid,current,COVID-19 hospitalisations,ECDC-SARIMA2,model,2026-03-23,2025/26
covid,current,COVID-19 hospitalisations,ECDC-SARIMA2,model,2026-03-30,2025/26
covid,current,COVID-19 hospitalisations,ECDC-SARIMA2,model,2026-04-06,2025/26
covid,current,COVID-19 hospitalisations,ECDC-SARIMA2,model,2026-04-13,2025/26
covid,current,COVID-19 hospitalisations,ECDC-SARIMA2,model,2026-04-20,2025/26
covid,current,COVID-19 hospitalisations,ECDC-SARIMA2,model,2026-04-27,2025/26
covid,current,COVID-19 hospitalisations,ECDC-SARIMA2,model,2026-05-04,2025/26
covid,current,COVID-19 hospitalisations,ECDC-SARIMA2,model,2026-05-11,2025/26
covid,current,COVID-19 hospitalisations,ECDC-SARIMA2,model,2026-05-18,2025/26
covid,current,COVID-19 hospitalisations,ECDC-SARIMA2,model,2026-05-25,2025/26
covid,current,COVID-19 hospitalisations,ECDC-SARIMA2,model,2026-06-01,2025/26
covid,current,COVID-19 hospitalisations,ECDC-SARIMA2,model,2026-06-08,2025/26
covid,current,COVID-19 hospitalisations,ECDC-SARIMA2,model,2026-06-15,2025/26
covid_archive,archive,COVID-19 hospitalisations,ECDC-hosp_model,model,2021-10-11,2021/22
covid_archive,archive,COVID-19 hospitalisations,ECDC-hosp_model,model,2021-10-18,2021/22
covid_archive,archive,COVID-19 hospitalisations,ECDC-hosp_model,model,2021-10-25,2021/22
covid_archive,archive,COVID-19 hospitalisations,ECDC-hosp_model,model,2021-11-01,2021/22
covid_archive,archive,COVID-19 hospitalisations,ECDC-hosp_model,model,2021-11-08,2021/22
covid_archive,archive,COVID-19 hospitalisations,ECDC-hosp_model,model,2021-11-22,2021/22
covid_archive,archive,COVID-19 hospitalisations,ECDC-hosp_model,model,2021-11-29,2021/22
covid_archive,archive,COVID-19 hospitalisations,ECDC-hosp_model,model,2021-12-06,2021/22
covid_archive,archive,COVID-19 hospitalisations,ECDC-hosp_model,model,2021-12-13,2021/22
covid_archive,archive,COVID-19 hospitalisations,ECDC-hosp_model,model,2021-12-20,2021/22
covid_archive,archive,COVID-19 hospitalisations,ECDC-norrsken_green,model,2023-12-18,2023/24
covid_archive,archive,COVID-19 hospitalisations,ECDC-norrsken_green,model,2023-12-25,2023/24
covid_archive,archive,COVID-19 hospitalisations,ECDC-norrsken_green,model,2024-01-01,2023/24
covid_archive,archive,COVID-19 hospitalisations,ECDC-norrsken_green,model,2024-01-08,2023/24
covid_archive,archive,COVID-19 hospitalisations,ECDC-norrsken_green,model,2024-01-15,2023/24
covid_archive,archive,COVID-19 hospitalisations,ECDC-norrsken_green,model,2024-01-22,2023/24
covid_archive,archive,COVID-19 hospitalisations,ECDC-norrsken_green,model,2024-01-29,2023/24
covid_archive,archive,COVID-19 hospitalisations,ECDC-norrsken_green,model,2024-02-05,2023/24
covid_archive,archive,COVID-19 hospitalisations,ECDC-norrsken_green,model,2024-02-12,2023/24
covid_archive,archive,COVID-19 hospitalisations,ECDC-norrsken_green,model,2024-02-19,2023/24
covid_archive,archive,COVID-19 hospitalisations,ECDC-norrsken_green,model,2024-02-26,2023/24
covid_archive,archive,COVID-19 hospitalisations,ECDC-norrsken_green,model,2024-03-04,2023/24
covid_archive,archive,COVID-19 hospitalisations,ECDC-norrsken_green,model,2024-03-11,2023/24
covid_archive,archive,COVID-19 hospitalisations,ECDC-norrsken_green,model,2024-03-18,2023/24
covid_archive,archive,COVID-19 hospitalisations,ECDC-norrsken_green,model,2024-03-25,2023/24
covid_archive,archive,COVID-19 hospitalisations,ECDC-norrsken_green,model,2024-04-01,2023/24
covid_archive,archive,COVID-19 hospitalisations,ECDC-norrsken_green,model,2024-04-08,2023/24
covid_archive,archive,COVID-19 hospitalisations,ECDC-norrsken_green,model,2024-04-15,2023/24
covid_archive,archive,COVID-19 hospitalisations,ECDC-norrsken_green,model,2024-04-22,2023/24
covid_archive,archive,COVID-19 hospitalisations,ECDC-norrsken_green,model,2024-04-29,2023/24
covid_archive,archive,COVID-19 hospitalisations,ECDC-norrsken_green,model,2024-05-06,2023/24
covid_archive,archive,COVID-19 hospitalisations,ECDC-norrsken_green,model,2024-06-03,2023/24
covid_archive,archive,COVID-19 hospitalisations,ECDC-soca_simplex,model,2024-02-19,2023/24
covid_archive,archive,COVID-19 hospitalisations,ECDC-soca_simplex,model,2024-02-26,2023/24
covid_archive,archive,COVID-19 hospitalisations,ECDC-soca_simplex,model,2024-03-04,2023/24
covid_archive,archive,COVID-19 hospitalisations,ECDC-soca_simplex,model,2024-03-11,2023/24
covid_archive,archive,COVID-19 hospitalisations,ECDC-soca_simplex,model,2024-03-18,2023/24
covid_archive,archive,COVID-19 hospitalisations,ECDC-soca_simplex,model,2024-03-25,2023/24
covid_archive,archive,COVID-19 hospitalisations,ECDC-soca_simplex,model,2024-04-08,2023/24
covid_archive,archive,COVID-19 hospitalisations,ECDC-soca_simplex,model,2024-04-15,2023/24
covid_archive,archive,COVID-19 hospitalisations,ECDC-soca_simplex,model,2024-04-22,2023/24
covid_archive,archive,COVID-19 hospitalisations,ECDC-soca_simplex,model,2024-04-29,2023/24
covid_archive,archive,COVID-19 hospitalisations,ECDC-soca_simplex,model,2024-05-27,2023/24
covid_archive,archive,COVID-19 hospitalisations,ECDC-soca_simplex,model,2024-06-10,2023/24
covid_archive,archive,COVID-19 hospitalisations,ECDC-soca_simplex,model,2024-07-08,2023/24
covid_archive,archive,COVID-19 hospitalisations,ECDC-soca_simplex,model,2024-07-15,2023/24
covid_archive,archive,COVID-19 hospitalisations,ECDC-soca_simplex,model,2024-07-22,2023/24
covid_archive,archive,COVID-19 hospitalisations,ECDC-soca_simplex,model,2024-07-29,2023/24
covid_archive,archive,COVID-19 hospitalisations,ECDC-soca_simplex,model,2024-08-05,2024/25
covid_archive,archive,COVID-19 hospitalisations,ECDC-soca_simplex,model,2024-09-16,2024/25
covid_archive,archive,COVID-19 hospitalisations,ECDC-soca_simplex,model,2024-09-23,2024/25
covid_archive,archive,COVID-19 hospitalisations,ECDC-soca_simplex,model,2024-09-30,2024/25
covid_archive,archive,COVID-19 hospitalisations,ECDC-soca_simplex,model,2024-10-07,2024/25
covid_archive,archive,COVID-19 hospitalisations,ECDC-soca_simplex,model,2024-10-14,2024/25
covid,current,COVID-19 hospitalisations,ECDC-soca_simplex,model,2024-10-21,2024/25
covid,current,COVID-19 hospitalisations,ECDC-soca_simplex,model,2024-10-28,2024/25
covid,current,COVID-19 hospitalisations,ECDC-soca_simplex,model,2024-11-11,2024/25
covid,current,COVID-19 hospitalisations,ECDC-soca_simplex,model,2024-11-18,2024/25
covid,current,COVID-19 hospitalisations,ECDC-soca_simplex,model,2024-11-25,2024/25
covid,current,COVID-19 hospitalisations,ECDC-soca_simplex,model,2024-12-02,2024/25
covid,current,COVID-19 hospitalisations,ECDC-soca_simplex,model,2024-12-09,2024/25
covid,current,COVID-19 hospitalisations,ECDC-soca_simplex,model,2024-12-16,2024/25
covid,current,COVID-19 hospitalisations,ECDC-soca_simplex,model,2024-12-23,2024/25
covid,current,COVID-19 hospitalisations,ECDC-soca_simplex,model,2024-12-30,2024/25
covid,current,COVID-19 hospitalisations,ECDC-soca_simplex,model,2025-01-06,2024/25
covid,current,COVID-19 hospitalisations,ECDC-soca_simplex,model,2025-01-13,2024/25
covid,current,COVID-19 hospitalisations,ECDC-soca_simplex,model,2025-01-20,2024/25
covid,current,COVID-19 hospitalisations,ECDC-soca_simplex,model,2025-01-27,2024/25
covid,current,COVID-19 hospitalisations,ECDC-soca_simplex,model,2025-02-03,2024/25
covid,current,COVID-19 hospitalisations,ECDC-soca_simplex,model,2025-02-10,2024/25
covid,current,COVID-19 hospitalisations,ECDC-soca_simplex,model,2025-02-17,2024/25
covid,current,COVID-19 hospitalisations,ECDC-soca_simplex,model,2025-02-24,2024/25
covid,current,COVID-19 hospitalisations,ECDC-soca_simplex,model,2025-03-03,2024/25
covid,current,COVID-19 hospitalisations,ECDC-soca_simplex,model,2025-03-10,2024/25
covid,current,COVID-19 hospitalisations,ECDC-soca_simplex,model,2025-03-17,2024/25
covid,current,COVID-19 hospitalisations,ECDC-soca_simplex,model,2025-03-24,2024/25
covid,current,COVID-19 hospitalisations,ECDC-soca_simplex,model,2025-03-31,2024/25
covid,current,COVID-19 hospitalisations,ECDC-soca_simplex,model,2025-04-07,2024/25
covid,current,COVID-19 hospitalisations,ECDC-soca_simplex,model,2025-04-14,2024/25
covid,current,COVID-19 hospitalisations,ECDC-soca_simplex,model,2025-04-21,2024/25
covid,current,COVID-19 hospitalisations,ECDC-soca_simplex,model,2025-04-28,2024/25
covid,current,COVID-19 hospitalisations,ECDC-soca_simplex,model,2025-05-05,2024/25
covid,current,COVID-19 hospitalisations,ECDC-soca_simplex,model,2025-05-12,2024/25
covid,current,COVID-19 hospitalisations,ECDC-soca_simplex,model,2025-05-19,2024/25
covid,current,COVID-19 hospitalisations,ECDC-soca_simplex,model,2025-05-26,2024/25
covid,current,COVID-19 hospitalisations,ECDC-soca_simplex,model,2025-06-02,2024/25
covid,current,COVID-19 hospitalisations,ECDC-soca_simplex,model,2025-06-09,2024/25
covid,current,COVID-19 hospitalisations,ECDC-soca_simplex,model,2025-06-16,2024/25
covid,current,COVID-19 hospitalisations,ECDC-soca_simplex,model,2025-06-23,2024/25
covid,current,COVID-19 hospitalisations,ECDC-soca_simplex,model,2025-06-30,2024/25
covid,current,COVID-19 hospitalisations,ECDC-soca_simplex,model,2025-07-07,2024/25
covid,current,COVID-19 hospitalisations,ECDC-soca_simplex,model,2025-07-14,2024/25
covid,current,COVID-19 hospitalisations,ECDC-soca_simplex,model,2025-07-21,2024/25
covid,current,COVID-19 hospitalisations,ECDC-soca_simplex,model,2025-07-28,2024/25
covid,current,COVID-19 hospitalisations,ECDC-soca_simplex,model,2025-08-04,2025/26
covid,current,COVID-19 hospitalisations,ECDC-soca_simplex,model,2025-08-11,2025/26
covid,current,COVID-19 hospitalisations,ECDC-soca_simplex,model,2025-08-18,2025/26
covid,current,COVID-19 hospitalisations,ECDC-soca_simplex,model,2025-08-25,2025/26
covid,current,COVID-19 hospitalisations,ECDC-soca_simplex,model,2025-09-01,2025/26
covid,current,COVID-19 hospitalisations,ECDC-soca_simplex,model,2025-09-08,2025/26
covid,current,COVID-19 hospitalisations,ECDC-soca_simplex,model,2025-09-15,2025/26
covid,current,COVID-19 hospitalisations,ECDC-soca_simplex,model,2025-09-22,2025/26
covid,current,COVID-19 hospitalisations,ECDC-soca_simplex,model,2025-09-29,2025/26
covid,current,COVID-19 hospitalisations,ECDC-soca_simplex,model,2025-10-06,2025/26
covid,current,COVID-19 hospitalisations,ECDC-soca_simplex,model,2025-10-13,2025/26
covid,current,COVID-19 hospitalisations,ECDC-soca_simplex,model,2025-10-20,2025/26
covid,current,COVID-19 hospitalisations,ECDC-soca_simplex,model,2025-10-27,2025/26
covid,current,COVID-19 hospitalisations,ECDC-soca_simplex,model,2025-11-03,2025/26
covid,current,COVID-19 hospitalisations,ECDC-soca_simplex,model,2025-11-10,2025/26
covid,current,COVID-19 hospitalisations,ECDC-soca_simplex,model,2025-11-17,2025/26
covid,current,COVID-19 hospitalisations,ECDC-soca_simplex,model,2025-11-24,2025/26
covid,current,COVID-19 hospitalisations,ECDC-soca_simplex,model,2025-12-01,2025/26
covid,current,COVID-19 hospitalisations,ECDC-soca_simplex,model,2025-12-08,2025/26
covid,current,COVID-19 hospitalisations,ECDC-soca_simplex,model,2025-12-15,2025/26
covid,current,COVID-19 hospitalisations,ECDC-soca_simplex,model,2025-12-22,2025/26
covid,current,COVID-19 hospitalisations,ECDC-soca_simplex,model,2025-12-29,2025/26
covid,current,COVID-19 hospitalisations,ECDC-soca_simplex,model,2026-01-05,2025/26
covid,current,COVID-19 hospitalisations,ECDC-soca_simplex,model,2026-01-12,2025/26
covid,current,COVID-19 hospitalisations,ECDC-soca_simplex,model,2026-01-26,2025/26
covid,current,COVID-19 hospitalisations,ECDC-soca_simplex,model,2026-02-02,2025/26
covid,current,COVID-19 hospitalisations,ECDC-soca_simplex,model,2026-02-09,2025/26
covid,current,COVID-19 hospitalisations,ECDC-soca_simplex,model,2026-02-16,2025/26
covid,current,COVID-19 hospitalisations,ECDC-soca_simplex,model,2026-02-23,2025/26
covid,current,COVID-19 hospitalisations,ECDC-soca_simplex,model,2026-03-02,2025/26
covid,current,COVID-19 hospitalisations,ECDC-soca_simplex,model,2026-03-09,2025/26
covid,current,COVID-19 hospitalisations,ECDC-soca_simplex,model,2026-03-16,2025/26
covid,current,COVID-19 hospitalisations,ECDC-soca_simplex,model,2026-03-23,2025/26
covid,current,COVID-19 hospitalisations,ECDC-soca_simplex,model,2026-03-30,2025/26
covid,current,COVID-19 hospitalisations,ECDC-soca_simplex,model,2026-04-06,2025/26
covid,current,COVID-19 hospitalisations,ECDC-soca_simplex,model,2026-04-13,2025/26
covid,current,COVID-19 hospitalisations,ECDC-soca_simplex,model,2026-04-20,2025/26
covid,current,COVID-19 hospitalisations,ECDC-soca_simplex,model,2026-04-27,2025/26
covid,current,COVID-19 hospitalisations,ECDC-soca_simplex,model,2026-05-04,2025/26
covid,current,COVID-19 hospitalisations,ECDC-soca_simplex,model,2026-05-11,2025/26
covid,current,COVID-19 hospitalisations,ECDC-soca_simplex,model,2026-05-18,2025/26
covid,current,COVID-19 hospitalisations,ECDC-soca_simplex,model,2026-05-25,2025/26
covid,current,COVID-19 hospitalisations,ECDC-soca_simplex,model,2026-06-01,2025/26
covid,current,COVID-19 hospitalisations,ECDC-soca_simplex,model,2026-06-08,2025/26
covid,current,COVID-19 hospitalisations,ECDC-soca_simplex,model,2026-06-15,2025/26
covid_archive,archive,COVID-19 hospitalisations,EuroCOVIDhub-baseline,baseline,2021-07-26,2020/21
covid_archive,archive,COVID-19 hospitalisations,EuroCOVIDhub-baseline,baseline,2021-08-02,2021/22
covid_archive,archive,COVID-19 hospitalisations,EuroCOVIDhub-baseline,baseline,2021-08-09,2021/22
covid_archive,archive,COVID-19 hospitalisations,EuroCOVIDhub-baseline,baseline,2021-08-16,2021/22
covid_archive,archive,COVID-19 hospitalisations,EuroCOVIDhub-baseline,baseline,2021-08-23,2021/22
covid_archive,archive,COVID-19 hospitalisations,EuroCOVIDhub-baseline,baseline,2021-08-30,2021/22
covid_archive,archive,COVID-19 hospitalisations,EuroCOVIDhub-baseline,baseline,2021-09-06,2021/22
covid_archive,archive,COVID-19 hospitalisations,EuroCOVIDhub-baseline,baseline,2021-09-13,2021/22
covid_archive,archive,COVID-19 hospitalisations,EuroCOVIDhub-baseline,baseline,2021-09-20,2021/22
covid_archive,archive,COVID-19 hospitalisations,EuroCOVIDhub-baseline,baseline,2021-09-27,2021/22
covid_archive,archive,COVID-19 hospitalisations,EuroCOVIDhub-baseline,baseline,2021-10-04,2021/22
covid_archive,archive,COVID-19 hospitalisations,EuroCOVIDhub-baseline,baseline,2021-10-11,2021/22
covid_archive,archive,COVID-19 hospitalisations,EuroCOVIDhub-baseline,baseline,2021-10-18,2021/22
covid_archive,archive,COVID-19 hospitalisations,EuroCOVIDhub-baseline,baseline,2021-10-25,2021/22
covid_archive,archive,COVID-19 hospitalisations,EuroCOVIDhub-baseline,baseline,2021-11-01,2021/22
covid_archive,archive,COVID-19 hospitalisations,EuroCOVIDhub-baseline,baseline,2021-11-08,2021/22
covid_archive,archive,COVID-19 hospitalisations,EuroCOVIDhub-baseline,baseline,2021-11-15,2021/22
covid_archive,archive,COVID-19 hospitalisations,EuroCOVIDhub-baseline,baseline,2021-11-22,2021/22
covid_archive,archive,COVID-19 hospitalisations,EuroCOVIDhub-baseline,baseline,2021-11-29,2021/22
covid_archive,archive,COVID-19 hospitalisations,EuroCOVIDhub-baseline,baseline,2021-12-06,2021/22
covid_archive,archive,COVID-19 hospitalisations,EuroCOVIDhub-baseline,baseline,2021-12-13,2021/22
covid_archive,archive,COVID-19 hospitalisations,EuroCOVIDhub-baseline,baseline,2021-12-20,2021/22
covid_archive,archive,COVID-19 hospitalisations,EuroCOVIDhub-baseline,baseline,2021-12-27,2021/22
covid_archive,archive,COVID-19 hospitalisations,EuroCOVIDhub-baseline,baseline,2022-01-03,2021/22
covid_archive,archive,COVID-19 hospitalisations,EuroCOVIDhub-baseline,baseline,2022-01-10,2021/22
covid_archive,archive,COVID-19 hospitalisations,EuroCOVIDhub-baseline,baseline,2022-01-17,2021/22
covid_archive,archive,COVID-19 hospitalisations,EuroCOVIDhub-baseline,baseline,2022-01-24,2021/22
covid_archive,archive,COVID-19 hospitalisations,EuroCOVIDhub-baseline,baseline,2022-01-31,2021/22
covid_archive,archive,COVID-19 hospitalisations,EuroCOVIDhub-baseline,baseline,2022-02-07,2021/22
covid_archive,archive,COVID-19 hospitalisations,EuroCOVIDhub-baseline,baseline,2022-02-14,2021/22
covid_archive,archive,COVID-19 hospitalisations,EuroCOVIDhub-baseline,baseline,2022-02-21,2021/22
covid_archive,archive,COVID-19 hospitalisations,EuroCOVIDhub-baseline,baseline,2022-02-28,2021/22
covid_archive,archive,COVID-19 hospitalisations,EuroCOVIDhub-baseline,baseline,2022-03-07,2021/22
covid_archive,archive,COVID-19 hospitalisations,EuroCOVIDhub-baseline,baseline,2022-03-14,2021/22
covid_archive,archive,COVID-19 hospitalisations,EuroCOVIDhub-baseline,baseline,2022-03-21,2021/22
covid_archive,archive,COVID-19 hospitalisations,EuroCOVIDhub-baseline,baseline,2022-03-28,2021/22
covid_archive,archive,COVID-19 hospitalisations,EuroCOVIDhub-baseline,baseline,2022-04-04,2021/22
covid_archive,archive,COVID-19 hospitalisations,EuroCOVIDhub-baseline,baseline,2022-04-11,2021/22
covid_archive,archive,COVID-19 hospitalisations,EuroCOVIDhub-baseline,baseline,2022-04-18,2021/22
covid_archive,archive,COVID-19 hospitalisations,EuroCOVIDhub-baseline,baseline,2022-04-25,2021/22
covid_archive,archive,COVID-19 hospitalisations,EuroCOVIDhub-baseline,baseline,2022-05-02,2021/22
covid_archive,archive,COVID-19 hospitalisations,EuroCOVIDhub-baseline,baseline,2022-05-09,2021/22
covid_archive,archive,COVID-19 hospitalisations,EuroCOVIDhub-baseline,baseline,2022-05-16,2021/22
covid_archive,archive,COVID-19 hospitalisations,EuroCOVIDhub-baseline,baseline,2022-05-23,2021/22
covid_archive,archive,COVID-19 hospitalisations,EuroCOVIDhub-baseline,baseline,2022-05-30,2021/22
covid_archive,archive,COVID-19 hospitalisations,EuroCOVIDhub-baseline,baseline,2022-06-06,2021/22
covid_archive,archive,COVID-19 hospitalisations,EuroCOVIDhub-baseline,baseline,2022-06-13,2021/22
covid_archive,archive,COVID-19 hospitalisations,EuroCOVIDhub-baseline,baseline,2022-06-20,2021/22
covid_archive,archive,COVID-19 hospitalisations,EuroCOVIDhub-baseline,baseline,2022-06-27,2021/22
covid_archive,archive,COVID-19 hospitalisations,EuroCOVIDhub-baseline,baseline,2022-07-04,2021/22
covid_archive,archive,COVID-19 hospitalisations,EuroCOVIDhub-baseline,baseline,2022-07-11,2021/22
covid_archive,archive,COVID-19 hospitalisations,EuroCOVIDhub-baseline,baseline,2022-07-18,2021/22
covid_archive,archive,COVID-19 hospitalisations,EuroCOVIDhub-baseline,baseline,2022-07-25,2021/22
covid_archive,archive,COVID-19 hospitalisations,EuroCOVIDhub-baseline,baseline,2022-08-01,2022/23
covid_archive,archive,COVID-19 hospitalisations,EuroCOVIDhub-baseline,baseline,2022-08-08,2022/23
covid_archive,archive,COVID-19 hospitalisations,EuroCOVIDhub-baseline,baseline,2022-08-15,2022/23
covid_archive,archive,COVID-19 hospitalisations,EuroCOVIDhub-baseline,baseline,2022-08-22,2022/23
covid_archive,archive,COVID-19 hospitalisations,EuroCOVIDhub-baseline,baseline,2022-08-29,2022/23
covid_archive,archive,COVID-19 hospitalisations,EuroCOVIDhub-baseline,baseline,2022-09-05,2022/23
covid_archive,archive,COVID-19 hospitalisations,EuroCOVIDhub-baseline,baseline,2022-09-12,2022/23
covid_archive,archive,COVID-19 hospitalisations,EuroCOVIDhub-baseline,baseline,2022-09-19,2022/23
covid_archive,archive,COVID-19 hospitalisations,EuroCOVIDhub-baseline,baseline,2022-09-26,2022/23
covid_archive,archive,COVID-19 hospitalisations,EuroCOVIDhub-baseline,baseline,2022-10-03,2022/23
covid_archive,archive,COVID-19 hospitalisations,EuroCOVIDhub-baseline,baseline,2022-10-10,2022/23
covid_archive,archive,COVID-19 hospitalisations,EuroCOVIDhub-baseline,baseline,2022-10-17,2022/23
covid_archive,archive,COVID-19 hospitalisations,EuroCOVIDhub-baseline,baseline,2022-10-24,2022/23
covid_archive,archive,COVID-19 hospitalisations,EuroCOVIDhub-baseline,baseline,2022-10-31,2022/23
covid_archive,archive,COVID-19 hospitalisations,EuroCOVIDhub-baseline,baseline,2022-11-07,2022/23
covid_archive,archive,COVID-19 hospitalisations,EuroCOVIDhub-baseline,baseline,2022-11-14,2022/23
covid_archive,archive,COVID-19 hospitalisations,EuroCOVIDhub-baseline,baseline,2022-11-21,2022/23
covid_archive,archive,COVID-19 hospitalisations,EuroCOVIDhub-baseline,baseline,2022-11-28,2022/23
covid_archive,archive,COVID-19 hospitalisations,EuroCOVIDhub-baseline,baseline,2022-12-05,2022/23
covid_archive,archive,COVID-19 hospitalisations,EuroCOVIDhub-baseline,baseline,2022-12-12,2022/23
covid_archive,archive,COVID-19 hospitalisations,EuroCOVIDhub-baseline,baseline,2022-12-19,2022/23
covid_archive,archive,COVID-19 hospitalisations,EuroCOVIDhub-baseline,baseline,2022-12-26,2022/23
covid_archive,archive,COVID-19 hospitalisations,EuroCOVIDhub-baseline,baseline,2023-01-02,2022/23
covid_archive,archive,COVID-19 hospitalisations,EuroCOVIDhub-baseline,baseline,2023-01-09,2022/23
covid_archive,archive,COVID-19 hospitalisations,EuroCOVIDhub-baseline,baseline,2023-01-16,2022/23
covid_archive,archive,COVID-19 hospitalisations,EuroCOVIDhub-baseline,baseline,2023-01-23,2022/23
covid_archive,archive,COVID-19 hospitalisations,EuroCOVIDhub-baseline,baseline,2023-01-30,2022/23
covid_archive,archive,COVID-19 hospitalisations,EuroCOVIDhub-baseline,baseline,2023-02-06,2022/23
covid_archive,archive,COVID-19 hospitalisations,EuroCOVIDhub-baseline,baseline,2023-02-13,2022/23
covid_archive,archive,COVID-19 hospitalisations,EuroCOVIDhub-baseline,baseline,2023-02-20,2022/23
covid_archive,archive,COVID-19 hospitalisations,EuroCOVIDhub-baseline,baseline,2023-02-27,2022/23
covid_archive,archive,COVID-19 hospitalisations,EuroCOVIDhub-baseline,baseline,2023-03-06,2022/23
covid_archive,archive,COVID-19 hospitalisations,EuroCOVIDhub-baseline,baseline,2023-03-13,2022/23
covid_archive,archive,COVID-19 hospitalisations,EuroCOVIDhub-baseline,baseline,2023-03-20,2022/23
covid_archive,archive,COVID-19 hospitalisations,EuroCOVIDhub-baseline,baseline,2023-03-27,2022/23
covid_archive,archive,COVID-19 hospitalisations,EuroCOVIDhub-baseline,baseline,2023-04-03,2022/23
covid_archive,archive,COVID-19 hospitalisations,EuroCOVIDhub-baseline,baseline,2023-04-10,2022/23
covid_archive,archive,COVID-19 hospitalisations,EuroCOVIDhub-baseline,baseline,2023-04-17,2022/23
covid_archive,archive,COVID-19 hospitalisations,EuroCOVIDhub-baseline,baseline,2023-04-24,2022/23
covid_archive,archive,COVID-19 hospitalisations,EuroCOVIDhub-baseline,baseline,2023-05-01,2022/23
covid_archive,archive,COVID-19 hospitalisations,EuroCOVIDhub-baseline,baseline,2023-05-08,2022/23
covid_archive,archive,COVID-19 hospitalisations,EuroCOVIDhub-baseline,baseline,2023-05-15,2022/23
covid_archive,archive,COVID-19 hospitalisations,EuroCOVIDhub-baseline,baseline,2023-05-22,2022/23
covid_archive,archive,COVID-19 hospitalisations,EuroCOVIDhub-baseline,baseline,2023-05-29,2022/23
covid_archive,archive,COVID-19 hospitalisations,EuroCOVIDhub-baseline,baseline,2023-06-05,2022/23
covid_archive,archive,COVID-19 hospitalisations,EuroCOVIDhub-baseline,baseline,2023-06-12,2022/23
covid_archive,archive,COVID-19 hospitalisations,EuroCOVIDhub-baseline,baseline,2023-06-19,2022/23
covid_archive,archive,COVID-19 hospitalisations,EuroCOVIDhub-baseline,baseline,2023-06-26,2022/23
covid_archive,archive,COVID-19 hospitalisations,EuroCOVIDhub-baseline,baseline,2023-07-03,2022/23
covid_archive,archive,COVID-19 hospitalisations,EuroCOVIDhub-baseline,baseline,2023-07-10,2022/23
covid_archive,archive,COVID-19 hospitalisations,EuroCOVIDhub-baseline,baseline,2023-07-17,2022/23
covid_archive,archive,COVID-19 hospitalisations,EuroCOVIDhub-baseline,baseline,2023-07-24,2022/23
covid_archive,archive,COVID-19 hospitalisations,EuroCOVIDhub-baseline,baseline,2023-07-31,2022/23
covid_archive,archive,COVID-19 hospitalisations,EuroCOVIDhub-baseline,baseline,2023-08-07,2023/24
covid_archive,archive,COVID-19 hospitalisations,EuroCOVIDhub-baseline,baseline,2023-08-14,2023/24
covid_archive,archive,COVID-19 hospitalisations,EuroCOVIDhub-baseline,baseline,2023-08-21,2023/24
covid_archive,archive,COVID-19 hospitalisations,EuroCOVIDhub-baseline,baseline,2023-08-28,2023/24
covid_archive,archive,COVID-19 hospitalisations,EuroCOVIDhub-baseline,baseline,2023-09-04,2023/24
covid_archive,archive,COVID-19 hospitalisations,EuroCOVIDhub-baseline,baseline,2023-09-11,2023/24
covid_archive,archive,COVID-19 hospitalisations,EuroCOVIDhub-baseline,baseline,2023-09-18,2023/24
covid_archive,archive,COVID-19 hospitalisations,EuroCOVIDhub-baseline,baseline,2023-09-25,2023/24
covid_archive,archive,COVID-19 hospitalisations,EuroCOVIDhub-baseline,baseline,2023-10-02,2023/24
covid_archive,archive,COVID-19 hospitalisations,EuroCOVIDhub-baseline,baseline,2023-10-09,2023/24
covid_archive,archive,COVID-19 hospitalisations,EuroCOVIDhub-baseline,baseline,2023-10-16,2023/24
covid_archive,archive,COVID-19 hospitalisations,EuroCOVIDhub-baseline,baseline,2023-10-23,2023/24
covid_archive,archive,COVID-19 hospitalisations,EuroCOVIDhub-baseline,baseline,2023-10-30,2023/24
covid_archive,archive,COVID-19 hospitalisations,EuroCOVIDhub-baseline,baseline,2023-11-06,2023/24
covid_archive,archive,COVID-19 hospitalisations,EuroCOVIDhub-baseline,baseline,2023-11-13,2023/24
covid_archive,archive,COVID-19 hospitalisations,EuroCOVIDhub-baseline,baseline,2023-11-20,2023/24
covid_archive,archive,COVID-19 hospitalisations,EuroCOVIDhub-baseline,baseline,2023-11-27,2023/24
covid_archive,archive,COVID-19 hospitalisations,EuroCOVIDhub-baseline,baseline,2023-12-04,2023/24
covid_archive,archive,COVID-19 hospitalisations,EuroCOVIDhub-baseline,baseline,2023-12-11,2023/24
covid_archive,archive,COVID-19 hospitalisations,EuroCOVIDhub-baseline,baseline,2023-12-25,2023/24
covid_archive,archive,COVID-19 hospitalisations,EuroCOVIDhub-baseline,baseline,2024-01-01,2023/24
covid_archive,archive,COVID-19 hospitalisations,EuroCOVIDhub-baseline,baseline,2024-01-08,2023/24
covid_archive,archive,COVID-19 hospitalisations,EuroCOVIDhub-baseline,baseline,2024-01-15,2023/24
covid_archive,archive,COVID-19 hospitalisations,EuroCOVIDhub-baseline,baseline,2024-01-22,2023/24
covid_archive,archive,COVID-19 hospitalisations,EuroCOVIDhub-baseline,baseline,2024-01-29,2023/24
covid_archive,archive,COVID-19 hospitalisations,EuroCOVIDhub-baseline,baseline,2024-02-05,2023/24
covid_archive,archive,COVID-19 hospitalisations,EuroCOVIDhub-baseline,baseline,2024-02-12,2023/24
covid_archive,archive,COVID-19 hospitalisations,EuroCOVIDhub-baseline,baseline,2024-02-19,2023/24
covid_archive,archive,COVID-19 hospitalisations,EuroCOVIDhub-baseline,baseline,2024-02-26,2023/24
covid_archive,archive,COVID-19 hospitalisations,EuroCOVIDhub-baseline,baseline,2024-03-04,2023/24
covid_archive,archive,COVID-19 hospitalisations,EuroCOVIDhub-baseline,baseline,2024-03-11,2023/24
covid_archive,archive,COVID-19 hospitalisations,EuroCOVIDhub-baseline,baseline,2024-03-18,2023/24
covid_archive,archive,COVID-19 hospitalisations,EuroCOVIDhub-baseline,baseline,2024-03-25,2023/24
covid_archive,archive,COVID-19 hospitalisations,EuroCOVIDhub-baseline,baseline,2024-04-01,2023/24
covid_archive,archive,COVID-19 hospitalisations,EuroCOVIDhub-baseline,baseline,2024-04-08,2023/24
covid_archive,archive,COVID-19 hospitalisations,EuroCOVIDhub-baseline,baseline,2024-04-15,2023/24
covid_archive,archive,COVID-19 hospitalisations,EuroCOVIDhub-baseline,baseline,2024-04-22,2023/24
covid_archive,archive,COVID-19 hospitalisations,EuroCOVIDhub-ensemble,ensemble,2021-09-06,2021/22
covid_archive,archive,COVID-19 hospitalisations,EuroCOVIDhub-ensemble,ensemble,2021-09-13,2021/22
covid_archive,archive,COVID-19 hospitalisations,EuroCOVIDhub-ensemble,ensemble,2021-09-20,2021/22
covid_archive,archive,COVID-19 hospitalisations,EuroCOVIDhub-ensemble,ensemble,2021-09-27,2021/22
covid_archive,archive,COVID-19 hospitalisations,EuroCOVIDhub-ensemble,ensemble,2021-10-04,2021/22
covid_archive,archive,COVID-19 hospitalisations,EuroCOVIDhub-ensemble,ensemble,2021-10-11,2021/22
covid_archive,archive,COVID-19 hospitalisations,EuroCOVIDhub-ensemble,ensemble,2021-10-18,2021/22
covid_archive,archive,COVID-19 hospitalisations,EuroCOVIDhub-ensemble,ensemble,2021-10-25,2021/22
covid_archive,archive,COVID-19 hospitalisations,EuroCOVIDhub-ensemble,ensemble,2021-11-01,2021/22
covid_archive,archive,COVID-19 hospitalisations,EuroCOVIDhub-ensemble,ensemble,2021-11-08,2021/22
covid_archive,archive,COVID-19 hospitalisations,EuroCOVIDhub-ensemble,ensemble,2021-11-15,2021/22
covid_archive,archive,COVID-19 hospitalisations,EuroCOVIDhub-ensemble,ensemble,2021-11-22,2021/22
covid_archive,archive,COVID-19 hospitalisations,EuroCOVIDhub-ensemble,ensemble,2021-11-29,2021/22
covid_archive,archive,COVID-19 hospitalisations,EuroCOVIDhub-ensemble,ensemble,2021-12-06,2021/22
covid_archive,archive,COVID-19 hospitalisations,EuroCOVIDhub-ensemble,ensemble,2021-12-13,2021/22
covid_archive,archive,COVID-19 hospitalisations,EuroCOVIDhub-ensemble,ensemble,2021-12-20,2021/22
covid_archive,archive,COVID-19 hospitalisations,EuroCOVIDhub-ensemble,ensemble,2021-12-27,2021/22
covid_archive,archive,COVID-19 hospitalisations,EuroCOVIDhub-ensemble,ensemble,2022-01-03,2021/22
covid_archive,archive,COVID-19 hospitalisations,EuroCOVIDhub-ensemble,ensemble,2022-01-10,2021/22
covid_archive,archive,COVID-19 hospitalisations,EuroCOVIDhub-ensemble,ensemble,2022-01-17,2021/22
covid_archive,archive,COVID-19 hospitalisations,EuroCOVIDhub-ensemble,ensemble,2022-01-24,2021/22
covid_archive,archive,COVID-19 hospitalisations,EuroCOVIDhub-ensemble,ensemble,2022-01-31,2021/22
covid_archive,archive,COVID-19 hospitalisations,EuroCOVIDhub-ensemble,ensemble,2022-02-07,2021/22
covid_archive,archive,COVID-19 hospitalisations,EuroCOVIDhub-ensemble,ensemble,2022-02-14,2021/22
covid_archive,archive,COVID-19 hospitalisations,EuroCOVIDhub-ensemble,ensemble,2022-02-21,2021/22
covid_archive,archive,COVID-19 hospitalisations,EuroCOVIDhub-ensemble,ensemble,2022-02-28,2021/22
covid_archive,archive,COVID-19 hospitalisations,EuroCOVIDhub-ensemble,ensemble,2022-03-07,2021/22
covid_archive,archive,COVID-19 hospitalisations,EuroCOVIDhub-ensemble,ensemble,2022-03-14,2021/22
covid_archive,archive,COVID-19 hospitalisations,EuroCOVIDhub-ensemble,ensemble,2022-03-21,2021/22
covid_archive,archive,COVID-19 hospitalisations,EuroCOVIDhub-ensemble,ensemble,2022-03-28,2021/22
covid_archive,archive,COVID-19 hospitalisations,EuroCOVIDhub-ensemble,ensemble,2022-04-04,2021/22
covid_archive,archive,COVID-19 hospitalisations,EuroCOVIDhub-ensemble,ensemble,2022-04-11,2021/22
covid_archive,archive,COVID-19 hospitalisations,EuroCOVIDhub-ensemble,ensemble,2022-04-18,2021/22
covid_archive,archive,COVID-19 hospitalisations,EuroCOVIDhub-ensemble,ensemble,2022-04-25,2021/22
covid_archive,archive,COVID-19 hospitalisations,EuroCOVIDhub-ensemble,ensemble,2022-05-02,2021/22
covid_archive,archive,COVID-19 hospitalisations,EuroCOVIDhub-ensemble,ensemble,2022-05-09,2021/22
covid_archive,archive,COVID-19 hospitalisations,EuroCOVIDhub-ensemble,ensemble,2022-05-16,2021/22
covid_archive,archive,COVID-19 hospitalisations,EuroCOVIDhub-ensemble,ensemble,2022-05-23,2021/22
covid_archive,archive,COVID-19 hospitalisations,EuroCOVIDhub-ensemble,ensemble,2022-05-30,2021/22
covid_archive,archive,COVID-19 hospitalisations,EuroCOVIDhub-ensemble,ensemble,2022-06-06,2021/22
covid_archive,archive,COVID-19 hospitalisations,EuroCOVIDhub-ensemble,ensemble,2022-06-13,2021/22
covid_archive,archive,COVID-19 hospitalisations,EuroCOVIDhub-ensemble,ensemble,2022-06-20,2021/22
covid_archive,archive,COVID-19 hospitalisations,EuroCOVIDhub-ensemble,ensemble,2022-06-27,2021/22
covid_archive,archive,COVID-19 hospitalisations,EuroCOVIDhub-ensemble,ensemble,2022-07-04,2021/22
covid_archive,archive,COVID-19 hospitalisations,EuroCOVIDhub-ensemble,ensemble,2022-07-11,2021/22
covid_archive,archive,COVID-19 hospitalisations,EuroCOVIDhub-ensemble,ensemble,2022-07-18,2021/22
covid_archive,archive,COVID-19 hospitalisations,EuroCOVIDhub-ensemble,ensemble,2022-07-25,2021/22
covid_archive,archive,COVID-19 hospitalisations,EuroCOVIDhub-ensemble,ensemble,2022-08-01,2022/23
covid_archive,archive,COVID-19 hospitalisations,EuroCOVIDhub-ensemble,ensemble,2022-08-08,2022/23
covid_archive,archive,COVID-19 hospitalisations,EuroCOVIDhub-ensemble,ensemble,2022-08-15,2022/23
covid_archive,archive,COVID-19 hospitalisations,EuroCOVIDhub-ensemble,ensemble,2022-08-22,2022/23
covid_archive,archive,COVID-19 hospitalisations,EuroCOVIDhub-ensemble,ensemble,2022-08-29,2022/23
covid_archive,archive,COVID-19 hospitalisations,EuroCOVIDhub-ensemble,ensemble,2022-09-05,2022/23
covid_archive,archive,COVID-19 hospitalisations,EuroCOVIDhub-ensemble,ensemble,2022-09-12,2022/23
covid_archive,archive,COVID-19 hospitalisations,EuroCOVIDhub-ensemble,ensemble,2022-09-19,2022/23
covid_archive,archive,COVID-19 hospitalisations,EuroCOVIDhub-ensemble,ensemble,2022-09-26,2022/23
covid_archive,archive,COVID-19 hospitalisations,EuroCOVIDhub-ensemble,ensemble,2022-10-03,2022/23
covid_archive,archive,COVID-19 hospitalisations,EuroCOVIDhub-ensemble,ensemble,2022-10-10,2022/23
covid_archive,archive,COVID-19 hospitalisations,EuroCOVIDhub-ensemble,ensemble,2022-10-17,2022/23
covid_archive,archive,COVID-19 hospitalisations,EuroCOVIDhub-ensemble,ensemble,2022-10-24,2022/23
covid_archive,archive,COVID-19 hospitalisations,EuroCOVIDhub-ensemble,ensemble,2022-10-31,2022/23
covid_archive,archive,COVID-19 hospitalisations,EuroCOVIDhub-ensemble,ensemble,2022-11-07,2022/23
covid_archive,archive,COVID-19 hospitalisations,EuroCOVIDhub-ensemble,ensemble,2022-11-14,2022/23
covid_archive,archive,COVID-19 hospitalisations,EuroCOVIDhub-ensemble,ensemble,2022-11-21,2022/23
covid_archive,archive,COVID-19 hospitalisations,EuroCOVIDhub-ensemble,ensemble,2022-11-28,2022/23
covid_archive,archive,COVID-19 hospitalisations,EuroCOVIDhub-ensemble,ensemble,2022-12-05,2022/23
covid_archive,archive,COVID-19 hospitalisations,EuroCOVIDhub-ensemble,ensemble,2023-01-09,2022/23
covid_archive,archive,COVID-19 hospitalisations,EuroCOVIDhub-ensemble,ensemble,2023-01-23,2022/23
covid_archive,archive,COVID-19 hospitalisations,EuroCOVIDhub-ensemble,ensemble,2023-01-30,2022/23
covid_archive,archive,COVID-19 hospitalisations,EuroCOVIDhub-ensemble,ensemble,2023-02-13,2022/23
covid_archive,archive,COVID-19 hospitalisations,EuroCOVIDhub-ensemble,ensemble,2023-02-20,2022/23
covid_archive,archive,COVID-19 hospitalisations,EuroCOVIDhub-ensemble,ensemble,2023-03-06,2022/23
covid_archive,archive,COVID-19 hospitalisations,EuroCOVIDhub-ensemble,ensemble,2023-03-13,2022/23
covid_archive,archive,COVID-19 hospitalisations,EuroCOVIDhub-ensemble,ensemble,2023-03-20,2022/23
covid_archive,archive,COVID-19 hospitalisations,EuroCOVIDhub-ensemble,ensemble,2023-03-27,2022/23
covid_archive,archive,COVID-19 hospitalisations,EuroCOVIDhub-ensemble,ensemble,2023-04-03,2022/23
covid_archive,archive,COVID-19 hospitalisations,EuroCOVIDhub-ensemble,ensemble,2023-04-10,2022/23
covid_archive,archive,COVID-19 hospitalisations,EuroCOVIDhub-ensemble,ensemble,2023-04-17,2022/23
covid_archive,archive,COVID-19 hospitalisations,EuroCOVIDhub-ensemble,ensemble,2023-04-24,2022/23
covid_archive,archive,COVID-19 hospitalisations,EuroCOVIDhub-ensemble,ensemble,2023-05-01,2022/23
covid_archive,archive,COVID-19 hospitalisations,EuroCOVIDhub-ensemble,ensemble,2023-05-08,2022/23
covid_archive,archive,COVID-19 hospitalisations,EuroCOVIDhub-ensemble,ensemble,2023-05-15,2022/23
covid_archive,archive,COVID-19 hospitalisations,EuroCOVIDhub-ensemble,ensemble,2023-05-22,2022/23
covid_archive,archive,COVID-19 hospitalisations,EuroCOVIDhub-ensemble,ensemble,2023-05-29,2022/23
covid_archive,archive,COVID-19 hospitalisations,EuroCOVIDhub-ensemble,ensemble,2023-06-05,2022/23
covid_archive,archive,COVID-19 hospitalisations,EuroCOVIDhub-ensemble,ensemble,2023-06-12,2022/23
covid_archive,archive,COVID-19 hospitalisations,EuroCOVIDhub-ensemble,ensemble,2023-06-19,2022/23
covid_archive,archive,COVID-19 hospitalisations,EuroCOVIDhub-ensemble,ensemble,2023-06-26,2022/23
covid_archive,archive,COVID-19 hospitalisations,EuroCOVIDhub-ensemble,ensemble,2023-07-03,2022/23
covid_archive,archive,COVID-19 hospitalisations,EuroCOVIDhub-ensemble,ensemble,2023-07-10,2022/23
covid_archive,archive,COVID-19 hospitalisations,EuroCOVIDhub-ensemble,ensemble,2023-07-17,2022/23
covid_archive,archive,COVID-19 hospitalisations,EuroCOVIDhub-ensemble,ensemble,2023-07-24,2022/23
covid_archive,archive,COVID-19 hospitalisations,EuroCOVIDhub-ensemble,ensemble,2023-07-31,2022/23
covid_archive,archive,COVID-19 hospitalisations,EuroCOVIDhub-ensemble,ensemble,2023-08-07,2023/24
covid_archive,archive,COVID-19 hospitalisations,EuroCOVIDhub-ensemble,ensemble,2023-08-14,2023/24
covid_archive,archive,COVID-19 hospitalisations,EuroCOVIDhub-ensemble,ensemble,2023-08-21,2023/24
covid_archive,archive,COVID-19 hospitalisations,EuroCOVIDhub-ensemble,ensemble,2023-09-04,2023/24
covid_archive,archive,COVID-19 hospitalisations,EuroCOVIDhub-ensemble,ensemble,2023-09-11,2023/24
covid_archive,archive,COVID-19 hospitalisations,EuroCOVIDhub-ensemble,ensemble,2023-09-18,2023/24
covid_archive,archive,COVID-19 hospitalisations,EuroCOVIDhub-ensemble,ensemble,2023-09-25,2023/24
covid_archive,archive,COVID-19 hospitalisations,EuroCOVIDhub-ensemble,ensemble,2023-10-02,2023/24
covid_archive,archive,COVID-19 hospitalisations,EuroCOVIDhub-ensemble,ensemble,2023-10-09,2023/24
covid_archive,archive,COVID-19 hospitalisations,EuroCOVIDhub-ensemble,ensemble,2023-10-16,2023/24
covid_archive,archive,COVID-19 hospitalisations,EuroCOVIDhub-ensemble,ensemble,2023-10-23,2023/24
covid_archive,archive,COVID-19 hospitalisations,EuroCOVIDhub-ensemble,ensemble,2023-10-30,2023/24
covid_archive,archive,COVID-19 hospitalisations,EuroCOVIDhub-ensemble,ensemble,2023-11-06,2023/24
covid_archive,archive,COVID-19 hospitalisations,EuroCOVIDhub-ensemble,ensemble,2023-11-13,2023/24
covid_archive,archive,COVID-19 hospitalisations,EuroCOVIDhub-ensemble,ensemble,2023-12-04,2023/24
covid_archive,archive,COVID-19 hospitalisations,EuroCOVIDhub-ensemble,ensemble,2023-12-11,2023/24
covid_archive,archive,COVID-19 hospitalisations,EuroCOVIDhub-ensemble,ensemble,2023-12-18,2023/24
covid_archive,archive,COVID-19 hospitalisations,EuroCOVIDhub-ensemble,ensemble,2023-12-25,2023/24
covid_archive,archive,COVID-19 hospitalisations,EuroCOVIDhub-ensemble,ensemble,2024-01-01,2023/24
covid_archive,archive,COVID-19 hospitalisations,EuroCOVIDhub-ensemble,ensemble,2024-01-15,2023/24
covid_archive,archive,COVID-19 hospitalisations,EuroCOVIDhub-ensemble,ensemble,2024-01-22,2023/24
covid_archive,archive,COVID-19 hospitalisations,EuroCOVIDhub-ensemble,ensemble,2024-01-29,2023/24
covid_archive,archive,COVID-19 hospitalisations,EuroCOVIDhub-ensemble,ensemble,2024-02-05,2023/24
covid_archive,archive,COVID-19 hospitalisations,EuroCOVIDhub-ensemble,ensemble,2024-02-12,2023/24
covid_archive,archive,COVID-19 hospitalisations,EuroCOVIDhub-ensemble,ensemble,2024-02-19,2023/24
covid_archive,archive,COVID-19 hospitalisations,EuroCOVIDhub-ensemble,ensemble,2024-02-26,2023/24
covid_archive,archive,COVID-19 hospitalisations,EuroCOVIDhub-ensemble,ensemble,2024-03-04,2023/24
covid_archive,archive,COVID-19 hospitalisations,EuroCOVIDhub-ensemble,ensemble,2024-03-11,2023/24
covid_archive,archive,COVID-19 hospitalisations,EuroCOVIDhub-ensemble,ensemble,2024-03-18,2023/24
covid_archive,archive,COVID-19 hospitalisations,EuroCOVIDhub-ensemble,ensemble,2024-03-25,2023/24
covid_archive,archive,COVID-19 hospitalisations,EuroCOVIDhub-ensemble,ensemble,2024-04-01,2023/24
covid_archive,archive,COVID-19 hospitalisations,EuroCOVIDhub-ensemble,ensemble,2024-04-08,2023/24
covid_archive,archive,COVID-19 hospitalisations,EuroCOVIDhub-ensemble,ensemble,2024-04-15,2023/24
covid_archive,archive,COVID-19 hospitalisations,EuroCOVIDhub-ensemble,ensemble,2024-04-22,2023/24
covid_archive,archive,COVID-19 hospitalisations,EuroCOVIDhub-ensemble,ensemble,2024-04-29,2023/24
covid,current,COVID-19 hospitalisations,ISI-CovBcast,model,2024-10-21,2024/25
covid,current,COVID-19 hospitalisations,ISI-CovBcast,model,2024-10-28,2024/25
covid,current,COVID-19 hospitalisations,ISI-CovBcast,model,2024-11-04,2024/25
covid,current,COVID-19 hospitalisations,ISI-CovBcast,model,2024-11-11,2024/25
covid,current,COVID-19 hospitalisations,ISI-CovBcast,model,2024-11-18,2024/25
covid,current,COVID-19 hospitalisations,ISI-CovBcast,model,2024-11-25,2024/25
covid,current,COVID-19 hospitalisations,ISI-CovBcast,model,2024-12-02,2024/25
covid,current,COVID-19 hospitalisations,ISI-CovBcast,model,2024-12-09,2024/25
covid,current,COVID-19 hospitalisations,ISI-CovBcast,model,2024-12-16,2024/25
covid,current,COVID-19 hospitalisations,ISI-CovBcast,model,2024-12-23,2024/25
covid,current,COVID-19 hospitalisations,ISI-CovBcast,model,2024-12-30,2024/25
covid,current,COVID-19 hospitalisations,ISI-CovBcast,model,2025-01-06,2024/25
covid,current,COVID-19 hospitalisations,ISI-CovBcast,model,2025-01-13,2024/25
covid,current,COVID-19 hospitalisations,ISI-CovBcast,model,2025-01-20,2024/25
covid,current,COVID-19 hospitalisations,ISI-CovBcast,model,2025-01-27,2024/25
covid,current,COVID-19 hospitalisations,ISI-CovBcast,model,2025-02-03,2024/25
covid,current,COVID-19 hospitalisations,ISI-CovBcast,model,2025-02-10,2024/25
covid,current,COVID-19 hospitalisations,ISI-CovBcast,model,2025-02-17,2024/25
covid,current,COVID-19 hospitalisations,ISI-CovBcast,model,2025-02-24,2024/25
covid,current,COVID-19 hospitalisations,ISI-CovBcast,model,2025-03-03,2024/25
covid,current,COVID-19 hospitalisations,ISI-CovBcast,model,2025-03-10,2024/25
covid,current,COVID-19 hospitalisations,ISI-CovBcast,model,2025-03-17,2024/25
covid,current,COVID-19 hospitalisations,ISI-CovBcast,model,2025-03-24,2024/25
covid,current,COVID-19 hospitalisations,ISI-CovBcast,model,2025-03-31,2024/25
covid,current,COVID-19 hospitalisations,ISI-CovBcast,model,2025-04-07,2024/25
covid,current,COVID-19 hospitalisations,ISI-CovBcast,model,2025-04-14,2024/25
covid,current,COVID-19 hospitalisations,ISI-CovBcast,model,2025-04-21,2024/25
covid,current,COVID-19 hospitalisations,ISI-CovBcast,model,2025-04-28,2024/25
covid,current,COVID-19 hospitalisations,ISI-CovBcast,model,2025-05-05,2024/25
covid,current,COVID-19 hospitalisations,ISI-CovBcast,model,2025-05-12,2024/25
covid,current,COVID-19 hospitalisations,ISI-CovBcast,model,2025-05-19,2024/25
covid,current,COVID-19 hospitalisations,ISI-CovBcast,model,2025-05-26,2024/25
covid,current,COVID-19 hospitalisations,ISI-CovBcast,model,2025-06-09,2024/25
covid,current,COVID-19 hospitalisations,ISI-CovBcast,model,2025-06-16,2024/25
covid,current,COVID-19 hospitalisations,ISI-CovBcast,model,2025-06-23,2024/25
covid,current,COVID-19 hospitalisations,ISI-CovBcast,model,2025-06-30,2024/25
covid,current,COVID-19 hospitalisations,ISI-CovBcast,model,2025-07-07,2024/25
covid,current,COVID-19 hospitalisations,ISI-CovBcast,model,2025-07-14,2024/25
covid,current,COVID-19 hospitalisations,ISI-CovBcast,model,2025-07-21,2024/25
covid,current,COVID-19 hospitalisations,ISI-CovBcast,model,2025-07-28,2024/25
covid,current,COVID-19 hospitalisations,ISI-CovBcast,model,2025-08-04,2025/26
covid,current,COVID-19 hospitalisations,ISI-CovBcast,model,2025-08-11,2025/26
covid,current,COVID-19 hospitalisations,ISI-CovBcast,model,2025-08-18,2025/26
covid,current,COVID-19 hospitalisations,ISI-CovBcast,model,2025-08-25,2025/26
covid,current,COVID-19 hospitalisations,ISI-CovBcast,model,2025-09-01,2025/26
covid,current,COVID-19 hospitalisations,ISI-CovBcast,model,2025-09-08,2025/26
covid,current,COVID-19 hospitalisations,ISI-CovBcast,model,2025-09-15,2025/26
covid,current,COVID-19 hospitalisations,ISI-CovBcast,model,2025-09-22,2025/26
covid,current,COVID-19 hospitalisations,ISI-CovBcast,model,2025-09-29,2025/26
covid,current,COVID-19 hospitalisations,ISI-CovBcast,model,2025-10-06,2025/26
covid,current,COVID-19 hospitalisations,ISI-CovBcast,model,2025-10-13,2025/26
covid,current,COVID-19 hospitalisations,ISI-CovBcast,model,2025-10-20,2025/26
covid,current,COVID-19 hospitalisations,ISI-CovBcast,model,2025-10-27,2025/26
covid,current,COVID-19 hospitalisations,ISI-CovBcast,model,2025-11-03,2025/26
covid,current,COVID-19 hospitalisations,ISI-CovBcast,model,2025-11-10,2025/26
covid,current,COVID-19 hospitalisations,ISI-CovBcast,model,2025-11-17,2025/26
covid,current,COVID-19 hospitalisations,ISI-CovBcast,model,2025-11-24,2025/26
covid,current,COVID-19 hospitalisations,ISI-CovBcast,model,2025-12-01,2025/26
covid,current,COVID-19 hospitalisations,ISI-CovBcast,model,2025-12-08,2025/26
covid,current,COVID-19 hospitalisations,ISI-CovBcast,model,2025-12-15,2025/26
covid,current,COVID-19 hospitalisations,ISI-CovBcast,model,2025-12-22,2025/26
covid,current,COVID-19 hospitalisations,ISI-CovBcast,model,2026-01-12,2025/26
covid,current,COVID-19 hospitalisations,ISI-CovBcast,model,2026-01-19,2025/26
covid,current,COVID-19 hospitalisations,ISI-CovBcast,model,2026-01-26,2025/26
covid,current,COVID-19 hospitalisations,ISI-CovBcast,model,2026-02-02,2025/26
covid,current,COVID-19 hospitalisations,ISI-CovBcast,model,2026-02-09,2025/26
covid,current,COVID-19 hospitalisations,ISI-CovBcast,model,2026-02-16,2025/26
covid,current,COVID-19 hospitalisations,ISI-CovBcast,model,2026-02-23,2025/26
covid,current,COVID-19 hospitalisations,ISI-CovBcast,model,2026-03-02,2025/26
covid,current,COVID-19 hospitalisations,ISI-CovBcast,model,2026-03-09,2025/26
covid,current,COVID-19 hospitalisations,ISI-CovBcast,model,2026-03-16,2025/26
covid,current,COVID-19 hospitalisations,ISI-CovBcast,model,2026-03-23,2025/26
covid,current,COVID-19 hospitalisations,ISI-CovBcast,model,2026-03-30,2025/26
covid,current,COVID-19 hospitalisations,ISI-CovBcast,model,2026-04-13,2025/26
covid,current,COVID-19 hospitalisations,ISI-CovBcast,model,2026-04-20,2025/26
covid,current,COVID-19 hospitalisations,ISI-CovBcast,model,2026-04-27,2025/26
covid,current,COVID-19 hospitalisations,ISI-CovBcast,model,2026-05-04,2025/26
covid,current,COVID-19 hospitalisations,ISI-CovBcast,model,2026-05-11,2025/26
covid,current,COVID-19 hospitalisations,ISI-CovBcast,model,2026-05-25,2025/26
covid,current,COVID-19 hospitalisations,ISI-CovidABCaster,model,2024-10-21,2024/25
covid,current,COVID-19 hospitalisations,ISI-CovidABCaster,model,2024-11-11,2024/25
covid,current,COVID-19 hospitalisations,ISI-CovidABCaster,model,2024-11-18,2024/25
covid,current,COVID-19 hospitalisations,ISI-CovidABCaster,model,2024-11-25,2024/25
covid,current,COVID-19 hospitalisations,ISI-CovidABCaster,model,2024-12-02,2024/25
covid,current,COVID-19 hospitalisations,ISI-CovidABCaster,model,2024-12-09,2024/25
covid,current,COVID-19 hospitalisations,ISI-CovidABCaster,model,2024-12-16,2024/25
covid,current,COVID-19 hospitalisations,ISI-CovidABCaster,model,2024-12-23,2024/25
covid,current,COVID-19 hospitalisations,ISI-CovidABCaster,model,2025-01-06,2024/25
covid,current,COVID-19 hospitalisations,ISI-CovidABCaster,model,2025-01-13,2024/25
covid,current,COVID-19 hospitalisations,ISI-CovidABCaster,model,2025-01-20,2024/25
covid,current,COVID-19 hospitalisations,ISI-CovidABCaster,model,2025-01-27,2024/25
covid,current,COVID-19 hospitalisations,ISI-CovidABCaster,model,2025-02-03,2024/25
covid,current,COVID-19 hospitalisations,ISI-CovidABCaster,model,2025-02-10,2024/25
covid,current,COVID-19 hospitalisations,ISI-CovidABCaster,model,2025-02-17,2024/25
covid,current,COVID-19 hospitalisations,ISI-CovidABCaster,model,2025-02-24,2024/25
covid,current,COVID-19 hospitalisations,ISI-CovidABCaster,model,2025-03-03,2024/25
covid,current,COVID-19 hospitalisations,ISI-CovidABCaster,model,2025-03-10,2024/25
covid,current,COVID-19 hospitalisations,ISI-CovidABCaster,model,2025-03-17,2024/25
covid,current,COVID-19 hospitalisations,ISI-CovidABCaster,model,2025-03-24,2024/25
covid,current,COVID-19 hospitalisations,ISI-CovidABCaster,model,2025-03-31,2024/25
covid,current,COVID-19 hospitalisations,ISI-CovidABCaster,model,2025-04-07,2024/25
covid,current,COVID-19 hospitalisations,ISI-CovidABCaster,model,2025-04-14,2024/25
covid,current,COVID-19 hospitalisations,ISI-CovidABCaster,model,2025-11-17,2025/26
covid,current,COVID-19 hospitalisations,ISI-CovidABCaster,model,2025-11-24,2025/26
covid,current,COVID-19 hospitalisations,ISI-CovidABCaster,model,2025-12-01,2025/26
covid,current,COVID-19 hospitalisations,ISI-CovidABCaster,model,2025-12-08,2025/26
covid,current,COVID-19 hospitalisations,ISI-CovidABCaster,model,2025-12-15,2025/26
covid,current,COVID-19 hospitalisations,ISI-CovidABCaster,model,2025-12-22,2025/26
covid,current,COVID-19 hospitalisations,ISI-CovidABCaster,model,2026-01-12,2025/26
covid,current,COVID-19 hospitalisations,ISI-CovidABCaster,model,2026-01-26,2025/26
covid,current,COVID-19 hospitalisations,ISI-CovidABCaster,model,2026-02-02,2025/26
covid,current,COVID-19 hospitalisations,ISI-CovidABCaster,model,2026-02-09,2025/26
covid,current,COVID-19 hospitalisations,ISI-CovidABCaster,model,2026-02-16,2025/26
covid,current,COVID-19 hospitalisations,ISI-LSTCov,model,2025-12-08,2025/26
covid,current,COVID-19 hospitalisations,ISI-LSTCov,model,2025-12-15,2025/26
covid,current,COVID-19 hospitalisations,ISI-LSTCov,model,2025-12-22,2025/26
covid,current,COVID-19 hospitalisations,ISI-LSTCov,model,2026-01-12,2025/26
covid,current,COVID-19 hospitalisations,ISI-LSTCov,model,2026-01-19,2025/26
covid,current,COVID-19 hospitalisations,ISI-LSTCov,model,2026-01-26,2025/26
covid,current,COVID-19 hospitalisations,ISI-LSTCov,model,2026-02-02,2025/26
covid,current,COVID-19 hospitalisations,ISI-LSTCov,model,2026-02-09,2025/26
covid,current,COVID-19 hospitalisations,ISI-LSTCov,model,2026-02-16,2025/26
covid,current,COVID-19 hospitalisations,ISI-LSTCov,model,2026-02-23,2025/26
covid,current,COVID-19 hospitalisations,ISI-LSTCov,model,2026-03-02,2025/26
covid,current,COVID-19 hospitalisations,ISI-LSTCov,model,2026-03-09,2025/26
covid,current,COVID-19 hospitalisations,ISI-LSTCov,model,2026-03-16,2025/26
covid,current,COVID-19 hospitalisations,ISI-LSTCov,model,2026-03-23,2025/26
covid,current,COVID-19 hospitalisations,ISI-LSTCov,model,2026-03-30,2025/26
covid,current,COVID-19 hospitalisations,ISI-LSTCov,model,2026-04-13,2025/26
covid,current,COVID-19 hospitalisations,ISI-LSTFlu,model,2025-01-20,2024/25
covid,current,COVID-19 hospitalisations,ISI-LSTFlu,model,2025-01-27,2024/25
covid,current,COVID-19 hospitalisations,ISI-LSTFlu,model,2025-02-03,2024/25
covid,current,COVID-19 hospitalisations,ISI-LSTFlu,model,2025-02-10,2024/25
covid,current,COVID-19 hospitalisations,ISI-LSTFlu,model,2025-02-17,2024/25
covid,current,COVID-19 hospitalisations,ISI-LSTFlu,model,2025-02-24,2024/25
covid,current,COVID-19 hospitalisations,ISI-LSTFlu,model,2025-03-03,2024/25
covid,current,COVID-19 hospitalisations,ISI-LSTFlu,model,2025-03-10,2024/25
covid,current,COVID-19 hospitalisations,ISI-LSTFlu,model,2025-03-17,2024/25
covid,current,COVID-19 hospitalisations,ISI-LSTFlu,model,2025-03-24,2024/25
covid,current,COVID-19 hospitalisations,ISI-LSTFlu,model,2025-03-31,2024/25
covid,current,COVID-19 hospitalisations,ISI-LSTFlu,model,2025-04-07,2024/25
covid,current,COVID-19 hospitalisations,ISI-LSTFlu,model,2025-04-14,2024/25
covid,current,COVID-19 hospitalisations,ISI-RC_AdaptEns2,model,2024-10-21,2024/25
covid,current,COVID-19 hospitalisations,ISI-RC_AdaptEns2,model,2024-10-28,2024/25
covid,current,COVID-19 hospitalisations,ISI-RC_AdaptEns2,model,2024-11-04,2024/25
covid,current,COVID-19 hospitalisations,ISI-RC_AdaptEns2,model,2024-11-11,2024/25
covid,current,COVID-19 hospitalisations,ISI-RC_AdaptEns2,model,2024-11-18,2024/25
covid,current,COVID-19 hospitalisations,ISI-RC_AdaptEns2,model,2024-11-25,2024/25
covid,current,COVID-19 hospitalisations,ISI-RC_AdaptEns2,model,2024-12-02,2024/25
covid,current,COVID-19 hospitalisations,ISI-RC_AdaptEns2,model,2024-12-09,2024/25
covid,current,COVID-19 hospitalisations,ISI-RC_AdaptEns2,model,2024-12-16,2024/25
covid,current,COVID-19 hospitalisations,ISI-RC_AdaptEns2,model,2024-12-23,2024/25
covid,current,COVID-19 hospitalisations,ISI-RC_AdaptEns2,model,2024-12-30,2024/25
covid,current,COVID-19 hospitalisations,ISI-RC_AdaptEns2,model,2025-01-06,2024/25
covid,current,COVID-19 hospitalisations,ISI-RC_AdaptEns2,model,2025-01-13,2024/25
covid,current,COVID-19 hospitalisations,ISI-RC_AdaptEns2,model,2025-01-20,2024/25
covid,current,COVID-19 hospitalisations,ISI-RC_AdaptEns2,model,2025-01-27,2024/25
covid,current,COVID-19 hospitalisations,ISI-RC_AdaptEns2,model,2025-02-03,2024/25
covid,current,COVID-19 hospitalisations,ISI-RC_AdaptEns2,model,2025-02-10,2024/25
covid,current,COVID-19 hospitalisations,ISI-RC_AdaptEns2,model,2025-02-17,2024/25
covid,current,COVID-19 hospitalisations,ISI-RC_AdaptEns2,model,2025-02-24,2024/25
covid,current,COVID-19 hospitalisations,ISI-RC_AdaptEns2,model,2025-03-03,2024/25
covid,current,COVID-19 hospitalisations,ISI-RC_AdaptEns2,model,2025-03-10,2024/25
covid,current,COVID-19 hospitalisations,ISI-RC_AdaptEns2,model,2025-03-17,2024/25
covid,current,COVID-19 hospitalisations,ISI-RC_AdaptEns2,model,2025-03-24,2024/25
covid,current,COVID-19 hospitalisations,ISI-RC_AdaptEns2,model,2025-03-31,2024/25
covid,current,COVID-19 hospitalisations,ISI-RC_AdaptEns2,model,2025-04-07,2024/25
covid,current,COVID-19 hospitalisations,ISI-RC_AdaptEns2,model,2025-04-14,2024/25
covid,current,COVID-19 hospitalisations,ISI-RC_AdaptEns2,model,2025-04-21,2024/25
covid,current,COVID-19 hospitalisations,ISI-RC_AdaptEns2,model,2025-04-28,2024/25
covid,current,COVID-19 hospitalisations,ISI-RC_AdaptEns2,model,2025-05-05,2024/25
covid,current,COVID-19 hospitalisations,ISI-RC_AdaptEns2,model,2025-05-12,2024/25
covid,current,COVID-19 hospitalisations,ISI-RC_AdaptEns2,model,2025-05-19,2024/25
covid,current,COVID-19 hospitalisations,ISI-RC_AdaptEns2,model,2025-05-26,2024/25
covid,current,COVID-19 hospitalisations,ISI-SEIR_BRW,model,2024-11-11,2024/25
covid,current,COVID-19 hospitalisations,ISI-SEIR_BRW,model,2024-11-18,2024/25
covid,current,COVID-19 hospitalisations,ISI-SEIR_BRW,model,2024-11-25,2024/25
covid,current,COVID-19 hospitalisations,ISI-SEIR_BRW,model,2024-12-02,2024/25
covid,current,COVID-19 hospitalisations,ISI-SEIR_BRW,model,2024-12-09,2024/25
covid,current,COVID-19 hospitalisations,ISI-SEIR_BRW,model,2024-12-16,2024/25
covid,current,COVID-19 hospitalisations,ISI-SEIR_BRW,model,2024-12-23,2024/25
covid,current,COVID-19 hospitalisations,ISI-SEIR_BRW,model,2025-01-06,2024/25
covid,current,COVID-19 hospitalisations,ISI-SEIR_BRW,model,2025-01-20,2024/25
covid,current,COVID-19 hospitalisations,ISI-SEIR_BRW,model,2025-01-27,2024/25
covid,current,COVID-19 hospitalisations,ISI-SEIR_BRW,model,2025-02-03,2024/25
covid,current,COVID-19 hospitalisations,ISI-SEIR_BRW,model,2025-02-10,2024/25
covid,current,COVID-19 hospitalisations,ISI-SEIR_BRW,model,2025-02-24,2024/25
covid,current,COVID-19 hospitalisations,ISI-SEIR_BRW,model,2025-03-03,2024/25
covid,current,COVID-19 hospitalisations,ISI-SEIR_BRW,model,2025-03-24,2024/25
covid,current,COVID-19 hospitalisations,ISI-SEIR_BRW,model,2025-03-31,2024/25
covid,current,COVID-19 hospitalisations,ISI-SEIR_BRW,model,2025-04-07,2024/25
covid,current,COVID-19 hospitalisations,ISI-SEIR_BRW,model,2025-05-19,2024/25
covid,current,COVID-19 hospitalisations,ItaLuxColab-EpiEKF,model,2024-11-11,2024/25
covid,current,COVID-19 hospitalisations,ItaLuxColab-EpiEKF,model,2024-11-18,2024/25
covid,current,COVID-19 hospitalisations,ItaLuxColab-EpiEKF,model,2024-11-25,2024/25
covid,current,COVID-19 hospitalisations,ItaLuxColab-EpiEKF,model,2024-12-02,2024/25
covid,current,COVID-19 hospitalisations,ItaLuxColab-EpiEKF,model,2024-12-09,2024/25
covid,current,COVID-19 hospitalisations,ItaLuxColab-EpiEKF,model,2024-12-16,2024/25
covid,current,COVID-19 hospitalisations,ItaLuxColab-EpiEKF,model,2024-12-23,2024/25
covid,current,COVID-19 hospitalisations,ItaLuxColab-EpiEKF,model,2025-01-06,2024/25
covid,current,COVID-19 hospitalisations,ItaLuxColab-EpiEKF,model,2025-01-13,2024/25
covid,current,COVID-19 hospitalisations,ItaLuxColab-EpiEKF,model,2025-01-20,2024/25
covid,current,COVID-19 hospitalisations,ItaLuxColab-EpiEKF,model,2025-01-27,2024/25
covid,current,COVID-19 hospitalisations,ItaLuxColab-EpiEKF,model,2025-02-03,2024/25
covid,current,COVID-19 hospitalisations,ItaLuxColab-EpiEKF,model,2025-02-10,2024/25
covid,current,COVID-19 hospitalisations,ItaLuxColab-EpiEKF,model,2025-02-17,2024/25
covid,current,COVID-19 hospitalisations,ItaLuxColab-EpiEKF,model,2025-02-24,2024/25
covid,current,COVID-19 hospitalisations,ItaLuxColab-EpiEKF,model,2025-03-03,2024/25
covid,current,COVID-19 hospitalisations,ItaLuxColab-EpiEKF,model,2025-03-10,2024/25
covid,current,COVID-19 hospitalisations,ItaLuxColab-EpiEKF,model,2025-03-17,2024/25
covid,current,COVID-19 hospitalisations,ItaLuxColab-EpiEKF,model,2025-03-24,2024/25
covid,current,COVID-19 hospitalisations,ItaLuxColab-EpiEKF,model,2025-03-31,2024/25
covid,current,COVID-19 hospitalisations,ItaLuxColab-EpiEKF,model,2025-04-07,2024/25
covid,current,COVID-19 hospitalisations,ItaLuxColab-EpiEKF,model,2025-04-14,2024/25
covid,current,COVID-19 hospitalisations,ItaLuxColab-EpiEKF,model,2025-04-28,2024/25
covid,current,COVID-19 hospitalisations,ItaLuxColab-EpiEKF,model,2025-05-05,2024/25
covid,current,COVID-19 hospitalisations,ItaLuxColab-EpiEKF,model,2025-05-12,2024/25
covid,current,COVID-19 hospitalisations,ItaLuxColab-EpiEKF,model,2025-05-19,2024/25
covid,current,COVID-19 hospitalisations,ItaLuxColab-EpiEKF,model,2025-05-26,2024/25
covid,current,COVID-19 hospitalisations,ItaLuxColab-EpiEKF,model,2025-06-09,2024/25
covid,current,COVID-19 hospitalisations,ItaLuxColab-EpiEKF,model,2025-06-23,2024/25
covid,current,COVID-19 hospitalisations,ItaLuxColab-EpiEKF,model,2025-06-30,2024/25
covid,current,COVID-19 hospitalisations,ItaLuxColab-EpiEKF,model,2025-07-07,2024/25
covid,current,COVID-19 hospitalisations,ItaLuxColab-EpiEKF,model,2025-07-14,2024/25
covid,current,COVID-19 hospitalisations,ItaLuxColab-EpiEKF,model,2025-07-21,2024/25
covid,current,COVID-19 hospitalisations,ItaLuxColab-EpiEKF,model,2025-08-11,2025/26
covid,current,COVID-19 hospitalisations,ItaLuxColab-EpiEKF,model,2025-08-18,2025/26
covid,current,COVID-19 hospitalisations,ItaLuxColab-EpiEKF,model,2025-08-25,2025/26
covid,current,COVID-19 hospitalisations,ItaLuxColab-EpiEKF,model,2025-09-01,2025/26
covid,current,COVID-19 hospitalisations,ItaLuxColab-EpiEKF,model,2025-09-08,2025/26
covid,current,COVID-19 hospitalisations,ItaLuxColab-EpiEKF,model,2025-09-15,2025/26
covid,current,COVID-19 hospitalisations,ItaLuxColab-EpiEKF,model,2025-09-22,2025/26
covid,current,COVID-19 hospitalisations,ItaLuxColab-EpiEKF,model,2025-09-29,2025/26
covid,current,COVID-19 hospitalisations,ItaLuxColab-EpiEKF,model,2025-10-06,2025/26
covid,current,COVID-19 hospitalisations,ItaLuxColab-EpiEKF,model,2025-10-13,2025/26
covid,current,COVID-19 hospitalisations,ItaLuxColab-EpiEKF,model,2025-10-20,2025/26
covid,current,COVID-19 hospitalisations,ItaLuxColab-EpiEKF,model,2025-10-27,2025/26
covid,current,COVID-19 hospitalisations,ItaLuxColab-EpiEKF,model,2025-11-03,2025/26
covid,current,COVID-19 hospitalisations,ItaLuxColab-EpiEKF,model,2025-11-10,2025/26
covid,current,COVID-19 hospitalisations,ItaLuxColab-EpiEKF,model,2025-11-17,2025/26
covid,current,COVID-19 hospitalisations,ItaLuxColab-EpiEKF,model,2025-11-24,2025/26
covid,current,COVID-19 hospitalisations,ItaLuxColab-EpiEKF,model,2025-12-01,2025/26
covid,current,COVID-19 hospitalisations,ItaLuxColab-EpiEKF,model,2025-12-08,2025/26
covid,current,COVID-19 hospitalisations,ItaLuxColab-EpiEKF,model,2025-12-15,2025/26
covid,current,COVID-19 hospitalisations,ItaLuxColab-EpiEKF,model,2025-12-22,2025/26
covid,current,COVID-19 hospitalisations,ItaLuxColab-EpiEKF,model,2026-01-12,2025/26
covid,current,COVID-19 hospitalisations,ItaLuxColab-EpiEKF,model,2026-01-19,2025/26
covid,current,COVID-19 hospitalisations,ItaLuxColab-EpiEKF,model,2026-01-26,2025/26
covid,current,COVID-19 hospitalisations,ItaLuxColab-EpiEKF,model,2026-02-02,2025/26
covid,current,COVID-19 hospitalisations,ItaLuxColab-EpiEKF,model,2026-02-09,2025/26
covid,current,COVID-19 hospitalisations,ItaLuxColab-EpiEKF,model,2026-02-16,2025/26
covid,current,COVID-19 hospitalisations,ItaLuxColab-EpiEKF,model,2026-02-23,2025/26
covid,current,COVID-19 hospitalisations,ItaLuxColab-EpiEKF,model,2026-03-02,2025/26
covid,current,COVID-19 hospitalisations,ItaLuxColab-EpiEKF,model,2026-03-09,2025/26
covid,current,COVID-19 hospitalisations,ItaLuxColab-EpiEKF,model,2026-03-16,2025/26
covid,current,COVID-19 hospitalisations,ItaLuxColab-EpiEKF,model,2026-03-23,2025/26
covid,current,COVID-19 hospitalisations,ItaLuxColab-EpiEKF,model,2026-03-30,2025/26
covid,current,COVID-19 hospitalisations,ItaLuxColab-EpiEKF,model,2026-04-13,2025/26
covid,current,COVID-19 hospitalisations,ItaLuxColab-EpiEKF,model,2026-04-20,2025/26
covid,current,COVID-19 hospitalisations,ItaLuxColab-EpiEKF,model,2026-04-27,2025/26
covid,current,COVID-19 hospitalisations,ItaLuxColab-EpiEKF,model,2026-05-04,2025/26
covid,current,COVID-19 hospitalisations,ItaLuxColab-EpiEKF,model,2026-05-11,2025/26
covid_archive,archive,COVID-19 hospitalisations,Karlen-pypm,model,2021-08-02,2021/22
covid_archive,archive,COVID-19 hospitalisations,Karlen-pypm,model,2021-08-09,2021/22
covid_archive,archive,COVID-19 hospitalisations,Karlen-pypm,model,2021-08-16,2021/22
covid_archive,archive,COVID-19 hospitalisations,Karlen-pypm,model,2021-08-23,2021/22
covid_archive,archive,COVID-19 hospitalisations,Karlen-pypm,model,2021-08-30,2021/22
covid_archive,archive,COVID-19 hospitalisations,Karlen-pypm,model,2021-09-06,2021/22
covid_archive,archive,COVID-19 hospitalisations,Karlen-pypm,model,2021-09-13,2021/22
covid_archive,archive,COVID-19 hospitalisations,Karlen-pypm,model,2021-09-20,2021/22
covid_archive,archive,COVID-19 hospitalisations,Karlen-pypm,model,2021-09-27,2021/22
covid_archive,archive,COVID-19 hospitalisations,Karlen-pypm,model,2021-10-04,2021/22
covid_archive,archive,COVID-19 hospitalisations,Karlen-pypm,model,2021-10-11,2021/22
covid_archive,archive,COVID-19 hospitalisations,Karlen-pypm,model,2021-10-18,2021/22
covid_archive,archive,COVID-19 hospitalisations,Karlen-pypm,model,2021-10-25,2021/22
covid_archive,archive,COVID-19 hospitalisations,Karlen-pypm,model,2021-11-01,2021/22
covid_archive,archive,COVID-19 hospitalisations,Karlen-pypm,model,2021-11-08,2021/22
covid_archive,archive,COVID-19 hospitalisations,Karlen-pypm,model,2021-11-15,2021/22
covid_archive,archive,COVID-19 hospitalisations,Karlen-pypm,model,2021-11-22,2021/22
covid_archive,archive,COVID-19 hospitalisations,Karlen-pypm,model,2021-11-29,2021/22
covid_archive,archive,COVID-19 hospitalisations,Karlen-pypm,model,2022-07-11,2021/22
covid_archive,archive,COVID-19 hospitalisations,Karlen-pypm,model,2022-07-18,2021/22
covid_archive,archive,COVID-19 hospitalisations,Karlen-pypm,model,2022-07-25,2021/22
covid_archive,archive,COVID-19 hospitalisations,Karlen-pypm,model,2022-08-01,2022/23
covid_archive,archive,COVID-19 hospitalisations,Karlen-pypm,model,2022-08-08,2022/23
covid_archive,archive,COVID-19 hospitalisations,Karlen-pypm,model,2022-08-15,2022/23
covid_archive,archive,COVID-19 hospitalisations,Karlen-pypm,model,2022-08-22,2022/23
covid_archive,archive,COVID-19 hospitalisations,Karlen-pypm,model,2022-08-29,2022/23
covid_archive,archive,COVID-19 hospitalisations,Karlen-pypm,model,2022-09-05,2022/23
covid_archive,archive,COVID-19 hospitalisations,Karlen-pypm,model,2022-09-12,2022/23
covid_archive,archive,COVID-19 hospitalisations,Karlen-pypm,model,2022-09-19,2022/23
covid_archive,archive,COVID-19 hospitalisations,Karlen-pypm,model,2022-09-26,2022/23
covid_archive,archive,COVID-19 hospitalisations,Karlen-pypm,model,2022-10-03,2022/23
covid_archive,archive,COVID-19 hospitalisations,Karlen-pypm,model,2022-10-10,2022/23
covid_archive,archive,COVID-19 hospitalisations,Karlen-pypm,model,2022-10-17,2022/23
covid_archive,archive,COVID-19 hospitalisations,Karlen-pypm,model,2022-10-24,2022/23
covid_archive,archive,COVID-19 hospitalisations,Karlen-pypm,model,2022-10-31,2022/23
covid_archive,archive,COVID-19 hospitalisations,Karlen-pypm,model,2022-11-07,2022/23
covid_archive,archive,COVID-19 hospitalisations,Karlen-pypm,model,2022-11-14,2022/23
covid_archive,archive,COVID-19 hospitalisations,Karlen-pypm,model,2022-11-21,2022/23
covid_archive,archive,COVID-19 hospitalisations,Karlen-pypm,model,2022-11-28,2022/23
covid_archive,archive,COVID-19 hospitalisations,Karlen-pypm,model,2022-12-05,2022/23
covid_archive,archive,COVID-19 hospitalisations,Karlen-pypm,model,2022-12-12,2022/23
covid_archive,archive,COVID-19 hospitalisations,Karlen-pypm,model,2023-01-02,2022/23
covid_archive,archive,COVID-19 hospitalisations,Karlen-pypm,model,2023-01-09,2022/23
covid_archive,archive,COVID-19 hospitalisations,Karlen-pypm,model,2023-01-16,2022/23
covid_archive,archive,COVID-19 hospitalisations,Karlen-pypm,model,2023-01-23,2022/23
covid_archive,archive,COVID-19 hospitalisations,Lydia-SARIMA,model,2023-11-27,2023/24
covid_archive,archive,COVID-19 hospitalisations,Lydia-SARIMA,model,2023-12-04,2023/24
covid_archive,archive,COVID-19 hospitalisations,Lydia-SARIMA,model,2023-12-11,2023/24
covid_archive,archive,COVID-19 hospitalisations,Lydia-SARIMA,model,2023-12-18,2023/24
covid_archive,archive,COVID-19 hospitalisations,Lydia-SARIMA,model,2023-12-25,2023/24
covid_archive,archive,COVID-19 hospitalisations,Lydia-SARIMA,model,2024-01-01,2023/24
covid_archive,archive,COVID-19 hospitalisations,Lydia-SARIMA,model,2024-01-08,2023/24
covid_archive,archive,COVID-19 hospitalisations,Lydia-SARIMA,model,2024-01-15,2023/24
covid_archive,archive,COVID-19 hospitalisations,Lydia-SARIMA,model,2024-01-22,2023/24
covid_archive,archive,COVID-19 hospitalisations,Lydia-SARIMA,model,2024-01-29,2023/24
covid_archive,archive,COVID-19 hospitalisations,Lydia-SARIMA,model,2024-02-05,2023/24
covid_archive,archive,COVID-19 hospitalisations,Lydia-SARIMA,model,2024-02-12,2023/24
covid_archive,archive,COVID-19 hospitalisations,Lydia-SARIMA,model,2024-02-19,2023/24
covid_archive,archive,COVID-19 hospitalisations,Lydia-SARIMA,model,2024-02-26,2023/24
covid_archive,archive,COVID-19 hospitalisations,Lydia-SARIMA,model,2024-03-04,2023/24
covid_archive,archive,COVID-19 hospitalisations,Lydia-SARIMA,model,2024-03-11,2023/24
covid_archive,archive,COVID-19 hospitalisations,Lydia-SARIMA,model,2024-03-18,2023/24
covid_archive,archive,COVID-19 hospitalisations,Lydia-SARIMA,model,2024-03-25,2023/24
covid_archive,archive,COVID-19 hospitalisations,Lydia-SARIMA,model,2024-04-01,2023/24
covid_archive,archive,COVID-19 hospitalisations,Lydia-SARIMA,model,2024-04-08,2023/24
covid_archive,archive,COVID-19 hospitalisations,Lydia-SARIMA,model,2024-04-15,2023/24
covid_archive,archive,COVID-19 hospitalisations,Lydia-SARIMA,model,2024-04-22,2023/24
covid_archive,archive,COVID-19 hospitalisations,Lydia-SARIMA,model,2024-04-29,2023/24
covid_archive,archive,COVID-19 hospitalisations,Lydia-SARIMA,model,2024-05-06,2023/24
covid_archive,archive,COVID-19 hospitalisations,Lydia-SARIMA,model,2024-05-20,2023/24
covid_archive,archive,COVID-19 hospitalisations,Lydia-SARIMA,model,2024-05-27,2023/24
covid_archive,archive,COVID-19 hospitalisations,Lydia-SARIMA,model,2024-06-03,2023/24
covid_archive,archive,COVID-19 hospitalisations,Lydia-SARIMA,model,2024-06-10,2023/24
covid_archive,archive,COVID-19 hospitalisations,Lydia-SARIMA,model,2024-06-24,2023/24
covid_archive,archive,COVID-19 hospitalisations,Lydia-SARIMA,model,2024-07-01,2023/24
covid_archive,archive,COVID-19 hospitalisations,Lydia-SARIMA,model,2024-07-08,2023/24
covid_archive,archive,COVID-19 hospitalisations,Lydia-SARIMA,model,2024-07-15,2023/24
covid_archive,archive,COVID-19 hospitalisations,Lydia-SARIMA,model,2024-07-22,2023/24
covid_archive,archive,COVID-19 hospitalisations,Lydia-SARIMA,model,2024-07-29,2023/24
covid_archive,archive,COVID-19 hospitalisations,Lydia-SARIMA,model,2024-08-05,2024/25
covid_archive,archive,COVID-19 hospitalisations,Lydia-SARIMA,model,2024-09-16,2024/25
covid_archive,archive,COVID-19 hospitalisations,Lydia-SARIMA,model,2024-09-23,2024/25
covid_archive,archive,COVID-19 hospitalisations,Lydia-SARIMA,model,2024-09-30,2024/25
covid_archive,archive,COVID-19 hospitalisations,Lydia-SARIMA,model,2024-10-07,2024/25
covid_archive,archive,COVID-19 hospitalisations,Lydia-SARIMA,model,2024-10-14,2024/25
covid_archive,archive,COVID-19 hospitalisations,Lydia-simpleARIMA,model,2023-11-27,2023/24
covid_archive,archive,COVID-19 hospitalisations,Lydia-simpleARIMA,model,2023-12-04,2023/24
covid_archive,archive,COVID-19 hospitalisations,Lydia-simpleARIMA,model,2023-12-11,2023/24
covid_archive,archive,COVID-19 hospitalisations,Lydia-simpleARIMA,model,2023-12-18,2023/24
covid_archive,archive,COVID-19 hospitalisations,Lydia-simpleARIMA,model,2023-12-25,2023/24
covid_archive,archive,COVID-19 hospitalisations,Lydia-simpleARIMA,model,2024-01-01,2023/24
covid_archive,archive,COVID-19 hospitalisations,Lydia-simpleARIMA,model,2024-01-08,2023/24
covid_archive,archive,COVID-19 hospitalisations,Lydia-simpleARIMA,model,2024-01-15,2023/24
covid_archive,archive,COVID-19 hospitalisations,Lydia-simpleARIMA,model,2024-01-22,2023/24
covid_archive,archive,COVID-19 hospitalisations,Lydia-simpleARIMA,model,2024-01-29,2023/24
covid_archive,archive,COVID-19 hospitalisations,Lydia-simpleARIMA,model,2024-02-05,2023/24
covid_archive,archive,COVID-19 hospitalisations,Lydia-simpleARIMA,model,2024-02-12,2023/24
covid_archive,archive,COVID-19 hospitalisations,Lydia-simpleARIMA,model,2024-02-19,2023/24
covid_archive,archive,COVID-19 hospitalisations,Lydia-simpleARIMA,model,2024-02-26,2023/24
covid_archive,archive,COVID-19 hospitalisations,Lydia-simpleARIMA,model,2024-03-04,2023/24
covid_archive,archive,COVID-19 hospitalisations,MUNI-ARIMA,model,2021-09-06,2021/22
covid_archive,archive,COVID-19 hospitalisations,MUNI-ARIMA,model,2021-09-13,2021/22
covid_archive,archive,COVID-19 hospitalisations,MUNI-ARIMA,model,2021-09-20,2021/22
covid_archive,archive,COVID-19 hospitalisations,MUNI-ARIMA,model,2021-09-27,2021/22
covid_archive,archive,COVID-19 hospitalisations,MUNI-ARIMA,model,2021-10-04,2021/22
covid_archive,archive,COVID-19 hospitalisations,MUNI-ARIMA,model,2021-10-11,2021/22
covid_archive,archive,COVID-19 hospitalisations,MUNI-ARIMA,model,2021-10-18,2021/22
covid_archive,archive,COVID-19 hospitalisations,MUNI-ARIMA,model,2021-10-25,2021/22
covid_archive,archive,COVID-19 hospitalisations,MUNI-ARIMA,model,2021-11-01,2021/22
covid_archive,archive,COVID-19 hospitalisations,MUNI-ARIMA,model,2021-11-08,2021/22
covid_archive,archive,COVID-19 hospitalisations,MUNI-ARIMA,model,2021-11-15,2021/22
covid_archive,archive,COVID-19 hospitalisations,MUNI-ARIMA,model,2021-11-22,2021/22
covid_archive,archive,COVID-19 hospitalisations,MUNI-ARIMA,model,2021-11-29,2021/22
covid_archive,archive,COVID-19 hospitalisations,MUNI-ARIMA,model,2021-12-06,2021/22
covid_archive,archive,COVID-19 hospitalisations,MUNI-ARIMA,model,2021-12-13,2021/22
covid_archive,archive,COVID-19 hospitalisations,MUNI-ARIMA,model,2021-12-20,2021/22
covid_archive,archive,COVID-19 hospitalisations,MUNI-ARIMA,model,2021-12-27,2021/22
covid_archive,archive,COVID-19 hospitalisations,MUNI-ARIMA,model,2022-01-03,2021/22
covid_archive,archive,COVID-19 hospitalisations,MUNI-ARIMA,model,2022-01-10,2021/22
covid_archive,archive,COVID-19 hospitalisations,MUNI-ARIMA,model,2022-01-17,2021/22
covid_archive,archive,COVID-19 hospitalisations,MUNI-ARIMA,model,2022-01-24,2021/22
covid_archive,archive,COVID-19 hospitalisations,MUNI-ARIMA,model,2022-01-31,2021/22
covid_archive,archive,COVID-19 hospitalisations,MUNI-ARIMA,model,2022-02-07,2021/22
covid_archive,archive,COVID-19 hospitalisations,MUNI-ARIMA,model,2022-02-14,2021/22
covid_archive,archive,COVID-19 hospitalisations,MUNI-ARIMA,model,2022-02-21,2021/22
covid_archive,archive,COVID-19 hospitalisations,MUNI-ARIMA,model,2022-03-14,2021/22
covid_archive,archive,COVID-19 hospitalisations,MUNI-ARIMA,model,2022-03-21,2021/22
covid_archive,archive,COVID-19 hospitalisations,MUNI-ARIMA,model,2022-03-28,2021/22
covid_archive,archive,COVID-19 hospitalisations,MUNI-ARIMA,model,2022-04-04,2021/22
covid_archive,archive,COVID-19 hospitalisations,MUNI-ARIMA,model,2022-04-11,2021/22
covid_archive,archive,COVID-19 hospitalisations,MUNI-ARIMA,model,2022-04-18,2021/22
covid_archive,archive,COVID-19 hospitalisations,MUNI-ARIMA,model,2022-04-25,2021/22
covid_archive,archive,COVID-19 hospitalisations,MUNI-ARIMA,model,2022-05-02,2021/22
covid_archive,archive,COVID-19 hospitalisations,MUNI-ARIMA,model,2022-05-09,2021/22
covid_archive,archive,COVID-19 hospitalisations,MUNI-ARIMA,model,2022-05-16,2021/22
covid_archive,archive,COVID-19 hospitalisations,MUNI-ARIMA,model,2022-05-23,2021/22
covid_archive,archive,COVID-19 hospitalisations,MUNI-ARIMA,model,2022-05-30,2021/22
covid_archive,archive,COVID-19 hospitalisations,MUNI-ARIMA,model,2022-06-06,2021/22
covid_archive,archive,COVID-19 hospitalisations,MUNI-ARIMA,model,2022-06-13,2021/22
covid_archive,archive,COVID-19 hospitalisations,MUNI-ARIMA,model,2022-06-20,2021/22
covid_archive,archive,COVID-19 hospitalisations,MUNI-ARIMA,model,2022-06-27,2021/22
covid_archive,archive,COVID-19 hospitalisations,MUNI-ARIMA,model,2022-07-04,2021/22
covid_archive,archive,COVID-19 hospitalisations,MUNI-ARIMA,model,2022-07-11,2021/22
covid_archive,archive,COVID-19 hospitalisations,MUNI-ARIMA,model,2022-07-18,2021/22
covid_archive,archive,COVID-19 hospitalisations,MUNI-ARIMA,model,2022-07-25,2021/22
covid_archive,archive,COVID-19 hospitalisations,MUNI-ARIMA,model,2022-08-01,2022/23
covid_archive,archive,COVID-19 hospitalisations,MUNI-ARIMA,model,2022-08-08,2022/23
covid_archive,archive,COVID-19 hospitalisations,MUNI-ARIMA,model,2022-08-15,2022/23
covid_archive,archive,COVID-19 hospitalisations,MUNI-ARIMA,model,2022-08-22,2022/23
covid_archive,archive,COVID-19 hospitalisations,MUNI-ARIMA,model,2022-08-29,2022/23
covid_archive,archive,COVID-19 hospitalisations,MUNI-ARIMA,model,2022-09-05,2022/23
covid_archive,archive,COVID-19 hospitalisations,MUNI-ARIMA,model,2022-09-12,2022/23
covid_archive,archive,COVID-19 hospitalisations,MUNI-ARIMA,model,2022-09-19,2022/23
covid_archive,archive,COVID-19 hospitalisations,MUNI-ARIMA,model,2022-09-26,2022/23
covid_archive,archive,COVID-19 hospitalisations,MUNI-ARIMA,model,2022-10-03,2022/23
covid_archive,archive,COVID-19 hospitalisations,MUNI-ARIMA,model,2022-10-10,2022/23
covid_archive,archive,COVID-19 hospitalisations,MUNI-ARIMA,model,2022-10-17,2022/23
covid_archive,archive,COVID-19 hospitalisations,MUNI-ARIMA,model,2022-10-24,2022/23
covid_archive,archive,COVID-19 hospitalisations,MUNI-ARIMA,model,2022-10-31,2022/23
covid_archive,archive,COVID-19 hospitalisations,MUNI-ARIMA,model,2022-11-07,2022/23
covid_archive,archive,COVID-19 hospitalisations,MUNI-ARIMA,model,2022-11-14,2022/23
covid_archive,archive,COVID-19 hospitalisations,MUNI-ARIMA,model,2022-11-21,2022/23
covid_archive,archive,COVID-19 hospitalisations,MUNI-ARIMA,model,2022-11-28,2022/23
covid_archive,archive,COVID-19 hospitalisations,MUNI-ARIMA,model,2022-12-05,2022/23
covid_archive,archive,COVID-19 hospitalisations,MUNI-ARIMA,model,2022-12-12,2022/23
covid_archive,archive,COVID-19 hospitalisations,MUNI-ARIMA,model,2023-01-02,2022/23
covid_archive,archive,COVID-19 hospitalisations,MUNI-ARIMA,model,2023-01-16,2022/23
covid_archive,archive,COVID-19 hospitalisations,MUNI-ARIMA,model,2023-01-23,2022/23
covid_archive,archive,COVID-19 hospitalisations,MUNI-ARIMA,model,2023-01-30,2022/23
covid_archive,archive,COVID-19 hospitalisations,MUNI-ARIMA,model,2023-02-06,2022/23
covid_archive,archive,COVID-19 hospitalisations,MUNI-ARIMA,model,2023-02-13,2022/23
covid_archive,archive,COVID-19 hospitalisations,MUNI-ARIMA,model,2023-02-20,2022/23
covid_archive,archive,COVID-19 hospitalisations,MUNI-ARIMA,model,2023-02-27,2022/23
covid_archive,archive,COVID-19 hospitalisations,MUNI-ARIMA,model,2023-03-06,2022/23
covid_archive,archive,COVID-19 hospitalisations,MUNI-ARIMA,model,2023-03-13,2022/23
covid_archive,archive,COVID-19 hospitalisations,MUNI-ARIMA,model,2023-03-20,2022/23
covid_archive,archive,COVID-19 hospitalisations,MUNI-ARIMA,model,2023-03-27,2022/23
covid_archive,archive,COVID-19 hospitalisations,MUNI-ARIMA,model,2023-04-03,2022/23
covid_archive,archive,COVID-19 hospitalisations,MUNI-LaggedRegARIMA,model,2021-11-22,2021/22
covid_archive,archive,COVID-19 hospitalisations,MUNI-LaggedRegARIMA,model,2021-11-29,2021/22
covid_archive,archive,COVID-19 hospitalisations,MUNI-LaggedRegARIMA,model,2021-12-06,2021/22
covid_archive,archive,COVID-19 hospitalisations,MUNI-LaggedRegARIMA,model,2021-12-13,2021/22
covid_archive,archive,COVID-19 hospitalisations,MUNI-LaggedRegARIMA,model,2021-12-20,2021/22
covid_archive,archive,COVID-19 hospitalisations,MUNI-LaggedRegARIMA,model,2021-12-27,2021/22
covid_archive,archive,COVID-19 hospitalisations,MUNI_DMS-SEIAR,model,2021-11-08,2021/22
covid_archive,archive,COVID-19 hospitalisations,MUNI_DMS-SEIAR,model,2021-11-15,2021/22
covid_archive,archive,COVID-19 hospitalisations,MUNI_DMS-SEIAR,model,2021-11-29,2021/22
covid_archive,archive,COVID-19 hospitalisations,MUNI_DMS-SEIAR,model,2021-12-06,2021/22
covid_archive,archive,COVID-19 hospitalisations,MUNI_DMS-SEIAR,model,2021-12-27,2021/22
covid_archive,archive,COVID-19 hospitalisations,MUNI_DMS-SEIAR,model,2022-01-03,2021/22
covid_archive,archive,COVID-19 hospitalisations,MUNI_DMS-SEIAR,model,2022-01-10,2021/22
covid_archive,archive,COVID-19 hospitalisations,MUNI_DMS-SEIAR,model,2022-01-17,2021/22
covid_archive,archive,COVID-19 hospitalisations,MUNI_DMS-SEIAR,model,2022-01-24,2021/22
covid_archive,archive,COVID-19 hospitalisations,MUNI_DMS-SEIAR,model,2022-01-31,2021/22
covid_archive,archive,COVID-19 hospitalisations,MUNI_DMS-SEIAR,model,2022-02-07,2021/22
covid_archive,archive,COVID-19 hospitalisations,MUNI_DMS-SEIAR,model,2022-02-14,2021/22
covid_archive,archive,COVID-19 hospitalisations,MUNI_DMS-SEIAR,model,2022-02-21,2021/22
covid_archive,archive,COVID-19 hospitalisations,MUNI_DMS-SEIAR,model,2022-02-28,2021/22
covid_archive,archive,COVID-19 hospitalisations,MUNI_DMS-SEIAR,model,2022-03-07,2021/22
covid_archive,archive,COVID-19 hospitalisations,MUNI_DMS-SEIAR,model,2022-03-14,2021/22
covid_archive,archive,COVID-19 hospitalisations,MUNI_DMS-SEIAR,model,2022-03-21,2021/22
covid_archive,archive,COVID-19 hospitalisations,MUNI_DMS-SEIAR,model,2022-03-28,2021/22
covid_archive,archive,COVID-19 hospitalisations,MUNI_DMS-SEIAR,model,2022-04-04,2021/22
covid_archive,archive,COVID-19 hospitalisations,MUNI_DMS-SEIAR,model,2022-04-11,2021/22
covid,current,COVID-19 hospitalisations,QMUL-ARIMA,model,2025-06-30,2024/25
covid,current,COVID-19 hospitalisations,QMUL-ARIMA,model,2025-07-07,2024/25
covid,current,COVID-19 hospitalisations,QMUL-ARIMA,model,2025-07-14,2024/25
covid,current,COVID-19 hospitalisations,QMUL-ARIMA,model,2025-07-21,2024/25
covid,current,COVID-19 hospitalisations,QMUL-ARIMA,model,2025-08-04,2025/26
covid,current,COVID-19 hospitalisations,QMUL-ARIMA,model,2025-08-11,2025/26
covid,current,COVID-19 hospitalisations,QMUL-ARIMA,model,2025-08-18,2025/26
covid,current,COVID-19 hospitalisations,QMUL-ARIMA,model,2025-08-25,2025/26
covid,current,COVID-19 hospitalisations,QMUL-ARIMA,model,2025-09-01,2025/26
covid,current,COVID-19 hospitalisations,QMUL-ARIMA,model,2025-09-08,2025/26
covid,current,COVID-19 hospitalisations,QMUL-ARIMA,model,2025-09-22,2025/26
covid,current,COVID-19 hospitalisations,QMUL-ARIMA,model,2025-10-06,2025/26
covid,current,COVID-19 hospitalisations,QMUL-ARIMA,model,2025-10-13,2025/26
covid,current,COVID-19 hospitalisations,QMUL-ARIMA,model,2025-10-20,2025/26
covid,current,COVID-19 hospitalisations,QMUL-ARIMA,model,2025-10-27,2025/26
covid,current,COVID-19 hospitalisations,QMUL-ARIMA,model,2025-11-03,2025/26
covid,current,COVID-19 hospitalisations,QMUL-ARIMA,model,2025-11-10,2025/26
covid,current,COVID-19 hospitalisations,QMUL-ARIMA,model,2025-11-24,2025/26
covid,current,COVID-19 hospitalisations,QMUL-ARIMA,model,2025-12-01,2025/26
covid,current,COVID-19 hospitalisations,QMUL-ARIMA,model,2025-12-08,2025/26
covid,current,COVID-19 hospitalisations,QMUL-ARIMA,model,2025-12-15,2025/26
covid,current,COVID-19 hospitalisations,QMUL-ARIMA,model,2025-12-22,2025/26
covid,current,COVID-19 hospitalisations,QMUL-ARIMA,model,2026-01-12,2025/26
covid,current,COVID-19 hospitalisations,QMUL-ARIMA,model,2026-01-19,2025/26
covid,current,COVID-19 hospitalisations,QMUL-ARIMA,model,2026-01-26,2025/26
covid,current,COVID-19 hospitalisations,QMUL-ARIMA,model,2026-02-02,2025/26
covid,current,COVID-19 hospitalisations,QMUL-ARIMA,model,2026-02-09,2025/26
covid,current,COVID-19 hospitalisations,QMUL-ARIMA,model,2026-02-16,2025/26
covid,current,COVID-19 hospitalisations,QMUL-ARIMA,model,2026-02-23,2025/26
covid,current,COVID-19 hospitalisations,QMUL-ARIMA,model,2026-03-02,2025/26
covid,current,COVID-19 hospitalisations,QMUL-ARIMA,model,2026-03-09,2025/26
covid,current,COVID-19 hospitalisations,QMUL-ARIMA,model,2026-03-16,2025/26
covid,current,COVID-19 hospitalisations,QMUL-ARIMA,model,2026-03-23,2025/26
covid,current,COVID-19 hospitalisations,QMUL-ARIMA,model,2026-03-30,2025/26
covid,current,COVID-19 hospitalisations,QMUL-ARIMA,model,2026-04-13,2025/26
covid,current,COVID-19 hospitalisations,QMUL-ARIMA,model,2026-04-20,2025/26
covid,current,COVID-19 hospitalisations,QMUL-ARIMA,model,2026-04-27,2025/26
covid,current,COVID-19 hospitalisations,QMUL-ARIMA,model,2026-05-11,2025/26
covid,current,COVID-19 hospitalisations,QMUL-ARIMA,model,2026-05-25,2025/26
covid,current,COVID-19 hospitalisations,QMUL-TabPFNTS,model,2025-11-24,2025/26
covid,current,COVID-19 hospitalisations,QMUL-TabPFNTS,model,2025-12-01,2025/26
covid,current,COVID-19 hospitalisations,QMUL-TabPFNTS,model,2025-12-08,2025/26
covid,current,COVID-19 hospitalisations,QMUL-TabPFNTS,model,2025-12-15,2025/26
covid,current,COVID-19 hospitalisations,QMUL-TabPFNTS,model,2025-12-22,2025/26
covid,current,COVID-19 hospitalisations,QMUL-TabPFNTS,model,2026-01-12,2025/26
covid,current,COVID-19 hospitalisations,QMUL-TabPFNTS,model,2026-01-19,2025/26
covid,current,COVID-19 hospitalisations,QMUL-TabPFNTS,model,2026-01-26,2025/26
covid,current,COVID-19 hospitalisations,QMUL-TabPFNTS,model,2026-02-02,2025/26
covid,current,COVID-19 hospitalisations,QMUL-TabPFNTS,model,2026-02-09,2025/26
covid,current,COVID-19 hospitalisations,QMUL-TabPFNTS,model,2026-02-16,2025/26
covid,current,COVID-19 hospitalisations,QMUL-TabPFNTS,model,2026-02-23,2025/26
covid,current,COVID-19 hospitalisations,QMUL-TabPFNTS,model,2026-03-02,2025/26
covid,current,COVID-19 hospitalisations,QMUL-TabPFNTS,model,2026-03-09,2025/26
covid,current,COVID-19 hospitalisations,QMUL-TabPFNTS,model,2026-03-16,2025/26
covid,current,COVID-19 hospitalisations,QMUL-TabPFNTS,model,2026-03-23,2025/26
covid,current,COVID-19 hospitalisations,QMUL-TabPFNTS,model,2026-03-30,2025/26
covid,current,COVID-19 hospitalisations,QMUL-TabPFNTS,model,2026-04-13,2025/26
covid,current,COVID-19 hospitalisations,QMUL-TabPFNTS,model,2026-04-20,2025/26
covid,current,COVID-19 hospitalisations,QMUL-TabPFNTS,model,2026-04-27,2025/26
covid,current,COVID-19 hospitalisations,QMUL-TabPFNTS,model,2026-05-04,2025/26
covid,current,COVID-19 hospitalisations,QMUL-TabPFNTS,model,2026-05-11,2025/26
covid,current,COVID-19 hospitalisations,QMUL-TabPFNTS,model,2026-05-25,2025/26
covid_archive,archive,COVID-19 hospitalisations,ULZF-SEIRC19SI,model,2021-11-15,2021/22
covid_archive,archive,COVID-19 hospitalisations,ULZF-SEIRC19SI,model,2021-11-22,2021/22
covid_archive,archive,COVID-19 hospitalisations,ULZF-SEIRC19SI,model,2021-11-29,2021/22
covid_archive,archive,COVID-19 hospitalisations,ULZF-SEIRC19SI,model,2021-12-06,2021/22
covid_archive,archive,COVID-19 hospitalisations,ULZF-SEIRC19SI,model,2021-12-13,2021/22
covid_archive,archive,COVID-19 hospitalisations,ULZF-SEIRC19SI,model,2021-12-20,2021/22
covid_archive,archive,COVID-19 hospitalisations,ULZF-SEIRC19SI,model,2021-12-27,2021/22
covid_archive,archive,COVID-19 hospitalisations,ULZF-SEIRC19SI,model,2022-01-03,2021/22
covid_archive,archive,COVID-19 hospitalisations,ULZF-SEIRC19SI,model,2022-01-10,2021/22
covid_archive,archive,COVID-19 hospitalisations,ULZF-SEIRC19SI,model,2022-01-17,2021/22
covid_archive,archive,COVID-19 hospitalisations,ULZF-SEIRC19SI,model,2022-01-24,2021/22
covid_archive,archive,COVID-19 hospitalisations,ULZF-SEIRC19SI,model,2022-01-31,2021/22
covid_archive,archive,COVID-19 hospitalisations,ULZF-SEIRC19SI,model,2022-02-07,2021/22
covid_archive,archive,COVID-19 hospitalisations,ULZF-SEIRC19SI,model,2022-02-14,2021/22
covid_archive,archive,COVID-19 hospitalisations,ULZF-SEIRC19SI,model,2022-02-21,2021/22
covid_archive,archive,COVID-19 hospitalisations,ULZF-SEIRC19SI,model,2022-02-28,2021/22
covid_archive,archive,COVID-19 hospitalisations,ULZF-SEIRC19SI,model,2022-03-07,2021/22
covid_archive,archive,COVID-19 hospitalisations,ULZF-SEIRC19SI,model,2022-03-14,2021/22
covid_archive,archive,COVID-19 hospitalisations,ULZF-SEIRC19SI,model,2022-03-21,2021/22
covid_archive,archive,COVID-19 hospitalisations,ULZF-SEIRC19SI,model,2022-03-28,2021/22
covid_archive,archive,COVID-19 hospitalisations,ULZF-SEIRC19SI,model,2022-04-04,2021/22
covid_archive,archive,COVID-19 hospitalisations,ULZF-SEIRC19SI,model,2022-04-11,2021/22
covid_archive,archive,COVID-19 hospitalisations,ULZF-SEIRC19SI,model,2022-04-18,2021/22
covid_archive,archive,COVID-19 hospitalisations,ULZF-SEIRC19SI,model,2022-04-25,2021/22
covid_archive,archive,COVID-19 hospitalisations,ULZF-SEIRC19SI,model,2022-05-02,2021/22
covid_archive,archive,COVID-19 hospitalisations,ULZF-SEIRC19SI,model,2022-05-09,2021/22
covid_archive,archive,COVID-19 hospitalisations,ULZF-SEIRC19SI,model,2022-05-16,2021/22
covid_archive,archive,COVID-19 hospitalisations,ULZF-SEIRC19SI,model,2022-05-23,2021/22
covid_archive,archive,COVID-19 hospitalisations,ULZF-SEIRC19SI,model,2022-05-30,2021/22
covid_archive,archive,COVID-19 hospitalisations,ULZF-SEIRC19SI,model,2022-06-06,2021/22
covid_archive,archive,COVID-19 hospitalisations,ULZF-SEIRC19SI,model,2022-06-13,2021/22
covid_archive,archive,COVID-19 hospitalisations,ULZF-SEIRC19SI,model,2022-06-20,2021/22
covid_archive,archive,COVID-19 hospitalisations,ULZF-SEIRC19SI,model,2022-06-27,2021/22
covid_archive,archive,COVID-19 hospitalisations,ULZF-SEIRC19SI,model,2022-07-04,2021/22
covid_archive,archive,COVID-19 hospitalisations,ULZF-SEIRC19SI,model,2022-07-11,2021/22
covid_archive,archive,COVID-19 hospitalisations,ULZF-SEIRC19SI,model,2022-07-18,2021/22
covid_archive,archive,COVID-19 hospitalisations,ULZF-SEIRC19SI,model,2022-07-25,2021/22
covid_archive,archive,COVID-19 hospitalisations,ULZF-SEIRC19SI,model,2022-08-01,2022/23
covid_archive,archive,COVID-19 hospitalisations,ULZF-SEIRC19SI,model,2022-08-08,2022/23
covid_archive,archive,COVID-19 hospitalisations,ULZF-SEIRC19SI,model,2022-08-15,2022/23
covid_archive,archive,COVID-19 hospitalisations,ULZF-SEIRC19SI,model,2022-08-22,2022/23
covid_archive,archive,COVID-19 hospitalisations,ULZF-SEIRC19SI,model,2022-08-29,2022/23
covid_archive,archive,COVID-19 hospitalisations,ULZF-SEIRC19SI,model,2022-09-05,2022/23
covid_archive,archive,COVID-19 hospitalisations,ULZF-SEIRC19SI,model,2022-09-12,2022/23
covid_archive,archive,COVID-19 hospitalisations,ULZF-SEIRC19SI,model,2022-09-19,2022/23
covid_archive,archive,COVID-19 hospitalisations,ULZF-SEIRC19SI,model,2022-09-26,2022/23
covid_archive,archive,COVID-19 hospitalisations,ULZF-SEIRC19SI,model,2022-10-10,2022/23
covid_archive,archive,COVID-19 hospitalisations,ULZF-SEIRC19SI,model,2022-10-17,2022/23
covid_archive,archive,COVID-19 hospitalisations,ULZF-SEIRC19SI,model,2022-10-31,2022/23
covid_archive,archive,COVID-19 hospitalisations,ULZF-SEIRC19SI,model,2022-11-07,2022/23
covid_archive,archive,COVID-19 hospitalisations,ULZF-SEIRC19SI,model,2022-11-14,2022/23
covid_archive,archive,COVID-19 hospitalisations,ULZF-SEIRC19SI,model,2022-11-21,2022/23
covid_archive,archive,COVID-19 hospitalisations,ULZF-SEIRC19SI,model,2022-11-28,2022/23
covid_archive,archive,COVID-19 hospitalisations,ULZF-SEIRC19SI,model,2022-12-05,2022/23
covid_archive,archive,COVID-19 hospitalisations,ULZF-SEIRC19SI,model,2022-12-12,2022/23
covid_archive,archive,COVID-19 hospitalisations,ULZF-SEIRC19SI,model,2022-12-19,2022/23
covid_archive,archive,COVID-19 hospitalisations,ULZF-SEIRC19SI,model,2023-01-02,2022/23
covid_archive,archive,COVID-19 hospitalisations,ULZF-SEIRC19SI,model,2023-01-09,2022/23
covid_archive,archive,COVID-19 hospitalisations,ULZF-SEIRC19SI,model,2023-01-16,2022/23
covid_archive,archive,COVID-19 hospitalisations,ULZF-SEIRC19SI,model,2023-01-23,2022/23
covid_archive,archive,COVID-19 hospitalisations,ULZF-SEIRC19SI,model,2023-01-30,2022/23
covid_archive,archive,COVID-19 hospitalisations,ULZF-SEIRC19SI,model,2023-02-06,2022/23
covid_archive,archive,COVID-19 hospitalisations,ULZF-SEIRC19SI,model,2023-02-13,2022/23
covid_archive,archive,COVID-19 hospitalisations,ULZF-SEIRC19SI,model,2023-02-20,2022/23
covid_archive,archive,COVID-19 hospitalisations,ULZF-SEIRC19SI,model,2023-03-20,2022/23
covid_archive,archive,COVID-19 hospitalisations,ULZF-SEIRC19SI,model,2023-03-27,2022/23
covid_archive,archive,COVID-19 hospitalisations,ULZF-SEIRC19SI,model,2023-04-03,2022/23
covid_archive,archive,COVID-19 hospitalisations,USyd-OneModelMan,model,2021-08-30,2021/22
covid_archive,archive,COVID-19 hospitalisations,USyd-OneModelMan,model,2021-09-06,2021/22
covid_archive,archive,COVID-19 hospitalisations,USyd-OneModelMan,model,2021-09-13,2021/22
covid_archive,archive,COVID-19 hospitalisations,USyd-OneModelMan,model,2021-09-20,2021/22
covid_archive,archive,COVID-19 hospitalisations,USyd-OneModelMan,model,2021-09-27,2021/22
covid_archive,archive,COVID-19 hospitalisations,USyd-OneModelMan,model,2021-10-04,2021/22
covid_archive,archive,COVID-19 hospitalisations,USyd-OneModelMan,model,2021-10-11,2021/22
covid_archive,archive,COVID-19 hospitalisations,USyd-OneModelMan,model,2021-11-01,2021/22
covid_archive,archive,COVID-19 hospitalisations,epiMOX-SUIHTER,model,2021-11-08,2021/22
covid_archive,archive,COVID-19 hospitalisations,epiMOX-SUIHTER,model,2021-11-15,2021/22
covid_archive,archive,COVID-19 hospitalisations,epiMOX-SUIHTER,model,2021-11-22,2021/22
covid_archive,archive,COVID-19 hospitalisations,epiMOX-SUIHTER,model,2021-11-29,2021/22
covid_archive,archive,COVID-19 hospitalisations,epiMOX-SUIHTER,model,2021-12-06,2021/22
covid_archive,archive,COVID-19 hospitalisations,epiMOX-SUIHTER,model,2021-12-13,2021/22
covid_archive,archive,COVID-19 hospitalisations,epiMOX-SUIHTER,model,2021-12-20,2021/22
covid_archive,archive,COVID-19 hospitalisations,epiMOX-SUIHTER,model,2021-12-27,2021/22
covid_archive,archive,COVID-19 hospitalisations,epiMOX-SUIHTER,model,2022-01-03,2021/22
covid_archive,archive,COVID-19 hospitalisations,epiMOX-SUIHTER,model,2022-01-10,2021/22
covid_archive,archive,COVID-19 hospitalisations,epiMOX-SUIHTER,model,2022-01-17,2021/22
covid_archive,archive,COVID-19 hospitalisations,epiMOX-SUIHTER,model,2022-01-24,2021/22
covid_archive,archive,COVID-19 hospitalisations,epiMOX-SUIHTER,model,2022-01-31,2021/22
covid_archive,archive,COVID-19 hospitalisations,epiMOX-SUIHTER,model,2022-02-07,2021/22
covid_archive,archive,COVID-19 hospitalisations,epiMOX-SUIHTER,model,2022-02-14,2021/22
covid_archive,archive,COVID-19 hospitalisations,epiMOX-SUIHTER,model,2022-02-21,2021/22
covid_archive,archive,COVID-19 hospitalisations,epiMOX-SUIHTER,model,2022-02-28,2021/22
covid_archive,archive,COVID-19 hospitalisations,epiMOX-SUIHTER,model,2022-03-07,2021/22
covid_archive,archive,COVID-19 hospitalisations,epiMOX-SUIHTER,model,2022-03-14,2021/22
covid_archive,archive,COVID-19 hospitalisations,epiMOX-SUIHTER,model,2022-03-21,2021/22
covid_archive,archive,COVID-19 hospitalisations,epiMOX-SUIHTER,model,2022-03-28,2021/22
covid_archive,archive,COVID-19 hospitalisations,epiMOX-SUIHTER,model,2022-04-04,2021/22
covid_archive,archive,COVID-19 hospitalisations,epiMOX-SUIHTER,model,2022-04-11,2021/22
covid_archive,archive,COVID-19 hospitalisations,epiMOX-SUIHTER,model,2022-04-18,2021/22
covid_archive,archive,COVID-19 hospitalisations,epiMOX-SUIHTER,model,2022-04-25,2021/22
covid_archive,archive,COVID-19 hospitalisations,epiMOX-SUIHTER,model,2022-05-02,2021/22
covid_archive,archive,COVID-19 hospitalisations,epiMOX-SUIHTER,model,2022-05-09,2021/22
covid_archive,archive,COVID-19 hospitalisations,epiMOX-SUIHTER,model,2022-05-16,2021/22
covid_archive,archive,COVID-19 hospitalisations,epiMOX-SUIHTER,model,2022-05-23,2021/22
covid_archive,archive,COVID-19 hospitalisations,epiMOX-SUIHTER,model,2022-05-30,2021/22
covid_archive,archive,COVID-19 hospitalisations,epiMOX-SUIHTER,model,2022-06-06,2021/22
covid_archive,archive,COVID-19 hospitalisations,epiMOX-SUIHTER,model,2022-06-13,2021/22
covid_archive,archive,COVID-19 hospitalisations,epiMOX-SUIHTER,model,2022-06-20,2021/22
covid_archive,archive,COVID-19 hospitalisations,epiMOX-SUIHTER,model,2022-06-27,2021/22
covid_archive,archive,COVID-19 hospitalisations,epiMOX-SUIHTER,model,2022-07-04,2021/22
covid_archive,archive,COVID-19 hospitalisations,epiMOX-SUIHTER,model,2022-07-11,2021/22
covid_archive,archive,COVID-19 hospitalisations,epiMOX-SUIHTER,model,2022-07-18,2021/22
covid_archive,archive,COVID-19 hospitalisations,epiMOX-SUIHTER,model,2022-07-25,2021/22
covid_archive,archive,COVID-19 hospitalisations,epiMOX-SUIHTER,model,2022-08-01,2022/23
covid_archive,archive,COVID-19 hospitalisations,epiMOX-SUIHTER,model,2022-08-08,2022/23
covid_archive,archive,COVID-19 hospitalisations,epiMOX-SUIHTER,model,2022-08-15,2022/23
covid_archive,archive,COVID-19 hospitalisations,epiMOX-SUIHTER,model,2022-08-22,2022/23
covid_archive,archive,COVID-19 hospitalisations,epiMOX-SUIHTER,model,2022-08-29,2022/23
covid_archive,archive,COVID-19 hospitalisations,epiMOX-SUIHTER,model,2022-09-05,2022/23
covid_archive,archive,COVID-19 hospitalisations,epiMOX-SUIHTER,model,2022-09-12,2022/23
covid_archive,archive,COVID-19 hospitalisations,epiMOX-SUIHTER,model,2022-09-19,2022/23
covid_archive,archive,COVID-19 hospitalisations,epiMOX-SUIHTER,model,2022-09-26,2022/23
covid_archive,archive,COVID-19 hospitalisations,epiMOX-SUIHTER,model,2022-10-03,2022/23
covid_archive,archive,COVID-19 hospitalisations,epiMOX-SUIHTER,model,2022-10-10,2022/23
covid_archive,archive,COVID-19 hospitalisations,epiMOX-SUIHTER,model,2022-10-17,2022/23
covid_archive,archive,COVID-19 hospitalisations,epiMOX-SUIHTER,model,2022-10-24,2022/23
covid_archive,archive,COVID-19 hospitalisations,epiMOX-SUIHTER,model,2022-10-31,2022/23
covid_archive,archive,COVID-19 hospitalisations,epiMOX-SUIHTER,model,2022-11-07,2022/23
covid_archive,archive,COVID-19 hospitalisations,epiforecasts-EpiNow2,model,2023-03-27,2022/23
covid_archive,archive,COVID-19 hospitalisations,epiforecasts-EpiNow2,model,2023-04-03,2022/23
covid_archive,archive,COVID-19 hospitalisations,epiforecasts-EpiNow2,model,2023-04-10,2022/23
covid_archive,archive,COVID-19 hospitalisations,epiforecasts-EpiNow2,model,2023-04-17,2022/23
covid_archive,archive,COVID-19 hospitalisations,epiforecasts-EpiNow2,model,2023-04-24,2022/23
covid_archive,archive,COVID-19 hospitalisations,epiforecasts-EpiNow2,model,2023-05-01,2022/23
covid_archive,archive,COVID-19 hospitalisations,epiforecasts-EpiNow2,model,2023-05-08,2022/23
covid_archive,archive,COVID-19 hospitalisations,epiforecasts-EpiNow2,model,2023-05-15,2022/23
covid_archive,archive,COVID-19 hospitalisations,epiforecasts-EpiNow2,model,2023-05-22,2022/23
covid_archive,archive,COVID-19 hospitalisations,epiforecasts-EpiNow2,model,2023-05-29,2022/23
covid_archive,archive,COVID-19 hospitalisations,epiforecasts-EpiNow2,model,2023-06-05,2022/23
covid_archive,archive,COVID-19 hospitalisations,epiforecasts-EpiNow2,model,2023-06-12,2022/23
covid_archive,archive,COVID-19 hospitalisations,epiforecasts-EpiNow2,model,2023-06-19,2022/23
covid_archive,archive,COVID-19 hospitalisations,epiforecasts-EpiNow2,model,2023-06-26,2022/23
covid_archive,archive,COVID-19 hospitalisations,epiforecasts-EpiNow2,model,2023-07-03,2022/23
covid_archive,archive,COVID-19 hospitalisations,epiforecasts-EpiNow2,model,2023-07-10,2022/23
covid_archive,archive,COVID-19 hospitalisations,epiforecasts-EpiNow2,model,2023-07-17,2022/23
covid_archive,archive,COVID-19 hospitalisations,epiforecasts-EpiNow2,model,2023-07-24,2022/23
covid_archive,archive,COVID-19 hospitalisations,epiforecasts-EpiNow2,model,2023-07-31,2022/23
covid_archive,archive,COVID-19 hospitalisations,epiforecasts-EpiNow2,model,2023-08-07,2023/24
covid_archive,archive,COVID-19 hospitalisations,epiforecasts-EpiNow2,model,2023-08-14,2023/24
covid_archive,archive,COVID-19 hospitalisations,epiforecasts-EpiNow2,model,2023-08-21,2023/24
covid_archive,archive,COVID-19 hospitalisations,epiforecasts-EpiNow2,model,2023-08-28,2023/24
covid_archive,archive,COVID-19 hospitalisations,epiforecasts-EpiNow2,model,2023-09-04,2023/24
covid_archive,archive,COVID-19 hospitalisations,epiforecasts-EpiNow2,model,2023-09-11,2023/24
covid_archive,archive,COVID-19 hospitalisations,epiforecasts-EpiNow2,model,2023-09-18,2023/24
covid_archive,archive,COVID-19 hospitalisations,epiforecasts-EpiNow2,model,2023-09-25,2023/24
covid_archive,archive,COVID-19 hospitalisations,epiforecasts-EpiNow2,model,2023-10-02,2023/24
covid_archive,archive,COVID-19 hospitalisations,epiforecasts-EpiNow2,model,2023-10-09,2023/24
covid_archive,archive,COVID-19 hospitalisations,epiforecasts-EpiNow2,model,2023-10-30,2023/24
covid_archive,archive,COVID-19 hospitalisations,epiforecasts-EpiNow2,model,2023-11-06,2023/24
covid_archive,archive,COVID-19 hospitalisations,epiforecasts-EpiNow2,model,2023-11-13,2023/24
covid_archive,archive,COVID-19 hospitalisations,epiforecasts-EpiNow2,model,2023-11-20,2023/24
covid_archive,archive,COVID-19 hospitalisations,epiforecasts-EpiNow2,model,2023-11-27,2023/24
covid_archive,archive,COVID-19 hospitalisations,epiforecasts-EpiNow2,model,2023-12-04,2023/24
covid_archive,archive,COVID-19 hospitalisations,epiforecasts-EpiNow2,model,2024-01-22,2023/24
covid_archive,archive,COVID-19 hospitalisations,epiforecasts-EpiNow2,model,2024-01-29,2023/24
covid_archive,archive,COVID-19 hospitalisations,epiforecasts-EpiNow2,model,2024-02-05,2023/24
covid_archive,archive,COVID-19 hospitalisations,epiforecasts-EpiNow2,model,2024-02-12,2023/24
covid_archive,archive,COVID-19 hospitalisations,epiforecasts-EpiNow2,model,2024-02-19,2023/24
covid_archive,archive,COVID-19 hospitalisations,epiforecasts-EpiNow2,model,2024-02-26,2023/24
covid_archive,archive,COVID-19 hospitalisations,epiforecasts-EpiNow2,model,2024-03-04,2023/24
covid_archive,archive,COVID-19 hospitalisations,epiforecasts-EpiNow2,model,2024-03-11,2023/24
covid_archive,archive,COVID-19 hospitalisations,epiforecasts-EpiNow2,model,2024-04-22,2023/24
covid_archive,archive,COVID-19 hospitalisations,epiforecasts-EpiNow2,model,2024-04-29,2023/24
covid_archive,archive,COVID-19 hospitalisations,epiforecasts-EpiNow2,model,2024-05-06,2023/24
covid_archive,archive,COVID-19 hospitalisations,epiforecasts-EpiNow2,model,2024-05-20,2023/24
covid_archive,archive,COVID-19 hospitalisations,epiforecasts-EpiNow2,model,2024-05-27,2023/24
covid_archive,archive,COVID-19 hospitalisations,epiforecasts-EpiNow2,model,2024-06-03,2023/24
covid_archive,archive,COVID-19 hospitalisations,epiforecasts-EpiNow2,model,2024-06-10,2023/24
covid_archive,archive,COVID-19 hospitalisations,epiforecasts-EpiNow2,model,2024-06-17,2023/24
covid_archive,archive,COVID-19 hospitalisations,epiforecasts-EpiNow2,model,2024-06-24,2023/24
covid_archive,archive,COVID-19 hospitalisations,epiforecasts-EpiNow2,model,2024-07-01,2023/24
covid_archive,archive,COVID-19 hospitalisations,epiforecasts-EpiNow2,model,2024-07-08,2023/24
covid_archive,archive,COVID-19 hospitalisations,epiforecasts-EpiNow2,model,2024-07-15,2023/24
covid_archive,archive,COVID-19 hospitalisations,epiforecasts-EpiNow2,model,2024-07-22,2023/24
covid_archive,archive,COVID-19 hospitalisations,epiforecasts-EpiNow2,model,2024-07-29,2023/24
covid_archive,archive,COVID-19 hospitalisations,epiforecasts-arimareg,model,2021-10-04,2021/22
covid_archive,archive,COVID-19 hospitalisations,epiforecasts-arimareg,model,2021-10-11,2021/22
covid_archive,archive,COVID-19 hospitalisations,epiforecasts-arimareg,model,2021-10-18,2021/22
covid_archive,archive,COVID-19 hospitalisations,epiforecasts-arimareg,model,2021-10-25,2021/22
covid_archive,archive,COVID-19 hospitalisations,epiforecasts-arimareg,model,2021-11-01,2021/22
covid_archive,archive,COVID-19 hospitalisations,epiforecasts-arimareg,model,2021-11-08,2021/22
covid_archive,archive,COVID-19 hospitalisations,epiforecasts-arimareg,model,2021-11-15,2021/22
covid_archive,archive,COVID-19 hospitalisations,epiforecasts-arimareg,model,2021-11-22,2021/22
covid_archive,archive,COVID-19 hospitalisations,epiforecasts-arimareg,model,2021-11-29,2021/22
covid_archive,archive,COVID-19 hospitalisations,epiforecasts-arimareg,model,2021-12-06,2021/22
covid_archive,archive,COVID-19 hospitalisations,epiforecasts-arimareg,model,2021-12-13,2021/22
covid_archive,archive,COVID-19 hospitalisations,epiforecasts-arimareg,model,2021-12-20,2021/22
covid_archive,archive,COVID-19 hospitalisations,epiforecasts-arimareg,model,2021-12-27,2021/22
covid_archive,archive,COVID-19 hospitalisations,epiforecasts-arimareg,model,2022-01-03,2021/22
covid_archive,archive,COVID-19 hospitalisations,epiforecasts-arimareg,model,2022-01-10,2021/22
covid_archive,archive,COVID-19 hospitalisations,epiforecasts-arimareg,model,2022-01-17,2021/22
covid_archive,archive,COVID-19 hospitalisations,epiforecasts-arimareg,model,2022-01-24,2021/22
covid_archive,archive,COVID-19 hospitalisations,epiforecasts-arimareg,model,2022-01-31,2021/22
covid_archive,archive,COVID-19 hospitalisations,epiforecasts-arimareg,model,2022-02-07,2021/22
covid_archive,archive,COVID-19 hospitalisations,epiforecasts-arimareg,model,2022-02-14,2021/22
covid_archive,archive,COVID-19 hospitalisations,epiforecasts-arimareg,model,2022-02-21,2021/22
covid_archive,archive,COVID-19 hospitalisations,epiforecasts-arimareg,model,2022-02-28,2021/22
covid_archive,archive,COVID-19 hospitalisations,epiforecasts-arimareg,model,2022-03-07,2021/22
covid_archive,archive,COVID-19 hospitalisations,epiforecasts-arimareg,model,2022-03-14,2021/22
covid_archive,archive,COVID-19 hospitalisations,epiforecasts-arimareg,model,2022-03-21,2021/22
covid_archive,archive,COVID-19 hospitalisations,epiforecasts-arimareg,model,2022-03-28,2021/22
covid_archive,archive,COVID-19 hospitalisations,epiforecasts-arimareg,model,2022-04-04,2021/22
covid_archive,archive,COVID-19 hospitalisations,epiforecasts-arimareg,model,2022-04-11,2021/22
covid_archive,archive,COVID-19 hospitalisations,epiforecasts-arimareg,model,2022-04-18,2021/22
covid_archive,archive,COVID-19 hospitalisations,epiforecasts-arimareg,model,2022-04-25,2021/22
covid_archive,archive,COVID-19 hospitalisations,epiforecasts-arimareg,model,2022-05-02,2021/22
covid_archive,archive,COVID-19 hospitalisations,epiforecasts-arimareg,model,2022-05-09,2021/22
covid_archive,archive,COVID-19 hospitalisations,epiforecasts-arimareg,model,2022-05-16,2021/22
covid_archive,archive,COVID-19 hospitalisations,epiforecasts-arimareg,model,2022-05-23,2021/22
covid_archive,archive,COVID-19 hospitalisations,epiforecasts-arimareg,model,2022-05-30,2021/22
covid_archive,archive,COVID-19 hospitalisations,epiforecasts-arimareg,model,2022-06-06,2021/22
covid_archive,archive,COVID-19 hospitalisations,epiforecasts-arimareg,model,2022-06-13,2021/22
covid_archive,archive,COVID-19 hospitalisations,epiforecasts-arimareg,model,2022-06-27,2021/22
covid_archive,archive,COVID-19 hospitalisations,epiforecasts-arimareg,model,2022-07-04,2021/22
covid_archive,archive,COVID-19 hospitalisations,epiforecasts-arimareg,model,2022-07-11,2021/22
covid_archive,archive,COVID-19 hospitalisations,epiforecasts-arimareg,model,2022-07-18,2021/22
covid_archive,archive,COVID-19 hospitalisations,epiforecasts-arimareg,model,2022-07-25,2021/22
covid_archive,archive,COVID-19 hospitalisations,epiforecasts-arimareg,model,2022-08-01,2022/23
covid_archive,archive,COVID-19 hospitalisations,epiforecasts-arimareg,model,2022-08-08,2022/23
covid_archive,archive,COVID-19 hospitalisations,epiforecasts-arimareg,model,2022-08-15,2022/23
covid_archive,archive,COVID-19 hospitalisations,epiforecasts-arimareg,model,2022-08-22,2022/23
covid_archive,archive,COVID-19 hospitalisations,epiforecasts-arimareg,model,2022-08-29,2022/23
covid_archive,archive,COVID-19 hospitalisations,epiforecasts-arimareg,model,2022-09-05,2022/23
covid_archive,archive,COVID-19 hospitalisations,epiforecasts-arimareg,model,2022-09-12,2022/23
covid_archive,archive,COVID-19 hospitalisations,epiforecasts-arimareg,model,2022-09-19,2022/23
covid_archive,archive,COVID-19 hospitalisations,epiforecasts-arimareg,model,2022-09-26,2022/23
covid_archive,archive,COVID-19 hospitalisations,epiforecasts-arimareg,model,2022-10-03,2022/23
covid_archive,archive,COVID-19 hospitalisations,epiforecasts-arimareg,model,2022-10-10,2022/23
covid_archive,archive,COVID-19 hospitalisations,epiforecasts-arimareg,model,2023-01-02,2022/23
covid_archive,archive,COVID-19 hospitalisations,epiforecasts-arimareg,model,2023-01-16,2022/23
covid_archive,archive,COVID-19 hospitalisations,epiforecasts-arimareg,model,2023-01-23,2022/23
covid_archive,archive,COVID-19 hospitalisations,epiforecasts-arimareg,model,2023-01-30,2022/23
covid_archive,archive,COVID-19 hospitalisations,epiforecasts-arimareg,model,2023-02-06,2022/23
covid_archive,archive,COVID-19 hospitalisations,epiforecasts-arimareg,model,2023-02-13,2022/23
covid_archive,archive,COVID-19 hospitalisations,epiforecasts-arimareg,model,2023-02-27,2022/23
covid_archive,archive,COVID-19 hospitalisations,epiforecasts-caseconv,model,2021-10-04,2021/22
covid_archive,archive,COVID-19 hospitalisations,epiforecasts-caseconv,model,2021-10-11,2021/22
covid_archive,archive,COVID-19 hospitalisations,epiforecasts-caseconv,model,2021-10-18,2021/22
covid_archive,archive,COVID-19 hospitalisations,epiforecasts-caseconv,model,2021-10-25,2021/22
covid_archive,archive,COVID-19 hospitalisations,epiforecasts-caseconv,model,2021-11-01,2021/22
covid_archive,archive,COVID-19 hospitalisations,epiforecasts-caseconv,model,2021-11-08,2021/22
covid_archive,archive,COVID-19 hospitalisations,epiforecasts-caseconv,model,2021-11-15,2021/22
covid_archive,archive,COVID-19 hospitalisations,epiforecasts-caseconv,model,2021-11-22,2021/22
covid_archive,archive,COVID-19 hospitalisations,epiforecasts-caseconv,model,2021-11-29,2021/22
covid_archive,archive,COVID-19 hospitalisations,epiforecasts-caseconv,model,2021-12-06,2021/22
covid_archive,archive,COVID-19 hospitalisations,epiforecasts-caseconv,model,2021-12-13,2021/22
covid_archive,archive,COVID-19 hospitalisations,epiforecasts-caseconv,model,2021-12-20,2021/22
covid_archive,archive,COVID-19 hospitalisations,epiforecasts-caseconv,model,2021-12-27,2021/22
covid_archive,archive,COVID-19 hospitalisations,epiforecasts-caseconv,model,2022-01-03,2021/22
covid_archive,archive,COVID-19 hospitalisations,epiforecasts-caseconv,model,2022-01-10,2021/22
covid_archive,archive,COVID-19 hospitalisations,epiforecasts-caseconv,model,2022-01-17,2021/22
covid_archive,archive,COVID-19 hospitalisations,epiforecasts-caseconv,model,2022-01-24,2021/22
covid_archive,archive,COVID-19 hospitalisations,epiforecasts-caseconv,model,2022-01-31,2021/22
covid_archive,archive,COVID-19 hospitalisations,epiforecasts-caseconv,model,2022-02-07,2021/22
covid_archive,archive,COVID-19 hospitalisations,epiforecasts-caseconv,model,2022-02-14,2021/22
covid_archive,archive,COVID-19 hospitalisations,epiforecasts-caseconv,model,2022-02-21,2021/22
covid_archive,archive,COVID-19 hospitalisations,epiforecasts-caseconv,model,2022-02-28,2021/22
covid_archive,archive,COVID-19 hospitalisations,epiforecasts-caseconv,model,2022-03-07,2021/22
covid_archive,archive,COVID-19 hospitalisations,epiforecasts-caseconv,model,2022-03-14,2021/22
covid_archive,archive,COVID-19 hospitalisations,epiforecasts-caseconv,model,2022-03-21,2021/22
covid_archive,archive,COVID-19 hospitalisations,epiforecasts-caseconv,model,2022-03-28,2021/22
covid_archive,archive,COVID-19 hospitalisations,epiforecasts-caseconv,model,2022-04-04,2021/22
covid_archive,archive,COVID-19 hospitalisations,epiforecasts-caseconv,model,2022-04-11,2021/22
covid_archive,archive,COVID-19 hospitalisations,epiforecasts-caseconv,model,2022-04-18,2021/22
covid_archive,archive,COVID-19 hospitalisations,epiforecasts-caseconv,model,2022-04-25,2021/22
covid_archive,archive,COVID-19 hospitalisations,epiforecasts-caseconv,model,2022-05-02,2021/22
covid_archive,archive,COVID-19 hospitalisations,epiforecasts-caseconv,model,2022-05-09,2021/22
covid_archive,archive,COVID-19 hospitalisations,epiforecasts-caseconv,model,2022-05-16,2021/22
covid_archive,archive,COVID-19 hospitalisations,epiforecasts-caseconv,model,2022-05-23,2021/22
covid_archive,archive,COVID-19 hospitalisations,epiforecasts-caseconv,model,2022-05-30,2021/22
covid_archive,archive,COVID-19 hospitalisations,epiforecasts-caseconv,model,2022-06-06,2021/22
covid_archive,archive,COVID-19 hospitalisations,epiforecasts-caseconv,model,2022-06-13,2021/22
covid_archive,archive,COVID-19 hospitalisations,epiforecasts-caseconv,model,2022-06-27,2021/22
covid_archive,archive,COVID-19 hospitalisations,epiforecasts-caseconv,model,2022-07-04,2021/22
covid_archive,archive,COVID-19 hospitalisations,epiforecasts-caseconv,model,2022-07-11,2021/22
covid_archive,archive,COVID-19 hospitalisations,epiforecasts-caseconv,model,2022-07-18,2021/22
covid_archive,archive,COVID-19 hospitalisations,epiforecasts-caseconv,model,2022-07-25,2021/22
covid_archive,archive,COVID-19 hospitalisations,epiforecasts-caseconv,model,2022-08-01,2022/23
covid_archive,archive,COVID-19 hospitalisations,epiforecasts-caseconv,model,2022-08-08,2022/23
covid_archive,archive,COVID-19 hospitalisations,epiforecasts-caseconv,model,2022-08-15,2022/23
covid_archive,archive,COVID-19 hospitalisations,epiforecasts-caseconv,model,2022-08-22,2022/23
covid_archive,archive,COVID-19 hospitalisations,epiforecasts-caseconv,model,2022-08-29,2022/23
covid_archive,archive,COVID-19 hospitalisations,epiforecasts-caseconv,model,2022-09-05,2022/23
covid_archive,archive,COVID-19 hospitalisations,epiforecasts-caseconv,model,2022-09-12,2022/23
covid_archive,archive,COVID-19 hospitalisations,epiforecasts-caseconv,model,2022-09-19,2022/23
covid_archive,archive,COVID-19 hospitalisations,epiforecasts-caseconv,model,2022-09-26,2022/23
covid_archive,archive,COVID-19 hospitalisations,epiforecasts-caseconv,model,2022-10-03,2022/23
covid_archive,archive,COVID-19 hospitalisations,epiforecasts-caseconv,model,2022-10-10,2022/23
covid_archive,archive,COVID-19 hospitalisations,epiforecasts-caseconv,model,2023-01-02,2022/23
covid_archive,archive,COVID-19 hospitalisations,epiforecasts-caseconv,model,2023-01-16,2022/23
covid_archive,archive,COVID-19 hospitalisations,epiforecasts-caseconv,model,2023-01-23,2022/23
covid_archive,archive,COVID-19 hospitalisations,epiforecasts-caseconv,model,2023-01-30,2022/23
covid_archive,archive,COVID-19 hospitalisations,epiforecasts-caseconv,model,2023-02-06,2022/23
covid_archive,archive,COVID-19 hospitalisations,epiforecasts-caseconv,model,2023-02-13,2022/23
covid_archive,archive,COVID-19 hospitalisations,epiforecasts-caseconv,model,2023-02-27,2022/23
covid_archive,archive,COVID-19 hospitalisations,epiforecasts-tsensemble,model,2021-10-04,2021/22
covid_archive,archive,COVID-19 hospitalisations,epiforecasts-tsensemble,model,2021-10-11,2021/22
covid_archive,archive,COVID-19 hospitalisations,epiforecasts-tsensemble,model,2021-10-18,2021/22
covid_archive,archive,COVID-19 hospitalisations,epiforecasts-tsensemble,model,2021-10-25,2021/22
covid_archive,archive,COVID-19 hospitalisations,epiforecasts-tsensemble,model,2021-11-01,2021/22
covid_archive,archive,COVID-19 hospitalisations,epiforecasts-tsensemble,model,2021-11-08,2021/22
covid_archive,archive,COVID-19 hospitalisations,epiforecasts-tsensemble,model,2021-11-15,2021/22
covid_archive,archive,COVID-19 hospitalisations,epiforecasts-tsensemble,model,2021-11-22,2021/22
covid_archive,archive,COVID-19 hospitalisations,epiforecasts-tsensemble,model,2021-11-29,2021/22
covid_archive,archive,COVID-19 hospitalisations,epiforecasts-tsensemble,model,2021-12-06,2021/22
covid_archive,archive,COVID-19 hospitalisations,epiforecasts-tsensemble,model,2021-12-13,2021/22
covid_archive,archive,COVID-19 hospitalisations,epiforecasts-tsensemble,model,2021-12-20,2021/22
covid_archive,archive,COVID-19 hospitalisations,epiforecasts-tsensemble,model,2021-12-27,2021/22
covid_archive,archive,COVID-19 hospitalisations,epiforecasts-tsensemble,model,2022-01-03,2021/22
covid_archive,archive,COVID-19 hospitalisations,epiforecasts-tsensemble,model,2022-01-10,2021/22
covid_archive,archive,COVID-19 hospitalisations,epiforecasts-tsensemble,model,2022-01-17,2021/22
covid_archive,archive,COVID-19 hospitalisations,epiforecasts-tsensemble,model,2022-01-24,2021/22
covid_archive,archive,COVID-19 hospitalisations,epiforecasts-tsensemble,model,2022-01-31,2021/22
covid_archive,archive,COVID-19 hospitalisations,epiforecasts-tsensemble,model,2022-02-07,2021/22
covid_archive,archive,COVID-19 hospitalisations,epiforecasts-tsensemble,model,2022-02-14,2021/22
covid_archive,archive,COVID-19 hospitalisations,epiforecasts-tsensemble,model,2022-02-21,2021/22
covid_archive,archive,COVID-19 hospitalisations,epiforecasts-tsensemble,model,2022-02-28,2021/22
covid_archive,archive,COVID-19 hospitalisations,epiforecasts-tsensemble,model,2022-03-07,2021/22
covid_archive,archive,COVID-19 hospitalisations,epiforecasts-tsensemble,model,2022-03-14,2021/22
covid_archive,archive,COVID-19 hospitalisations,epiforecasts-tsensemble,model,2022-03-21,2021/22
covid_archive,archive,COVID-19 hospitalisations,epiforecasts-tsensemble,model,2022-03-28,2021/22
covid_archive,archive,COVID-19 hospitalisations,epiforecasts-tsensemble,model,2022-04-04,2021/22
covid_archive,archive,COVID-19 hospitalisations,epiforecasts-tsensemble,model,2022-04-11,2021/22
covid_archive,archive,COVID-19 hospitalisations,epiforecasts-tsensemble,model,2022-04-18,2021/22
covid_archive,archive,COVID-19 hospitalisations,epiforecasts-tsensemble,model,2022-04-25,2021/22
covid_archive,archive,COVID-19 hospitalisations,epiforecasts-tsensemble,model,2022-05-02,2021/22
covid_archive,archive,COVID-19 hospitalisations,epiforecasts-tsensemble,model,2022-05-09,2021/22
covid_archive,archive,COVID-19 hospitalisations,epiforecasts-tsensemble,model,2022-05-16,2021/22
covid_archive,archive,COVID-19 hospitalisations,epiforecasts-tsensemble,model,2022-05-23,2021/22
covid_archive,archive,COVID-19 hospitalisations,epiforecasts-tsensemble,model,2022-05-30,2021/22
covid_archive,archive,COVID-19 hospitalisations,epiforecasts-tsensemble,model,2022-06-06,2021/22
covid_archive,archive,COVID-19 hospitalisations,epiforecasts-tsensemble,model,2022-06-13,2021/22
covid_archive,archive,COVID-19 hospitalisations,epiforecasts-tsensemble,model,2022-06-27,2021/22
covid_archive,archive,COVID-19 hospitalisations,epiforecasts-tsensemble,model,2022-07-04,2021/22
covid_archive,archive,COVID-19 hospitalisations,epiforecasts-tsensemble,model,2022-07-11,2021/22
covid_archive,archive,COVID-19 hospitalisations,epiforecasts-tsensemble,model,2022-07-18,2021/22
covid_archive,archive,COVID-19 hospitalisations,epiforecasts-tsensemble,model,2022-07-25,2021/22
covid_archive,archive,COVID-19 hospitalisations,epiforecasts-tsensemble,model,2022-08-01,2022/23
covid_archive,archive,COVID-19 hospitalisations,epiforecasts-tsensemble,model,2022-08-08,2022/23
covid_archive,archive,COVID-19 hospitalisations,epiforecasts-tsensemble,model,2022-08-15,2022/23
covid_archive,archive,COVID-19 hospitalisations,epiforecasts-tsensemble,model,2022-08-22,2022/23
covid_archive,archive,COVID-19 hospitalisations,epiforecasts-tsensemble,model,2022-08-29,2022/23
covid_archive,archive,COVID-19 hospitalisations,epiforecasts-tsensemble,model,2022-09-05,2022/23
covid_archive,archive,COVID-19 hospitalisations,epiforecasts-tsensemble,model,2022-09-12,2022/23
covid_archive,archive,COVID-19 hospitalisations,epiforecasts-tsensemble,model,2022-09-19,2022/23
covid_archive,archive,COVID-19 hospitalisations,epiforecasts-tsensemble,model,2022-09-26,2022/23
covid_archive,archive,COVID-19 hospitalisations,epiforecasts-tsensemble,model,2022-10-03,2022/23
covid_archive,archive,COVID-19 hospitalisations,epiforecasts-tsensemble,model,2022-10-10,2022/23
covid_archive,archive,COVID-19 hospitalisations,epiforecasts-tsensemble,model,2023-01-02,2022/23
covid_archive,archive,COVID-19 hospitalisations,epiforecasts-tsensemble,model,2023-01-16,2022/23
covid_archive,archive,COVID-19 hospitalisations,epiforecasts-tsensemble,model,2023-01-23,2022/23
covid_archive,archive,COVID-19 hospitalisations,epiforecasts-tsensemble,model,2023-01-30,2022/23
covid_archive,archive,COVID-19 hospitalisations,epiforecasts-tsensemble,model,2023-02-06,2022/23
covid_archive,archive,COVID-19 hospitalisations,epiforecasts-tsensemble,model,2023-02-13,2022/23
covid_archive,archive,COVID-19 hospitalisations,epiforecasts-tsensemble,model,2023-02-27,2022/23
covid_archive,archive,COVID-19 hospitalisations,epiforecasts-tsensemble,model,2023-03-06,2022/23
covid_archive,archive,COVID-19 hospitalisations,epiforecasts-tsensemble,model,2023-03-13,2022/23
covid_archive,archive,COVID-19 hospitalisations,epiforecasts-tsensemble,model,2023-03-20,2022/23
covid_archive,archive,COVID-19 hospitalisations,epiforecasts-tsensemble,model,2023-03-27,2022/23
covid_archive,archive,COVID-19 hospitalisations,epiforecasts-tsensemble,model,2023-04-03,2022/23
covid_archive,archive,COVID-19 hospitalisations,epiforecasts-tsensemble,model,2023-04-10,2022/23
covid_archive,archive,COVID-19 hospitalisations,epiforecasts-tsensemble,model,2023-04-17,2022/23
covid_archive,archive,COVID-19 hospitalisations,epiforecasts-tsensemble,model,2023-04-24,2022/23
covid_archive,archive,COVID-19 hospitalisations,epiforecasts-tsensemble,model,2023-05-01,2022/23
covid_archive,archive,COVID-19 hospitalisations,epiforecasts-tsensemble,model,2023-05-08,2022/23
covid_archive,archive,COVID-19 hospitalisations,epiforecasts-tsensemble,model,2023-05-15,2022/23
covid_archive,archive,COVID-19 hospitalisations,epiforecasts-tsensemble,model,2023-05-22,2022/23
covid_archive,archive,COVID-19 hospitalisations,epiforecasts-tsensemble,model,2023-05-29,2022/23
covid_archive,archive,COVID-19 hospitalisations,epiforecasts-tsensemble,model,2023-06-05,2022/23
covid_archive,archive,COVID-19 hospitalisations,epiforecasts-tsensemble,model,2023-06-12,2022/23
covid_archive,archive,COVID-19 hospitalisations,epiforecasts-tsensemble,model,2023-06-19,2022/23
covid_archive,archive,COVID-19 hospitalisations,epiforecasts-tsensemble,model,2023-06-26,2022/23
covid_archive,archive,COVID-19 hospitalisations,epiforecasts-tsensemble,model,2023-07-03,2022/23
covid_archive,archive,COVID-19 hospitalisations,epiforecasts-tsensemble,model,2023-07-10,2022/23
covid_archive,archive,COVID-19 hospitalisations,epiforecasts-tsensemble,model,2023-07-17,2022/23
covid_archive,archive,COVID-19 hospitalisations,epiforecasts-tsensemble,model,2023-07-24,2022/23
covid_archive,archive,COVID-19 hospitalisations,epiforecasts-tsensemble,model,2023-07-31,2022/23
covid_archive,archive,COVID-19 hospitalisations,epiforecasts-tsensemble,model,2023-08-07,2023/24
covid_archive,archive,COVID-19 hospitalisations,epiforecasts-tsensemble,model,2023-08-14,2023/24
covid_archive,archive,COVID-19 hospitalisations,epiforecasts-tsensemble,model,2023-08-21,2023/24
covid_archive,archive,COVID-19 hospitalisations,epiforecasts-tsensemble,model,2023-08-28,2023/24
covid_archive,archive,COVID-19 hospitalisations,epiforecasts-tsensemble,model,2023-09-04,2023/24
covid_archive,archive,COVID-19 hospitalisations,epiforecasts-tsensemble,model,2023-09-11,2023/24
covid_archive,archive,COVID-19 hospitalisations,epiforecasts-tsensemble,model,2023-09-18,2023/24
covid_archive,archive,COVID-19 hospitalisations,epiforecasts-tsensemble,model,2023-09-25,2023/24
covid_archive,archive,COVID-19 hospitalisations,epiforecasts-tsensemble,model,2023-10-02,2023/24
covid_archive,archive,COVID-19 hospitalisations,epiforecasts-tsensemble,model,2023-10-09,2023/24
covid_archive,archive,COVID-19 hospitalisations,epiforecasts-tsensemble,model,2023-10-16,2023/24
covid_archive,archive,COVID-19 hospitalisations,epiforecasts-tsensemble,model,2023-10-23,2023/24
covid_archive,archive,COVID-19 hospitalisations,epiforecasts-tsensemble,model,2023-10-30,2023/24
covid_archive,archive,COVID-19 hospitalisations,epiforecasts-tsensemble,model,2023-11-06,2023/24
covid_archive,archive,COVID-19 hospitalisations,epiforecasts-tsensemble,model,2023-11-27,2023/24
covid_archive,archive,COVID-19 hospitalisations,epiforecasts-tsensemble,model,2023-12-04,2023/24
covid_archive,archive,COVID-19 hospitalisations,epiforecasts-tsensemble,model,2023-12-11,2023/24
covid_archive,archive,COVID-19 hospitalisations,epiforecasts-tsensemble,model,2023-12-18,2023/24
covid_archive,archive,COVID-19 hospitalisations,epiforecasts-tsensemble,model,2023-12-25,2023/24
covid_archive,archive,COVID-19 hospitalisations,epiforecasts-tsensemble,model,2024-01-08,2023/24
covid_archive,archive,COVID-19 hospitalisations,epiforecasts-tsensemble,model,2024-01-22,2023/24
covid_archive,archive,COVID-19 hospitalisations,epiforecasts-tsensemble,model,2024-01-29,2023/24
covid_archive,archive,COVID-19 hospitalisations,epiforecasts-tsensemble,model,2024-02-05,2023/24
covid_archive,archive,COVID-19 hospitalisations,epiforecasts-tsensemble,model,2024-02-12,2023/24
covid_archive,archive,COVID-19 hospitalisations,epiforecasts-tsensemble,model,2024-02-19,2023/24
covid_archive,archive,COVID-19 hospitalisations,epiforecasts-tsensemble,model,2024-02-26,2023/24
covid_archive,archive,COVID-19 hospitalisations,epiforecasts-tsensemble,model,2024-03-04,2023/24
covid_archive,archive,COVID-19 hospitalisations,epiforecasts-tsensemble,model,2024-03-11,2023/24
covid_archive,archive,COVID-19 hospitalisations,epiforecasts-tsensemble,model,2024-03-18,2023/24
covid_archive,archive,COVID-19 hospitalisations,epiforecasts-tsensemble,model,2024-03-25,2023/24
covid_archive,archive,COVID-19 hospitalisations,epiforecasts-tsensemble,model,2024-04-01,2023/24
covid_archive,archive,COVID-19 hospitalisations,epiforecasts-tsensemble,model,2024-04-08,2023/24
covid_archive,archive,COVID-19 hospitalisations,epiforecasts-tsensemble,model,2024-04-15,2023/24
covid_archive,archive,COVID-19 hospitalisations,epiforecasts-tsensemble,model,2024-04-22,2023/24
covid_archive,archive,COVID-19 hospitalisations,epiforecasts-tsensemble,model,2024-04-29,2023/24
covid_archive,archive,COVID-19 hospitalisations,epiforecasts-tsensemble,model,2024-05-06,2023/24
covid_archive,archive,COVID-19 hospitalisations,epiforecasts-tsensemble,model,2024-05-20,2023/24
covid_archive,archive,COVID-19 hospitalisations,epiforecasts-tsensemble,model,2024-05-27,2023/24
covid_archive,archive,COVID-19 hospitalisations,epiforecasts-tsensemble,model,2024-06-03,2023/24
covid_archive,archive,COVID-19 hospitalisations,epiforecasts-tsensemble,model,2024-06-10,2023/24
covid_archive,archive,COVID-19 hospitalisations,epiforecasts-tsensemble,model,2024-06-17,2023/24
covid_archive,archive,COVID-19 hospitalisations,epiforecasts-tsensemble,model,2024-06-24,2023/24
covid_archive,archive,COVID-19 hospitalisations,epiforecasts-tsensemble,model,2024-07-01,2023/24
covid_archive,archive,COVID-19 hospitalisations,epiforecasts-tsensemble,model,2024-07-08,2023/24
covid_archive,archive,COVID-19 hospitalisations,epiforecasts-tsensemble,model,2024-07-15,2023/24
covid_archive,archive,COVID-19 hospitalisations,epiforecasts-tsensemble,model,2024-07-22,2023/24
covid_archive,archive,COVID-19 hospitalisations,epiforecasts-tsensemble,model,2024-07-29,2023/24
covid_archive,archive,COVID-19 hospitalisations,epiforecasts-tsensemble,model,2024-08-05,2024/25
covid_archive,archive,COVID-19 hospitalisations,epiforecasts-tsensemble,model,2024-08-12,2024/25
covid_archive,archive,COVID-19 hospitalisations,epiforecasts-tsensemble,model,2024-08-19,2024/25
covid_archive,archive,COVID-19 hospitalisations,epiforecasts-tsensemble,model,2024-08-26,2024/25
covid_archive,archive,COVID-19 hospitalisations,epiforecasts-tsensemble,model,2024-09-02,2024/25
covid_archive,archive,COVID-19 hospitalisations,epiforecasts-weeklygrowth,model,2023-03-27,2022/23
covid_archive,archive,COVID-19 hospitalisations,epiforecasts-weeklygrowth,model,2023-04-03,2022/23
covid_archive,archive,COVID-19 hospitalisations,epiforecasts-weeklygrowth,model,2023-04-10,2022/23
covid_archive,archive,COVID-19 hospitalisations,epiforecasts-weeklygrowth,model,2023-04-17,2022/23
covid_archive,archive,COVID-19 hospitalisations,epiforecasts-weeklygrowth,model,2023-04-24,2022/23
covid_archive,archive,COVID-19 hospitalisations,epiforecasts-weeklygrowth,model,2023-05-01,2022/23
covid_archive,archive,COVID-19 hospitalisations,epiforecasts-weeklygrowth,model,2023-05-08,2022/23
covid_archive,archive,COVID-19 hospitalisations,epiforecasts-weeklygrowth,model,2023-05-22,2022/23
covid_archive,archive,COVID-19 hospitalisations,epiforecasts-weeklygrowth,model,2023-05-29,2022/23
covid_archive,archive,COVID-19 hospitalisations,epiforecasts-weeklygrowth,model,2023-06-05,2022/23
covid_archive,archive,COVID-19 hospitalisations,epiforecasts-weeklygrowth,model,2023-06-12,2022/23
covid_archive,archive,COVID-19 hospitalisations,epiforecasts-weeklygrowth,model,2023-06-19,2022/23
covid_archive,archive,COVID-19 hospitalisations,epiforecasts-weeklygrowth,model,2023-06-26,2022/23
covid_archive,archive,COVID-19 hospitalisations,epiforecasts-weeklygrowth,model,2023-07-03,2022/23
covid_archive,archive,COVID-19 hospitalisations,epiforecasts-weeklygrowth,model,2023-07-10,2022/23
covid_archive,archive,COVID-19 hospitalisations,epiforecasts-weeklygrowth,model,2023-07-17,2022/23
covid_archive,archive,COVID-19 hospitalisations,epiforecasts-weeklygrowth,model,2023-07-24,2022/23
covid_archive,archive,COVID-19 hospitalisations,epiforecasts-weeklygrowth,model,2023-07-31,2022/23
covid_archive,archive,COVID-19 hospitalisations,epiforecasts-weeklygrowth,model,2023-08-07,2023/24
covid_archive,archive,COVID-19 hospitalisations,epiforecasts-weeklygrowth,model,2023-08-14,2023/24
covid_archive,archive,COVID-19 hospitalisations,epiforecasts-weeklygrowth,model,2023-08-21,2023/24
covid_archive,archive,COVID-19 hospitalisations,epiforecasts-weeklygrowth,model,2023-08-28,2023/24
covid_archive,archive,COVID-19 hospitalisations,epiforecasts-weeklygrowth,model,2023-09-04,2023/24
covid_archive,archive,COVID-19 hospitalisations,epiforecasts-weeklygrowth,model,2023-09-11,2023/24
covid_archive,archive,COVID-19 hospitalisations,epiforecasts-weeklygrowth,model,2023-09-18,2023/24
covid_archive,archive,COVID-19 hospitalisations,epiforecasts-weeklygrowth,model,2023-09-25,2023/24
covid_archive,archive,COVID-19 hospitalisations,epiforecasts-weeklygrowth,model,2023-10-02,2023/24
covid_archive,archive,COVID-19 hospitalisations,epiforecasts-weeklygrowth,model,2023-10-09,2023/24
covid_archive,archive,COVID-19 hospitalisations,epiforecasts-weeklygrowth,model,2023-10-16,2023/24
covid_archive,archive,COVID-19 hospitalisations,epiforecasts-weeklygrowth,model,2023-10-23,2023/24
covid_archive,archive,COVID-19 hospitalisations,epiforecasts-weeklygrowth,model,2023-10-30,2023/24
covid_archive,archive,COVID-19 hospitalisations,epiforecasts-weeklygrowth,model,2023-11-06,2023/24
covid_archive,archive,COVID-19 hospitalisations,epiforecasts-weeklygrowth,model,2023-12-11,2023/24
covid_archive,archive,COVID-19 hospitalisations,epiforecasts-weeklygrowth,model,2023-12-18,2023/24
covid_archive,archive,COVID-19 hospitalisations,epiforecasts-weeklygrowth,model,2024-01-01,2023/24
covid_archive,archive,COVID-19 hospitalisations,fjordhest-ensemble,model,2023-05-15,2022/23
covid_archive,archive,COVID-19 hospitalisations,fjordhest-ensemble,model,2023-05-22,2022/23
covid_archive,archive,COVID-19 hospitalisations,fjordhest-ensemble,model,2023-05-29,2022/23
covid_archive,archive,COVID-19 hospitalisations,fjordhest-ensemble,model,2023-06-05,2022/23
covid_archive,archive,COVID-19 hospitalisations,fjordhest-ensemble,model,2023-06-12,2022/23
covid_archive,archive,COVID-19 hospitalisations,fjordhest-ensemble,model,2023-06-19,2022/23
covid_archive,archive,COVID-19 hospitalisations,fjordhest-ensemble,model,2023-06-26,2022/23
covid_archive,archive,COVID-19 hospitalisations,fjordhest-ensemble,model,2023-07-03,2022/23
covid_archive,archive,COVID-19 hospitalisations,fjordhest-ensemble,model,2023-07-10,2022/23
covid_archive,archive,COVID-19 hospitalisations,fjordhest-ensemble,model,2023-07-17,2022/23
covid_archive,archive,COVID-19 hospitalisations,fjordhest-ensemble,model,2023-07-24,2022/23
covid_archive,archive,COVID-19 hospitalisations,fjordhest-ensemble,model,2023-07-31,2022/23
covid_archive,archive,COVID-19 hospitalisations,fjordhest-ensemble,model,2023-08-07,2023/24
covid_archive,archive,COVID-19 hospitalisations,fjordhest-ensemble,model,2023-08-14,2023/24
covid_archive,archive,COVID-19 hospitalisations,fjordhest-ensemble,model,2023-08-21,2023/24
covid_archive,archive,COVID-19 hospitalisations,fjordhest-ensemble,model,2023-08-28,2023/24
covid_archive,archive,COVID-19 hospitalisations,fjordhest-ensemble,model,2023-09-04,2023/24
covid_archive,archive,COVID-19 hospitalisations,fjordhest-ensemble,model,2023-09-11,2023/24
covid_archive,archive,COVID-19 hospitalisations,fjordhest-ensemble,model,2023-09-18,2023/24
covid_archive,archive,COVID-19 hospitalisations,fjordhest-ensemble,model,2023-09-25,2023/24
covid_archive,archive,COVID-19 hospitalisations,fjordhest-ensemble,model,2023-10-02,2023/24
covid_archive,archive,COVID-19 hospitalisations,fjordhest-ensemble,model,2023-10-09,2023/24
covid_archive,archive,COVID-19 hospitalisations,fjordhest-ensemble,model,2023-10-16,2023/24
covid_archive,archive,COVID-19 hospitalisations,fjordhest-ensemble,model,2023-10-23,2023/24
covid_archive,archive,COVID-19 hospitalisations,fjordhest-ensemble,model,2023-10-30,2023/24
covid_archive,archive,COVID-19 hospitalisations,fjordhest-ensemble,model,2023-11-06,2023/24
covid_archive,archive,COVID-19 hospitalisations,fjordhest-ensemble,model,2023-11-13,2023/24
covid_archive,archive,COVID-19 hospitalisations,fjordhest-ensemble,model,2023-11-20,2023/24
covid_archive,archive,COVID-19 hospitalisations,fjordhest-ensemble,model,2023-11-27,2023/24
covid_archive,archive,COVID-19 hospitalisations,fjordhest-ensemble,model,2023-12-04,2023/24
covid_archive,archive,COVID-19 hospitalisations,fjordhest-ensemble,model,2023-12-11,2023/24
covid_archive,archive,COVID-19 hospitalisations,fjordhest-ensemble,model,2023-12-25,2023/24
covid_archive,archive,COVID-19 hospitalisations,fohm-c19inbel,model,2021-11-29,2021/22
covid_archive,archive,COVID-19 hospitalisations,prolix-euclidean,model,2022-01-03,2021/22
covid_archive,archive,COVID-19 hospitalisations,prolix-euclidean,model,2022-01-10,2021/22
covid_archive,archive,COVID-19 hospitalisations,prolix-euclidean,model,2022-01-17,2021/22
covid_archive,archive,COVID-19 hospitalisations,prolix-euclidean,model,2022-01-24,2021/22
covid_archive,archive,COVID-19 hospitalisations,prolix-euclidean,model,2022-01-31,2021/22
covid_archive,archive,COVID-19 hospitalisations,prolix-euclidean,model,2022-02-07,2021/22
covid_archive,archive,COVID-19 hospitalisations,prolix-euclidean,model,2022-02-14,2021/22
covid_archive,archive,COVID-19 hospitalisations,prolix-euclidean,model,2022-02-21,2021/22
covid_archive,archive,COVID-19 hospitalisations,prolix-euclidean,model,2022-02-28,2021/22
covid_archive,archive,COVID-19 hospitalisations,prolix-euclidean,model,2022-03-07,2021/22
covid_archive,archive,COVID-19 hospitalisations,prolix-euclidean,model,2022-03-14,2021/22
covid_archive,archive,COVID-19 hospitalisations,prolix-euclidean,model,2022-03-21,2021/22
covid_archive,archive,COVID-19 hospitalisations,prolix-euclidean,model,2022-03-28,2021/22
covid_archive,archive,COVID-19 hospitalisations,prolix-euclidean,model,2022-04-04,2021/22
covid_archive,archive,COVID-19 hospitalisations,prolix-euclidean,model,2022-04-11,2021/22
covid_archive,archive,COVID-19 hospitalisations,prolix-euclidean,model,2022-04-18,2021/22
covid_archive,archive,COVID-19 hospitalisations,prolix-euclidean,model,2022-04-25,2021/22
covid_archive,archive,COVID-19 hospitalisations,prolix-euclidean,model,2022-05-02,2021/22
covid_archive,archive,COVID-19 hospitalisations,prolix-euclidean,model,2022-05-09,2021/22
covid_archive,archive,COVID-19 hospitalisations,prolix-euclidean,model,2022-05-16,2021/22
covid,current,COVID-19 hospitalisations,respicast-hubEnsemble,ensemble,2024-10-21,2024/25
covid,current,COVID-19 hospitalisations,respicast-hubEnsemble,ensemble,2024-10-28,2024/25
covid,current,COVID-19 hospitalisations,respicast-hubEnsemble,ensemble,2024-11-04,2024/25
covid,current,COVID-19 hospitalisations,respicast-hubEnsemble,ensemble,2024-11-11,2024/25
covid,current,COVID-19 hospitalisations,respicast-hubEnsemble,ensemble,2024-11-18,2024/25
covid,current,COVID-19 hospitalisations,respicast-hubEnsemble,ensemble,2024-11-25,2024/25
covid,current,COVID-19 hospitalisations,respicast-hubEnsemble,ensemble,2024-12-02,2024/25
covid,current,COVID-19 hospitalisations,respicast-hubEnsemble,ensemble,2024-12-09,2024/25
covid,current,COVID-19 hospitalisations,respicast-hubEnsemble,ensemble,2024-12-16,2024/25
covid,current,COVID-19 hospitalisations,respicast-hubEnsemble,ensemble,2024-12-23,2024/25
covid,current,COVID-19 hospitalisations,respicast-hubEnsemble,ensemble,2024-12-30,2024/25
covid,current,COVID-19 hospitalisations,respicast-hubEnsemble,ensemble,2025-01-06,2024/25
covid,current,COVID-19 hospitalisations,respicast-hubEnsemble,ensemble,2025-01-13,2024/25
covid,current,COVID-19 hospitalisations,respicast-hubEnsemble,ensemble,2025-01-20,2024/25
covid,current,COVID-19 hospitalisations,respicast-hubEnsemble,ensemble,2025-01-27,2024/25
covid,current,COVID-19 hospitalisations,respicast-hubEnsemble,ensemble,2025-02-03,2024/25
covid,current,COVID-19 hospitalisations,respicast-hubEnsemble,ensemble,2025-02-10,2024/25
covid,current,COVID-19 hospitalisations,respicast-hubEnsemble,ensemble,2025-02-17,2024/25
covid,current,COVID-19 hospitalisations,respicast-hubEnsemble,ensemble,2025-02-24,2024/25
covid,current,COVID-19 hospitalisations,respicast-hubEnsemble,ensemble,2025-03-03,2024/25
covid,current,COVID-19 hospitalisations,respicast-hubEnsemble,ensemble,2025-03-10,2024/25
covid,current,COVID-19 hospitalisations,respicast-hubEnsemble,ensemble,2025-03-17,2024/25
covid,current,COVID-19 hospitalisations,respicast-hubEnsemble,ensemble,2025-03-24,2024/25
covid,current,COVID-19 hospitalisations,respicast-hubEnsemble,ensemble,2025-03-31,2024/25
covid,current,COVID-19 hospitalisations,respicast-hubEnsemble,ensemble,2025-04-07,2024/25
covid,current,COVID-19 hospitalisations,respicast-hubEnsemble,ensemble,2025-04-14,2024/25
covid,current,COVID-19 hospitalisations,respicast-hubEnsemble,ensemble,2025-04-21,2024/25
covid,current,COVID-19 hospitalisations,respicast-hubEnsemble,ensemble,2025-04-28,2024/25
covid,current,COVID-19 hospitalisations,respicast-hubEnsemble,ensemble,2025-05-05,2024/25
covid,current,COVID-19 hospitalisations,respicast-hubEnsemble,ensemble,2025-05-12,2024/25
covid,current,COVID-19 hospitalisations,respicast-hubEnsemble,ensemble,2025-05-19,2024/25
covid,current,COVID-19 hospitalisations,respicast-hubEnsemble,ensemble,2025-05-26,2024/25
covid,current,COVID-19 hospitalisations,respicast-hubEnsemble,ensemble,2025-06-02,2024/25
covid,current,COVID-19 hospitalisations,respicast-hubEnsemble,ensemble,2025-06-09,2024/25
covid,current,COVID-19 hospitalisations,respicast-hubEnsemble,ensemble,2025-06-16,2024/25
covid,current,COVID-19 hospitalisations,respicast-hubEnsemble,ensemble,2025-06-23,2024/25
covid,current,COVID-19 hospitalisations,respicast-hubEnsemble,ensemble,2025-06-30,2024/25
covid,current,COVID-19 hospitalisations,respicast-hubEnsemble,ensemble,2025-07-07,2024/25
covid,current,COVID-19 hospitalisations,respicast-hubEnsemble,ensemble,2025-07-14,2024/25
covid,current,COVID-19 hospitalisations,respicast-hubEnsemble,ensemble,2025-07-21,2024/25
covid,current,COVID-19 hospitalisations,respicast-hubEnsemble,ensemble,2025-07-28,2024/25
covid,current,COVID-19 hospitalisations,respicast-hubEnsemble,ensemble,2025-08-04,2025/26
covid,current,COVID-19 hospitalisations,respicast-hubEnsemble,ensemble,2025-08-11,2025/26
covid,current,COVID-19 hospitalisations,respicast-hubEnsemble,ensemble,2025-08-18,2025/26
covid,current,COVID-19 hospitalisations,respicast-hubEnsemble,ensemble,2025-08-25,2025/26
covid,current,COVID-19 hospitalisations,respicast-hubEnsemble,ensemble,2025-09-01,2025/26
covid,current,COVID-19 hospitalisations,respicast-hubEnsemble,ensemble,2025-09-08,2025/26
covid,current,COVID-19 hospitalisations,respicast-hubEnsemble,ensemble,2025-09-15,2025/26
covid,current,COVID-19 hospitalisations,respicast-hubEnsemble,ensemble,2025-09-22,2025/26
covid,current,COVID-19 hospitalisations,respicast-hubEnsemble,ensemble,2025-09-29,2025/26
covid,current,COVID-19 hospitalisations,respicast-hubEnsemble,ensemble,2025-10-06,2025/26
covid,current,COVID-19 hospitalisations,respicast-hubEnsemble,ensemble,2025-10-13,2025/26
covid,current,COVID-19 hospitalisations,respicast-hubEnsemble,ensemble,2025-10-20,2025/26
covid,current,COVID-19 hospitalisations,respicast-hubEnsemble,ensemble,2025-10-27,2025/26
covid,current,COVID-19 hospitalisations,respicast-hubEnsemble,ensemble,2025-11-03,2025/26
covid,current,COVID-19 hospitalisations,respicast-hubEnsemble,ensemble,2025-11-10,2025/26
covid,current,COVID-19 hospitalisations,respicast-hubEnsemble,ensemble,2025-11-17,2025/26
covid,current,COVID-19 hospitalisations,respicast-hubEnsemble,ensemble,2025-11-24,2025/26
covid,current,COVID-19 hospitalisations,respicast-hubEnsemble,ensemble,2025-12-01,2025/26
covid,current,COVID-19 hospitalisations,respicast-hubEnsemble,ensemble,2025-12-08,2025/26
covid,current,COVID-19 hospitalisations,respicast-hubEnsemble,ensemble,2025-12-15,2025/26
covid,current,COVID-19 hospitalisations,respicast-hubEnsemble,ensemble,2025-12-22,2025/26
covid,current,COVID-19 hospitalisations,respicast-hubEnsemble,ensemble,2025-12-29,2025/26
covid,current,COVID-19 hospitalisations,respicast-hubEnsemble,ensemble,2026-01-05,2025/26
covid,current,COVID-19 hospitalisations,respicast-hubEnsemble,ensemble,2026-01-12,2025/26
covid,current,COVID-19 hospitalisations,respicast-hubEnsemble,ensemble,2026-01-19,2025/26
covid,current,COVID-19 hospitalisations,respicast-hubEnsemble,ensemble,2026-01-26,2025/26
covid,current,COVID-19 hospitalisations,respicast-hubEnsemble,ensemble,2026-02-02,2025/26
covid,current,COVID-19 hospitalisations,respicast-hubEnsemble,ensemble,2026-02-09,2025/26
covid,current,COVID-19 hospitalisations,respicast-hubEnsemble,ensemble,2026-02-16,2025/26
covid,current,COVID-19 hospitalisations,respicast-hubEnsemble,ensemble,2026-02-23,2025/26
covid,current,COVID-19 hospitalisations,respicast-hubEnsemble,ensemble,2026-03-02,2025/26
covid,current,COVID-19 hospitalisations,respicast-hubEnsemble,ensemble,2026-03-09,2025/26
covid,current,COVID-19 hospitalisations,respicast-hubEnsemble,ensemble,2026-03-16,2025/26
covid,current,COVID-19 hospitalisations,respicast-hubEnsemble,ensemble,2026-03-23,2025/26
covid,current,COVID-19 hospitalisations,respicast-hubEnsemble,ensemble,2026-03-30,2025/26
covid,current,COVID-19 hospitalisations,respicast-hubEnsemble,ensemble,2026-04-06,2025/26
covid,current,COVID-19 hospitalisations,respicast-hubEnsemble,ensemble,2026-04-13,2025/26
covid,current,COVID-19 hospitalisations,respicast-hubEnsemble,ensemble,2026-04-20,2025/26
covid,current,COVID-19 hospitalisations,respicast-hubEnsemble,ensemble,2026-04-27,2025/26
covid,current,COVID-19 hospitalisations,respicast-hubEnsemble,ensemble,2026-05-04,2025/26
covid,current,COVID-19 hospitalisations,respicast-hubEnsemble,ensemble,2026-05-11,2025/26
covid,current,COVID-19 hospitalisations,respicast-hubEnsemble,ensemble,2026-05-18,2025/26
covid,current,COVID-19 hospitalisations,respicast-hubEnsemble,ensemble,2026-05-25,2025/26
covid,current,COVID-19 hospitalisations,respicast-hubEnsemble,ensemble,2026-06-01,2025/26
covid,current,COVID-19 hospitalisations,respicast-hubEnsemble,ensemble,2026-06-08,2025/26
covid,current,COVID-19 hospitalisations,respicast-hubEnsemble,ensemble,2026-06-15,2025/26
covid,current,COVID-19 hospitalisations,respicast-quantileBaseline,baseline,2024-10-21,2024/25
covid,current,COVID-19 hospitalisations,respicast-quantileBaseline,baseline,2024-10-28,2024/25
covid,current,COVID-19 hospitalisations,respicast-quantileBaseline,baseline,2024-11-04,2024/25
covid,current,COVID-19 hospitalisations,respicast-quantileBaseline,baseline,2024-11-11,2024/25
covid,current,COVID-19 hospitalisations,respicast-quantileBaseline,baseline,2024-11-18,2024/25
covid,current,COVID-19 hospitalisations,respicast-quantileBaseline,baseline,2024-11-25,2024/25
covid,current,COVID-19 hospitalisations,respicast-quantileBaseline,baseline,2024-12-02,2024/25
covid,current,COVID-19 hospitalisations,respicast-quantileBaseline,baseline,2024-12-09,2024/25
covid,current,COVID-19 hospitalisations,respicast-quantileBaseline,baseline,2024-12-16,2024/25
covid,current,COVID-19 hospitalisations,respicast-quantileBaseline,baseline,2024-12-23,2024/25
covid,current,COVID-19 hospitalisations,respicast-quantileBaseline,baseline,2024-12-30,2024/25
covid,current,COVID-19 hospitalisations,respicast-quantileBaseline,baseline,2025-01-06,2024/25
covid,current,COVID-19 hospitalisations,respicast-quantileBaseline,baseline,2025-01-13,2024/25
covid,current,COVID-19 hospitalisations,respicast-quantileBaseline,baseline,2025-01-20,2024/25
covid,current,COVID-19 hospitalisations,respicast-quantileBaseline,baseline,2025-01-27,2024/25
covid,current,COVID-19 hospitalisations,respicast-quantileBaseline,baseline,2025-02-03,2024/25
covid,current,COVID-19 hospitalisations,respicast-quantileBaseline,baseline,2025-02-10,2024/25
covid,current,COVID-19 hospitalisations,respicast-quantileBaseline,baseline,2025-02-17,2024/25
covid,current,COVID-19 hospitalisations,respicast-quantileBaseline,baseline,2025-02-24,2024/25
covid,current,COVID-19 hospitalisations,respicast-quantileBaseline,baseline,2025-03-03,2024/25
covid,current,COVID-19 hospitalisations,respicast-quantileBaseline,baseline,2025-03-10,2024/25
covid,current,COVID-19 hospitalisations,respicast-quantileBaseline,baseline,2025-03-17,2024/25
covid,current,COVID-19 hospitalisations,respicast-quantileBaseline,baseline,2025-03-24,2024/25
covid,current,COVID-19 hospitalisations,respicast-quantileBaseline,baseline,2025-03-31,2024/25
covid,current,COVID-19 hospitalisations,respicast-quantileBaseline,baseline,2025-04-07,2024/25
covid,current,COVID-19 hospitalisations,respicast-quantileBaseline,baseline,2025-04-14,2024/25
covid,current,COVID-19 hospitalisations,respicast-quantileBaseline,baseline,2025-04-21,2024/25
covid,current,COVID-19 hospitalisations,respicast-quantileBaseline,baseline,2025-04-28,2024/25
covid,current,COVID-19 hospitalisations,respicast-quantileBaseline,baseline,2025-05-05,2024/25
covid,current,COVID-19 hospitalisations,respicast-quantileBaseline,baseline,2025-05-12,2024/25
covid,current,COVID-19 hospitalisations,respicast-quantileBaseline,baseline,2025-05-19,2024/25
covid,current,COVID-19 hospitalisations,respicast-quantileBaseline,baseline,2025-05-26,2024/25
covid,current,COVID-19 hospitalisations,respicast-quantileBaseline,baseline,2025-06-02,2024/25
covid,current,COVID-19 hospitalisations,respicast-quantileBaseline,baseline,2025-06-09,2024/25
covid,current,COVID-19 hospitalisations,respicast-quantileBaseline,baseline,2025-06-16,2024/25
covid,current,COVID-19 hospitalisations,respicast-quantileBaseline,baseline,2025-06-23,2024/25
covid,current,COVID-19 hospitalisations,respicast-quantileBaseline,baseline,2025-06-30,2024/25
covid,current,COVID-19 hospitalisations,respicast-quantileBaseline,baseline,2025-07-07,2024/25
covid,current,COVID-19 hospitalisations,respicast-quantileBaseline,baseline,2025-07-14,2024/25
covid,current,COVID-19 hospitalisations,respicast-quantileBaseline,baseline,2025-07-21,2024/25
covid,current,COVID-19 hospitalisations,respicast-quantileBaseline,baseline,2025-07-28,2024/25
covid,current,COVID-19 hospitalisations,respicast-quantileBaseline,baseline,2025-08-04,2025/26
covid,current,COVID-19 hospitalisations,respicast-quantileBaseline,baseline,2025-08-11,2025/26
covid,current,COVID-19 hospitalisations,respicast-quantileBaseline,baseline,2025-08-18,2025/26
covid,current,COVID-19 hospitalisations,respicast-quantileBaseline,baseline,2025-08-25,2025/26
covid,current,COVID-19 hospitalisations,respicast-quantileBaseline,baseline,2025-09-01,2025/26
covid,current,COVID-19 hospitalisations,respicast-quantileBaseline,baseline,2025-09-08,2025/26
covid,current,COVID-19 hospitalisations,respicast-quantileBaseline,baseline,2025-09-15,2025/26
covid,current,COVID-19 hospitalisations,respicast-quantileBaseline,baseline,2025-09-22,2025/26
covid,current,COVID-19 hospitalisations,respicast-quantileBaseline,baseline,2025-09-29,2025/26
covid,current,COVID-19 hospitalisations,respicast-quantileBaseline,baseline,2025-10-06,2025/26
covid,current,COVID-19 hospitalisations,respicast-quantileBaseline,baseline,2025-10-13,2025/26
covid,current,COVID-19 hospitalisations,respicast-quantileBaseline,baseline,2025-10-20,2025/26
covid,current,COVID-19 hospitalisations,respicast-quantileBaseline,baseline,2025-10-27,2025/26
covid,current,COVID-19 hospitalisations,respicast-quantileBaseline,baseline,2025-11-03,2025/26
covid,current,COVID-19 hospitalisations,respicast-quantileBaseline,baseline,2025-11-10,2025/26
covid,current,COVID-19 hospitalisations,respicast-quantileBaseline,baseline,2025-11-17,2025/26
covid,current,COVID-19 hospitalisations,respicast-quantileBaseline,baseline,2025-11-24,2025/26
covid,current,COVID-19 hospitalisations,respicast-quantileBaseline,baseline,2025-12-01,2025/26
covid,current,COVID-19 hospitalisations,respicast-quantileBaseline,baseline,2025-12-08,2025/26
covid,current,COVID-19 hospitalisations,respicast-quantileBaseline,baseline,2025-12-15,2025/26
covid,current,COVID-19 hospitalisations,respicast-quantileBaseline,baseline,2025-12-22,2025/26
covid,current,COVID-19 hospitalisations,respicast-quantileBaseline,baseline,2025-12-29,2025/26
covid,current,COVID-19 hospitalisations,respicast-quantileBaseline,baseline,2026-01-05,2025/26
covid,current,COVID-19 hospitalisations,respicast-quantileBaseline,baseline,2026-01-12,2025/26
covid,current,COVID-19 hospitalisations,respicast-quantileBaseline,baseline,2026-01-19,2025/26
covid,current,COVID-19 hospitalisations,respicast-quantileBaseline,baseline,2026-01-26,2025/26
covid,current,COVID-19 hospitalisations,respicast-quantileBaseline,baseline,2026-02-02,2025/26
covid,current,COVID-19 hospitalisations,respicast-quantileBaseline,baseline,2026-02-09,2025/26
covid,current,COVID-19 hospitalisations,respicast-quantileBaseline,baseline,2026-02-16,2025/26
covid,current,COVID-19 hospitalisations,respicast-quantileBaseline,baseline,2026-02-23,2025/26
covid,current,COVID-19 hospitalisations,respicast-quantileBaseline,baseline,2026-03-02,2025/26
covid,current,COVID-19 hospitalisations,respicast-quantileBaseline,baseline,2026-03-09,2025/26
covid,current,COVID-19 hospitalisations,respicast-quantileBaseline,baseline,2026-03-16,2025/26
covid,current,COVID-19 hospitalisations,respicast-quantileBaseline,baseline,2026-03-23,2025/26
covid,current,COVID-19 hospitalisations,respicast-quantileBaseline,baseline,2026-03-30,2025/26
covid,current,COVID-19 hospitalisations,respicast-quantileBaseline,baseline,2026-04-06,2025/26
covid,current,COVID-19 hospitalisations,respicast-quantileBaseline,baseline,2026-04-13,2025/26
covid,current,COVID-19 hospitalisations,respicast-quantileBaseline,baseline,2026-04-20,2025/26
covid,current,COVID-19 hospitalisations,respicast-quantileBaseline,baseline,2026-04-27,2025/26
covid,current,COVID-19 hospitalisations,respicast-quantileBaseline,baseline,2026-05-04,2025/26
covid,current,COVID-19 hospitalisations,respicast-quantileBaseline,baseline,2026-05-11,2025/26
covid,current,COVID-19 hospitalisations,respicast-quantileBaseline,baseline,2026-05-18,2025/26
covid,current,COVID-19 hospitalisations,respicast-quantileBaseline,baseline,2026-05-25,2025/26
covid,current,COVID-19 hospitalisations,respicast-quantileBaseline,baseline,2026-06-01,2025/26
covid,current,COVID-19 hospitalisations,respicast-quantileBaseline,baseline,2026-06-08,2025/26
covid,current,COVID-19 hospitalisations,respicast-quantileBaseline,baseline,2026-06-15,2025/26
covid,current,COVID-19 hospitalisations,respicast-quantileBaseline,baseline,2026-06-22,2025/26
covid,current,COVID-19 hospitalisations,safinea-CovidCast,model,2024-12-02,2024/25
covid,current,COVID-19 hospitalisations,safinea-CovidCast,model,2025-01-13,2024/25
covid,current,COVID-19 hospitalisations,safinea-CovidCast,model,2025-01-27,2024/25
covid,current,COVID-19 hospitalisations,safinea-CovidCast,model,2025-02-10,2024/25
covid,current,COVID-19 hospitalisations,safinea-CovidCast,model,2025-02-24,2024/25
covid,current,COVID-19 hospitalisations,safinea-PRFM,model,2025-06-09,2024/25
covid,current,COVID-19 hospitalisations,safinea-PRFM,model,2025-06-16,2024/25
covid,current,COVID-19 hospitalisations,safinea-PRFM,model,2025-06-23,2024/25
covid,current,COVID-19 hospitalisations,safinea-PRFM,model,2025-06-30,2024/25
covid,current,COVID-19 hospitalisations,safinea-PRFM,model,2025-07-07,2024/25
covid,current,COVID-19 hospitalisations,safinea-PRFM,model,2025-07-14,2024/25
covid,current,COVID-19 hospitalisations,safinea-PRFM,model,2025-07-21,2024/25
covid,current,COVID-19 hospitalisations,safinea-PRFM,model,2025-07-28,2024/25
covid,current,COVID-19 hospitalisations,safinea-PRFM,model,2025-08-04,2025/26
covid,current,COVID-19 hospitalisations,safinea-PRFM,model,2025-08-11,2025/26
covid,current,COVID-19 hospitalisations,safinea-PRFM,model,2025-08-18,2025/26
covid,current,COVID-19 hospitalisations,safinea-PRFM,model,2025-08-25,2025/26
covid,current,COVID-19 hospitalisations,safinea-PRFM,model,2025-09-01,2025/26
covid,current,COVID-19 hospitalisations,safinea-PRFM,model,2025-09-08,2025/26
covid,current,COVID-19 hospitalisations,safinea-PRFM,model,2025-09-15,2025/26
covid,current,COVID-19 hospitalisations,safinea-PRFM,model,2025-09-22,2025/26
covid,current,COVID-19 hospitalisations,safinea-PRFM,model,2025-09-29,2025/26
covid,current,COVID-19 hospitalisations,safinea-PRFM,model,2025-10-06,2025/26
covid,current,COVID-19 hospitalisations,safinea-PRFM,model,2025-10-13,2025/26
covid,current,COVID-19 hospitalisations,safinea-PRFM,model,2025-10-20,2025/26
covid,current,COVID-19 hospitalisations,safinea-PRFM,model,2025-10-27,2025/26
covid,current,COVID-19 hospitalisations,safinea-PRFM,model,2025-11-03,2025/26
covid,current,COVID-19 hospitalisations,safinea-PRFM,model,2025-11-10,2025/26
covid,current,COVID-19 hospitalisations,safinea-PRFM,model,2025-11-17,2025/26
covid,current,COVID-19 hospitalisations,safinea-PRFM,model,2025-11-24,2025/26
covid,current,COVID-19 hospitalisations,safinea-PRFM,model,2025-12-01,2025/26
covid,current,COVID-19 hospitalisations,safinea-PRFM,model,2025-12-08,2025/26
covid,current,COVID-19 hospitalisations,safinea-PRFM,model,2025-12-15,2025/26
covid,current,COVID-19 hospitalisations,safinea-PRFM,model,2025-12-22,2025/26
covid,current,COVID-19 hospitalisations,safinea-PRFM,model,2025-12-29,2025/26
covid,current,COVID-19 hospitalisations,safinea-PRFM,model,2026-01-05,2025/26
covid,current,COVID-19 hospitalisations,safinea-PRFM,model,2026-01-12,2025/26
covid,current,COVID-19 hospitalisations,safinea-PRFM,model,2026-01-19,2025/26
covid,current,COVID-19 hospitalisations,safinea-PRFM,model,2026-01-26,2025/26
covid,current,COVID-19 hospitalisations,safinea-PRFM,model,2026-02-02,2025/26
covid,current,COVID-19 hospitalisations,safinea-PRFM,model,2026-02-09,2025/26
covid,current,COVID-19 hospitalisations,safinea-PRFM,model,2026-02-16,2025/26
covid,current,COVID-19 hospitalisations,safinea-PRFM,model,2026-02-23,2025/26
covid,current,COVID-19 hospitalisations,safinea-PRFM,model,2026-03-02,2025/26
covid,current,COVID-19 hospitalisations,safinea-PRFM,model,2026-03-09,2025/26
covid,current,COVID-19 hospitalisations,safinea-PRFM,model,2026-03-16,2025/26
covid,current,COVID-19 hospitalisations,safinea-PRFM,model,2026-03-23,2025/26
covid,current,COVID-19 hospitalisations,safinea-PRFM,model,2026-03-30,2025/26
covid,current,COVID-19 hospitalisations,safinea-PRFM,model,2026-04-06,2025/26
covid,current,COVID-19 hospitalisations,safinea-PRFM,model,2026-04-13,2025/26
covid,current,COVID-19 hospitalisations,safinea-PRFM,model,2026-04-20,2025/26
covid,current,COVID-19 hospitalisations,safinea-PRFM,model,2026-04-27,2025/26
covid,current,COVID-19 hospitalisations,safinea-PRFM,model,2026-05-04,2025/26
covid,current,COVID-19 hospitalisations,safinea-PRFM,model,2026-05-11,2025/26
covid,current,COVID-19 hospitalisations,safinea-PRFM,model,2026-05-18,2025/26
flu_archive,archive,ILI incidence,CSL_PoliTo-metaFlu,model,2023-12-11,2023/24
flu_archive,archive,ILI incidence,CSL_PoliTo-metaFlu,model,2023-12-18,2023/24
flu_archive,archive,ILI incidence,CSL_PoliTo-metaFlu,model,2023-12-25,2023/24
flu_archive,archive,ILI incidence,CSL_PoliTo-metaFlu,model,2024-01-01,2023/24
flu_archive,archive,ILI incidence,CSL_PoliTo-metaFlu,model,2024-01-08,2023/24
flu_archive,archive,ILI incidence,CSL_PoliTo-metaFlu,model,2024-01-15,2023/24
flu_archive,archive,ILI incidence,CSL_PoliTo-metaFlu,model,2024-01-22,2023/24
flu_archive,archive,ILI incidence,CSL_PoliTo-metaFlu,model,2024-01-29,2023/24
flu_archive,archive,ILI incidence,CSL_PoliTo-metaFlu,model,2024-02-05,2023/24
flu_archive,archive,ILI incidence,CSL_PoliTo-metaFlu,model,2024-02-12,2023/24
flu_archive,archive,ILI incidence,CSL_PoliTo-metaFlu,model,2024-02-19,2023/24
flu_archive,archive,ILI incidence,CSL_PoliTo-metaFlu,model,2024-02-26,2023/24
flu_archive,archive,ILI incidence,CSL_PoliTo-metaFlu,model,2024-03-04,2023/24
flu_archive,archive,ILI incidence,CSL_PoliTo-metaFlu,model,2024-03-11,2023/24
flu_archive,archive,ILI incidence,CSL_PoliTo-metaFlu,model,2024-03-18,2023/24
flu_archive,archive,ILI incidence,CSL_PoliTo-metaFlu,model,2024-03-25,2023/24
flu_archive,archive,ILI incidence,CSL_PoliTo-metaFlu,model,2024-04-01,2023/24
flu_archive,archive,ILI incidence,CSL_PoliTo-metaFlu,model,2024-04-08,2023/24
flu_archive,archive,ILI incidence,CSL_PoliTo-metaFlu,model,2024-04-15,2023/24
syndromic,current,ILI incidence,Chronos-Chronos2,model,2026-02-09,2025/26
syndromic,current,ILI incidence,Chronos-Chronos2,model,2026-02-16,2025/26
syndromic,current,ILI incidence,Chronos-Chronos2,model,2026-02-23,2025/26
syndromic,current,ILI incidence,Chronos-Chronos2,model,2026-03-02,2025/26
syndromic,current,ILI incidence,Chronos-Chronos2,model,2026-03-09,2025/26
syndromic,current,ILI incidence,Chronos-Chronos2,model,2026-03-16,2025/26
syndromic,current,ILI incidence,Chronos-Chronos2,model,2026-03-23,2025/26
syndromic,current,ILI incidence,Chronos-Chronos2,model,2026-03-30,2025/26
syndromic,current,ILI incidence,Chronos-Chronos2,model,2026-04-06,2025/26
flu_archive,archive,ILI incidence,ECDC-FluForARIMA,model,2023-11-13,2023/24
flu_archive,archive,ILI incidence,ECDC-FluForARIMA,model,2023-12-11,2023/24
flu_archive,archive,ILI incidence,ECDC-FluForARIMA,model,2023-12-18,2023/24
flu_archive,archive,ILI incidence,ECDC-FluForARIMA,model,2023-12-25,2023/24
flu_archive,archive,ILI incidence,ECDC-FluForARIMA,model,2024-01-01,2023/24
flu_archive,archive,ILI incidence,ECDC-FluForARIMA,model,2024-01-08,2023/24
flu_archive,archive,ILI incidence,ECDC-FluForARIMA,model,2024-01-15,2023/24
flu_archive,archive,ILI incidence,ECDC-FluForARIMA,model,2024-01-22,2023/24
flu_archive,archive,ILI incidence,ECDC-FluForARIMA,model,2024-01-29,2023/24
flu_archive,archive,ILI incidence,ECDC-FluForARIMA,model,2024-02-05,2023/24
flu_archive,archive,ILI incidence,ECDC-FluForARIMA,model,2024-02-12,2023/24
flu_archive,archive,ILI incidence,ECDC-FluForARIMA,model,2024-02-19,2023/24
flu_archive,archive,ILI incidence,ECDC-FluForARIMA,model,2024-02-26,2023/24
flu_archive,archive,ILI incidence,ECDC-FluForARIMA,model,2024-03-04,2023/24
flu_archive,archive,ILI incidence,ECDC-FluForARIMA,model,2024-03-11,2023/24
flu_archive,archive,ILI incidence,ECDC-FluForARIMA,model,2024-03-18,2023/24
flu_archive,archive,ILI incidence,ECDC-FluForARIMA,model,2024-03-25,2023/24
flu_archive,archive,ILI incidence,ECDC-FluForARIMA,model,2024-04-01,2023/24
flu_archive,archive,ILI incidence,ECDC-FluForARIMA,model,2024-04-08,2023/24
flu_archive,archive,ILI incidence,ECDC-FluForARIMA,model,2024-04-15,2023/24
flu_archive,archive,ILI incidence,ECDC-FluForARIMA,model,2024-04-22,2023/24
flu_archive,archive,ILI incidence,ECDC-FluForARIMA,model,2024-04-29,2023/24
syndromic,current,ILI incidence,ECDC-SARIMA,model,2024-10-21,2024/25
syndromic,current,ILI incidence,ECDC-SARIMA,model,2024-10-28,2024/25
syndromic,current,ILI incidence,ECDC-SARIMA,model,2024-11-04,2024/25
syndromic,current,ILI incidence,ECDC-SARIMA,model,2024-11-11,2024/25
syndromic,current,ILI incidence,ECDC-SARIMA,model,2024-11-18,2024/25
syndromic,current,ILI incidence,ECDC-SARIMA,model,2024-11-25,2024/25
syndromic,current,ILI incidence,ECDC-SARIMA,model,2024-12-02,2024/25
syndromic,current,ILI incidence,ECDC-SARIMA,model,2024-12-09,2024/25
syndromic,current,ILI incidence,ECDC-SARIMA,model,2024-12-16,2024/25
syndromic,current,ILI incidence,ECDC-SARIMA,model,2024-12-23,2024/25
syndromic,current,ILI incidence,ECDC-SARIMA,model,2024-12-30,2024/25
syndromic,current,ILI incidence,ECDC-SARIMA,model,2025-01-06,2024/25
syndromic,current,ILI incidence,ECDC-SARIMA,model,2025-01-13,2024/25
syndromic,current,ILI incidence,ECDC-SARIMA,model,2025-01-20,2024/25
syndromic,current,ILI incidence,ECDC-SARIMA,model,2025-01-27,2024/25
syndromic,current,ILI incidence,ECDC-SARIMA,model,2025-02-03,2024/25
syndromic,current,ILI incidence,ECDC-SARIMA,model,2025-02-10,2024/25
syndromic,current,ILI incidence,ECDC-SARIMA,model,2025-02-17,2024/25
syndromic,current,ILI incidence,ECDC-SARIMA,model,2025-02-24,2024/25
syndromic,current,ILI incidence,ECDC-SARIMA,model,2025-03-03,2024/25
syndromic,current,ILI incidence,ECDC-SARIMA,model,2025-03-10,2024/25
syndromic,current,ILI incidence,ECDC-SARIMA,model,2025-03-17,2024/25
syndromic,current,ILI incidence,ECDC-SARIMA,model,2025-03-24,2024/25
syndromic,current,ILI incidence,ECDC-SARIMA,model,2025-03-31,2024/25
syndromic,current,ILI incidence,ECDC-SARIMA,model,2025-04-07,2024/25
syndromic,current,ILI incidence,ECDC-SARIMA,model,2025-04-14,2024/25
syndromic,current,ILI incidence,ECDC-SARIMA,model,2025-04-21,2024/25
syndromic,current,ILI incidence,ECDC-SARIMA,model,2025-04-28,2024/25
syndromic,current,ILI incidence,ECDC-SARIMA,model,2025-05-05,2024/25
syndromic,current,ILI incidence,ECDC-SARIMA,model,2025-05-12,2024/25
syndromic,current,ILI incidence,ECDC-SARIMA,model,2025-05-19,2024/25
syndromic,current,ILI incidence,ECDC-SARIMA,model,2025-05-26,2024/25
syndromic,current,ILI incidence,ECDC-SARIMA,model,2025-06-02,2024/25
syndromic,current,ILI incidence,ECDC-SARIMA,model,2025-06-09,2024/25
syndromic,current,ILI incidence,ECDC-SARIMA,model,2025-06-16,2024/25
syndromic,current,ILI incidence,ECDC-SARIMA,model,2025-06-23,2024/25
syndromic,current,ILI incidence,ECDC-SARIMA,model,2025-06-30,2024/25
syndromic,current,ILI incidence,ECDC-SARIMA,model,2025-07-07,2024/25
syndromic,current,ILI incidence,ECDC-SARIMA,model,2025-07-14,2024/25
syndromic,current,ILI incidence,ECDC-SARIMA,model,2025-07-21,2024/25
syndromic,current,ILI incidence,ECDC-SARIMA,model,2025-07-28,2024/25
syndromic,current,ILI incidence,ECDC-SARIMA,model,2025-08-04,2025/26
syndromic,current,ILI incidence,ECDC-SARIMA,model,2025-08-11,2025/26
syndromic,current,ILI incidence,ECDC-SARIMA,model,2025-08-18,2025/26
syndromic,current,ILI incidence,ECDC-SARIMA,model,2025-08-25,2025/26
syndromic,current,ILI incidence,ECDC-SARIMA,model,2025-09-01,2025/26
syndromic,current,ILI incidence,ECDC-SARIMA,model,2025-09-08,2025/26
syndromic,current,ILI incidence,ECDC-SARIMA,model,2025-09-15,2025/26
syndromic,current,ILI incidence,ECDC-SARIMA,model,2025-09-22,2025/26
syndromic,current,ILI incidence,ECDC-SARIMA,model,2025-09-29,2025/26
syndromic,current,ILI incidence,ECDC-SARIMA,model,2025-10-06,2025/26
syndromic,current,ILI incidence,ECDC-SARIMA,model,2025-10-13,2025/26
syndromic,current,ILI incidence,ECDC-SARIMA,model,2025-10-20,2025/26
syndromic,current,ILI incidence,ECDC-SARIMA,model,2025-10-27,2025/26
syndromic,current,ILI incidence,ECDC-SARIMA,model,2025-11-03,2025/26
syndromic,current,ILI incidence,ECDC-SARIMA,model,2025-11-10,2025/26
syndromic,current,ILI incidence,ECDC-SARIMA,model,2025-11-17,2025/26
syndromic,current,ILI incidence,ECDC-SARIMA,model,2025-11-24,2025/26
syndromic,current,ILI incidence,ECDC-SARIMA,model,2025-12-01,2025/26
syndromic,current,ILI incidence,ECDC-SARIMA,model,2025-12-08,2025/26
syndromic,current,ILI incidence,ECDC-SARIMA,model,2025-12-15,2025/26
syndromic,current,ILI incidence,ECDC-SARIMA,model,2025-12-22,2025/26
syndromic,current,ILI incidence,ECDC-SARIMA,model,2025-12-29,2025/26
syndromic,current,ILI incidence,ECDC-SARIMA,model,2026-01-05,2025/26
syndromic,current,ILI incidence,ECDC-SARIMA,model,2026-01-12,2025/26
syndromic,current,ILI incidence,ECDC-SARIMA,model,2026-01-26,2025/26
syndromic,current,ILI incidence,ECDC-SARIMA,model,2026-02-02,2025/26
syndromic,current,ILI incidence,ECDC-SARIMA,model,2026-02-09,2025/26
syndromic,current,ILI incidence,ECDC-SARIMA,model,2026-02-16,2025/26
syndromic,current,ILI incidence,ECDC-SARIMA,model,2026-02-23,2025/26
syndromic,current,ILI incidence,ECDC-SARIMA,model,2026-03-02,2025/26
syndromic,current,ILI incidence,ECDC-SARIMA,model,2026-03-09,2025/26
syndromic,current,ILI incidence,ECDC-SARIMA,model,2026-03-16,2025/26
syndromic,current,ILI incidence,ECDC-SARIMA,model,2026-03-23,2025/26
syndromic,current,ILI incidence,ECDC-SARIMA,model,2026-03-30,2025/26
syndromic,current,ILI incidence,ECDC-SARIMA,model,2026-04-06,2025/26
syndromic,current,ILI incidence,ECDC-SARIMA,model,2026-04-13,2025/26
syndromic,current,ILI incidence,ECDC-SARIMA,model,2026-04-20,2025/26
syndromic,current,ILI incidence,ECDC-SARIMA,model,2026-04-27,2025/26
syndromic,current,ILI incidence,ECDC-SARIMA,model,2026-05-04,2025/26
syndromic,current,ILI incidence,ECDC-SARIMA,model,2026-05-11,2025/26
syndromic,current,ILI incidence,ECDC-SARIMA,model,2026-05-18,2025/26
syndromic,current,ILI incidence,ECDC-SARIMA,model,2026-05-25,2025/26
syndromic,current,ILI incidence,ECDC-SARIMA,model,2026-06-01,2025/26
syndromic,current,ILI incidence,ECDC-SARIMA,model,2026-06-08,2025/26
syndromic,current,ILI incidence,ECDC-SARIMA,model,2026-06-15,2025/26
syndromic,current,ILI incidence,ECDC-SARIMA,model,2026-06-29,2025/26
syndromic,current,ILI incidence,ECDC-SARIMA,model,2026-07-06,2025/26
syndromic,current,ILI incidence,ECDC-SARIMA,model,2026-07-13,2025/26
flu_archive,archive,ILI incidence,ECDC-norrsken_blue,model,2023-12-11,2023/24
flu_archive,archive,ILI incidence,ECDC-norrsken_blue,model,2023-12-18,2023/24
flu_archive,archive,ILI incidence,ECDC-norrsken_blue,model,2023-12-25,2023/24
flu_archive,archive,ILI incidence,ECDC-norrsken_blue,model,2024-01-08,2023/24
flu_archive,archive,ILI incidence,ECDC-norrsken_blue,model,2024-01-15,2023/24
flu_archive,archive,ILI incidence,ECDC-norrsken_blue,model,2024-01-22,2023/24
flu_archive,archive,ILI incidence,ECDC-norrsken_blue,model,2024-01-29,2023/24
flu_archive,archive,ILI incidence,ECDC-norrsken_blue,model,2024-02-05,2023/24
flu_archive,archive,ILI incidence,ECDC-norrsken_blue,model,2024-02-19,2023/24
flu_archive,archive,ILI incidence,ECDC-norrsken_blue,model,2024-02-26,2023/24
flu_archive,archive,ILI incidence,ECDC-norrsken_blue,model,2024-03-04,2023/24
flu_archive,archive,ILI incidence,ECDC-norrsken_blue,model,2024-03-11,2023/24
flu_archive,archive,ILI incidence,ECDC-norrsken_blue,model,2024-03-18,2023/24
flu_archive,archive,ILI incidence,ECDC-norrsken_blue,model,2024-03-25,2023/24
flu_archive,archive,ILI incidence,ECDC-norrsken_blue,model,2024-04-01,2023/24
flu_archive,archive,ILI incidence,ECDC-norrsken_blue,model,2024-04-08,2023/24
flu_archive,archive,ILI incidence,ECDC-norrsken_blue,model,2024-04-15,2023/24
flu_archive,archive,ILI incidence,ECDC-norrsken_blue,model,2024-04-22,2023/24
flu_archive,archive,ILI incidence,ECDC-norrsken_blue,model,2024-04-29,2023/24
flu_archive,archive,ILI incidence,ECDC-norrsken_green,model,2023-12-11,2023/24
flu_archive,archive,ILI incidence,ECDC-norrsken_green,model,2023-12-18,2023/24
flu_archive,archive,ILI incidence,ECDC-norrsken_green,model,2023-12-25,2023/24
flu_archive,archive,ILI incidence,ECDC-norrsken_green,model,2024-01-08,2023/24
flu_archive,archive,ILI incidence,ECDC-norrsken_green,model,2024-01-15,2023/24
flu_archive,archive,ILI incidence,ECDC-norrsken_green,model,2024-01-22,2023/24
flu_archive,archive,ILI incidence,ECDC-norrsken_green,model,2024-01-29,2023/24
flu_archive,archive,ILI incidence,ECDC-norrsken_green,model,2024-02-05,2023/24
flu_archive,archive,ILI incidence,ECDC-norrsken_green,model,2024-02-19,2023/24
flu_archive,archive,ILI incidence,ECDC-norrsken_green,model,2024-02-26,2023/24
flu_archive,archive,ILI incidence,ECDC-norrsken_green,model,2024-03-04,2023/24
flu_archive,archive,ILI incidence,ECDC-norrsken_green,model,2024-03-11,2023/24
flu_archive,archive,ILI incidence,ECDC-norrsken_green,model,2024-03-18,2023/24
flu_archive,archive,ILI incidence,ECDC-norrsken_green,model,2024-03-25,2023/24
flu_archive,archive,ILI incidence,ECDC-norrsken_green,model,2024-04-01,2023/24
flu_archive,archive,ILI incidence,ECDC-norrsken_green,model,2024-04-08,2023/24
flu_archive,archive,ILI incidence,ECDC-norrsken_green,model,2024-04-15,2023/24
flu_archive,archive,ILI incidence,ECDC-norrsken_green,model,2024-04-22,2023/24
flu_archive,archive,ILI incidence,ECDC-norrsken_green,model,2024-04-29,2023/24
flu_archive,archive,ILI incidence,ECDC-soca_simplex,model,2024-02-12,2023/24
flu_archive,archive,ILI incidence,ECDC-soca_simplex,model,2024-02-19,2023/24
flu_archive,archive,ILI incidence,ECDC-soca_simplex,model,2024-02-26,2023/24
flu_archive,archive,ILI incidence,ECDC-soca_simplex,model,2024-03-04,2023/24
flu_archive,archive,ILI incidence,ECDC-soca_simplex,model,2024-03-11,2023/24
flu_archive,archive,ILI incidence,ECDC-soca_simplex,model,2024-03-18,2023/24
flu_archive,archive,ILI incidence,ECDC-soca_simplex,model,2024-03-25,2023/24
flu_archive,archive,ILI incidence,ECDC-soca_simplex,model,2024-04-08,2023/24
flu_archive,archive,ILI incidence,ECDC-soca_simplex,model,2024-04-15,2023/24
flu_archive,archive,ILI incidence,ECDC-soca_simplex,model,2024-04-22,2023/24
flu_archive,archive,ILI incidence,ECDC-soca_simplex,model,2024-04-29,2023/24
syndromic,current,ILI incidence,ECDC-soca_simplex,model,2024-10-21,2024/25
syndromic,current,ILI incidence,ECDC-soca_simplex,model,2024-10-28,2024/25
syndromic,current,ILI incidence,ECDC-soca_simplex,model,2024-11-04,2024/25
syndromic,current,ILI incidence,ECDC-soca_simplex,model,2024-11-11,2024/25
syndromic,current,ILI incidence,ECDC-soca_simplex,model,2024-11-18,2024/25
syndromic,current,ILI incidence,ECDC-soca_simplex,model,2024-11-25,2024/25
syndromic,current,ILI incidence,ECDC-soca_simplex,model,2024-12-02,2024/25
syndromic,current,ILI incidence,ECDC-soca_simplex,model,2024-12-09,2024/25
syndromic,current,ILI incidence,ECDC-soca_simplex,model,2024-12-16,2024/25
syndromic,current,ILI incidence,ECDC-soca_simplex,model,2024-12-23,2024/25
syndromic,current,ILI incidence,ECDC-soca_simplex,model,2024-12-30,2024/25
syndromic,current,ILI incidence,ECDC-soca_simplex,model,2025-01-06,2024/25
syndromic,current,ILI incidence,ECDC-soca_simplex,model,2025-01-13,2024/25
syndromic,current,ILI incidence,ECDC-soca_simplex,model,2025-01-20,2024/25
syndromic,current,ILI incidence,ECDC-soca_simplex,model,2025-01-27,2024/25
syndromic,current,ILI incidence,ECDC-soca_simplex,model,2025-02-03,2024/25
syndromic,current,ILI incidence,ECDC-soca_simplex,model,2025-02-10,2024/25
syndromic,current,ILI incidence,ECDC-soca_simplex,model,2025-02-17,2024/25
syndromic,current,ILI incidence,ECDC-soca_simplex,model,2025-02-24,2024/25
syndromic,current,ILI incidence,ECDC-soca_simplex,model,2025-03-03,2024/25
syndromic,current,ILI incidence,ECDC-soca_simplex,model,2025-03-10,2024/25
syndromic,current,ILI incidence,ECDC-soca_simplex,model,2025-03-17,2024/25
syndromic,current,ILI incidence,ECDC-soca_simplex,model,2025-03-24,2024/25
syndromic,current,ILI incidence,ECDC-soca_simplex,model,2025-03-31,2024/25
syndromic,current,ILI incidence,ECDC-soca_simplex,model,2025-04-07,2024/25
syndromic,current,ILI incidence,ECDC-soca_simplex,model,2025-04-14,2024/25
syndromic,current,ILI incidence,ECDC-soca_simplex,model,2025-04-21,2024/25
syndromic,current,ILI incidence,ECDC-soca_simplex,model,2025-04-28,2024/25
syndromic,current,ILI incidence,ECDC-soca_simplex,model,2025-05-05,2024/25
syndromic,current,ILI incidence,ECDC-soca_simplex,model,2025-05-12,2024/25
syndromic,current,ILI incidence,ECDC-soca_simplex,model,2025-05-19,2024/25
syndromic,current,ILI incidence,ECDC-soca_simplex,model,2025-05-26,2024/25
syndromic,current,ILI incidence,ECDC-soca_simplex,model,2025-06-02,2024/25
syndromic,current,ILI incidence,ECDC-soca_simplex,model,2025-06-09,2024/25
syndromic,current,ILI incidence,ECDC-soca_simplex,model,2025-06-16,2024/25
syndromic,current,ILI incidence,ECDC-soca_simplex,model,2025-06-23,2024/25
syndromic,current,ILI incidence,ECDC-soca_simplex,model,2025-06-30,2024/25
syndromic,current,ILI incidence,ECDC-soca_simplex,model,2025-07-07,2024/25
syndromic,current,ILI incidence,ECDC-soca_simplex,model,2025-07-14,2024/25
syndromic,current,ILI incidence,ECDC-soca_simplex,model,2025-07-21,2024/25
syndromic,current,ILI incidence,ECDC-soca_simplex,model,2025-07-28,2024/25
syndromic,current,ILI incidence,ECDC-soca_simplex,model,2025-08-04,2025/26
syndromic,current,ILI incidence,ECDC-soca_simplex,model,2025-08-11,2025/26
syndromic,current,ILI incidence,ECDC-soca_simplex,model,2025-08-18,2025/26
syndromic,current,ILI incidence,ECDC-soca_simplex,model,2025-08-25,2025/26
syndromic,current,ILI incidence,ECDC-soca_simplex,model,2025-09-01,2025/26
syndromic,current,ILI incidence,ECDC-soca_simplex,model,2025-09-08,2025/26
syndromic,current,ILI incidence,ECDC-soca_simplex,model,2025-09-15,2025/26
syndromic,current,ILI incidence,ECDC-soca_simplex,model,2025-09-22,2025/26
syndromic,current,ILI incidence,ECDC-soca_simplex,model,2025-09-29,2025/26
syndromic,current,ILI incidence,ECDC-soca_simplex,model,2025-10-06,2025/26
syndromic,current,ILI incidence,ECDC-soca_simplex,model,2025-10-13,2025/26
syndromic,current,ILI incidence,ECDC-soca_simplex,model,2025-10-20,2025/26
syndromic,current,ILI incidence,ECDC-soca_simplex,model,2025-10-27,2025/26
syndromic,current,ILI incidence,ECDC-soca_simplex,model,2025-11-03,2025/26
syndromic,current,ILI incidence,ECDC-soca_simplex,model,2025-11-10,2025/26
syndromic,current,ILI incidence,ECDC-soca_simplex,model,2025-11-17,2025/26
syndromic,current,ILI incidence,ECDC-soca_simplex,model,2025-11-24,2025/26
syndromic,current,ILI incidence,ECDC-soca_simplex,model,2025-12-01,2025/26
syndromic,current,ILI incidence,ECDC-soca_simplex,model,2025-12-08,2025/26
syndromic,current,ILI incidence,ECDC-soca_simplex,model,2025-12-15,2025/26
syndromic,current,ILI incidence,ECDC-soca_simplex,model,2025-12-22,2025/26
syndromic,current,ILI incidence,ECDC-soca_simplex,model,2025-12-29,2025/26
syndromic,current,ILI incidence,ECDC-soca_simplex,model,2026-01-05,2025/26
syndromic,current,ILI incidence,ECDC-soca_simplex,model,2026-01-12,2025/26
syndromic,current,ILI incidence,ECDC-soca_simplex,model,2026-01-26,2025/26
syndromic,current,ILI incidence,ECDC-soca_simplex,model,2026-02-02,2025/26
syndromic,current,ILI incidence,ECDC-soca_simplex,model,2026-02-09,2025/26
syndromic,current,ILI incidence,ECDC-soca_simplex,model,2026-02-16,2025/26
syndromic,current,ILI incidence,ECDC-soca_simplex,model,2026-02-23,2025/26
syndromic,current,ILI incidence,ECDC-soca_simplex,model,2026-03-02,2025/26
syndromic,current,ILI incidence,ECDC-soca_simplex,model,2026-03-09,2025/26
syndromic,current,ILI incidence,ECDC-soca_simplex,model,2026-03-16,2025/26
syndromic,current,ILI incidence,ECDC-soca_simplex,model,2026-03-23,2025/26
syndromic,current,ILI incidence,ECDC-soca_simplex,model,2026-03-30,2025/26
syndromic,current,ILI incidence,ECDC-soca_simplex,model,2026-04-06,2025/26
syndromic,current,ILI incidence,ECDC-soca_simplex,model,2026-04-13,2025/26
syndromic,current,ILI incidence,ECDC-soca_simplex,model,2026-04-20,2025/26
syndromic,current,ILI incidence,ECDC-soca_simplex,model,2026-04-27,2025/26
syndromic,current,ILI incidence,ECDC-soca_simplex,model,2026-05-04,2025/26
syndromic,current,ILI incidence,ECDC-soca_simplex,model,2026-05-11,2025/26
syndromic,current,ILI incidence,ECDC-soca_simplex,model,2026-05-18,2025/26
syndromic,current,ILI incidence,ECDC-soca_simplex,model,2026-05-25,2025/26
syndromic,current,ILI incidence,ECDC-soca_simplex,model,2026-06-01,2025/26
syndromic,current,ILI incidence,ECDC-soca_simplex,model,2026-06-08,2025/26
syndromic,current,ILI incidence,ECDC-soca_simplex,model,2026-06-15,2025/26
syndromic,current,ILI incidence,ECDC-soca_simplex,model,2026-06-29,2025/26
syndromic,current,ILI incidence,ECDC-soca_simplex,model,2026-07-06,2025/26
syndromic,current,ILI incidence,ECDC-soca_simplex,model,2026-07-13,2025/26
flu_archive,archive,ILI incidence,ISI-EpiNow,model,2024-02-05,2023/24
flu_archive,archive,ILI incidence,ISI-EpiNow,model,2024-02-12,2023/24
flu_archive,archive,ILI incidence,ISI-EpiNow,model,2024-02-19,2023/24
flu_archive,archive,ILI incidence,ISI-EpiNow,model,2024-02-26,2023/24
flu_archive,archive,ILI incidence,ISI-EpiNow,model,2024-03-04,2023/24
flu_archive,archive,ILI incidence,ISI-EpiNow,model,2024-03-11,2023/24
flu_archive,archive,ILI incidence,ISI-EpiNow,model,2024-03-18,2023/24
flu_archive,archive,ILI incidence,ISI-EpiNow,model,2024-03-25,2023/24
flu_archive,archive,ILI incidence,ISI-EpiNow,model,2024-04-01,2023/24
flu_archive,archive,ILI incidence,ISI-EpiNow,model,2024-04-08,2023/24
flu_archive,archive,ILI incidence,ISI-EpiNow,model,2024-04-15,2023/24
flu_archive,archive,ILI incidence,ISI-EpiNow,model,2024-04-22,2023/24
flu_archive,archive,ILI incidence,ISI-EpiNow,model,2024-04-29,2023/24
flu_archive,archive,ILI incidence,ISI-FluABCaster,model,2023-12-18,2023/24
flu_archive,archive,ILI incidence,ISI-FluABCaster,model,2023-12-25,2023/24
flu_archive,archive,ILI incidence,ISI-FluABCaster,model,2024-01-01,2023/24
flu_archive,archive,ILI incidence,ISI-FluABCaster,model,2024-01-08,2023/24
flu_archive,archive,ILI incidence,ISI-FluABCaster,model,2024-01-15,2023/24
flu_archive,archive,ILI incidence,ISI-FluABCaster,model,2024-01-22,2023/24
flu_archive,archive,ILI incidence,ISI-FluABCaster,model,2024-01-29,2023/24
flu_archive,archive,ILI incidence,ISI-FluABCaster,model,2024-02-05,2023/24
flu_archive,archive,ILI incidence,ISI-FluABCaster,model,2024-02-12,2023/24
flu_archive,archive,ILI incidence,ISI-FluABCaster,model,2024-02-19,2023/24
flu_archive,archive,ILI incidence,ISI-FluABCaster,model,2024-02-26,2023/24
flu_archive,archive,ILI incidence,ISI-FluABCaster,model,2024-03-04,2023/24
flu_archive,archive,ILI incidence,ISI-FluABCaster,model,2024-03-11,2023/24
flu_archive,archive,ILI incidence,ISI-FluABCaster,model,2024-03-18,2023/24
flu_archive,archive,ILI incidence,ISI-FluABCaster,model,2024-03-25,2023/24
flu_archive,archive,ILI incidence,ISI-FluABCaster,model,2024-04-01,2023/24
flu_archive,archive,ILI incidence,ISI-FluABCaster,model,2024-04-08,2023/24
flu_archive,archive,ILI incidence,ISI-FluABCaster,model,2024-04-15,2023/24
flu_archive,archive,ILI incidence,ISI-FluABCaster,model,2024-04-22,2023/24
flu_archive,archive,ILI incidence,ISI-FluABCaster,model,2024-04-29,2023/24
syndromic,current,ILI incidence,ISI-FluABCaster,model,2024-10-21,2024/25
syndromic,current,ILI incidence,ISI-FluABCaster,model,2024-11-11,2024/25
syndromic,current,ILI incidence,ISI-FluABCaster,model,2024-11-18,2024/25
syndromic,current,ILI incidence,ISI-FluABCaster,model,2024-11-25,2024/25
syndromic,current,ILI incidence,ISI-FluABCaster,model,2024-12-02,2024/25
syndromic,current,ILI incidence,ISI-FluABCaster,model,2024-12-09,2024/25
syndromic,current,ILI incidence,ISI-FluABCaster,model,2024-12-16,2024/25
syndromic,current,ILI incidence,ISI-FluABCaster,model,2024-12-23,2024/25
syndromic,current,ILI incidence,ISI-FluABCaster,model,2025-01-06,2024/25
syndromic,current,ILI incidence,ISI-FluABCaster,model,2025-01-13,2024/25
syndromic,current,ILI incidence,ISI-FluABCaster,model,2025-01-20,2024/25
syndromic,current,ILI incidence,ISI-FluABCaster,model,2025-01-27,2024/25
syndromic,current,ILI incidence,ISI-FluABCaster,model,2025-02-03,2024/25
syndromic,current,ILI incidence,ISI-FluABCaster,model,2025-02-10,2024/25
syndromic,current,ILI incidence,ISI-FluABCaster,model,2025-02-17,2024/25
syndromic,current,ILI incidence,ISI-FluABCaster,model,2025-02-24,2024/25
syndromic,current,ILI incidence,ISI-FluABCaster,model,2025-03-03,2024/25
syndromic,current,ILI incidence,ISI-FluABCaster,model,2025-03-10,2024/25
syndromic,current,ILI incidence,ISI-FluABCaster,model,2025-03-17,2024/25
syndromic,current,ILI incidence,ISI-FluABCaster,model,2025-03-24,2024/25
syndromic,current,ILI incidence,ISI-FluABCaster,model,2025-03-31,2024/25
syndromic,current,ILI incidence,ISI-FluABCaster,model,2025-04-07,2024/25
syndromic,current,ILI incidence,ISI-FluABCaster,model,2025-04-14,2024/25
syndromic,current,ILI incidence,ISI-FluABCaster,model,2025-11-17,2025/26
syndromic,current,ILI incidence,ISI-FluABCaster,model,2025-11-24,2025/26
syndromic,current,ILI incidence,ISI-FluABCaster,model,2025-12-01,2025/26
syndromic,current,ILI incidence,ISI-FluABCaster,model,2025-12-08,2025/26
syndromic,current,ILI incidence,ISI-FluABCaster,model,2025-12-15,2025/26
syndromic,current,ILI incidence,ISI-FluABCaster,model,2025-12-22,2025/26
syndromic,current,ILI incidence,ISI-FluABCaster,model,2026-01-12,2025/26
syndromic,current,ILI incidence,ISI-FluABCaster,model,2026-01-19,2025/26
syndromic,current,ILI incidence,ISI-FluABCaster,model,2026-01-26,2025/26
syndromic,current,ILI incidence,ISI-FluABCaster,model,2026-02-02,2025/26
syndromic,current,ILI incidence,ISI-FluABCaster,model,2026-02-09,2025/26
syndromic,current,ILI incidence,ISI-FluABCaster,model,2026-02-16,2025/26
syndromic,current,ILI incidence,ISI-FluABCaster,model,2026-03-02,2025/26
syndromic,current,ILI incidence,ISI-FluBcast,model,2024-10-21,2024/25
syndromic,current,ILI incidence,ISI-FluBcast,model,2024-10-28,2024/25
syndromic,current,ILI incidence,ISI-FluBcast,model,2024-11-04,2024/25
syndromic,current,ILI incidence,ISI-FluBcast,model,2024-11-11,2024/25
syndromic,current,ILI incidence,ISI-FluBcast,model,2024-11-18,2024/25
syndromic,current,ILI incidence,ISI-FluBcast,model,2024-11-25,2024/25
syndromic,current,ILI incidence,ISI-FluBcast,model,2024-12-02,2024/25
syndromic,current,ILI incidence,ISI-FluBcast,model,2024-12-09,2024/25
syndromic,current,ILI incidence,ISI-FluBcast,model,2024-12-16,2024/25
syndromic,current,ILI incidence,ISI-FluBcast,model,2024-12-23,2024/25
syndromic,current,ILI incidence,ISI-FluBcast,model,2024-12-30,2024/25
syndromic,current,ILI incidence,ISI-FluBcast,model,2025-01-06,2024/25
syndromic,current,ILI incidence,ISI-FluBcast,model,2025-01-13,2024/25
syndromic,current,ILI incidence,ISI-FluBcast,model,2025-01-20,2024/25
syndromic,current,ILI incidence,ISI-FluBcast,model,2025-01-27,2024/25
syndromic,current,ILI incidence,ISI-FluBcast,model,2025-02-03,2024/25
syndromic,current,ILI incidence,ISI-FluBcast,model,2025-02-10,2024/25
syndromic,current,ILI incidence,ISI-FluBcast,model,2025-02-17,2024/25
syndromic,current,ILI incidence,ISI-FluBcast,model,2025-02-24,2024/25
syndromic,current,ILI incidence,ISI-FluBcast,model,2025-03-03,2024/25
syndromic,current,ILI incidence,ISI-FluBcast,model,2025-03-10,2024/25
syndromic,current,ILI incidence,ISI-FluBcast,model,2025-03-17,2024/25
syndromic,current,ILI incidence,ISI-FluBcast,model,2025-03-24,2024/25
syndromic,current,ILI incidence,ISI-FluBcast,model,2025-03-31,2024/25
syndromic,current,ILI incidence,ISI-FluBcast,model,2025-04-07,2024/25
syndromic,current,ILI incidence,ISI-FluBcast,model,2025-04-14,2024/25
syndromic,current,ILI incidence,ISI-FluBcast,model,2025-04-21,2024/25
syndromic,current,ILI incidence,ISI-FluBcast,model,2025-04-28,2024/25
syndromic,current,ILI incidence,ISI-FluBcast,model,2025-05-05,2024/25
syndromic,current,ILI incidence,ISI-FluBcast,model,2025-05-12,2024/25
syndromic,current,ILI incidence,ISI-FluBcast,model,2025-05-19,2024/25
syndromic,current,ILI incidence,ISI-FluBcast,model,2025-05-26,2024/25
syndromic,current,ILI incidence,ISI-FluBcast,model,2025-06-09,2024/25
syndromic,current,ILI incidence,ISI-FluBcast,model,2025-06-16,2024/25
syndromic,current,ILI incidence,ISI-FluBcast,model,2025-06-23,2024/25
syndromic,current,ILI incidence,ISI-FluBcast,model,2025-06-30,2024/25
syndromic,current,ILI incidence,ISI-FluBcast,model,2025-07-07,2024/25
syndromic,current,ILI incidence,ISI-FluBcast,model,2025-07-14,2024/25
syndromic,current,ILI incidence,ISI-FluBcast,model,2025-07-21,2024/25
syndromic,current,ILI incidence,ISI-FluBcast,model,2025-07-28,2024/25
syndromic,current,ILI incidence,ISI-FluBcast,model,2025-08-04,2025/26
syndromic,current,ILI incidence,ISI-FluBcast,model,2025-08-11,2025/26
syndromic,current,ILI incidence,ISI-FluBcast,model,2025-08-18,2025/26
syndromic,current,ILI incidence,ISI-FluBcast,model,2025-08-25,2025/26
syndromic,current,ILI incidence,ISI-FluBcast,model,2025-09-01,2025/26
syndromic,current,ILI incidence,ISI-FluBcast,model,2025-09-08,2025/26
syndromic,current,ILI incidence,ISI-FluBcast,model,2025-09-15,2025/26
syndromic,current,ILI incidence,ISI-FluBcast,model,2025-09-22,2025/26
syndromic,current,ILI incidence,ISI-FluBcast,model,2025-09-29,2025/26
syndromic,current,ILI incidence,ISI-FluBcast,model,2025-10-06,2025/26
syndromic,current,ILI incidence,ISI-FluBcast,model,2025-10-13,2025/26
syndromic,current,ILI incidence,ISI-FluBcast,model,2025-10-20,2025/26
syndromic,current,ILI incidence,ISI-FluBcast,model,2025-10-27,2025/26
syndromic,current,ILI incidence,ISI-FluBcast,model,2025-11-03,2025/26
syndromic,current,ILI incidence,ISI-FluBcast,model,2025-11-10,2025/26
syndromic,current,ILI incidence,ISI-FluBcast,model,2025-11-17,2025/26
syndromic,current,ILI incidence,ISI-FluBcast,model,2025-11-24,2025/26
syndromic,current,ILI incidence,ISI-FluBcast,model,2025-12-01,2025/26
syndromic,current,ILI incidence,ISI-FluBcast,model,2025-12-08,2025/26
syndromic,current,ILI incidence,ISI-FluBcast,model,2025-12-15,2025/26
syndromic,current,ILI incidence,ISI-FluBcast,model,2025-12-22,2025/26
syndromic,current,ILI incidence,ISI-FluBcast,model,2026-01-12,2025/26
syndromic,current,ILI incidence,ISI-FluBcast,model,2026-01-19,2025/26
syndromic,current,ILI incidence,ISI-FluBcast,model,2026-01-26,2025/26
syndromic,current,ILI incidence,ISI-FluBcast,model,2026-02-02,2025/26
syndromic,current,ILI incidence,ISI-FluBcast,model,2026-02-09,2025/26
syndromic,current,ILI incidence,ISI-FluBcast,model,2026-02-16,2025/26
syndromic,current,ILI incidence,ISI-FluBcast,model,2026-02-23,2025/26
syndromic,current,ILI incidence,ISI-FluBcast,model,2026-03-02,2025/26
syndromic,current,ILI incidence,ISI-FluBcast,model,2026-03-09,2025/26
syndromic,current,ILI incidence,ISI-FluBcast,model,2026-03-16,2025/26
syndromic,current,ILI incidence,ISI-FluBcast,model,2026-03-23,2025/26
syndromic,current,ILI incidence,ISI-FluBcast,model,2026-03-30,2025/26
syndromic,current,ILI incidence,ISI-FluBcast,model,2026-04-13,2025/26
syndromic,current,ILI incidence,ISI-FluBcast,model,2026-04-20,2025/26
syndromic,current,ILI incidence,ISI-FluBcast,model,2026-04-27,2025/26
syndromic,current,ILI incidence,ISI-FluBcast,model,2026-05-04,2025/26
syndromic,current,ILI incidence,ISI-FluBcast,model,2026-05-11,2025/26
syndromic,current,ILI incidence,ISI-FluBcast,model,2026-05-25,2025/26
flu_archive,archive,ILI incidence,ISI-GLEAM,model,2024-01-15,2023/24
flu_archive,archive,ILI incidence,ISI-GLEAM,model,2024-01-22,2023/24
flu_archive,archive,ILI incidence,ISI-GLEAM,model,2024-01-29,2023/24
flu_archive,archive,ILI incidence,ISI-GLEAM,model,2024-02-12,2023/24
flu_archive,archive,ILI incidence,ISI-GLEAM,model,2024-02-19,2023/24
flu_archive,archive,ILI incidence,ISI-GLEAM,model,2024-02-26,2023/24
flu_archive,archive,ILI incidence,ISI-GLEAM,model,2024-03-04,2023/24
flu_archive,archive,ILI incidence,ISI-GLEAM,model,2024-03-11,2023/24
flu_archive,archive,ILI incidence,ISI-GLEAM,model,2024-03-18,2023/24
flu_archive,archive,ILI incidence,ISI-GLEAM,model,2024-03-25,2023/24
flu_archive,archive,ILI incidence,ISI-GLEAM,model,2024-04-01,2023/24
flu_archive,archive,ILI incidence,ISI-GLEAM,model,2024-04-08,2023/24
flu_archive,archive,ILI incidence,ISI-GLEAM,model,2024-04-15,2023/24
flu_archive,archive,ILI incidence,ISI-GLEAM,model,2024-04-22,2023/24
flu_archive,archive,ILI incidence,ISI-GLEAM,model,2024-04-29,2023/24
syndromic,current,ILI incidence,ISI-GLEAM,model,2024-11-11,2024/25
syndromic,current,ILI incidence,ISI-GLEAM,model,2024-11-18,2024/25
syndromic,current,ILI incidence,ISI-GLEAM,model,2024-11-25,2024/25
syndromic,current,ILI incidence,ISI-GLEAM,model,2024-12-02,2024/25
syndromic,current,ILI incidence,ISI-GLEAM,model,2024-12-09,2024/25
syndromic,current,ILI incidence,ISI-GLEAM,model,2024-12-16,2024/25
syndromic,current,ILI incidence,ISI-GLEAM,model,2024-12-23,2024/25
syndromic,current,ILI incidence,ISI-GLEAM,model,2024-12-30,2024/25
syndromic,current,ILI incidence,ISI-GLEAM,model,2025-01-06,2024/25
syndromic,current,ILI incidence,ISI-GLEAM,model,2025-01-13,2024/25
syndromic,current,ILI incidence,ISI-GLEAM,model,2025-01-20,2024/25
syndromic,current,ILI incidence,ISI-GLEAM,model,2025-01-27,2024/25
syndromic,current,ILI incidence,ISI-GLEAM,model,2025-02-03,2024/25
syndromic,current,ILI incidence,ISI-GLEAM,model,2025-02-10,2024/25
syndromic,current,ILI incidence,ISI-GLEAM,model,2025-02-17,2024/25
syndromic,current,ILI incidence,ISI-GLEAM,model,2025-02-24,2024/25
syndromic,current,ILI incidence,ISI-GLEAM,model,2025-03-03,2024/25
syndromic,current,ILI incidence,ISI-GLEAM,model,2025-03-10,2024/25
syndromic,current,ILI incidence,ISI-GLEAM,model,2025-03-17,2024/25
syndromic,current,ILI incidence,ISI-GLEAM,model,2025-03-24,2024/25
syndromic,current,ILI incidence,ISI-GLEAM,model,2025-03-31,2024/25
syndromic,current,ILI incidence,ISI-GLEAM,model,2025-04-07,2024/25
syndromic,current,ILI incidence,ISI-GLEAM,model,2025-04-14,2024/25
syndromic,current,ILI incidence,ISI-GLEAM,model,2025-04-28,2024/25
syndromic,current,ILI incidence,ISI-GLEAM,model,2025-12-01,2025/26
syndromic,current,ILI incidence,ISI-GLEAM,model,2025-12-08,2025/26
syndromic,current,ILI incidence,ISI-GLEAM,model,2025-12-15,2025/26
syndromic,current,ILI incidence,ISI-GLEAM,model,2025-12-22,2025/26
syndromic,current,ILI incidence,ISI-GLEAM,model,2025-12-29,2025/26
syndromic,current,ILI incidence,ISI-GLEAM,model,2026-01-12,2025/26
syndromic,current,ILI incidence,ISI-GLEAM,model,2026-01-19,2025/26
syndromic,current,ILI incidence,ISI-GLEAM,model,2026-01-26,2025/26
syndromic,current,ILI incidence,ISI-GLEAM,model,2026-02-02,2025/26
syndromic,current,ILI incidence,ISI-GLEAM,model,2026-02-09,2025/26
syndromic,current,ILI incidence,ISI-GLEAM,model,2026-02-16,2025/26
syndromic,current,ILI incidence,ISI-GLEAM,model,2026-02-23,2025/26
syndromic,current,ILI incidence,ISI-GLEAM,model,2026-03-02,2025/26
syndromic,current,ILI incidence,ISI-GLEAM,model,2026-03-09,2025/26
syndromic,current,ILI incidence,ISI-GLEAM,model,2026-03-16,2025/26
syndromic,current,ILI incidence,ISI-GLEAM,model,2026-03-23,2025/26
syndromic,current,ILI incidence,ISI-GLEAM,model,2026-03-30,2025/26
syndromic,current,ILI incidence,ISI-GLEAM,model,2026-04-06,2025/26
syndromic,current,ILI incidence,ISI-GLEAM,model,2026-04-13,2025/26
syndromic,current,ILI incidence,ISI-GLEAM,model,2026-04-20,2025/26
flu_archive,archive,ILI incidence,ISI-GenLogModel,model,2023-12-18,2023/24
flu_archive,archive,ILI incidence,ISI-GenLogModel,model,2023-12-25,2023/24
flu_archive,archive,ILI incidence,ISI-GenLogModel,model,2024-01-01,2023/24
flu_archive,archive,ILI incidence,ISI-GenLogModel,model,2024-01-08,2023/24
flu_archive,archive,ILI incidence,ISI-GenLogModel,model,2024-01-15,2023/24
flu_archive,archive,ILI incidence,ISI-GenLogModel,model,2024-01-22,2023/24
flu_archive,archive,ILI incidence,ISI-GenLogModel,model,2024-01-29,2023/24
flu_archive,archive,ILI incidence,ISI-GenLogModel,model,2024-02-05,2023/24
flu_archive,archive,ILI incidence,ISI-GenLogModel,model,2024-02-12,2023/24
flu_archive,archive,ILI incidence,ISI-GenLogModel,model,2024-02-19,2023/24
flu_archive,archive,ILI incidence,ISI-GenLogModel,model,2024-02-26,2023/24
flu_archive,archive,ILI incidence,ISI-IPSICast,model,2023-12-25,2023/24
flu_archive,archive,ILI incidence,ISI-IPSICast,model,2024-01-01,2023/24
flu_archive,archive,ILI incidence,ISI-IPSICast,model,2024-01-08,2023/24
flu_archive,archive,ILI incidence,ISI-IPSICast,model,2024-01-15,2023/24
flu_archive,archive,ILI incidence,ISI-IPSICast,model,2024-01-22,2023/24
flu_archive,archive,ILI incidence,ISI-IPSICast,model,2024-01-29,2023/24
flu_archive,archive,ILI incidence,ISI-IPSICast,model,2024-02-05,2023/24
flu_archive,archive,ILI incidence,ISI-IPSICast,model,2024-02-12,2023/24
flu_archive,archive,ILI incidence,ISI-IPSICast,model,2024-02-19,2023/24
flu_archive,archive,ILI incidence,ISI-IPSICast,model,2024-02-26,2023/24
flu_archive,archive,ILI incidence,ISI-IPSICast,model,2024-03-04,2023/24
flu_archive,archive,ILI incidence,ISI-IPSICast,model,2024-03-11,2023/24
flu_archive,archive,ILI incidence,ISI-IPSICast,model,2024-03-18,2023/24
flu_archive,archive,ILI incidence,ISI-IPSICast,model,2024-03-25,2023/24
flu_archive,archive,ILI incidence,ISI-IPSICast,model,2024-04-01,2023/24
flu_archive,archive,ILI incidence,ISI-IPSICast,model,2024-04-08,2023/24
flu_archive,archive,ILI incidence,ISI-IPSICast,model,2024-04-15,2023/24
flu_archive,archive,ILI incidence,ISI-IPSICast,model,2024-04-22,2023/24
flu_archive,archive,ILI incidence,ISI-IPSICast,model,2024-04-29,2023/24
syndromic,current,ILI incidence,ISI-LSTFlu,model,2024-10-28,2024/25
syndromic,current,ILI incidence,ISI-LSTFlu,model,2024-11-11,2024/25
syndromic,current,ILI incidence,ISI-LSTFlu,model,2024-11-18,2024/25
syndromic,current,ILI incidence,ISI-LSTFlu,model,2024-11-25,2024/25
syndromic,current,ILI incidence,ISI-LSTFlu,model,2024-12-02,2024/25
syndromic,current,ILI incidence,ISI-LSTFlu,model,2024-12-09,2024/25
syndromic,current,ILI incidence,ISI-LSTFlu,model,2024-12-16,2024/25
syndromic,current,ILI incidence,ISI-LSTFlu,model,2024-12-23,2024/25
syndromic,current,ILI incidence,ISI-LSTFlu,model,2025-01-06,2024/25
syndromic,current,ILI incidence,ISI-LSTFlu,model,2025-01-13,2024/25
syndromic,current,ILI incidence,ISI-LSTFlu,model,2025-01-20,2024/25
syndromic,current,ILI incidence,ISI-LSTFlu,model,2025-01-27,2024/25
syndromic,current,ILI incidence,ISI-LSTFlu,model,2025-02-03,2024/25
syndromic,current,ILI incidence,ISI-LSTFlu,model,2025-02-10,2024/25
syndromic,current,ILI incidence,ISI-LSTFlu,model,2025-02-17,2024/25
syndromic,current,ILI incidence,ISI-LSTFlu,model,2025-02-24,2024/25
syndromic,current,ILI incidence,ISI-LSTFlu,model,2025-03-03,2024/25
syndromic,current,ILI incidence,ISI-LSTFlu,model,2025-03-10,2024/25
syndromic,current,ILI incidence,ISI-LSTFlu,model,2025-03-17,2024/25
syndromic,current,ILI incidence,ISI-LSTFlu,model,2025-03-24,2024/25
syndromic,current,ILI incidence,ISI-LSTFlu,model,2025-03-31,2024/25
syndromic,current,ILI incidence,ISI-LSTFlu,model,2025-04-07,2024/25
syndromic,current,ILI incidence,ISI-LSTFlu,model,2025-04-14,2024/25
syndromic,current,ILI incidence,ISI-LSTFlu,model,2025-12-08,2025/26
syndromic,current,ILI incidence,ISI-LSTFlu,model,2025-12-15,2025/26
syndromic,current,ILI incidence,ISI-LSTFlu,model,2026-01-12,2025/26
syndromic,current,ILI incidence,ISI-LSTFlu,model,2026-01-19,2025/26
syndromic,current,ILI incidence,ISI-LSTFlu,model,2026-01-26,2025/26
syndromic,current,ILI incidence,ISI-LSTFlu,model,2026-02-02,2025/26
syndromic,current,ILI incidence,ISI-LSTFlu,model,2026-02-09,2025/26
syndromic,current,ILI incidence,ISI-LSTFlu,model,2026-02-16,2025/26
syndromic,current,ILI incidence,ISI-LSTFlu,model,2026-02-23,2025/26
syndromic,current,ILI incidence,ISI-LSTFlu,model,2026-03-02,2025/26
syndromic,current,ILI incidence,ISI-LSTFlu,model,2026-03-09,2025/26
syndromic,current,ILI incidence,ISI-LSTFlu,model,2026-03-16,2025/26
syndromic,current,ILI incidence,ISI-LSTFlu,model,2026-03-23,2025/26
syndromic,current,ILI incidence,ISI-LSTFlu,model,2026-03-30,2025/26
syndromic,current,ILI incidence,ISI-LSTFlu,model,2026-04-13,2025/26
syndromic,current,ILI incidence,ISI-RC_AdaptEns2,model,2024-10-21,2024/25
syndromic,current,ILI incidence,ISI-RC_AdaptEns2,model,2024-10-28,2024/25
syndromic,current,ILI incidence,ISI-RC_AdaptEns2,model,2024-11-04,2024/25
syndromic,current,ILI incidence,ISI-RC_AdaptEns2,model,2024-11-11,2024/25
syndromic,current,ILI incidence,ISI-RC_AdaptEns2,model,2024-11-18,2024/25
syndromic,current,ILI incidence,ISI-RC_AdaptEns2,model,2024-11-25,2024/25
syndromic,current,ILI incidence,ISI-RC_AdaptEns2,model,2024-12-02,2024/25
syndromic,current,ILI incidence,ISI-RC_AdaptEns2,model,2024-12-09,2024/25
syndromic,current,ILI incidence,ISI-RC_AdaptEns2,model,2024-12-16,2024/25
syndromic,current,ILI incidence,ISI-RC_AdaptEns2,model,2024-12-23,2024/25
syndromic,current,ILI incidence,ISI-RC_AdaptEns2,model,2024-12-30,2024/25
syndromic,current,ILI incidence,ISI-RC_AdaptEns2,model,2025-01-06,2024/25
syndromic,current,ILI incidence,ISI-RC_AdaptEns2,model,2025-01-13,2024/25
syndromic,current,ILI incidence,ISI-RC_AdaptEns2,model,2025-01-20,2024/25
syndromic,current,ILI incidence,ISI-RC_AdaptEns2,model,2025-01-27,2024/25
syndromic,current,ILI incidence,ISI-RC_AdaptEns2,model,2025-02-03,2024/25
syndromic,current,ILI incidence,ISI-RC_AdaptEns2,model,2025-02-10,2024/25
syndromic,current,ILI incidence,ISI-RC_AdaptEns2,model,2025-02-17,2024/25
syndromic,current,ILI incidence,ISI-RC_AdaptEns2,model,2025-02-24,2024/25
syndromic,current,ILI incidence,ISI-RC_AdaptEns2,model,2025-03-03,2024/25
syndromic,current,ILI incidence,ISI-RC_AdaptEns2,model,2025-03-10,2024/25
syndromic,current,ILI incidence,ISI-RC_AdaptEns2,model,2025-03-17,2024/25
syndromic,current,ILI incidence,ISI-RC_AdaptEns2,model,2025-03-24,2024/25
syndromic,current,ILI incidence,ISI-RC_AdaptEns2,model,2025-03-31,2024/25
syndromic,current,ILI incidence,ISI-RC_AdaptEns2,model,2025-04-07,2024/25
syndromic,current,ILI incidence,ISI-RC_AdaptEns2,model,2025-04-14,2024/25
syndromic,current,ILI incidence,ISI-RC_AdaptEns2,model,2025-04-21,2024/25
syndromic,current,ILI incidence,ISI-RC_AdaptEns2,model,2025-04-28,2024/25
syndromic,current,ILI incidence,ISI-RC_AdaptEns2,model,2025-05-05,2024/25
syndromic,current,ILI incidence,ISI-RC_AdaptEns2,model,2025-05-12,2024/25
syndromic,current,ILI incidence,ISI-RC_AdaptEns2,model,2025-05-19,2024/25
syndromic,current,ILI incidence,ISI-RC_AdaptEns2,model,2025-05-26,2024/25
syndromic,current,ILI incidence,ISI-RespiVAR,model,2025-12-22,2025/26
syndromic,current,ILI incidence,ISI-RespiVAR,model,2026-01-12,2025/26
syndromic,current,ILI incidence,ISI-RespiVAR,model,2026-01-19,2025/26
syndromic,current,ILI incidence,ISI-RespiVAR,model,2026-01-26,2025/26
syndromic,current,ILI incidence,ISI-RespiVAR,model,2026-02-02,2025/26
syndromic,current,ILI incidence,ISI-RespiVAR,model,2026-02-09,2025/26
syndromic,current,ILI incidence,ISI-RespiVAR,model,2026-02-16,2025/26
syndromic,current,ILI incidence,ISI-RespiVAR,model,2026-02-23,2025/26
syndromic,current,ILI incidence,ISI-RespiVAR,model,2026-03-02,2025/26
syndromic,current,ILI incidence,ISI-RespiVAR,model,2026-03-09,2025/26
syndromic,current,ILI incidence,ISI-RespiVAR,model,2026-03-16,2025/26
syndromic,current,ILI incidence,ISI-RespiVAR,model,2026-03-23,2025/26
syndromic,current,ILI incidence,ISI-SEIR_BRW,model,2024-10-21,2024/25
syndromic,current,ILI incidence,ISI-SEIR_BRW,model,2024-10-28,2024/25
syndromic,current,ILI incidence,ISI-SEIR_BRW,model,2024-11-04,2024/25
syndromic,current,ILI incidence,ISI-SEIR_BRW,model,2024-11-11,2024/25
syndromic,current,ILI incidence,ISI-SEIR_BRW,model,2024-11-18,2024/25
syndromic,current,ILI incidence,ISI-SEIR_BRW,model,2024-11-25,2024/25
syndromic,current,ILI incidence,ISI-SEIR_BRW,model,2024-12-02,2024/25
syndromic,current,ILI incidence,ISI-SEIR_BRW,model,2024-12-09,2024/25
syndromic,current,ILI incidence,ISI-SEIR_BRW,model,2024-12-16,2024/25
syndromic,current,ILI incidence,ISI-SEIR_BRW,model,2024-12-23,2024/25
syndromic,current,ILI incidence,ISI-SEIR_BRW,model,2025-01-06,2024/25
syndromic,current,ILI incidence,ISI-SEIR_BRW,model,2025-01-13,2024/25
syndromic,current,ILI incidence,ISI-SEIR_BRW,model,2025-01-20,2024/25
syndromic,current,ILI incidence,ISI-SEIR_BRW,model,2025-01-27,2024/25
syndromic,current,ILI incidence,ISI-SEIR_BRW,model,2025-02-03,2024/25
syndromic,current,ILI incidence,ISI-SEIR_BRW,model,2025-02-10,2024/25
syndromic,current,ILI incidence,ISI-SEIR_BRW,model,2025-02-17,2024/25
syndromic,current,ILI incidence,ISI-SEIR_BRW,model,2025-03-03,2024/25
syndromic,current,ILI incidence,ISI-SEIR_BRW,model,2025-03-24,2024/25
syndromic,current,ILI incidence,ISI-SEIR_BRW,model,2025-03-31,2024/25
syndromic,current,ILI incidence,ISI-SEIR_BRW,model,2025-04-07,2024/25
syndromic,current,ILI incidence,ISI-SEIR_BRW,model,2025-05-19,2024/25
syndromic,current,ILI incidence,IceLab-EDM,model,2026-05-11,2025/26
syndromic,current,ILI incidence,IceLab-EDM,model,2026-05-25,2025/26
flu_archive,archive,ILI incidence,ItaLuxColab-EpiEKF,model,2024-02-05,2023/24
flu_archive,archive,ILI incidence,ItaLuxColab-EpiEKF,model,2024-02-12,2023/24
flu_archive,archive,ILI incidence,ItaLuxColab-EpiEKF,model,2024-02-19,2023/24
flu_archive,archive,ILI incidence,ItaLuxColab-EpiEKF,model,2024-02-26,2023/24
flu_archive,archive,ILI incidence,ItaLuxColab-EpiEKF,model,2024-03-04,2023/24
flu_archive,archive,ILI incidence,ItaLuxColab-EpiEKF,model,2024-03-11,2023/24
flu_archive,archive,ILI incidence,ItaLuxColab-EpiEKF,model,2024-03-18,2023/24
flu_archive,archive,ILI incidence,ItaLuxColab-EpiEKF,model,2024-03-25,2023/24
flu_archive,archive,ILI incidence,ItaLuxColab-EpiEKF,model,2024-04-01,2023/24
flu_archive,archive,ILI incidence,ItaLuxColab-EpiEKF,model,2024-04-08,2023/24
flu_archive,archive,ILI incidence,ItaLuxColab-EpiEKF,model,2024-04-15,2023/24
flu_archive,archive,ILI incidence,ItaLuxColab-EpiEKF,model,2024-04-29,2023/24
syndromic,current,ILI incidence,ItaLuxColab-EpiEKF,model,2024-10-21,2024/25
syndromic,current,ILI incidence,ItaLuxColab-EpiEKF,model,2024-11-04,2024/25
syndromic,current,ILI incidence,ItaLuxColab-EpiEKF,model,2024-11-11,2024/25
syndromic,current,ILI incidence,ItaLuxColab-EpiEKF,model,2024-11-18,2024/25
syndromic,current,ILI incidence,ItaLuxColab-EpiEKF,model,2024-11-25,2024/25
syndromic,current,ILI incidence,ItaLuxColab-EpiEKF,model,2024-12-02,2024/25
syndromic,current,ILI incidence,ItaLuxColab-EpiEKF,model,2024-12-09,2024/25
syndromic,current,ILI incidence,ItaLuxColab-EpiEKF,model,2024-12-16,2024/25
syndromic,current,ILI incidence,ItaLuxColab-EpiEKF,model,2024-12-23,2024/25
syndromic,current,ILI incidence,ItaLuxColab-EpiEKF,model,2024-12-30,2024/25
syndromic,current,ILI incidence,ItaLuxColab-EpiEKF,model,2025-01-06,2024/25
syndromic,current,ILI incidence,ItaLuxColab-EpiEKF,model,2025-01-13,2024/25
syndromic,current,ILI incidence,ItaLuxColab-EpiEKF,model,2025-01-20,2024/25
syndromic,current,ILI incidence,ItaLuxColab-EpiEKF,model,2025-01-27,2024/25
syndromic,current,ILI incidence,ItaLuxColab-EpiEKF,model,2025-02-03,2024/25
syndromic,current,ILI incidence,ItaLuxColab-EpiEKF,model,2025-02-10,2024/25
syndromic,current,ILI incidence,ItaLuxColab-EpiEKF,model,2025-02-17,2024/25
syndromic,current,ILI incidence,ItaLuxColab-EpiEKF,model,2025-02-24,2024/25
syndromic,current,ILI incidence,ItaLuxColab-EpiEKF,model,2025-03-03,2024/25
syndromic,current,ILI incidence,ItaLuxColab-EpiEKF,model,2025-03-10,2024/25
syndromic,current,ILI incidence,ItaLuxColab-EpiEKF,model,2025-03-17,2024/25
syndromic,current,ILI incidence,ItaLuxColab-EpiEKF,model,2025-03-24,2024/25
syndromic,current,ILI incidence,ItaLuxColab-EpiEKF,model,2025-03-31,2024/25
syndromic,current,ILI incidence,ItaLuxColab-EpiEKF,model,2025-04-07,2024/25
syndromic,current,ILI incidence,ItaLuxColab-EpiEKF,model,2025-04-14,2024/25
syndromic,current,ILI incidence,ItaLuxColab-EpiEKF,model,2025-04-28,2024/25
syndromic,current,ILI incidence,ItaLuxColab-EpiEKF,model,2025-05-05,2024/25
syndromic,current,ILI incidence,ItaLuxColab-EpiEKF,model,2025-05-12,2024/25
syndromic,current,ILI incidence,ItaLuxColab-EpiEKF,model,2025-05-19,2024/25
syndromic,current,ILI incidence,ItaLuxColab-EpiEKF,model,2025-05-26,2024/25
syndromic,current,ILI incidence,ItaLuxColab-EpiEKF,model,2025-06-09,2024/25
syndromic,current,ILI incidence,ItaLuxColab-EpiEKF,model,2025-06-23,2024/25
syndromic,current,ILI incidence,ItaLuxColab-EpiEKF,model,2025-06-30,2024/25
syndromic,current,ILI incidence,ItaLuxColab-EpiEKF,model,2025-07-07,2024/25
syndromic,current,ILI incidence,ItaLuxColab-EpiEKF,model,2025-07-14,2024/25
syndromic,current,ILI incidence,ItaLuxColab-EpiEKF,model,2025-07-21,2024/25
syndromic,current,ILI incidence,ItaLuxColab-EpiEKF,model,2025-08-11,2025/26
syndromic,current,ILI incidence,ItaLuxColab-EpiEKF,model,2025-08-18,2025/26
syndromic,current,ILI incidence,ItaLuxColab-EpiEKF,model,2025-08-25,2025/26
syndromic,current,ILI incidence,ItaLuxColab-EpiEKF,model,2025-09-01,2025/26
syndromic,current,ILI incidence,ItaLuxColab-EpiEKF,model,2025-09-08,2025/26
syndromic,current,ILI incidence,ItaLuxColab-EpiEKF,model,2025-09-15,2025/26
syndromic,current,ILI incidence,ItaLuxColab-EpiEKF,model,2025-09-22,2025/26
syndromic,current,ILI incidence,ItaLuxColab-EpiEKF,model,2025-09-29,2025/26
syndromic,current,ILI incidence,ItaLuxColab-EpiEKF,model,2025-10-06,2025/26
syndromic,current,ILI incidence,ItaLuxColab-EpiEKF,model,2025-10-13,2025/26
syndromic,current,ILI incidence,ItaLuxColab-EpiEKF,model,2025-10-20,2025/26
syndromic,current,ILI incidence,ItaLuxColab-EpiEKF,model,2025-10-27,2025/26
syndromic,current,ILI incidence,ItaLuxColab-EpiEKF,model,2025-11-03,2025/26
syndromic,current,ILI incidence,ItaLuxColab-EpiEKF,model,2025-11-10,2025/26
syndromic,current,ILI incidence,ItaLuxColab-EpiEKF,model,2025-11-17,2025/26
syndromic,current,ILI incidence,ItaLuxColab-EpiEKF,model,2025-11-24,2025/26
syndromic,current,ILI incidence,ItaLuxColab-EpiEKF,model,2025-12-01,2025/26
syndromic,current,ILI incidence,ItaLuxColab-EpiEKF,model,2025-12-08,2025/26
syndromic,current,ILI incidence,ItaLuxColab-EpiEKF,model,2025-12-15,2025/26
syndromic,current,ILI incidence,ItaLuxColab-EpiEKF,model,2025-12-22,2025/26
syndromic,current,ILI incidence,ItaLuxColab-EpiEKF,model,2025-12-29,2025/26
syndromic,current,ILI incidence,ItaLuxColab-EpiEKF,model,2026-01-05,2025/26
syndromic,current,ILI incidence,ItaLuxColab-EpiEKF,model,2026-01-12,2025/26
syndromic,current,ILI incidence,ItaLuxColab-EpiEKF,model,2026-01-19,2025/26
syndromic,current,ILI incidence,ItaLuxColab-EpiEKF,model,2026-01-26,2025/26
syndromic,current,ILI incidence,ItaLuxColab-EpiEKF,model,2026-02-02,2025/26
syndromic,current,ILI incidence,ItaLuxColab-EpiEKF,model,2026-02-09,2025/26
syndromic,current,ILI incidence,ItaLuxColab-EpiEKF,model,2026-02-16,2025/26
syndromic,current,ILI incidence,ItaLuxColab-EpiEKF,model,2026-02-23,2025/26
syndromic,current,ILI incidence,ItaLuxColab-EpiEKF,model,2026-03-02,2025/26
syndromic,current,ILI incidence,ItaLuxColab-EpiEKF,model,2026-03-09,2025/26
syndromic,current,ILI incidence,ItaLuxColab-EpiEKF,model,2026-03-16,2025/26
syndromic,current,ILI incidence,ItaLuxColab-EpiEKF,model,2026-03-23,2025/26
syndromic,current,ILI incidence,ItaLuxColab-EpiEKF,model,2026-03-30,2025/26
syndromic,current,ILI incidence,ItaLuxColab-EpiEKF,model,2026-04-06,2025/26
syndromic,current,ILI incidence,ItaLuxColab-EpiEKF,model,2026-04-13,2025/26
syndromic,current,ILI incidence,ItaLuxColab-EpiEKF,model,2026-04-20,2025/26
syndromic,current,ILI incidence,ItaLuxColab-EpiEKF,model,2026-04-27,2025/26
syndromic,current,ILI incidence,ItaLuxColab-EpiEKF,model,2026-05-04,2025/26
syndromic,current,ILI incidence,ItaLuxColab-EpiEKF,model,2026-05-11,2025/26
syndromic,current,ILI incidence,ItaLuxColab-EpiEKF,model,2026-05-18,2025/26
syndromic,current,ILI incidence,ItaLuxColab-EpiNetEKF,model,2024-10-21,2024/25
syndromic,current,ILI incidence,ItaLuxColab-EpiNetEKF,model,2024-11-04,2024/25
syndromic,current,ILI incidence,ItaLuxColab-EpiNetEKF,model,2024-11-11,2024/25
syndromic,current,ILI incidence,ItaLuxColab-EpiNetEKF,model,2024-11-18,2024/25
syndromic,current,ILI incidence,ItaLuxColab-EpiNetEKF,model,2024-11-25,2024/25
syndromic,current,ILI incidence,ItaLuxColab-EpiNetEKF,model,2024-12-02,2024/25
syndromic,current,ILI incidence,ItaLuxColab-EpiNetEKF,model,2024-12-09,2024/25
syndromic,current,ILI incidence,ItaLuxColab-EpiNetEKF,model,2024-12-16,2024/25
syndromic,current,ILI incidence,ItaLuxColab-EpiNetEKF,model,2024-12-23,2024/25
syndromic,current,ILI incidence,ItaLuxColab-EpiNetEKF,model,2024-12-30,2024/25
syndromic,current,ILI incidence,ItaLuxColab-EpiNetEKF,model,2025-01-06,2024/25
syndromic,current,ILI incidence,ItaLuxColab-EpiNetEKF,model,2025-01-13,2024/25
syndromic,current,ILI incidence,ItaLuxColab-EpiNetEKF,model,2025-01-20,2024/25
syndromic,current,ILI incidence,ItaLuxColab-EpiNetEKF,model,2025-01-27,2024/25
syndromic,current,ILI incidence,ItaLuxColab-EpiNetEKF,model,2025-02-03,2024/25
syndromic,current,ILI incidence,ItaLuxColab-EpiNetEKF,model,2025-02-10,2024/25
syndromic,current,ILI incidence,ItaLuxColab-EpiNetEKF,model,2025-02-17,2024/25
syndromic,current,ILI incidence,ItaLuxColab-EpiNetEKF,model,2025-02-24,2024/25
syndromic,current,ILI incidence,ItaLuxColab-EpiNetEKF,model,2025-03-03,2024/25
syndromic,current,ILI incidence,ItaLuxColab-EpiNetEKF,model,2025-03-10,2024/25
syndromic,current,ILI incidence,ItaLuxColab-EpiNetEKF,model,2025-03-17,2024/25
syndromic,current,ILI incidence,ItaLuxColab-EpiNetEKF,model,2025-03-24,2024/25
syndromic,current,ILI incidence,ItaLuxColab-EpiNetEKF,model,2025-03-31,2024/25
syndromic,current,ILI incidence,ItaLuxColab-EpiNetEKF,model,2025-04-07,2024/25
syndromic,current,ILI incidence,ItaLuxColab-EpiNetEKF,model,2025-04-14,2024/25
syndromic,current,ILI incidence,ItaLuxColab-EpiNetEKF,model,2025-04-28,2024/25
syndromic,current,ILI incidence,ItaLuxColab-EpiNetEKF,model,2025-05-05,2024/25
syndromic,current,ILI incidence,ItaLuxColab-EpiNetEKF,model,2025-05-12,2024/25
syndromic,current,ILI incidence,ItaLuxColab-EpiNetEKF,model,2025-05-19,2024/25
syndromic,current,ILI incidence,ItaLuxColab-EpiNetEKF,model,2025-05-26,2024/25
syndromic,current,ILI incidence,ItaLuxColab-EpiNetEKF,model,2025-06-09,2024/25
syndromic,current,ILI incidence,ItaLuxColab-EpiNetEKF,model,2025-06-23,2024/25
syndromic,current,ILI incidence,ItaLuxColab-EpiNetEKF,model,2025-06-30,2024/25
syndromic,current,ILI incidence,ItaLuxColab-EpiNetEKF,model,2025-07-07,2024/25
syndromic,current,ILI incidence,ItaLuxColab-EpiNetEKF,model,2025-07-14,2024/25
syndromic,current,ILI incidence,ItaLuxColab-EpiNetEKF,model,2025-07-21,2024/25
syndromic,current,ILI incidence,ItaLuxColab-EpiNetEKF,model,2025-08-11,2025/26
syndromic,current,ILI incidence,ItaLuxColab-EpiNetEKF,model,2025-08-18,2025/26
syndromic,current,ILI incidence,ItaLuxColab-EpiNetEKF,model,2025-08-25,2025/26
syndromic,current,ILI incidence,ItaLuxColab-EpiNetEKF,model,2025-09-01,2025/26
syndromic,current,ILI incidence,ItaLuxColab-EpiNetEKF,model,2025-09-08,2025/26
syndromic,current,ILI incidence,ItaLuxColab-EpiNetEKF,model,2025-09-15,2025/26
syndromic,current,ILI incidence,ItaLuxColab-EpiNetEKF,model,2025-09-22,2025/26
syndromic,current,ILI incidence,ItaLuxColab-EpiNetEKF,model,2025-09-29,2025/26
syndromic,current,ILI incidence,ItaLuxColab-EpiNetEKF,model,2025-10-06,2025/26
syndromic,current,ILI incidence,ItaLuxColab-EpiNetEKF,model,2025-10-13,2025/26
syndromic,current,ILI incidence,ItaLuxColab-EpiNetEKF,model,2025-10-20,2025/26
syndromic,current,ILI incidence,ItaLuxColab-EpiNetEKF,model,2025-10-27,2025/26
syndromic,current,ILI incidence,ItaLuxColab-EpiNetEKF,model,2025-11-03,2025/26
syndromic,current,ILI incidence,ItaLuxColab-EpiNetEKF,model,2025-11-10,2025/26
syndromic,current,ILI incidence,ItaLuxColab-EpiNetEKF,model,2025-11-17,2025/26
syndromic,current,ILI incidence,ItaLuxColab-EpiNetEKF,model,2025-11-24,2025/26
syndromic,current,ILI incidence,ItaLuxColab-EpiNetEKF,model,2025-12-01,2025/26
syndromic,current,ILI incidence,ItaLuxColab-EpiNetEKF,model,2025-12-08,2025/26
syndromic,current,ILI incidence,ItaLuxColab-EpiNetEKF,model,2025-12-15,2025/26
syndromic,current,ILI incidence,ItaLuxColab-EpiNetEKF,model,2025-12-22,2025/26
syndromic,current,ILI incidence,ItaLuxColab-EpiNetEKF,model,2025-12-29,2025/26
syndromic,current,ILI incidence,ItaLuxColab-EpiNetEKF,model,2026-01-05,2025/26
syndromic,current,ILI incidence,ItaLuxColab-EpiNetEKF,model,2026-01-12,2025/26
syndromic,current,ILI incidence,ItaLuxColab-EpiNetEKF,model,2026-01-19,2025/26
syndromic,current,ILI incidence,ItaLuxColab-EpiNetEKF,model,2026-01-26,2025/26
syndromic,current,ILI incidence,ItaLuxColab-EpiNetEKF,model,2026-02-02,2025/26
syndromic,current,ILI incidence,ItaLuxColab-EpiNetEKF,model,2026-02-09,2025/26
syndromic,current,ILI incidence,ItaLuxColab-EpiNetEKF,model,2026-02-16,2025/26
syndromic,current,ILI incidence,ItaLuxColab-EpiNetEKF,model,2026-02-23,2025/26
syndromic,current,ILI incidence,ItaLuxColab-EpiNetEKF,model,2026-03-02,2025/26
syndromic,current,ILI incidence,ItaLuxColab-EpiNetEKF,model,2026-03-09,2025/26
syndromic,current,ILI incidence,ItaLuxColab-EpiNetEKF,model,2026-03-16,2025/26
syndromic,current,ILI incidence,ItaLuxColab-EpiNetEKF,model,2026-03-23,2025/26
syndromic,current,ILI incidence,ItaLuxColab-EpiNetEKF,model,2026-03-30,2025/26
syndromic,current,ILI incidence,ItaLuxColab-EpiNetEKF,model,2026-04-06,2025/26
syndromic,current,ILI incidence,ItaLuxColab-EpiNetEKF,model,2026-04-13,2025/26
syndromic,current,ILI incidence,ItaLuxColab-EpiNetEKF,model,2026-04-20,2025/26
syndromic,current,ILI incidence,ItaLuxColab-EpiNetEKF,model,2026-04-27,2025/26
syndromic,current,ILI incidence,ItaLuxColab-EpiNetEKF,model,2026-05-04,2025/26
syndromic,current,ILI incidence,ItaLuxColab-EpiNetEKF,model,2026-05-11,2025/26
syndromic,current,ILI incidence,ItaLuxColab-EpiNetEKF,model,2026-05-18,2025/26
syndromic,current,ILI incidence,MRC_GIDA-CATBoost,model,2024-10-21,2024/25
syndromic,current,ILI incidence,MRC_GIDA-NBEATS,model,2024-10-21,2024/25
syndromic,current,ILI incidence,MRC_GIDA-NBEATS,model,2025-10-06,2025/26
syndromic,current,ILI incidence,MRC_GIDA-NBEATS,model,2025-10-13,2025/26
syndromic,current,ILI incidence,MRC_GIDA-NBEATS,model,2025-10-20,2025/26
syndromic,current,ILI incidence,MRC_GIDA-NBEATS,model,2025-10-27,2025/26
syndromic,current,ILI incidence,MRC_GIDA-NBEATS,model,2025-11-03,2025/26
syndromic,current,ILI incidence,MRC_GIDA-NBEATS,model,2025-11-10,2025/26
syndromic,current,ILI incidence,MRC_GIDA-NBEATS,model,2025-11-17,2025/26
syndromic,current,ILI incidence,MRC_GIDA-NBEATS,model,2025-11-24,2025/26
syndromic,current,ILI incidence,MRC_GIDA-NBEATS,model,2025-12-01,2025/26
syndromic,current,ILI incidence,MRC_GIDA-NBEATS,model,2025-12-08,2025/26
syndromic,current,ILI incidence,MRC_GIDA-NBEATS,model,2025-12-15,2025/26
syndromic,current,ILI incidence,MRC_GIDA-NBEATS,model,2026-01-19,2025/26
syndromic,current,ILI incidence,MRC_GIDA-NBEATS,model,2026-02-09,2025/26
syndromic,current,ILI incidence,MRC_GIDA-NBEATS,model,2026-03-16,2025/26
syndromic,current,ILI incidence,MRC_GIDA-NBEATS,model,2026-03-23,2025/26
syndromic,current,ILI incidence,MRC_GIDA-NBEATS,model,2026-03-30,2025/26
syndromic,current,ILI incidence,MRC_GIDA-NBEATS,model,2026-04-13,2025/26
syndromic,current,ILI incidence,MRC_GIDA-NBEATS,model,2026-04-20,2025/26
syndromic,current,ILI incidence,MRC_GIDA-NBEATS,model,2026-04-27,2025/26
syndromic,current,ILI incidence,MRC_GIDA-NBEATS,model,2026-05-04,2025/26
syndromic,current,ILI incidence,MRC_GIDA-NBEATS,model,2026-05-11,2025/26
syndromic,current,ILI incidence,MRC_GIDA-NBEATS,model,2026-05-25,2025/26
syndromic,current,ILI incidence,MRC_GIDA-NHiTS,model,2024-10-21,2024/25
syndromic,current,ILI incidence,MRC_GIDA-NHiTS,model,2025-10-06,2025/26
syndromic,current,ILI incidence,MRC_GIDA-NHiTS,model,2025-10-13,2025/26
syndromic,current,ILI incidence,MRC_GIDA-NHiTS,model,2025-10-20,2025/26
syndromic,current,ILI incidence,MRC_GIDA-NHiTS,model,2025-10-27,2025/26
syndromic,current,ILI incidence,MRC_GIDA-NHiTS,model,2025-11-03,2025/26
syndromic,current,ILI incidence,MRC_GIDA-NHiTS,model,2025-11-10,2025/26
syndromic,current,ILI incidence,MRC_GIDA-NHiTS,model,2025-11-17,2025/26
syndromic,current,ILI incidence,MRC_GIDA-NHiTS,model,2025-11-24,2025/26
syndromic,current,ILI incidence,MRC_GIDA-NHiTS,model,2025-12-01,2025/26
syndromic,current,ILI incidence,MRC_GIDA-NHiTS,model,2025-12-08,2025/26
syndromic,current,ILI incidence,MRC_GIDA-NHiTS,model,2025-12-15,2025/26
syndromic,current,ILI incidence,MRC_GIDA-NHiTS,model,2026-01-19,2025/26
syndromic,current,ILI incidence,MRC_GIDA-NHiTS,model,2026-02-09,2025/26
syndromic,current,ILI incidence,MRC_GIDA-NHiTS,model,2026-03-16,2025/26
syndromic,current,ILI incidence,MRC_GIDA-NHiTS,model,2026-03-23,2025/26
syndromic,current,ILI incidence,MRC_GIDA-NHiTS,model,2026-03-30,2025/26
syndromic,current,ILI incidence,MRC_GIDA-NHiTS,model,2026-04-13,2025/26
syndromic,current,ILI incidence,MRC_GIDA-NHiTS,model,2026-04-20,2025/26
syndromic,current,ILI incidence,MRC_GIDA-NHiTS,model,2026-04-27,2025/26
syndromic,current,ILI incidence,MRC_GIDA-NHiTS,model,2026-05-04,2025/26
syndromic,current,ILI incidence,MRC_GIDA-NHiTS,model,2026-05-11,2025/26
syndromic,current,ILI incidence,MRC_GIDA-NHiTS,model,2026-05-25,2025/26
syndromic,current,ILI incidence,MRC_GIDA-Prophet,model,2024-10-21,2024/25
syndromic,current,ILI incidence,MRC_GIDA-Prophet,model,2025-10-06,2025/26
syndromic,current,ILI incidence,MRC_GIDA-Prophet,model,2025-10-13,2025/26
syndromic,current,ILI incidence,MRC_GIDA-Prophet,model,2025-10-20,2025/26
syndromic,current,ILI incidence,MRC_GIDA-Prophet,model,2025-10-27,2025/26
syndromic,current,ILI incidence,MRC_GIDA-Prophet,model,2025-11-03,2025/26
syndromic,current,ILI incidence,MRC_GIDA-Prophet,model,2025-11-10,2025/26
syndromic,current,ILI incidence,MRC_GIDA-Prophet,model,2025-11-17,2025/26
syndromic,current,ILI incidence,MRC_GIDA-Prophet,model,2025-11-24,2025/26
syndromic,current,ILI incidence,MRC_GIDA-Prophet,model,2025-12-01,2025/26
syndromic,current,ILI incidence,MRC_GIDA-Prophet,model,2025-12-08,2025/26
syndromic,current,ILI incidence,MRC_GIDA-Prophet,model,2025-12-15,2025/26
syndromic,current,ILI incidence,MRC_GIDA-Prophet,model,2026-01-19,2025/26
syndromic,current,ILI incidence,MRC_GIDA-Prophet,model,2026-02-09,2025/26
syndromic,current,ILI incidence,MRC_GIDA-Prophet,model,2026-03-16,2025/26
syndromic,current,ILI incidence,MRC_GIDA-Prophet,model,2026-03-23,2025/26
syndromic,current,ILI incidence,MRC_GIDA-Prophet,model,2026-03-30,2025/26
syndromic,current,ILI incidence,MRC_GIDA-Prophet,model,2026-04-13,2025/26
syndromic,current,ILI incidence,MRC_GIDA-Prophet,model,2026-04-20,2025/26
syndromic,current,ILI incidence,MRC_GIDA-Prophet,model,2026-04-27,2025/26
syndromic,current,ILI incidence,MRC_GIDA-Prophet,model,2026-05-04,2025/26
syndromic,current,ILI incidence,MRC_GIDA-Prophet,model,2026-05-11,2025/26
syndromic,current,ILI incidence,MRC_GIDA-Prophet,model,2026-05-25,2025/26
syndromic,current,ILI incidence,MRC_GIDA-TiDE,model,2025-10-06,2025/26
syndromic,current,ILI incidence,MRC_GIDA-TiDE,model,2025-10-13,2025/26
syndromic,current,ILI incidence,MRC_GIDA-TiDE,model,2025-10-20,2025/26
syndromic,current,ILI incidence,MRC_GIDA-TiDE,model,2025-10-27,2025/26
syndromic,current,ILI incidence,MRC_GIDA-TiDE,model,2025-11-03,2025/26
syndromic,current,ILI incidence,MRC_GIDA-TiDE,model,2025-11-10,2025/26
syndromic,current,ILI incidence,MRC_GIDA-TiDE,model,2025-11-17,2025/26
syndromic,current,ILI incidence,MRC_GIDA-TiDE,model,2025-11-24,2025/26
syndromic,current,ILI incidence,MRC_GIDA-TiDE,model,2025-12-01,2025/26
syndromic,current,ILI incidence,MRC_GIDA-TiDE,model,2025-12-08,2025/26
syndromic,current,ILI incidence,MRC_GIDA-TiDE,model,2025-12-15,2025/26
syndromic,current,ILI incidence,MRC_GIDA-TiDE,model,2026-01-19,2025/26
syndromic,current,ILI incidence,MRC_GIDA-TiDE,model,2026-02-09,2025/26
syndromic,current,ILI incidence,MRC_GIDA-TiDE,model,2026-03-16,2025/26
syndromic,current,ILI incidence,MRC_GIDA-TiDE,model,2026-03-23,2025/26
syndromic,current,ILI incidence,MRC_GIDA-TiDE,model,2026-03-30,2025/26
syndromic,current,ILI incidence,MRC_GIDA-TiDE,model,2026-04-13,2025/26
syndromic,current,ILI incidence,MRC_GIDA-TiDE,model,2026-04-20,2025/26
syndromic,current,ILI incidence,MRC_GIDA-TiDE,model,2026-04-27,2025/26
syndromic,current,ILI incidence,MRC_GIDA-TiDE,model,2026-05-04,2025/26
syndromic,current,ILI incidence,MRC_GIDA-TiDE,model,2026-05-11,2025/26
syndromic,current,ILI incidence,MRC_GIDA-TiDE,model,2026-05-25,2025/26
syndromic,current,ILI incidence,NotreDame-Rt_cocirc,model,2024-11-04,2024/25
syndromic,current,ILI incidence,NotreDame-Rt_cocirc,model,2024-11-11,2024/25
syndromic,current,ILI incidence,NotreDame-Rt_cocirc,model,2024-11-18,2024/25
syndromic,current,ILI incidence,NotreDame-Rt_cocirc,model,2024-11-25,2024/25
syndromic,current,ILI incidence,NotreDame-Rt_cocirc,model,2024-12-02,2024/25
syndromic,current,ILI incidence,NotreDame-Rt_cocirc,model,2024-12-09,2024/25
syndromic,current,ILI incidence,NotreDame-Rt_cocirc,model,2024-12-16,2024/25
syndromic,current,ILI incidence,NotreDame-Rt_cocirc,model,2024-12-23,2024/25
syndromic,current,ILI incidence,NotreDame-Rt_cocirc,model,2024-12-30,2024/25
syndromic,current,ILI incidence,NotreDame-Rt_cocirc,model,2025-01-06,2024/25
syndromic,current,ILI incidence,NotreDame-Rt_cocirc,model,2025-01-20,2024/25
syndromic,current,ILI incidence,NotreDame-Rt_cocirc,model,2025-01-27,2024/25
syndromic,current,ILI incidence,NotreDame-Rt_cocirc,model,2025-02-03,2024/25
syndromic,current,ILI incidence,NotreDame-Rt_cocirc,model,2025-02-10,2024/25
syndromic,current,ILI incidence,NotreDame-Rt_cocirc,model,2025-02-17,2024/25
syndromic,current,ILI incidence,NotreDame-Rt_cocirc,model,2025-02-24,2024/25
syndromic,current,ILI incidence,NotreDame-Rt_cocirc,model,2025-03-03,2024/25
syndromic,current,ILI incidence,NotreDame-Rt_cocirc,model,2025-03-10,2024/25
syndromic,current,ILI incidence,NotreDame-Rt_cocirc,model,2025-03-17,2024/25
syndromic,current,ILI incidence,NotreDame-Rt_cocirc,model,2025-03-24,2024/25
syndromic,current,ILI incidence,NotreDame-Rt_cocirc,model,2025-03-31,2024/25
syndromic,current,ILI incidence,NotreDame-Rt_cocirc,model,2025-04-07,2024/25
syndromic,current,ILI incidence,NotreDame-Rt_cocirc,model,2025-04-14,2024/25
syndromic,current,ILI incidence,NotreDame-Rt_cocirc,model,2025-05-05,2024/25
syndromic,current,ILI incidence,NotreDame-Rt_cocirc,model,2025-05-12,2024/25
syndromic,current,ILI incidence,NotreDame-Rt_cocirc,model,2025-05-19,2024/25
syndromic,current,ILI incidence,NotreDame-Rt_cocirc,model,2025-05-26,2024/25
syndromic,current,ILI incidence,NotreDame-Rt_cocirc,model,2025-06-02,2024/25
syndromic,current,ILI incidence,NotreDame-Rt_cocirc,model,2025-06-09,2024/25
syndromic,current,ILI incidence,NotreDame-Rt_cocirc,model,2025-06-23,2024/25
syndromic,current,ILI incidence,NotreDame-Rt_cocirc,model,2025-06-30,2024/25
syndromic,current,ILI incidence,NotreDame-Rt_cocirc,model,2025-07-14,2024/25
syndromic,current,ILI incidence,NotreDame-Rt_cocirc,model,2025-07-21,2024/25
syndromic,current,ILI incidence,NotreDame-Rt_cocirc,model,2025-07-28,2024/25
syndromic,current,ILI incidence,NotreDame-Rt_cocirc,model,2025-08-04,2025/26
syndromic,current,ILI incidence,NotreDame-Rt_cocirc,model,2025-08-11,2025/26
syndromic,current,ILI incidence,NotreDame-Rt_cocirc,model,2025-08-18,2025/26
syndromic,current,ILI incidence,NotreDame-Rt_cocirc,model,2025-09-01,2025/26
syndromic,current,ILI incidence,NotreDame-Rt_cocirc,model,2025-09-08,2025/26
syndromic,current,ILI incidence,NotreDame-Rt_cocirc,model,2025-09-15,2025/26
syndromic,current,ILI incidence,NotreDame-Rt_cocirc,model,2025-09-22,2025/26
syndromic,current,ILI incidence,NotreDame-Rt_cocirc,model,2025-09-29,2025/26
syndromic,current,ILI incidence,NotreDame-Rt_cocirc,model,2025-10-06,2025/26
syndromic,current,ILI incidence,NotreDame-Rt_cocirc,model,2025-10-20,2025/26
syndromic,current,ILI incidence,NotreDame-Rt_cocirc,model,2025-10-27,2025/26
syndromic,current,ILI incidence,NotreDame-Rt_cocirc,model,2025-11-03,2025/26
syndromic,current,ILI incidence,NotreDame-Rt_cocirc,model,2025-11-10,2025/26
syndromic,current,ILI incidence,NotreDame-Rt_cocirc,model,2025-11-17,2025/26
syndromic,current,ILI incidence,NotreDame-Rt_cocirc,model,2025-12-01,2025/26
syndromic,current,ILI incidence,NotreDame-Rt_cocirc,model,2025-12-08,2025/26
syndromic,current,ILI incidence,NotreDame-Rt_cocirc,model,2026-02-02,2025/26
syndromic,current,ILI incidence,NotreDame-Rt_cocirc,model,2026-02-09,2025/26
syndromic,current,ILI incidence,NotreDame-Rt_cocirc,model,2026-02-16,2025/26
syndromic,current,ILI incidence,NotreDame-Rt_cocirc,model,2026-02-23,2025/26
syndromic,current,ILI incidence,NotreDame-Rt_cocirc,model,2026-03-02,2025/26
syndromic,current,ILI incidence,NotreDame-Rt_cocirc,model,2026-03-09,2025/26
syndromic,current,ILI incidence,NotreDame-Rt_cocirc,model,2026-03-16,2025/26
syndromic,current,ILI incidence,NotreDame-Rt_cocirc,model,2026-03-23,2025/26
syndromic,current,ILI incidence,NotreDame-Rt_cocirc,model,2026-03-30,2025/26
syndromic,current,ILI incidence,NotreDame-Rt_cocirc,model,2026-04-06,2025/26
syndromic,current,ILI incidence,NotreDame-Rt_cocirc,model,2026-04-20,2025/26
syndromic,current,ILI incidence,NotreDame-Rt_cocirc,model,2026-05-04,2025/26
flu_archive,archive,ILI incidence,QMUL-ARIMA,model,2024-01-08,2023/24
flu_archive,archive,ILI incidence,QMUL-ARIMA,model,2024-01-15,2023/24
flu_archive,archive,ILI incidence,QMUL-ARIMA,model,2024-01-22,2023/24
flu_archive,archive,ILI incidence,QMUL-ARIMA,model,2024-01-29,2023/24
flu_archive,archive,ILI incidence,QMUL-ARIMA,model,2024-02-05,2023/24
flu_archive,archive,ILI incidence,QMUL-ARIMA,model,2024-02-12,2023/24
flu_archive,archive,ILI incidence,QMUL-ARIMA,model,2024-02-19,2023/24
flu_archive,archive,ILI incidence,QMUL-ARIMA,model,2024-02-26,2023/24
flu_archive,archive,ILI incidence,QMUL-ARIMA,model,2024-03-04,2023/24
flu_archive,archive,ILI incidence,QMUL-ARIMA,model,2024-03-11,2023/24
flu_archive,archive,ILI incidence,QMUL-ARIMA,model,2024-03-18,2023/24
flu_archive,archive,ILI incidence,QMUL-ARIMA,model,2024-03-25,2023/24
flu_archive,archive,ILI incidence,QMUL-ARIMA,model,2024-04-01,2023/24
flu_archive,archive,ILI incidence,QMUL-ARIMA,model,2024-04-15,2023/24
flu_archive,archive,ILI incidence,QMUL-ARIMA,model,2024-04-22,2023/24
syndromic,current,ILI incidence,QMUL-ARIMA,model,2024-10-21,2024/25
syndromic,current,ILI incidence,QMUL-ARIMA,model,2024-10-28,2024/25
syndromic,current,ILI incidence,QMUL-ARIMA,model,2024-11-04,2024/25
syndromic,current,ILI incidence,QMUL-ARIMA,model,2024-11-11,2024/25
syndromic,current,ILI incidence,QMUL-ARIMA,model,2024-11-18,2024/25
syndromic,current,ILI incidence,QMUL-ARIMA,model,2024-11-25,2024/25
syndromic,current,ILI incidence,QMUL-ARIMA,model,2024-12-02,2024/25
syndromic,current,ILI incidence,QMUL-ARIMA,model,2024-12-09,2024/25
syndromic,current,ILI incidence,QMUL-ARIMA,model,2024-12-16,2024/25
syndromic,current,ILI incidence,QMUL-ARIMA,model,2024-12-23,2024/25
syndromic,current,ILI incidence,QMUL-ARIMA,model,2025-01-06,2024/25
syndromic,current,ILI incidence,QMUL-ARIMA,model,2025-01-13,2024/25
syndromic,current,ILI incidence,QMUL-ARIMA,model,2025-01-20,2024/25
syndromic,current,ILI incidence,QMUL-ARIMA,model,2025-01-27,2024/25
syndromic,current,ILI incidence,QMUL-ARIMA,model,2025-02-03,2024/25
syndromic,current,ILI incidence,QMUL-ARIMA,model,2025-02-10,2024/25
syndromic,current,ILI incidence,QMUL-ARIMA,model,2025-02-17,2024/25
syndromic,current,ILI incidence,QMUL-ARIMA,model,2025-02-24,2024/25
syndromic,current,ILI incidence,QMUL-ARIMA,model,2025-03-03,2024/25
syndromic,current,ILI incidence,QMUL-ARIMA,model,2025-03-10,2024/25
syndromic,current,ILI incidence,QMUL-ARIMA,model,2025-03-17,2024/25
syndromic,current,ILI incidence,QMUL-ARIMA,model,2025-03-24,2024/25
syndromic,current,ILI incidence,QMUL-ARIMA,model,2025-03-31,2024/25
syndromic,current,ILI incidence,QMUL-ARIMA,model,2025-04-07,2024/25
syndromic,current,ILI incidence,QMUL-ARIMA,model,2025-04-14,2024/25
syndromic,current,ILI incidence,QMUL-ARIMA,model,2025-04-28,2024/25
syndromic,current,ILI incidence,QMUL-ARIMA,model,2025-05-05,2024/25
syndromic,current,ILI incidence,QMUL-ARIMA,model,2025-05-12,2024/25
syndromic,current,ILI incidence,QMUL-ARIMA,model,2025-05-19,2024/25
syndromic,current,ILI incidence,QMUL-ARIMA,model,2025-05-26,2024/25
syndromic,current,ILI incidence,QMUL-ARIMA,model,2025-06-09,2024/25
syndromic,current,ILI incidence,QMUL-ARIMA,model,2025-06-16,2024/25
syndromic,current,ILI incidence,QMUL-ARIMA,model,2025-06-23,2024/25
syndromic,current,ILI incidence,QMUL-ARIMA,model,2025-06-30,2024/25
syndromic,current,ILI incidence,QMUL-ARIMA,model,2025-07-07,2024/25
syndromic,current,ILI incidence,QMUL-ARIMA,model,2025-07-14,2024/25
syndromic,current,ILI incidence,QMUL-ARIMA,model,2025-07-21,2024/25
syndromic,current,ILI incidence,QMUL-ARIMA,model,2025-08-04,2025/26
syndromic,current,ILI incidence,QMUL-ARIMA,model,2025-08-11,2025/26
syndromic,current,ILI incidence,QMUL-ARIMA,model,2025-08-18,2025/26
syndromic,current,ILI incidence,QMUL-ARIMA,model,2025-08-25,2025/26
syndromic,current,ILI incidence,QMUL-ARIMA,model,2025-09-01,2025/26
syndromic,current,ILI incidence,QMUL-ARIMA,model,2025-09-08,2025/26
syndromic,current,ILI incidence,QMUL-ARIMA,model,2025-09-22,2025/26
syndromic,current,ILI incidence,QMUL-ARIMA,model,2025-10-06,2025/26
syndromic,current,ILI incidence,QMUL-ARIMA,model,2025-10-13,2025/26
syndromic,current,ILI incidence,QMUL-ARIMA,model,2025-10-20,2025/26
syndromic,current,ILI incidence,QMUL-ARIMA,model,2025-10-27,2025/26
syndromic,current,ILI incidence,QMUL-ARIMA,model,2025-11-03,2025/26
syndromic,current,ILI incidence,QMUL-ARIMA,model,2025-11-10,2025/26
syndromic,current,ILI incidence,QMUL-ARIMA,model,2025-11-17,2025/26
syndromic,current,ILI incidence,QMUL-ARIMA,model,2025-11-24,2025/26
syndromic,current,ILI incidence,QMUL-ARIMA,model,2025-12-01,2025/26
syndromic,current,ILI incidence,QMUL-ARIMA,model,2025-12-08,2025/26
syndromic,current,ILI incidence,QMUL-ARIMA,model,2025-12-15,2025/26
syndromic,current,ILI incidence,QMUL-ARIMA,model,2025-12-22,2025/26
syndromic,current,ILI incidence,QMUL-ARIMA,model,2026-01-12,2025/26
syndromic,current,ILI incidence,QMUL-ARIMA,model,2026-01-19,2025/26
syndromic,current,ILI incidence,QMUL-ARIMA,model,2026-01-26,2025/26
syndromic,current,ILI incidence,QMUL-ARIMA,model,2026-02-02,2025/26
syndromic,current,ILI incidence,QMUL-ARIMA,model,2026-02-09,2025/26
syndromic,current,ILI incidence,QMUL-ARIMA,model,2026-02-16,2025/26
syndromic,current,ILI incidence,QMUL-ARIMA,model,2026-02-23,2025/26
syndromic,current,ILI incidence,QMUL-ARIMA,model,2026-03-02,2025/26
syndromic,current,ILI incidence,QMUL-ARIMA,model,2026-03-09,2025/26
syndromic,current,ILI incidence,QMUL-ARIMA,model,2026-03-16,2025/26
syndromic,current,ILI incidence,QMUL-ARIMA,model,2026-03-23,2025/26
syndromic,current,ILI incidence,QMUL-ARIMA,model,2026-03-30,2025/26
syndromic,current,ILI incidence,QMUL-ARIMA,model,2026-04-13,2025/26
syndromic,current,ILI incidence,QMUL-ARIMA,model,2026-04-20,2025/26
syndromic,current,ILI incidence,QMUL-ARIMA,model,2026-04-27,2025/26
syndromic,current,ILI incidence,QMUL-ARIMA,model,2026-05-11,2025/26
syndromic,current,ILI incidence,QMUL-ARIMA,model,2026-05-25,2025/26
flu_archive,archive,ILI incidence,QMUL-SEIR,model,2023-12-18,2023/24
flu_archive,archive,ILI incidence,QMUL-SEIR,model,2023-12-25,2023/24
flu_archive,archive,ILI incidence,QMUL-SEIR,model,2024-01-08,2023/24
flu_archive,archive,ILI incidence,QMUL-SEIR,model,2024-01-15,2023/24
flu_archive,archive,ILI incidence,QMUL-SEIR,model,2024-01-22,2023/24
flu_archive,archive,ILI incidence,QMUL-SEIR,model,2024-01-29,2023/24
flu_archive,archive,ILI incidence,QMUL-SEIR,model,2024-02-05,2023/24
flu_archive,archive,ILI incidence,QMUL-SEIR,model,2024-02-12,2023/24
flu_archive,archive,ILI incidence,QMUL-SEIR,model,2024-02-19,2023/24
flu_archive,archive,ILI incidence,QMUL-SEIR,model,2024-02-26,2023/24
flu_archive,archive,ILI incidence,QMUL-SEIR,model,2024-03-04,2023/24
flu_archive,archive,ILI incidence,QMUL-SEIR,model,2024-03-11,2023/24
flu_archive,archive,ILI incidence,QMUL-SEIR,model,2024-03-18,2023/24
flu_archive,archive,ILI incidence,QMUL-SEIR,model,2024-03-25,2023/24
flu_archive,archive,ILI incidence,QMUL-SEIR,model,2024-04-08,2023/24
flu_archive,archive,ILI incidence,QMUL-SEIR,model,2024-04-15,2023/24
flu_archive,archive,ILI incidence,QMUL-SEIR,model,2024-04-22,2023/24
flu_archive,archive,ILI incidence,QMUL-SEIR,model,2024-04-29,2023/24
syndromic,current,ILI incidence,QMUL-SEIR,model,2024-11-04,2024/25
syndromic,current,ILI incidence,QMUL-SEIR,model,2024-11-11,2024/25
syndromic,current,ILI incidence,QMUL-SEIR,model,2024-11-18,2024/25
syndromic,current,ILI incidence,QMUL-SEIR,model,2024-11-25,2024/25
syndromic,current,ILI incidence,QMUL-SEIR,model,2024-12-02,2024/25
syndromic,current,ILI incidence,QMUL-SEIR,model,2024-12-09,2024/25
syndromic,current,ILI incidence,QMUL-SEIR,model,2024-12-16,2024/25
syndromic,current,ILI incidence,QMUL-SEIR,model,2024-12-23,2024/25
syndromic,current,ILI incidence,QMUL-SEIR,model,2025-01-06,2024/25
syndromic,current,ILI incidence,QMUL-SEIR,model,2025-01-13,2024/25
syndromic,current,ILI incidence,QMUL-SEIR,model,2025-01-20,2024/25
syndromic,current,ILI incidence,QMUL-SEIR,model,2025-01-27,2024/25
syndromic,current,ILI incidence,QMUL-SEIR,model,2025-02-03,2024/25
syndromic,current,ILI incidence,QMUL-SEIR,model,2025-02-10,2024/25
syndromic,current,ILI incidence,QMUL-SEIR,model,2025-02-17,2024/25
syndromic,current,ILI incidence,QMUL-SEIR,model,2025-02-24,2024/25
syndromic,current,ILI incidence,QMUL-SEIR,model,2025-03-03,2024/25
syndromic,current,ILI incidence,QMUL-SEIR,model,2025-03-10,2024/25
syndromic,current,ILI incidence,QMUL-SEIR,model,2025-03-17,2024/25
syndromic,current,ILI incidence,QMUL-SEIR,model,2025-03-24,2024/25
syndromic,current,ILI incidence,QMUL-SEIR,model,2025-03-31,2024/25
syndromic,current,ILI incidence,QMUL-SEIR,model,2025-04-07,2024/25
syndromic,current,ILI incidence,QMUL-SEIR,model,2025-04-28,2024/25
syndromic,current,ILI incidence,QMUL-SEIR,model,2025-05-05,2024/25
syndromic,current,ILI incidence,QMUL-SEIR,model,2025-05-12,2024/25
syndromic,current,ILI incidence,QMUL-SEIR,model,2025-05-26,2024/25
syndromic,current,ILI incidence,QMUL-SEIR,model,2025-06-09,2024/25
syndromic,current,ILI incidence,QMUL-SEIR,model,2025-06-16,2024/25
syndromic,current,ILI incidence,QMUL-SEIR,model,2025-06-23,2024/25
syndromic,current,ILI incidence,QMUL-SEIR,model,2025-06-30,2024/25
syndromic,current,ILI incidence,QMUL-SEIR,model,2025-07-07,2024/25
syndromic,current,ILI incidence,QMUL-SEIR,model,2025-07-14,2024/25
syndromic,current,ILI incidence,QMUL-SEIR,model,2025-07-21,2024/25
syndromic,current,ILI incidence,QMUL-SEIR,model,2025-08-04,2025/26
syndromic,current,ILI incidence,QMUL-SEIR,model,2025-10-13,2025/26
syndromic,current,ILI incidence,QMUL-SEIR,model,2025-10-20,2025/26
syndromic,current,ILI incidence,QMUL-SEIR,model,2025-10-27,2025/26
syndromic,current,ILI incidence,QMUL-SEIR,model,2025-11-03,2025/26
syndromic,current,ILI incidence,QMUL-SEIR,model,2025-11-10,2025/26
syndromic,current,ILI incidence,QMUL-SEIR,model,2025-11-17,2025/26
syndromic,current,ILI incidence,QMUL-SEIR,model,2025-11-24,2025/26
syndromic,current,ILI incidence,QMUL-SEIR,model,2025-12-01,2025/26
syndromic,current,ILI incidence,QMUL-SEIR,model,2025-12-08,2025/26
syndromic,current,ILI incidence,QMUL-SEIR,model,2025-12-15,2025/26
syndromic,current,ILI incidence,QMUL-SEIR,model,2025-12-22,2025/26
syndromic,current,ILI incidence,QMUL-SEIR,model,2026-01-12,2025/26
syndromic,current,ILI incidence,QMUL-SEIR,model,2026-01-19,2025/26
syndromic,current,ILI incidence,QMUL-SEIR,model,2026-01-26,2025/26
syndromic,current,ILI incidence,QMUL-SEIR,model,2026-02-02,2025/26
syndromic,current,ILI incidence,QMUL-SEIR,model,2026-02-09,2025/26
syndromic,current,ILI incidence,QMUL-SEIR,model,2026-02-16,2025/26
syndromic,current,ILI incidence,QMUL-SEIR,model,2026-02-23,2025/26
syndromic,current,ILI incidence,QMUL-SEIR,model,2026-03-02,2025/26
syndromic,current,ILI incidence,QMUL-SEIR,model,2026-03-09,2025/26
syndromic,current,ILI incidence,QMUL-SEIR,model,2026-03-16,2025/26
syndromic,current,ILI incidence,QMUL-SEIR,model,2026-03-23,2025/26
syndromic,current,ILI incidence,QMUL-SEIR,model,2026-03-30,2025/26
syndromic,current,ILI incidence,QMUL-SEIR,model,2026-04-13,2025/26
syndromic,current,ILI incidence,QMUL-SEIR,model,2026-04-20,2025/26
syndromic,current,ILI incidence,QMUL-SEIR,model,2026-04-27,2025/26
syndromic,current,ILI incidence,QMUL-SEIR,model,2026-05-11,2025/26
syndromic,current,ILI incidence,QMUL-SEIR,model,2026-05-25,2025/26
syndromic,current,ILI incidence,QMUL-SEIR_agumented,model,2024-11-04,2024/25
syndromic,current,ILI incidence,QMUL-SEIR_agumented,model,2024-11-11,2024/25
syndromic,current,ILI incidence,QMUL-SEIR_agumented,model,2024-11-18,2024/25
syndromic,current,ILI incidence,QMUL-SEIR_agumented,model,2024-11-25,2024/25
syndromic,current,ILI incidence,QMUL-SEIR_agumented,model,2024-12-02,2024/25
syndromic,current,ILI incidence,QMUL-SEIR_agumented,model,2024-12-09,2024/25
syndromic,current,ILI incidence,QMUL-SEIR_agumented,model,2024-12-16,2024/25
syndromic,current,ILI incidence,QMUL-SEIR_agumented,model,2024-12-23,2024/25
syndromic,current,ILI incidence,QMUL-SEIR_agumented,model,2025-01-06,2024/25
syndromic,current,ILI incidence,QMUL-SEIR_agumented,model,2025-01-13,2024/25
syndromic,current,ILI incidence,QMUL-SEIR_agumented,model,2025-01-20,2024/25
syndromic,current,ILI incidence,QMUL-SEIR_agumented,model,2025-01-27,2024/25
syndromic,current,ILI incidence,QMUL-SEIR_agumented,model,2025-02-03,2024/25
syndromic,current,ILI incidence,QMUL-SEIR_agumented,model,2025-02-10,2024/25
syndromic,current,ILI incidence,QMUL-SEIR_agumented,model,2025-02-17,2024/25
syndromic,current,ILI incidence,QMUL-SEIR_agumented,model,2025-02-24,2024/25
syndromic,current,ILI incidence,QMUL-SEIR_agumented,model,2025-03-03,2024/25
syndromic,current,ILI incidence,QMUL-SEIR_agumented,model,2025-03-10,2024/25
syndromic,current,ILI incidence,QMUL-SEIR_agumented,model,2025-03-17,2024/25
syndromic,current,ILI incidence,QMUL-SEIR_agumented,model,2025-03-24,2024/25
syndromic,current,ILI incidence,QMUL-SEIR_agumented,model,2025-03-31,2024/25
syndromic,current,ILI incidence,QMUL-SEIR_agumented,model,2025-04-07,2024/25
syndromic,current,ILI incidence,QMUL-SEIR_agumented,model,2025-04-28,2024/25
syndromic,current,ILI incidence,QMUL-SEIR_agumented,model,2025-05-05,2024/25
syndromic,current,ILI incidence,QMUL-SEIR_agumented,model,2025-05-12,2024/25
syndromic,current,ILI incidence,QMUL-SEIR_agumented,model,2025-05-26,2024/25
syndromic,current,ILI incidence,QMUL-SEIR_agumented,model,2025-06-09,2024/25
syndromic,current,ILI incidence,QMUL-SEIR_agumented,model,2025-06-16,2024/25
syndromic,current,ILI incidence,QMUL-SEIR_agumented,model,2025-06-23,2024/25
syndromic,current,ILI incidence,QMUL-SEIR_agumented,model,2025-06-30,2024/25
syndromic,current,ILI incidence,QMUL-SEIR_agumented,model,2025-07-07,2024/25
syndromic,current,ILI incidence,QMUL-SEIR_agumented,model,2025-07-14,2024/25
syndromic,current,ILI incidence,QMUL-SEIR_agumented,model,2025-07-21,2024/25
syndromic,current,ILI incidence,QMUL-SEIR_agumented,model,2025-08-04,2025/26
syndromic,current,ILI incidence,QMUL-SEIR_agumented,model,2025-10-13,2025/26
syndromic,current,ILI incidence,QMUL-SEIR_agumented,model,2025-10-20,2025/26
syndromic,current,ILI incidence,QMUL-SEIR_agumented,model,2025-10-27,2025/26
syndromic,current,ILI incidence,QMUL-SEIR_agumented,model,2025-11-03,2025/26
syndromic,current,ILI incidence,QMUL-SEIR_agumented,model,2025-11-10,2025/26
syndromic,current,ILI incidence,QMUL-SEIR_agumented,model,2025-11-17,2025/26
syndromic,current,ILI incidence,QMUL-SEIR_agumented,model,2025-11-24,2025/26
syndromic,current,ILI incidence,QMUL-SEIR_agumented,model,2025-12-01,2025/26
syndromic,current,ILI incidence,QMUL-SEIR_agumented,model,2025-12-08,2025/26
syndromic,current,ILI incidence,QMUL-SEIR_agumented,model,2025-12-15,2025/26
syndromic,current,ILI incidence,QMUL-SEIR_agumented,model,2025-12-22,2025/26
syndromic,current,ILI incidence,QMUL-SEIR_agumented,model,2026-01-12,2025/26
syndromic,current,ILI incidence,QMUL-SEIR_agumented,model,2026-01-19,2025/26
syndromic,current,ILI incidence,QMUL-SEIR_agumented,model,2026-01-26,2025/26
syndromic,current,ILI incidence,QMUL-SEIR_agumented,model,2026-02-02,2025/26
syndromic,current,ILI incidence,QMUL-SEIR_agumented,model,2026-02-09,2025/26
syndromic,current,ILI incidence,QMUL-SEIR_agumented,model,2026-02-16,2025/26
syndromic,current,ILI incidence,QMUL-SEIR_agumented,model,2026-02-23,2025/26
syndromic,current,ILI incidence,QMUL-SEIR_agumented,model,2026-03-02,2025/26
syndromic,current,ILI incidence,QMUL-SEIR_agumented,model,2026-03-09,2025/26
syndromic,current,ILI incidence,QMUL-SEIR_agumented,model,2026-03-16,2025/26
syndromic,current,ILI incidence,QMUL-SEIR_agumented,model,2026-03-23,2025/26
syndromic,current,ILI incidence,QMUL-SEIR_agumented,model,2026-03-30,2025/26
syndromic,current,ILI incidence,QMUL-SEIR_agumented,model,2026-04-13,2025/26
syndromic,current,ILI incidence,QMUL-SEIR_agumented,model,2026-04-20,2025/26
syndromic,current,ILI incidence,QMUL-SEIR_agumented,model,2026-04-27,2025/26
syndromic,current,ILI incidence,QMUL-SEIR_agumented,model,2026-05-11,2025/26
syndromic,current,ILI incidence,QMUL-SEIR_agumented,model,2026-05-25,2025/26
syndromic,current,ILI incidence,RIVM-KFdlm,model,2024-10-21,2024/25
syndromic,current,ILI incidence,RIVM-KFdlm,model,2024-10-28,2024/25
syndromic,current,ILI incidence,RIVM-KFdlm,model,2024-11-04,2024/25
syndromic,current,ILI incidence,RIVM-KFdlm,model,2024-11-11,2024/25
syndromic,current,ILI incidence,RIVM-KFdlm,model,2024-11-18,2024/25
syndromic,current,ILI incidence,RIVM-KFdlm,model,2024-11-25,2024/25
syndromic,current,ILI incidence,RIVM-KFdlm,model,2024-12-02,2024/25
syndromic,current,ILI incidence,RIVM-KFdlm,model,2024-12-09,2024/25
syndromic,current,ILI incidence,RIVM-KFdlm,model,2024-12-16,2024/25
syndromic,current,ILI incidence,RIVM-KFdlm,model,2024-12-23,2024/25
syndromic,current,ILI incidence,RIVM-KFdlm,model,2025-01-06,2024/25
syndromic,current,ILI incidence,RIVM-KFdlm,model,2025-01-13,2024/25
syndromic,current,ILI incidence,RIVM-KFdlm,model,2025-01-20,2024/25
syndromic,current,ILI incidence,RIVM-KFdlm,model,2025-01-27,2024/25
syndromic,current,ILI incidence,RIVM-KFdlm,model,2025-02-03,2024/25
syndromic,current,ILI incidence,RIVM-KFdlm,model,2025-02-10,2024/25
syndromic,current,ILI incidence,RIVM-KFdlm,model,2025-02-17,2024/25
syndromic,current,ILI incidence,RIVM-KFdlm,model,2025-02-24,2024/25
syndromic,current,ILI incidence,RIVM-KFdlm,model,2025-03-03,2024/25
syndromic,current,ILI incidence,RIVM-KFdlm,model,2025-03-10,2024/25
syndromic,current,ILI incidence,RIVM-KFdlm,model,2025-03-17,2024/25
syndromic,current,ILI incidence,RIVM-KFdlm,model,2025-03-24,2024/25
syndromic,current,ILI incidence,RIVM-KFdlm,model,2025-03-31,2024/25
syndromic,current,ILI incidence,RIVM-KFdlm,model,2025-04-07,2024/25
syndromic,current,ILI incidence,RIVM-KFdlm,model,2025-04-14,2024/25
syndromic,current,ILI incidence,RIVM-KFdlm,model,2025-04-28,2024/25
syndromic,current,ILI incidence,RIVM-KFdlm,model,2025-05-05,2024/25
syndromic,current,ILI incidence,RIVM-KFdlm,model,2025-05-19,2024/25
syndromic,current,ILI incidence,RIVM-KFdlm,model,2025-10-20,2025/26
syndromic,current,ILI incidence,RIVM-KFdlm,model,2025-10-27,2025/26
syndromic,current,ILI incidence,RIVM-KFdlm,model,2025-11-03,2025/26
syndromic,current,ILI incidence,RIVM-KFdlm,model,2025-11-10,2025/26
syndromic,current,ILI incidence,RIVM-KFdlm,model,2025-11-17,2025/26
syndromic,current,ILI incidence,RIVM-KFdlm,model,2025-11-24,2025/26
syndromic,current,ILI incidence,RIVM-KFdlm,model,2025-12-01,2025/26
syndromic,current,ILI incidence,RIVM-KFdlm,model,2025-12-08,2025/26
syndromic,current,ILI incidence,RIVM-KFdlm,model,2025-12-15,2025/26
syndromic,current,ILI incidence,RIVM-KFdlm,model,2025-12-22,2025/26
syndromic,current,ILI incidence,RIVM-KFdlm,model,2026-01-12,2025/26
syndromic,current,ILI incidence,RIVM-KFdlm,model,2026-01-19,2025/26
syndromic,current,ILI incidence,RIVM-KFdlm,model,2026-01-26,2025/26
syndromic,current,ILI incidence,RIVM-KFdlm,model,2026-02-02,2025/26
syndromic,current,ILI incidence,RIVM-KFdlm,model,2026-02-09,2025/26
syndromic,current,ILI incidence,RIVM-KFdlm,model,2026-02-16,2025/26
syndromic,current,ILI incidence,RIVM-KFdlm,model,2026-02-23,2025/26
syndromic,current,ILI incidence,RIVM-KFdlm,model,2026-03-02,2025/26
syndromic,current,ILI incidence,RIVM-KFdlm,model,2026-03-09,2025/26
syndromic,current,ILI incidence,RIVM-KFdlm,model,2026-03-16,2025/26
syndromic,current,ILI incidence,RIVM-KFdlm,model,2026-03-23,2025/26
syndromic,current,ILI incidence,RIVM-KFdlm,model,2026-03-30,2025/26
syndromic,current,ILI incidence,RIVM-KFdlm,model,2026-04-13,2025/26
syndromic,current,ILI incidence,RIVM-KFdlm,model,2026-04-20,2025/26
syndromic,current,ILI incidence,RIVM-KFdlm,model,2026-04-27,2025/26
syndromic,current,ILI incidence,RIVM-KFdlm,model,2026-05-04,2025/26
syndromic,current,ILI incidence,RIVM-KFdlm,model,2026-05-11,2025/26
syndromic,current,ILI incidence,RIVM-KFdlm,model,2026-05-25,2025/26
flu_archive,archive,ILI incidence,fjordhest-ensemble,model,2024-01-08,2023/24
flu_archive,archive,ILI incidence,fjordhest-ensemble,model,2024-01-15,2023/24
flu_archive,archive,ILI incidence,fjordhest-ensemble,model,2024-01-22,2023/24
flu_archive,archive,ILI incidence,fjordhest-ensemble,model,2024-01-29,2023/24
flu_archive,archive,ILI incidence,fjordhest-ensemble,model,2024-02-05,2023/24
flu_archive,archive,ILI incidence,fjordhest-ensemble,model,2024-02-12,2023/24
flu_archive,archive,ILI incidence,fjordhest-ensemble,model,2024-02-19,2023/24
flu_archive,archive,ILI incidence,fjordhest-ensemble,model,2024-02-26,2023/24
flu_archive,archive,ILI incidence,fjordhest-ensemble,model,2024-03-04,2023/24
flu_archive,archive,ILI incidence,fjordhest-ensemble,model,2024-03-11,2023/24
flu_archive,archive,ILI incidence,fjordhest-ensemble,model,2024-03-18,2023/24
flu_archive,archive,ILI incidence,fjordhest-ensemble,model,2024-03-25,2023/24
flu_archive,archive,ILI incidence,fjordhest-ensemble,model,2024-04-08,2023/24
flu_archive,archive,ILI incidence,fjordhest-ensemble,model,2024-04-15,2023/24
flu_archive,archive,ILI incidence,fjordhest-ensemble,model,2024-04-22,2023/24
flu_archive,archive,ILI incidence,fjordhest-ensemble,model,2024-04-29,2023/24
syndromic,current,ILI incidence,fjordhest-ensemble,model,2024-10-21,2024/25
syndromic,current,ILI incidence,fjordhest-ensemble,model,2024-10-28,2024/25
syndromic,current,ILI incidence,fjordhest-ensemble,model,2024-11-04,2024/25
syndromic,current,ILI incidence,fjordhest-ensemble,model,2024-11-11,2024/25
syndromic,current,ILI incidence,fjordhest-ensemble,model,2024-11-18,2024/25
syndromic,current,ILI incidence,fjordhest-ensemble,model,2024-11-25,2024/25
syndromic,current,ILI incidence,fjordhest-ensemble,model,2024-12-02,2024/25
syndromic,current,ILI incidence,fjordhest-ensemble,model,2024-12-09,2024/25
syndromic,current,ILI incidence,fjordhest-ensemble,model,2024-12-16,2024/25
syndromic,current,ILI incidence,fjordhest-ensemble,model,2024-12-23,2024/25
syndromic,current,ILI incidence,fjordhest-ensemble,model,2025-01-13,2024/25
syndromic,current,ILI incidence,fjordhest-ensemble,model,2025-01-20,2024/25
syndromic,current,ILI incidence,fjordhest-ensemble,model,2025-01-27,2024/25
syndromic,current,ILI incidence,fjordhest-ensemble,model,2025-02-03,2024/25
syndromic,current,ILI incidence,fjordhest-ensemble,model,2025-02-10,2024/25
syndromic,current,ILI incidence,fjordhest-ensemble,model,2025-02-17,2024/25
syndromic,current,ILI incidence,fjordhest-ensemble,model,2025-02-24,2024/25
syndromic,current,ILI incidence,fjordhest-ensemble,model,2025-03-03,2024/25
syndromic,current,ILI incidence,fjordhest-ensemble,model,2025-03-10,2024/25
syndromic,current,ILI incidence,fjordhest-ensemble,model,2025-03-17,2024/25
syndromic,current,ILI incidence,fjordhest-ensemble,model,2025-03-24,2024/25
syndromic,current,ILI incidence,fjordhest-ensemble,model,2025-03-31,2024/25
syndromic,current,ILI incidence,fjordhest-ensemble,model,2025-04-07,2024/25
syndromic,current,ILI incidence,fjordhest-ensemble,model,2025-04-14,2024/25
syndromic,current,ILI incidence,fjordhest-ensemble,model,2025-04-28,2024/25
flu_archive,archive,ILI incidence,respicast-hubEnsemble,ensemble,2023-12-18,2023/24
flu_archive,archive,ILI incidence,respicast-hubEnsemble,ensemble,2023-12-25,2023/24
flu_archive,archive,ILI incidence,respicast-hubEnsemble,ensemble,2024-01-01,2023/24
flu_archive,archive,ILI incidence,respicast-hubEnsemble,ensemble,2024-01-08,2023/24
flu_archive,archive,ILI incidence,respicast-hubEnsemble,ensemble,2024-01-15,2023/24
flu_archive,archive,ILI incidence,respicast-hubEnsemble,ensemble,2024-01-22,2023/24
flu_archive,archive,ILI incidence,respicast-hubEnsemble,ensemble,2024-01-29,2023/24
flu_archive,archive,ILI incidence,respicast-hubEnsemble,ensemble,2024-02-05,2023/24
flu_archive,archive,ILI incidence,respicast-hubEnsemble,ensemble,2024-02-12,2023/24
flu_archive,archive,ILI incidence,respicast-hubEnsemble,ensemble,2024-02-19,2023/24
flu_archive,archive,ILI incidence,respicast-hubEnsemble,ensemble,2024-02-26,2023/24
flu_archive,archive,ILI incidence,respicast-hubEnsemble,ensemble,2024-03-04,2023/24
flu_archive,archive,ILI incidence,respicast-hubEnsemble,ensemble,2024-03-11,2023/24
flu_archive,archive,ILI incidence,respicast-hubEnsemble,ensemble,2024-03-18,2023/24
flu_archive,archive,ILI incidence,respicast-hubEnsemble,ensemble,2024-03-25,2023/24
flu_archive,archive,ILI incidence,respicast-hubEnsemble,ensemble,2024-04-01,2023/24
flu_archive,archive,ILI incidence,respicast-hubEnsemble,ensemble,2024-04-08,2023/24
flu_archive,archive,ILI incidence,respicast-hubEnsemble,ensemble,2024-04-15,2023/24
flu_archive,archive,ILI incidence,respicast-hubEnsemble,ensemble,2024-04-22,2023/24
flu_archive,archive,ILI incidence,respicast-hubEnsemble,ensemble,2024-04-29,2023/24
syndromic,current,ILI incidence,respicast-hubEnsemble,ensemble,2024-10-21,2024/25
syndromic,current,ILI incidence,respicast-hubEnsemble,ensemble,2024-10-28,2024/25
syndromic,current,ILI incidence,respicast-hubEnsemble,ensemble,2024-11-04,2024/25
syndromic,current,ILI incidence,respicast-hubEnsemble,ensemble,2024-11-11,2024/25
syndromic,current,ILI incidence,respicast-hubEnsemble,ensemble,2024-11-18,2024/25
syndromic,current,ILI incidence,respicast-hubEnsemble,ensemble,2024-11-25,2024/25
syndromic,current,ILI incidence,respicast-hubEnsemble,ensemble,2024-12-02,2024/25
syndromic,current,ILI incidence,respicast-hubEnsemble,ensemble,2024-12-09,2024/25
syndromic,current,ILI incidence,respicast-hubEnsemble,ensemble,2024-12-16,2024/25
syndromic,current,ILI incidence,respicast-hubEnsemble,ensemble,2024-12-23,2024/25
syndromic,current,ILI incidence,respicast-hubEnsemble,ensemble,2024-12-30,2024/25
syndromic,current,ILI incidence,respicast-hubEnsemble,ensemble,2025-01-06,2024/25
syndromic,current,ILI incidence,respicast-hubEnsemble,ensemble,2025-01-13,2024/25
syndromic,current,ILI incidence,respicast-hubEnsemble,ensemble,2025-01-20,2024/25
syndromic,current,ILI incidence,respicast-hubEnsemble,ensemble,2025-01-27,2024/25
syndromic,current,ILI incidence,respicast-hubEnsemble,ensemble,2025-02-03,2024/25
syndromic,current,ILI incidence,respicast-hubEnsemble,ensemble,2025-02-10,2024/25
syndromic,current,ILI incidence,respicast-hubEnsemble,ensemble,2025-02-17,2024/25
syndromic,current,ILI incidence,respicast-hubEnsemble,ensemble,2025-02-24,2024/25
syndromic,current,ILI incidence,respicast-hubEnsemble,ensemble,2025-03-03,2024/25
syndromic,current,ILI incidence,respicast-hubEnsemble,ensemble,2025-03-10,2024/25
syndromic,current,ILI incidence,respicast-hubEnsemble,ensemble,2025-03-17,2024/25
syndromic,current,ILI incidence,respicast-hubEnsemble,ensemble,2025-03-24,2024/25
syndromic,current,ILI incidence,respicast-hubEnsemble,ensemble,2025-03-31,2024/25
syndromic,current,ILI incidence,respicast-hubEnsemble,ensemble,2025-04-07,2024/25
syndromic,current,ILI incidence,respicast-hubEnsemble,ensemble,2025-04-14,2024/25
syndromic,current,ILI incidence,respicast-hubEnsemble,ensemble,2025-04-21,2024/25
syndromic,current,ILI incidence,respicast-hubEnsemble,ensemble,2025-04-28,2024/25
syndromic,current,ILI incidence,respicast-hubEnsemble,ensemble,2025-05-05,2024/25
syndromic,current,ILI incidence,respicast-hubEnsemble,ensemble,2025-05-12,2024/25
syndromic,current,ILI incidence,respicast-hubEnsemble,ensemble,2025-05-19,2024/25
syndromic,current,ILI incidence,respicast-hubEnsemble,ensemble,2025-05-26,2024/25
syndromic,current,ILI incidence,respicast-hubEnsemble,ensemble,2025-06-02,2024/25
syndromic,current,ILI incidence,respicast-hubEnsemble,ensemble,2025-06-09,2024/25
syndromic,current,ILI incidence,respicast-hubEnsemble,ensemble,2025-06-16,2024/25
syndromic,current,ILI incidence,respicast-hubEnsemble,ensemble,2025-06-23,2024/25
syndromic,current,ILI incidence,respicast-hubEnsemble,ensemble,2025-06-30,2024/25
syndromic,current,ILI incidence,respicast-hubEnsemble,ensemble,2025-07-07,2024/25
syndromic,current,ILI incidence,respicast-hubEnsemble,ensemble,2025-07-14,2024/25
syndromic,current,ILI incidence,respicast-hubEnsemble,ensemble,2025-07-21,2024/25
syndromic,current,ILI incidence,respicast-hubEnsemble,ensemble,2025-07-28,2024/25
syndromic,current,ILI incidence,respicast-hubEnsemble,ensemble,2025-08-04,2025/26
syndromic,current,ILI incidence,respicast-hubEnsemble,ensemble,2025-08-11,2025/26
syndromic,current,ILI incidence,respicast-hubEnsemble,ensemble,2025-08-18,2025/26
syndromic,current,ILI incidence,respicast-hubEnsemble,ensemble,2025-08-25,2025/26
syndromic,current,ILI incidence,respicast-hubEnsemble,ensemble,2025-09-01,2025/26
syndromic,current,ILI incidence,respicast-hubEnsemble,ensemble,2025-09-08,2025/26
syndromic,current,ILI incidence,respicast-hubEnsemble,ensemble,2025-09-15,2025/26
syndromic,current,ILI incidence,respicast-hubEnsemble,ensemble,2025-09-22,2025/26
syndromic,current,ILI incidence,respicast-hubEnsemble,ensemble,2025-09-29,2025/26
syndromic,current,ILI incidence,respicast-hubEnsemble,ensemble,2025-10-06,2025/26
syndromic,current,ILI incidence,respicast-hubEnsemble,ensemble,2025-10-13,2025/26
syndromic,current,ILI incidence,respicast-hubEnsemble,ensemble,2025-10-20,2025/26
syndromic,current,ILI incidence,respicast-hubEnsemble,ensemble,2025-10-27,2025/26
syndromic,current,ILI incidence,respicast-hubEnsemble,ensemble,2025-11-03,2025/26
syndromic,current,ILI incidence,respicast-hubEnsemble,ensemble,2025-11-10,2025/26
syndromic,current,ILI incidence,respicast-hubEnsemble,ensemble,2025-11-17,2025/26
syndromic,current,ILI incidence,respicast-hubEnsemble,ensemble,2025-11-24,2025/26
syndromic,current,ILI incidence,respicast-hubEnsemble,ensemble,2025-12-01,2025/26
syndromic,current,ILI incidence,respicast-hubEnsemble,ensemble,2025-12-08,2025/26
syndromic,current,ILI incidence,respicast-hubEnsemble,ensemble,2025-12-15,2025/26
syndromic,current,ILI incidence,respicast-hubEnsemble,ensemble,2025-12-22,2025/26
syndromic,current,ILI incidence,respicast-hubEnsemble,ensemble,2025-12-29,2025/26
syndromic,current,ILI incidence,respicast-hubEnsemble,ensemble,2026-01-05,2025/26
syndromic,current,ILI incidence,respicast-hubEnsemble,ensemble,2026-01-12,2025/26
syndromic,current,ILI incidence,respicast-hubEnsemble,ensemble,2026-01-19,2025/26
syndromic,current,ILI incidence,respicast-hubEnsemble,ensemble,2026-01-26,2025/26
syndromic,current,ILI incidence,respicast-hubEnsemble,ensemble,2026-02-02,2025/26
syndromic,current,ILI incidence,respicast-hubEnsemble,ensemble,2026-02-09,2025/26
syndromic,current,ILI incidence,respicast-hubEnsemble,ensemble,2026-02-16,2025/26
syndromic,current,ILI incidence,respicast-hubEnsemble,ensemble,2026-02-23,2025/26
syndromic,current,ILI incidence,respicast-hubEnsemble,ensemble,2026-03-02,2025/26
syndromic,current,ILI incidence,respicast-hubEnsemble,ensemble,2026-03-09,2025/26
syndromic,current,ILI incidence,respicast-hubEnsemble,ensemble,2026-03-16,2025/26
syndromic,current,ILI incidence,respicast-hubEnsemble,ensemble,2026-03-23,2025/26
syndromic,current,ILI incidence,respicast-hubEnsemble,ensemble,2026-03-30,2025/26
syndromic,current,ILI incidence,respicast-hubEnsemble,ensemble,2026-04-06,2025/26
syndromic,current,ILI incidence,respicast-hubEnsemble,ensemble,2026-04-13,2025/26
syndromic,current,ILI incidence,respicast-hubEnsemble,ensemble,2026-04-20,2025/26
syndromic,current,ILI incidence,respicast-hubEnsemble,ensemble,2026-04-27,2025/26
syndromic,current,ILI incidence,respicast-hubEnsemble,ensemble,2026-05-04,2025/26
syndromic,current,ILI incidence,respicast-hubEnsemble,ensemble,2026-05-11,2025/26
syndromic,current,ILI incidence,respicast-hubEnsemble,ensemble,2026-05-18,2025/26
syndromic,current,ILI incidence,respicast-hubEnsemble,ensemble,2026-05-25,2025/26
syndromic,current,ILI incidence,respicast-hubEnsemble,ensemble,2026-06-01,2025/26
syndromic,current,ILI incidence,respicast-hubEnsemble,ensemble,2026-06-08,2025/26
syndromic,current,ILI incidence,respicast-hubEnsemble,ensemble,2026-06-15,2025/26
syndromic,current,ILI incidence,respicast-hubEnsemble,ensemble,2026-06-29,2025/26
syndromic,current,ILI incidence,respicast-hubEnsemble,ensemble,2026-07-06,2025/26
flu_archive,archive,ILI incidence,respicast-quantileBaseline,baseline,2023-12-18,2023/24
flu_archive,archive,ILI incidence,respicast-quantileBaseline,baseline,2023-12-25,2023/24
flu_archive,archive,ILI incidence,respicast-quantileBaseline,baseline,2024-01-01,2023/24
flu_archive,archive,ILI incidence,respicast-quantileBaseline,baseline,2024-01-08,2023/24
flu_archive,archive,ILI incidence,respicast-quantileBaseline,baseline,2024-01-15,2023/24
flu_archive,archive,ILI incidence,respicast-quantileBaseline,baseline,2024-01-22,2023/24
flu_archive,archive,ILI incidence,respicast-quantileBaseline,baseline,2024-01-29,2023/24
flu_archive,archive,ILI incidence,respicast-quantileBaseline,baseline,2024-02-05,2023/24
flu_archive,archive,ILI incidence,respicast-quantileBaseline,baseline,2024-02-12,2023/24
flu_archive,archive,ILI incidence,respicast-quantileBaseline,baseline,2024-02-19,2023/24
flu_archive,archive,ILI incidence,respicast-quantileBaseline,baseline,2024-02-26,2023/24
flu_archive,archive,ILI incidence,respicast-quantileBaseline,baseline,2024-03-04,2023/24
flu_archive,archive,ILI incidence,respicast-quantileBaseline,baseline,2024-03-11,2023/24
flu_archive,archive,ILI incidence,respicast-quantileBaseline,baseline,2024-03-18,2023/24
flu_archive,archive,ILI incidence,respicast-quantileBaseline,baseline,2024-03-25,2023/24
flu_archive,archive,ILI incidence,respicast-quantileBaseline,baseline,2024-04-01,2023/24
flu_archive,archive,ILI incidence,respicast-quantileBaseline,baseline,2024-04-08,2023/24
flu_archive,archive,ILI incidence,respicast-quantileBaseline,baseline,2024-04-15,2023/24
flu_archive,archive,ILI incidence,respicast-quantileBaseline,baseline,2024-04-22,2023/24
flu_archive,archive,ILI incidence,respicast-quantileBaseline,baseline,2024-04-29,2023/24
syndromic,current,ILI incidence,respicast-quantileBaseline,baseline,2024-10-21,2024/25
syndromic,current,ILI incidence,respicast-quantileBaseline,baseline,2024-10-28,2024/25
syndromic,current,ILI incidence,respicast-quantileBaseline,baseline,2024-11-04,2024/25
syndromic,current,ILI incidence,respicast-quantileBaseline,baseline,2024-11-11,2024/25
syndromic,current,ILI incidence,respicast-quantileBaseline,baseline,2024-11-18,2024/25
syndromic,current,ILI incidence,respicast-quantileBaseline,baseline,2024-11-25,2024/25
syndromic,current,ILI incidence,respicast-quantileBaseline,baseline,2024-12-02,2024/25
syndromic,current,ILI incidence,respicast-quantileBaseline,baseline,2024-12-09,2024/25
syndromic,current,ILI incidence,respicast-quantileBaseline,baseline,2024-12-16,2024/25
syndromic,current,ILI incidence,respicast-quantileBaseline,baseline,2024-12-23,2024/25
syndromic,current,ILI incidence,respicast-quantileBaseline,baseline,2024-12-30,2024/25
syndromic,current,ILI incidence,respicast-quantileBaseline,baseline,2025-01-06,2024/25
syndromic,current,ILI incidence,respicast-quantileBaseline,baseline,2025-01-13,2024/25
syndromic,current,ILI incidence,respicast-quantileBaseline,baseline,2025-01-20,2024/25
syndromic,current,ILI incidence,respicast-quantileBaseline,baseline,2025-01-27,2024/25
syndromic,current,ILI incidence,respicast-quantileBaseline,baseline,2025-02-03,2024/25
syndromic,current,ILI incidence,respicast-quantileBaseline,baseline,2025-02-10,2024/25
syndromic,current,ILI incidence,respicast-quantileBaseline,baseline,2025-02-17,2024/25
syndromic,current,ILI incidence,respicast-quantileBaseline,baseline,2025-02-24,2024/25
syndromic,current,ILI incidence,respicast-quantileBaseline,baseline,2025-03-03,2024/25
syndromic,current,ILI incidence,respicast-quantileBaseline,baseline,2025-03-10,2024/25
syndromic,current,ILI incidence,respicast-quantileBaseline,baseline,2025-03-17,2024/25
syndromic,current,ILI incidence,respicast-quantileBaseline,baseline,2025-03-24,2024/25
syndromic,current,ILI incidence,respicast-quantileBaseline,baseline,2025-03-31,2024/25
syndromic,current,ILI incidence,respicast-quantileBaseline,baseline,2025-04-07,2024/25
syndromic,current,ILI incidence,respicast-quantileBaseline,baseline,2025-04-14,2024/25
syndromic,current,ILI incidence,respicast-quantileBaseline,baseline,2025-04-21,2024/25
syndromic,current,ILI incidence,respicast-quantileBaseline,baseline,2025-04-28,2024/25
syndromic,current,ILI incidence,respicast-quantileBaseline,baseline,2025-05-05,2024/25
syndromic,current,ILI incidence,respicast-quantileBaseline,baseline,2025-05-12,2024/25
syndromic,current,ILI incidence,respicast-quantileBaseline,baseline,2025-05-19,2024/25
syndromic,current,ILI incidence,respicast-quantileBaseline,baseline,2025-05-26,2024/25
syndromic,current,ILI incidence,respicast-quantileBaseline,baseline,2025-06-02,2024/25
syndromic,current,ILI incidence,respicast-quantileBaseline,baseline,2025-06-09,2024/25
syndromic,current,ILI incidence,respicast-quantileBaseline,baseline,2025-06-16,2024/25
syndromic,current,ILI incidence,respicast-quantileBaseline,baseline,2025-06-23,2024/25
syndromic,current,ILI incidence,respicast-quantileBaseline,baseline,2025-06-30,2024/25
syndromic,current,ILI incidence,respicast-quantileBaseline,baseline,2025-07-07,2024/25
syndromic,current,ILI incidence,respicast-quantileBaseline,baseline,2025-07-14,2024/25
syndromic,current,ILI incidence,respicast-quantileBaseline,baseline,2025-07-21,2024/25
syndromic,current,ILI incidence,respicast-quantileBaseline,baseline,2025-07-28,2024/25
syndromic,current,ILI incidence,respicast-quantileBaseline,baseline,2025-08-04,2025/26
syndromic,current,ILI incidence,respicast-quantileBaseline,baseline,2025-08-11,2025/26
syndromic,current,ILI incidence,respicast-quantileBaseline,baseline,2025-08-18,2025/26
syndromic,current,ILI incidence,respicast-quantileBaseline,baseline,2025-08-25,2025/26
syndromic,current,ILI incidence,respicast-quantileBaseline,baseline,2025-09-01,2025/26
syndromic,current,ILI incidence,respicast-quantileBaseline,baseline,2025-09-08,2025/26
syndromic,current,ILI incidence,respicast-quantileBaseline,baseline,2025-09-15,2025/26
syndromic,current,ILI incidence,respicast-quantileBaseline,baseline,2025-09-22,2025/26
syndromic,current,ILI incidence,respicast-quantileBaseline,baseline,2025-09-29,2025/26
syndromic,current,ILI incidence,respicast-quantileBaseline,baseline,2025-10-06,2025/26
syndromic,current,ILI incidence,respicast-quantileBaseline,baseline,2025-10-13,2025/26
syndromic,current,ILI incidence,respicast-quantileBaseline,baseline,2025-10-20,2025/26
syndromic,current,ILI incidence,respicast-quantileBaseline,baseline,2025-10-27,2025/26
syndromic,current,ILI incidence,respicast-quantileBaseline,baseline,2025-11-03,2025/26
syndromic,current,ILI incidence,respicast-quantileBaseline,baseline,2025-11-10,2025/26
syndromic,current,ILI incidence,respicast-quantileBaseline,baseline,2025-11-17,2025/26
syndromic,current,ILI incidence,respicast-quantileBaseline,baseline,2025-11-24,2025/26
syndromic,current,ILI incidence,respicast-quantileBaseline,baseline,2025-12-01,2025/26
syndromic,current,ILI incidence,respicast-quantileBaseline,baseline,2025-12-08,2025/26
syndromic,current,ILI incidence,respicast-quantileBaseline,baseline,2025-12-15,2025/26
syndromic,current,ILI incidence,respicast-quantileBaseline,baseline,2025-12-22,2025/26
syndromic,current,ILI incidence,respicast-quantileBaseline,baseline,2025-12-29,2025/26
syndromic,current,ILI incidence,respicast-quantileBaseline,baseline,2026-01-05,2025/26
syndromic,current,ILI incidence,respicast-quantileBaseline,baseline,2026-01-12,2025/26
syndromic,current,ILI incidence,respicast-quantileBaseline,baseline,2026-01-19,2025/26
syndromic,current,ILI incidence,respicast-quantileBaseline,baseline,2026-01-26,2025/26
syndromic,current,ILI incidence,respicast-quantileBaseline,baseline,2026-02-02,2025/26
syndromic,current,ILI incidence,respicast-quantileBaseline,baseline,2026-02-09,2025/26
syndromic,current,ILI incidence,respicast-quantileBaseline,baseline,2026-02-16,2025/26
syndromic,current,ILI incidence,respicast-quantileBaseline,baseline,2026-02-23,2025/26
syndromic,current,ILI incidence,respicast-quantileBaseline,baseline,2026-03-02,2025/26
syndromic,current,ILI incidence,respicast-quantileBaseline,baseline,2026-03-09,2025/26
syndromic,current,ILI incidence,respicast-quantileBaseline,baseline,2026-03-16,2025/26
syndromic,current,ILI incidence,respicast-quantileBaseline,baseline,2026-03-23,2025/26
syndromic,current,ILI incidence,respicast-quantileBaseline,baseline,2026-03-30,2025/26
syndromic,current,ILI incidence,respicast-quantileBaseline,baseline,2026-04-06,2025/26
syndromic,current,ILI incidence,respicast-quantileBaseline,baseline,2026-04-13,2025/26
syndromic,current,ILI incidence,respicast-quantileBaseline,baseline,2026-04-20,2025/26
syndromic,current,ILI incidence,respicast-quantileBaseline,baseline,2026-04-27,2025/26
syndromic,current,ILI incidence,respicast-quantileBaseline,baseline,2026-05-04,2025/26
syndromic,current,ILI incidence,respicast-quantileBaseline,baseline,2026-05-11,2025/26
syndromic,current,ILI incidence,respicast-quantileBaseline,baseline,2026-05-18,2025/26
syndromic,current,ILI incidence,respicast-quantileBaseline,baseline,2026-05-25,2025/26
syndromic,current,ILI incidence,respicast-quantileBaseline,baseline,2026-06-01,2025/26
syndromic,current,ILI incidence,respicast-quantileBaseline,baseline,2026-06-08,2025/26
syndromic,current,ILI incidence,respicast-quantileBaseline,baseline,2026-06-15,2025/26
syndromic,current,ILI incidence,respicast-quantileBaseline,baseline,2026-06-22,2025/26
syndromic,current,ILI incidence,respicast-quantileBaseline,baseline,2026-06-29,2025/26
syndromic,current,ILI incidence,respicast-quantileBaseline,baseline,2026-07-06,2025/26
syndromic,current,ILI incidence,safinea-PRFM,model,2025-06-09,2024/25
syndromic,current,ILI incidence,safinea-PRFM,model,2025-06-16,2024/25
syndromic,current,ILI incidence,safinea-PRFM,model,2025-06-23,2024/25
syndromic,current,ILI incidence,safinea-PRFM,model,2025-06-30,2024/25
syndromic,current,ILI incidence,safinea-PRFM,model,2025-07-07,2024/25
syndromic,current,ILI incidence,safinea-PRFM,model,2025-07-14,2024/25
syndromic,current,ILI incidence,safinea-PRFM,model,2025-07-21,2024/25
syndromic,current,ILI incidence,safinea-PRFM,model,2025-07-28,2024/25
syndromic,current,ILI incidence,safinea-PRFM,model,2025-08-04,2025/26
syndromic,current,ILI incidence,safinea-PRFM,model,2025-08-11,2025/26
syndromic,current,ILI incidence,safinea-PRFM,model,2025-08-18,2025/26
syndromic,current,ILI incidence,safinea-PRFM,model,2025-08-25,2025/26
syndromic,current,ILI incidence,safinea-PRFM,model,2025-09-01,2025/26
syndromic,current,ILI incidence,safinea-PRFM,model,2025-09-08,2025/26
syndromic,current,ILI incidence,safinea-PRFM,model,2025-09-15,2025/26
syndromic,current,ILI incidence,safinea-PRFM,model,2025-09-22,2025/26
syndromic,current,ILI incidence,safinea-PRFM,model,2025-09-29,2025/26
syndromic,current,ILI incidence,safinea-PRFM,model,2025-10-06,2025/26
syndromic,current,ILI incidence,safinea-PRFM,model,2025-10-13,2025/26
syndromic,current,ILI incidence,safinea-PRFM,model,2025-10-20,2025/26
syndromic,current,ILI incidence,safinea-PRFM,model,2025-10-27,2025/26
syndromic,current,ILI incidence,safinea-PRFM,model,2025-11-03,2025/26
syndromic,current,ILI incidence,safinea-PRFM,model,2025-11-10,2025/26
syndromic,current,ILI incidence,safinea-PRFM,model,2025-11-17,2025/26
syndromic,current,ILI incidence,safinea-PRFM,model,2025-11-24,2025/26
syndromic,current,ILI incidence,safinea-PRFM,model,2025-12-01,2025/26
syndromic,current,ILI incidence,safinea-PRFM,model,2025-12-08,2025/26
syndromic,current,ILI incidence,safinea-PRFM,model,2025-12-15,2025/26
syndromic,current,ILI incidence,safinea-PRFM,model,2025-12-22,2025/26
syndromic,current,ILI incidence,safinea-PRFM,model,2025-12-29,2025/26
syndromic,current,ILI incidence,safinea-PRFM,model,2026-01-05,2025/26
syndromic,current,ILI incidence,safinea-PRFM,model,2026-01-12,2025/26
syndromic,current,ILI incidence,safinea-PRFM,model,2026-01-19,2025/26
syndromic,current,ILI incidence,safinea-PRFM,model,2026-01-26,2025/26
syndromic,current,ILI incidence,safinea-PRFM,model,2026-02-02,2025/26
syndromic,current,ILI incidence,safinea-PRFM,model,2026-02-09,2025/26
syndromic,current,ILI incidence,safinea-PRFM,model,2026-02-16,2025/26
syndromic,current,ILI incidence,safinea-PRFM,model,2026-02-23,2025/26
syndromic,current,ILI incidence,safinea-PRFM,model,2026-03-02,2025/26
syndromic,current,ILI incidence,safinea-PRFM,model,2026-03-09,2025/26
syndromic,current,ILI incidence,safinea-PRFM,model,2026-03-16,2025/26
syndromic,current,ILI incidence,safinea-PRFM,model,2026-03-23,2025/26
syndromic,current,ILI incidence,safinea-PRFM,model,2026-03-30,2025/26
syndromic,current,ILI incidence,safinea-PRFM,model,2026-04-06,2025/26
syndromic,current,ILI incidence,safinea-PRFM,model,2026-04-13,2025/26
syndromic,current,ILI incidence,safinea-PRFM,model,2026-04-20,2025/26
syndromic,current,ILI incidence,safinea-PRFM,model,2026-04-27,2025/26
syndromic,current,ILI incidence,safinea-PRFM,model,2026-05-04,2025/26
syndromic,current,ILI incidence,safinea-PRFM,model,2026-05-11,2025/26
syndromic,current,ILI incidence,safinea-PRFM,model,2026-05-18,2025/26
syndromic,current,ILI incidence,safinea-syndromic,model,2024-10-21,2024/25
syndromic,current,ILI incidence,safinea-syndromic,model,2024-10-28,2024/25
syndromic,current,ILI incidence,safinea-syndromic,model,2024-12-02,2024/25
syndromic,current,ILI incidence,safinea-syndromic,model,2024-12-09,2024/25
syndromic,current,ILI incidence,safinea-syndromic,model,2025-01-06,2024/25
syndromic,current,ILI incidence,safinea-syndromic,model,2025-01-13,2024/25
syndromic,current,ILI incidence,safinea-syndromic,model,2025-01-27,2024/25
syndromic,current,ILI incidence,safinea-syndromic,model,2025-02-03,2024/25
syndromic,current,ILI incidence,safinea-syndromic,model,2025-02-10,2024/25
syndromic,current,ILI incidence,safinea-syndromic,model,2025-02-24,2024/25
syndromic,current,ILI incidence,safinea-syndromic,model,2025-03-24,2024/25
