indicator,location,eu_eea,week_end,iso_week,msp,f1,f2,ratio,source,hub,origin_date
ARI incidence,BE,TRUE,2023-12-10,2023-W49,1666.7034176033756,1689.1175057165,1711.83302199053,0.9867302967157299,extrapolated,ari_archive,2023-12-20
ARI incidence,BE,TRUE,2023-12-17,2023-W50,1500.8947024095346,1446.2748782325,1393.64275191884,1.0377658666406389,extrapolated,ari_archive,2023-12-27
ARI incidence,BE,TRUE,2023-12-24,2023-W51,1439.0667069309106,1388.49258785769,1339.69583011714,1.036423758769394,extrapolated,ari_archive,2024-01-03
ARI incidence,BE,TRUE,2023-12-31,2023-W52,1492.0740491961064,1392.07933969806,1298.78600131024,1.0718311856562235,extrapolated,ari_archive,2024-01-10
ARI incidence,BE,TRUE,2024-01-07,2024-W01,1200.4360172979923,1194.80505778575,1189.20051176375,1.0047128688278881,extrapolated,ari_archive,2024-01-17
ARI incidence,BE,TRUE,2024-01-14,2024-W02,1312.59990601834,1280.03181470079,1248.27179945212,1.0254431889453963,extrapolated,ari_archive,2024-01-24
ARI incidence,BE,TRUE,2024-01-21,2024-W03,1393.5344784344545,1328.01000642517,1265.56651769871,1.0493403450969978,extrapolated,ari_archive,2024-01-31
ARI incidence,BE,TRUE,2024-01-28,2024-W04,1734.5460565365763,1695.72166169519,1657.76627441294,1.0228954997263962,extrapolated,ari_archive,2024-02-07
ARI incidence,BE,TRUE,2024-02-04,2024-W05,1773.8218471163816,1688.41489661307,1607.12016696561,1.050584101499362,extrapolated,ari_archive,2024-02-14
ARI incidence,BE,TRUE,2024-02-11,2024-W06,1702.4898939466661,1498.99,1319.81460100837,1.1357580063553896,extrapolated,ari_archive,2024-02-21
ARI incidence,BE,TRUE,2024-02-18,2024-W07,1568.4386706541493,1450.7809717639,1341.94946057685,1.0810995602921347,extrapolated,ari_archive,2024-02-28
ARI incidence,BE,TRUE,2024-02-25,2024-W08,1634.9026786327502,1632.81,1630.72,1.0012816424646782,extrapolated,ari_archive,2024-03-06
ARI incidence,BE,TRUE,2024-03-17,2024-W11,1167.0441251096622,1164.85,1162.66,1.001883611717957,extrapolated,ari_archive,2024-03-27
ARI incidence,BE,TRUE,2024-03-31,2024-W13,1173.1031359940234,1146.77820334688,1121.04401336985,1.0229555572039255,extrapolated,ari_archive,2024-04-10
ARI incidence,BE,TRUE,2024-04-07,2024-W14,944.5920355451682,943.202942126726,941.815891474317,1.0014727407606574,extrapolated,ari_archive,2024-04-17
ARI incidence,BE,TRUE,2024-04-14,2024-W15,852.1015999742556,829.1463208659,806.809447871274,1.0276854380592104,extrapolated,ari_archive,2024-04-24
ARI incidence,BE,TRUE,2024-04-21,2024-W16,874.1197061666938,830.793480283383,789.614742708651,1.0521504163327482,extrapolated,ari_archive,2024-05-01
ARI incidence,BE,TRUE,2024-10-13,2024-W41,1399.1599001588752,1365.54832829398,1332.74419649587,1.0246139745979463,extrapolated,syndromic,2024-10-23
ARI incidence,BE,TRUE,2024-10-20,2024-W42,1047.5982734257007,1087.43657249296,1128.78985121686,0.9633649446092024,extrapolated,syndromic,2024-10-30
ARI incidence,BE,TRUE,2024-10-27,2024-W43,1041.629681509907,1047.19,1052.78,0.9946902486749369,extrapolated,syndromic,2024-11-06
ARI incidence,BE,TRUE,2024-11-03,2024-W44,713.0679452758382,671.369397359228,632.109283128879,1.0621096941275965,extrapolated,syndromic,2024-11-13
ARI incidence,BE,TRUE,2024-11-10,2024-W45,1128.5315979765999,1144.55799459475,1160.81198376682,0.9859977417537282,extrapolated,syndromic,2024-11-20
ARI incidence,BE,TRUE,2024-11-17,2024-W46,903.5695956847723,909.176006707468,914.817204031856,0.9938335251025826,extrapolated,syndromic,2024-11-27
ARI incidence,BE,TRUE,2024-11-24,2024-W47,1047.110227911887,1119.2141087837,1196.28305398035,0.9355763295816814,extrapolated,syndromic,2024-12-04
ARI incidence,BE,TRUE,2024-12-01,2024-W48,1457.8190012103146,1490.85286860567,1524.63527638511,0.9778423021540353,extrapolated,syndromic,2024-12-11
ARI incidence,BE,TRUE,2024-12-08,2024-W49,1384.9824293647612,1371.6,1358.34687871302,1.009756801811579,extrapolated,syndromic,2024-12-18
ARI incidence,BE,TRUE,2024-12-15,2024-W50,1508.9341709309263,1475.2,1442.22,1.022867523678773,extrapolated,syndromic,2024-12-25
ARI incidence,BE,TRUE,2024-12-22,2024-W51,1373.285878896149,1378,1382.73030341383,0.9965790122613563,extrapolated,syndromic,2025-01-01
ARI incidence,BE,TRUE,2024-12-29,2024-W52,1268.325042205813,1240.37822449015,1213.04719893694,1.022530883857744,extrapolated,syndromic,2025-01-08
ARI incidence,BE,TRUE,2025-01-05,2025-W01,902.0181320308408,810.618230109902,728.479718591781,1.1127533264438747,extrapolated,syndromic,2025-01-15
ARI incidence,BE,TRUE,2025-01-12,2025-W02,701.1329405724284,685.476168187331,670.169022110361,1.0228407246111852,extrapolated,syndromic,2025-01-22
ARI incidence,BE,TRUE,2025-01-19,2025-W03,1199.161346527992,1193.14612086201,1187.16106873349,1.0050414828165695,extrapolated,syndromic,2025-01-29
ARI incidence,BE,TRUE,2025-01-26,2025-W04,1224.1838711047474,1225.82,1227.45831559108,0.9986652780218519,extrapolated,syndromic,2025-02-05
ARI incidence,BE,TRUE,2025-02-02,2025-W05,1308.405073162398,1254.28959186388,1202.41232056335,1.0431443277928363,extrapolated,syndromic,2025-02-12
ARI incidence,BE,TRUE,2025-02-09,2025-W06,1230.3045023588688,1197.76411152028,1166.08438325254,1.0271676121580295,extrapolated,syndromic,2025-02-19
ARI incidence,BE,TRUE,2025-02-16,2025-W07,978.9786758672788,954.904621564219,931.422572076865,1.0252109517112027,extrapolated,syndromic,2025-02-26
ARI incidence,BE,TRUE,2025-02-23,2025-W08,960.897710397381,955.284192352,949.703468208098,1.0058762806820445,extrapolated,syndromic,2025-03-05
ARI incidence,BE,TRUE,2025-03-02,2025-W09,909.143927837885,857,807.846785873231,1.060844723264743,extrapolated,syndromic,2025-03-12
ARI incidence,BE,TRUE,2025-03-09,2025-W10,612.5546246381476,617.16,621.8,0.992537793502734,extrapolated,syndromic,2025-03-19
ARI incidence,BE,TRUE,2025-03-16,2025-W11,814.1663444335803,755.98,701.952081791836,1.0769681002587097,extrapolated,syndromic,2025-03-26
ARI incidence,BE,TRUE,2025-03-23,2025-W12,790.465652524714,749.089780108999,709.879672660672,1.0552348643839387,extrapolated,syndromic,2025-04-02
ARI incidence,BE,TRUE,2025-03-30,2025-W13,660.9775547904851,645.76658828530606,630.905669221745,1.023554898598221,extrapolated,syndromic,2025-04-09
ARI incidence,BE,TRUE,2025-04-06,2025-W14,600.0363556613944,609.402825058203,618.915503510735,0.9846300853693722,extrapolated,syndromic,2025-04-16
ARI incidence,BE,TRUE,2025-04-13,2025-W15,594.7351494461919,610.423899107971,626.526508394794,0.9742985985891021,extrapolated,syndromic,2025-04-23
ARI incidence,BE,TRUE,2025-04-20,2025-W16,615.9622056606053,580.9,547.833628263114,1.060358419109323,extrapolated,syndromic,2025-04-30
ARI incidence,BE,TRUE,2025-04-27,2025-W17,573.6161732877896,562.907118675811,552.397995404724,1.0190245499775705,extrapolated,syndromic,2025-05-07
ARI incidence,BE,TRUE,2025-05-04,2025-W18,552.9215007378417,551.71229953851,550.505742778829,1.002191724201805,extrapolated,syndromic,2025-05-14
ARI incidence,BE,TRUE,2025-05-11,2025-W19,466.8819916267055,504.487985567982,545.123033543628,0.9254571069736427,extrapolated,syndromic,2025-05-21
ARI incidence,BE,TRUE,2025-05-18,2025-W20,490.08362989323837,454.5,421.5,1.0782918149466192,extrapolated,syndromic,2025-05-28
ARI incidence,BE,TRUE,2025-05-25,2025-W21,453.44110416652745,454,454.559584709161,0.9987689519086501,extrapolated,syndromic,2025-06-04
ARI incidence,BE,TRUE,2025-06-01,2025-W22,458.72661106024236,445.827555335817,433.291211594019,1.0289328364073633,extrapolated,syndromic,2025-06-11
ARI incidence,BE,TRUE,2025-06-08,2025-W23,488.12811556276245,488.063858510817,487.999609917652,1.0001316570584469,extrapolated,syndromic,2025-06-18
ARI incidence,BE,TRUE,2025-06-15,2025-W24,486.095711678212,494.185512440253,502.409946927294,0.983630032531519,extrapolated,syndromic,2025-06-25
ARI incidence,BE,TRUE,2025-06-22,2025-W25,425.1323997948017,412.287174040112,399.830062258313,1.0311560159119577,extrapolated,syndromic,2025-07-02
ARI incidence,BE,TRUE,2025-06-29,2025-W26,369.589252137377,424.228621013026,486.945769785855,0.8712030113735042,extrapolated,syndromic,2025-07-09
ARI incidence,BE,TRUE,2025-07-06,2025-W27,361.94323539265815,378.994389234796,396.848823312391,0.9550094821283107,extrapolated,syndromic,2025-07-16
ARI incidence,BE,TRUE,2025-07-13,2025-W28,273.79321722689207,339,419.736475446596,0.8076496083389153,extrapolated,syndromic,2025-07-23
ARI incidence,BE,TRUE,2025-07-20,2025-W29,342.9069067834206,335.266309229583,327.795958264032,1.0227896372033172,extrapolated,syndromic,2025-07-30
ARI incidence,BE,TRUE,2025-07-27,2025-W30,291.26199451658056,356.485720332581,436.315314711631,0.8170369187434761,extrapolated,syndromic,2025-08-06
ARI incidence,BE,TRUE,2025-08-03,2025-W31,284.7279454323819,306.147346102851,329.178076930553,0.9300356480527078,extrapolated,syndromic,2025-08-13
ARI incidence,BE,TRUE,2025-08-10,2025-W32,272.2376125625736,285.007321914632,298.376013440392,0.9551951533515922,extrapolated,syndromic,2025-08-20
ARI incidence,BE,TRUE,2025-08-17,2025-W33,343.6078367235719,317.069037481441,292.579981551133,1.0837003810051444,extrapolated,syndromic,2025-08-27
ARI incidence,BE,TRUE,2025-08-24,2025-W34,344.01043246064893,366.927450643415,391.371136836313,0.9375434622223526,extrapolated,syndromic,2025-09-03
ARI incidence,BE,TRUE,2025-08-31,2025-W35,447.93718958187753,505.939813433346,571.453098270108,0.885356672253449,extrapolated,syndromic,2025-09-10
ARI incidence,BE,TRUE,2025-09-07,2025-W36,414.9421683358191,433.435785294903,452.753646918252,0.9573325101744857,extrapolated,syndromic,2025-09-17
ARI incidence,BE,TRUE,2025-09-14,2025-W37,693.7645012188027,743.856611743365,797.565539692856,0.9326589160682965,extrapolated,syndromic,2025-09-24
ARI incidence,BE,TRUE,2025-09-21,2025-W38,857.7693489619392,831.567307763895,806.165653014463,1.0315092247535584,extrapolated,syndromic,2025-10-01
ARI incidence,BE,TRUE,2025-09-28,2025-W39,920.8326898548996,951.137566444934,982.439785500386,0.9681382823482573,extrapolated,syndromic,2025-10-08
ARI incidence,BE,TRUE,2025-10-05,2025-W40,814.7784026752217,859.951698324603,907.629511316524,0.9474699616997204,extrapolated,syndromic,2025-10-15
ARI incidence,BE,TRUE,2025-10-12,2025-W41,952.7126195810633,966,979.472698084273,0.9862449478064841,extrapolated,syndromic,2025-10-22
ARI incidence,BE,TRUE,2025-10-19,2025-W42,726.7852084277744,819,922.91504040242,0.8874056268959386,extrapolated,syndromic,2025-10-29
ARI incidence,BE,TRUE,2025-10-26,2025-W43,760.2038083648531,827.108422746736,899.901231026538,0.9191102248001533,extrapolated,syndromic,2025-11-05
ARI incidence,BE,TRUE,2025-11-02,2025-W44,763.8715515608776,805.787800962618,850.00413859296,0.947981032535283,extrapolated,syndromic,2025-11-12
ARI incidence,BE,TRUE,2025-11-09,2025-W45,694.9413210230064,768.340055172425,849.491061365196,0.9044710299101262,extrapolated,syndromic,2025-11-19
ARI incidence,BE,TRUE,2025-11-16,2025-W46,692.8231562107915,695.594213863138,698.376354806283,0.9960162727102685,extrapolated,syndromic,2025-11-26
ARI incidence,BE,TRUE,2025-11-23,2025-W47,969.7730100442861,945.70328255764,922.2309647486,1.0254516695993163,extrapolated,syndromic,2025-12-03
ARI incidence,BE,TRUE,2025-11-30,2025-W48,943.2448501867076,985.102823432034,1028.81831005139,0.957509031291276,extrapolated,syndromic,2025-12-10
ARI incidence,BE,TRUE,2025-12-07,2025-W49,1207.7380748818978,1131.95085271186,1060.91938277296,1.0669527497492248,extrapolated,syndromic,2025-12-17
ARI incidence,BE,TRUE,2025-12-14,2025-W50,1150.142535971194,1159.25062965239,1168.43085123766,0.9921431194875198,extrapolated,syndromic,2025-12-24
ARI incidence,BE,TRUE,2025-12-21,2025-W51,1146.0670515082513,1061.17501326982,982.571139538685,1.079998150330407,extrapolated,syndromic,2025-12-31
ARI incidence,BE,TRUE,2025-12-28,2025-W52,833.504982654864,929.474528057983,1036.49398178384,0.8967486009502217,extrapolated,syndromic,2026-01-07
ARI incidence,BE,TRUE,2026-01-04,2026-W01,547.7086011107785,539.554338926628,531.521477048467,1.0151129582246938,extrapolated,syndromic,2026-01-14
ARI incidence,BE,TRUE,2026-01-11,2026-W02,649.8209425144449,676.259505425653,703.773745593592,0.9609047078834514,extrapolated,syndromic,2026-01-21
ARI incidence,BE,TRUE,2026-01-18,2026-W03,724.4938423645317,767,812,0.9445812807881774,extrapolated,syndromic,2026-01-28
ARI incidence,BE,TRUE,2026-05-03,2026-W18,491.6439466247225,498.039858683202,504.51897667016,0.9871578309507397,extrapolated,syndromic,2026-05-13
ARI incidence,BE,TRUE,2026-05-10,2026-W19,405.54321906210095,430.377482704234,456.732522977951,0.9422965544431148,extrapolated,syndromic,2026-05-20
ARI incidence,BE,TRUE,2026-05-17,2026-W20,545.2322792849212,488.375547799383,437.447826825582,1.1164201028117275,extrapolated,syndromic,2026-05-27
ARI incidence,BE,TRUE,2026-05-24,2026-W21,346.8577913314586,350.069443219061,353.310832676656,0.9908256720207572,extrapolated,syndromic,2026-06-03
ARI incidence,BE,TRUE,2026-05-31,2026-W22,341.43567564150675,353.45784526662,365.903323212469,0.9659869775530235,extrapolated,syndromic,2026-06-10
ARI incidence,BE,TRUE,2026-06-07,2026-W23,500.8900349195365,432.087164324801,372.73514056681,1.159233775671743,extrapolated,syndromic,2026-06-17
ARI incidence,BE,TRUE,2026-08-02,2026-W31,189.2425073919783,177.618620186579,166.70870974901,1.0654429540843697,extrapolated,syndromic,2026-08-12
ARI incidence,BE,TRUE,2026-08-09,2026-W32,184.7022156526195,198.322470292661,212.947105610022,0.9313226856243652,extrapolated,syndromic,2026-08-19
ARI incidence,BE,TRUE,2026-08-16,2026-W33,209.95584436026138,242.7307717005,280.62199320931,0.864974155890384,extrapolated,syndromic,2026-08-26
ARI incidence,BE,TRUE,2026-08-23,2026-W34,250.3744902897041,238.020428182969,226.275944353799,1.0519033689715007,extrapolated,syndromic,2026-09-02
ARI incidence,BE,TRUE,2026-08-30,2026-W35,289.1790610873955,365.071408716109,460.880995189639,0.7921164303290328,extrapolated,syndromic,2026-09-09
ARI incidence,BE,TRUE,2026-09-06,2026-W36,404.22012726042925,470.545531460641,547.753766439557,0.8590457250877969,extrapolated,syndromic,2026-09-16
ARI incidence,BE,TRUE,2026-09-13,2026-W37,460.748034827977,585.576701316174,744.224711131661,0.7868278122957669,extrapolated,syndromic,2026-09-23
ARI incidence,BE,TRUE,2026-09-20,2026-W38,602.3020107768615,739.494140625,907.935843204917,0.8144784085345329,extrapolated,syndromic,2026-09-30
ARI incidence,BE,TRUE,2026-09-27,2026-W39,739.494140625,739.494140625,907.935843204917,0.8144784085345329,h1_nowcast,syndromic,2026-09-30
ARI incidence,BG,TRUE,2023-12-10,2023-W49,1037.3446918753682,1083.13373411986,1130.94393327207,0.95772540287308106,extrapolated,ari_archive,2023-12-20
ARI incidence,BG,TRUE,2023-12-17,2023-W50,1206.3037643887894,1260.69680006109,1317.54245373641,0.9568547840609525,extrapolated,ari_archive,2023-12-27
ARI incidence,BG,TRUE,2023-12-24,2023-W51,1248.3691991981543,1314.78549353009,1384.73529714407,0.9494850721590999,extrapolated,ari_archive,2024-01-03
ARI incidence,BG,TRUE,2023-12-31,2023-W52,862.4365326130139,848.200153640994,834.198776873277,1.0167842211663227,extrapolated,ari_archive,2024-01-10
ARI incidence,BG,TRUE,2024-01-07,2024-W01,1172.1648276340354,1111.64821183218,1054.25595252164,1.05443863909259,extrapolated,ari_archive,2024-01-17
ARI incidence,BG,TRUE,2024-01-14,2024-W02,1296.2893089309487,1227.64848143472,1162.64230799828,1.0559124444287262,extrapolated,ari_archive,2024-01-24
ARI incidence,BG,TRUE,2024-01-21,2024-W03,1595.5935571291996,1520.9819260099,1449.8592131514,1.049054909754933,extrapolated,ari_archive,2024-01-31
ARI incidence,BG,TRUE,2024-01-28,2024-W04,1951.8735632094651,1806.6826013295,1672.29173214456,1.0803632922424342,extrapolated,ari_archive,2024-02-07
ARI incidence,BG,TRUE,2024-02-04,2024-W05,1791.2223720776813,1692.99238334785,1600.14929176506,1.0580215184049349,extrapolated,ari_archive,2024-02-14
ARI incidence,BG,TRUE,2024-02-11,2024-W06,1369.8260656139369,1298.75141360253,1231.36453355382,1.0547253702802581,extrapolated,ari_archive,2024-02-21
ARI incidence,BG,TRUE,2024-02-18,2024-W07,1211.4529932966923,1126.29910856751,1047.13075041228,1.07560503607029,extrapolated,ari_archive,2024-02-28
ARI incidence,BG,TRUE,2024-02-25,2024-W08,1015.8507726448923,969.603086370297,925.460875174668,1.0476975444124506,extrapolated,ari_archive,2024-03-06
ARI incidence,BG,TRUE,2024-03-03,2024-W09,896.7591380781379,837.863089945822,782.835131179217,1.0702931646459377,extrapolated,ari_archive,2024-03-13
ARI incidence,BG,TRUE,2024-03-10,2024-W10,761.6128370019226,683.897497282197,614.11226815715,1.113635946949018,extrapolated,ari_archive,2024-03-20
ARI incidence,BG,TRUE,2024-03-17,2024-W11,861.1279043655805,826.071367455673,792.441982974441,1.0424376613099215,extrapolated,ari_archive,2024-03-27
ARI incidence,BG,TRUE,2024-03-24,2024-W12,829.4148058060655,803.545372878527,778.482807100342,1.0321941159773802,extrapolated,ari_archive,2024-04-03
ARI incidence,BG,TRUE,2024-03-31,2024-W13,729.455997414284,725.592230676297,721.748929454336,1.0053249836128841,extrapolated,ari_archive,2024-04-10
ARI incidence,BG,TRUE,2024-04-07,2024-W14,762.4915194143156,739.532101216494,717.264015145733,1.0310458709771417,extrapolated,ari_archive,2024-04-17
ARI incidence,BG,TRUE,2024-04-14,2024-W15,540.0279175313992,520.233917810162,501.16544062627,1.038048268372343,extrapolated,ari_archive,2024-04-24
ARI incidence,BG,TRUE,2024-04-21,2024-W16,600.7373309788182,581.697629114915,563.261369435095,1.0327312694962731,extrapolated,ari_archive,2024-05-01
ARI incidence,BG,TRUE,2024-10-13,2024-W41,659.191374844718,673.113118646389,687.328881693268,0.9793173785861321,extrapolated,syndromic,2024-10-23
ARI incidence,BG,TRUE,2024-10-20,2024-W42,707.4488652090716,694.10879298934,681.020269023594,1.0192189932680147,extrapolated,syndromic,2024-10-30
ARI incidence,BG,TRUE,2024-10-27,2024-W43,676.423729902639,700.080965390115,724.565588750264,0.9662078578664213,extrapolated,syndromic,2024-11-06
ARI incidence,BG,TRUE,2024-11-03,2024-W44,630.0498720999217,622.335963188619,614.716498214736,1.0123950878104158,extrapolated,syndromic,2024-11-13
ARI incidence,BG,TRUE,2024-11-10,2024-W45,1186.5520793796577,1131.96425133329,1079.88775930209,1.048223985856508,extrapolated,syndromic,2024-11-20
ARI incidence,BG,TRUE,2024-11-17,2024-W46,862.0273372311149,989.6,1136.052324217,0.8710866382691139,extrapolated,syndromic,2024-11-27
ARI incidence,BG,TRUE,2024-11-24,2024-W47,1020.304622797909,1074.05594194538,1130.63896864914,0.949954823535435,extrapolated,syndromic,2024-12-04
ARI incidence,BG,TRUE,2024-12-01,2024-W48,941.3226898899951,969.674296394575,998.87982217681,0.9707617221473261,extrapolated,syndromic,2024-12-11
ARI incidence,BG,TRUE,2024-12-08,2024-W49,1010.7743014689174,1000.64822636808,990.623595671596,1.0101195153641458,extrapolated,syndromic,2024-12-18
ARI incidence,BG,TRUE,2024-12-15,2024-W50,1063.830327997036,1037.76,1012.32855395997,1.0251217314186671,extrapolated,syndromic,2024-12-25
ARI incidence,BG,TRUE,2024-12-22,2024-W51,1017.3745478344515,1005.83428887653,994.424933111635,1.0114733202929598,extrapolated,syndromic,2025-01-01
ARI incidence,BG,TRUE,2024-12-29,2024-W52,866.6569553249386,865.5555556,864.4555556,1.001272477217451,extrapolated,syndromic,2025-01-08
ARI incidence,BG,TRUE,2025-01-05,2025-W01,699.6678240160546,608.364374877436,528.9756080187,1.1500802034258062,extrapolated,syndromic,2025-01-15
ARI incidence,BG,TRUE,2025-01-12,2025-W02,1077.6595046176446,1094.34013488065,1111.27895748064,0.9847573622392782,extrapolated,syndromic,2025-01-22
ARI incidence,BG,TRUE,2025-01-19,2025-W03,1502.358829784612,1425.52993093227,1352.62997340995,1.0538949742023982,extrapolated,syndromic,2025-01-29
ARI incidence,BG,TRUE,2025-01-26,2025-W04,2276.115372818628,1999.45925796947,1756.43,1.1383654674364876,extrapolated,syndromic,2025-02-05
ARI incidence,BG,TRUE,2025-02-02,2025-W05,1865.8829411363615,1786.20139584988,1709.92260886043,1.0446094967071555,extrapolated,syndromic,2025-02-12
ARI incidence,BG,TRUE,2025-02-09,2025-W06,1348.242759216828,1165.23430245269,1007.06714004614,1.1570572170583415,extrapolated,syndromic,2025-02-19
ARI incidence,BG,TRUE,2025-02-16,2025-W07,1167.3271533006316,1053.56812501888,950.8952061273,1.1079750094752658,extrapolated,syndromic,2025-02-26
ARI incidence,BG,TRUE,2025-02-23,2025-W08,1175.6555448257607,1040.69522728501,921.227787220884,1.12968284470069,extrapolated,syndromic,2025-03-05
ARI incidence,BG,TRUE,2025-03-02,2025-W09,1051.1676816543402,1066.35897422989,1081.76980872453,0.9857540538011406,extrapolated,syndromic,2025-03-12
ARI incidence,BG,TRUE,2025-03-09,2025-W10,933.8557591931194,849.51595513539,772.793175953795,1.099279835237808,extrapolated,syndromic,2025-03-19
ARI incidence,BG,TRUE,2025-03-16,2025-W11,935.8855588569488,830.763906211447,737.449853063921,1.1265361336229567,extrapolated,syndromic,2025-03-26
ARI incidence,BG,TRUE,2025-03-23,2025-W12,791.5455146667298,761.752070301113,733.080038805281,1.0391117340236948,extrapolated,syndromic,2025-04-02
ARI incidence,BG,TRUE,2025-03-30,2025-W13,751.6197491501399,695.383275057887,643.354435240684,1.0808711916282019,extrapolated,syndromic,2025-04-09
ARI incidence,BG,TRUE,2025-04-06,2025-W14,571.5792907967577,543.818289371781,517.405610414967,1.0510483041257142,extrapolated,syndromic,2025-04-16
ARI incidence,BG,TRUE,2025-04-13,2025-W15,565.4292298766129,593.211045659059,622.357893964387,0.9531670625728483,extrapolated,syndromic,2025-04-23
ARI incidence,BG,TRUE,2025-04-20,2025-W16,483.7614538306237,477.11,470.55,1.0139411327170333,extrapolated,syndromic,2025-04-30
ARI incidence,BG,TRUE,2025-04-27,2025-W17,478.1424861239905,446.985150225316,417.858128738089,1.0697055279867096,extrapolated,syndromic,2025-05-07
ARI incidence,BG,TRUE,2025-05-04,2025-W18,420.75954445573007,421.904688191882,423.052948563637,0.9972857762233932,extrapolated,syndromic,2025-05-14
ARI incidence,BG,TRUE,2025-05-11,2025-W19,403.60102032096023,395.543220545291,387.646292853575,1.0203714773939523,extrapolated,syndromic,2025-05-21
ARI incidence,BG,TRUE,2025-05-18,2025-W20,482.14795634317983,462.276915986927,443.224832217848,1.0429851451998853,extrapolated,syndromic,2025-05-28
ARI incidence,BG,TRUE,2025-05-25,2025-W21,435.27215034964337,446.001894961451,456.996134830633,0.9759423788709798,extrapolated,syndromic,2025-06-04
ARI incidence,BG,TRUE,2025-06-01,2025-W22,321.90070889782396,340.774651820331,360.755227041542,0.9446145926004553,extrapolated,syndromic,2025-06-11
ARI incidence,BG,TRUE,2025-06-08,2025-W23,372.93545830415906,356.205337024178,340.225739599761,1.046967632264435,extrapolated,syndromic,2025-06-18
ARI incidence,BG,TRUE,2025-06-15,2025-W24,310.9149087816711,317,323.204185974127,0.9808041286488052,extrapolated,syndromic,2025-06-25
ARI incidence,BG,TRUE,2025-06-22,2025-W25,325.690522271591,322.28992367329,318.924831391679,1.0105513649311246,extrapolated,syndromic,2025-07-02
ARI incidence,BG,TRUE,2025-06-29,2025-W26,315.3393478049185,321.302171497044,327.377747583157,0.9814416950114494,extrapolated,syndromic,2025-07-09
ARI incidence,BG,TRUE,2025-07-06,2025-W27,282.0116054158609,270,258.5,1.0444874274661509,extrapolated,syndromic,2025-07-16
ARI incidence,BG,TRUE,2025-07-13,2025-W28,251.0667572473125,267.512478195305,285.035449435071,0.9385235370740874,extrapolated,syndromic,2025-07-23
ARI incidence,BG,TRUE,2025-07-20,2025-W29,262.5061106317808,261.109825520201,259.720967329496,1.0053475012240465,extrapolated,syndromic,2025-07-30
ARI incidence,BG,TRUE,2025-07-27,2025-W30,307.96282125246273,277.634197877896,250.29238113166,1.109239508700241,extrapolated,syndromic,2025-08-06
ARI incidence,BG,TRUE,2025-08-03,2025-W31,246.55114822546972,243,239.5,1.0146137787056368,extrapolated,syndromic,2025-08-13
ARI incidence,BG,TRUE,2025-08-10,2025-W32,252.62683889692477,254.367338789775,256.119830044629,0.9931575338990791,extrapolated,syndromic,2025-08-20
ARI incidence,BG,TRUE,2025-08-17,2025-W33,246.48454652868273,245.318080024331,244.157133720434,1.004754914534778,extrapolated,syndromic,2025-08-27
ARI incidence,BG,TRUE,2025-08-24,2025-W34,236.45704794504803,267.339409388132,302.255147110712,0.8844825702511832,extrapolated,syndromic,2025-09-03
ARI incidence,BG,TRUE,2025-08-31,2025-W35,274.4346418108031,286,298.052751140618,0.9595616846531585,extrapolated,syndromic,2025-09-10
ARI incidence,BG,TRUE,2025-09-07,2025-W36,268.27468398489316,290.284912799389,314.100940675021,0.9241771520185519,extrapolated,syndromic,2025-09-17
ARI incidence,BG,TRUE,2025-09-14,2025-W37,267.71773350282814,284.097132081787,301.478648429704,0.9423457799135986,extrapolated,syndromic,2025-09-24
ARI incidence,BG,TRUE,2025-09-21,2025-W38,342.951545763016,366.616049627037,391.913462717008,0.9354515333191357,extrapolated,syndromic,2025-10-01
ARI incidence,BG,TRUE,2025-09-28,2025-W39,431.8721136995093,444.506354655809,457.510205131868,0.9715769171262291,extrapolated,syndromic,2025-10-08
ARI incidence,BG,TRUE,2025-10-05,2025-W40,526.8873454054567,525.102698520779,523.324096504195,1.0033986625658269,extrapolated,syndromic,2025-10-15
ARI incidence,BG,TRUE,2025-10-12,2025-W41,541.2351635421178,555.5,570.140801607372,0.9743207264484564,extrapolated,syndromic,2025-10-22
ARI incidence,BG,TRUE,2025-10-19,2025-W42,605.9626264048817,621,636.410536220643,0.9757852277051237,extrapolated,syndromic,2025-10-29
ARI incidence,BG,TRUE,2025-10-26,2025-W43,635.4484782488499,629.264133041939,623.139975445743,1.0098279003715263,extrapolated,syndromic,2025-11-05
ARI incidence,BG,TRUE,2025-11-02,2025-W44,579.4747290221054,595.833589880809,612.654269547463,0.9725445810096475,extrapolated,syndromic,2025-11-12
ARI incidence,BG,TRUE,2025-11-09,2025-W45,786.7607161693278,797.031146004046,807.435646753621,0.9871141424193899,extrapolated,syndromic,2025-11-19
ARI incidence,BG,TRUE,2025-11-16,2025-W46,690.92310298325,807.882728932,944.641307966855,0.8552269756981096,extrapolated,syndromic,2025-11-26
ARI incidence,BG,TRUE,2025-11-23,2025-W47,926.5211760458897,982.089810728308,1040.99120589187,0.9434179704591277,extrapolated,syndromic,2025-12-03
ARI incidence,BG,TRUE,2025-11-30,2025-W48,993.0964981270075,977.955811639504,963.045959101919,1.0154819740394208,extrapolated,syndromic,2025-12-10
ARI incidence,BG,TRUE,2025-12-07,2025-W49,919.7760059350688,968.049780544571,1018.85716909922,0.9501329626020415,extrapolated,syndromic,2025-12-17
ARI incidence,BG,TRUE,2025-12-14,2025-W50,1026.5648762114254,978.470623304201,932.629571549972,1.049152475058285,extrapolated,syndromic,2025-12-24
ARI incidence,BG,TRUE,2025-12-21,2025-W51,872.1344632254808,910.243097320018,950.016919586548,0.9581335643118443,extrapolated,syndromic,2025-12-31
ARI incidence,BG,TRUE,2025-12-28,2025-W52,922.5044967188178,967.840540866529,1015.40460331255,0.9531575272646461,extrapolated,syndromic,2026-01-07
ARI incidence,BG,TRUE,2026-01-04,2026-W01,709.4447428127077,658.99261854738,612.128394352736,1.076559467959656,extrapolated,syndromic,2026-01-14
ARI incidence,BG,TRUE,2026-01-11,2026-W02,1283.372834585214,1133.63247499701,1001.36340254015,1.132088982003271,extrapolated,syndromic,2026-01-21
ARI incidence,BG,TRUE,2026-01-18,2026-W03,1430.461084626987,1363.81768195977,1300.27911252905,1.0488653311573521,extrapolated,syndromic,2026-01-28
ARI incidence,BG,TRUE,2026-01-25,2026-W04,1314.1630219205572,1384.45179311926,1458.5,0.9492298890087487,extrapolated,syndromic,2026-02-04
ARI incidence,BG,TRUE,2026-02-01,2026-W05,1442.3560997724994,1332.07752499294,1230.23054630628,1.0827869044484804,extrapolated,syndromic,2026-02-11
ARI incidence,BG,TRUE,2026-02-08,2026-W06,1106.528678189511,1016.98845,934.693811212969,1.0880444887938605,extrapolated,syndromic,2026-02-18
ARI incidence,BG,TRUE,2026-02-15,2026-W07,1040.6390392077328,963.79175,892.619344816484,1.0797343297530129,extrapolated,syndromic,2026-02-25
ARI incidence,BG,TRUE,2026-02-22,2026-W08,945.1048885772483,926.20447377452,907.682033611467,1.0204063091227622,extrapolated,syndromic,2026-03-04
ARI incidence,BG,TRUE,2026-03-01,2026-W09,931.1921318983295,916.39292229725,901.828912927481,1.0161494149954584,extrapolated,syndromic,2026-03-11
ARI incidence,BG,TRUE,2026-03-08,2026-W10,788.600746751854,797.747330066824,807,0.9885344858324957,extrapolated,syndromic,2026-03-18
ARI incidence,BG,TRUE,2026-03-15,2026-W11,956.9155625119413,886,820.339882381424,1.0800401382753286,extrapolated,syndromic,2026-03-25
ARI incidence,BG,TRUE,2026-03-22,2026-W12,1001.8889969332779,884,779.982615231817,1.1333585938159252,extrapolated,syndromic,2026-04-01
ARI incidence,BG,TRUE,2026-03-29,2026-W13,805.8119150866257,786.011857279662,766.698317829921,1.0251905332261668,extrapolated,syndromic,2026-04-08
ARI incidence,BG,TRUE,2026-04-05,2026-W14,746.7976398576018,717.537379630815,689.42356495078,1.0407787260391108,extrapolated,syndromic,2026-04-15
ARI incidence,BG,TRUE,2026-04-12,2026-W15,591.685749706435,578.875760254656,566.343106922322,1.0221290824928375,extrapolated,syndromic,2026-04-22
ARI incidence,BG,TRUE,2026-04-19,2026-W16,445.54384056681283,462.895637267227,480.923203266459,0.9625146678788055,extrapolated,syndromic,2026-04-29
ARI incidence,BG,TRUE,2026-04-26,2026-W17,541.8009289737649,477.194867240117,420.292637282169,1.1353871681548062,extrapolated,syndromic,2026-05-06
ARI incidence,BG,TRUE,2026-05-03,2026-W18,469.8219493592193,445.133157816985,421.741743778393,1.0554638339307554,extrapolated,syndromic,2026-05-13
ARI incidence,BG,TRUE,2026-05-10,2026-W19,437.20494933390563,418.399934862191,400.403759745612,1.0449450702661047,extrapolated,syndromic,2026-05-20
ARI incidence,BG,TRUE,2026-05-17,2026-W20,447.8147782981115,404.068565810944,364.59584138115,1.1082643298405837,extrapolated,syndromic,2026-05-27
ARI incidence,BG,TRUE,2026-05-24,2026-W21,394.50278683122355,390.012817290164,385.573949609858,1.0115123640608952,extrapolated,syndromic,2026-06-03
ARI incidence,BG,TRUE,2026-05-31,2026-W22,373.3504865399437,376.740827277668,380.161955199907,0.9910008671950353,extrapolated,syndromic,2026-06-10
ARI incidence,BG,TRUE,2026-06-07,2026-W23,377.9226387871469,368.558557435625,359.426497166088,1.0254073095376637,extrapolated,syndromic,2026-06-17
ARI incidence,BG,TRUE,2026-08-02,2026-W31,202.6060954899364,207.049285783775,211.589916087696,0.9785404220206833,extrapolated,syndromic,2026-08-12
ARI incidence,BG,TRUE,2026-08-09,2026-W32,172.87654639508702,184.190541725165,196.244987353437,0.938574504292627,extrapolated,syndromic,2026-08-19
ARI incidence,BG,TRUE,2026-08-16,2026-W33,188.32530031538096,193.563308722029,198.947005105928,0.9729390428318713,extrapolated,syndromic,2026-08-26
ARI incidence,BG,TRUE,2026-08-23,2026-W34,179.52001507260178,196.244987353437,214.528140752303,0.9147750344791551,extrapolated,syndromic,2026-09-02
ARI incidence,BG,TRUE,2026-08-30,2026-W35,190.7500667123971,205.064566424729,220.453272325011,0.9301951577403004,extrapolated,syndromic,2026-09-09
ARI incidence,BG,TRUE,2026-09-06,2026-W36,196.60031501752698,212.280338621439,229.210935705853,0.9261352996432026,extrapolated,syndromic,2026-09-16
ARI incidence,BG,TRUE,2026-09-13,2026-W37,210.48376672022087,219.845019596703,229.62261363233,0.9574188540015366,extrapolated,syndromic,2026-09-23
ARI incidence,BG,TRUE,2026-09-20,2026-W38,201.4311104820278,227.254968873003,256.389495911941,0.8863661440757913,extrapolated,syndromic,2026-09-30
ARI incidence,BG,TRUE,2026-09-27,2026-W39,227.254968873003,227.254968873003,256.389495911941,0.8863661440757913,h1_nowcast,syndromic,2026-09-30
ARI incidence,CY,TRUE,2024-11-10,2024-W45,12692.311694869031,10423.8451476587,8560.81620705023,1.2176228172115386,extrapolated,syndromic,2024-11-20
ARI incidence,CY,TRUE,2024-11-17,2024-W46,10584.198375731345,10260.7534985919,9947.19284554141,1.0315225267992099,extrapolated,syndromic,2024-11-27
ARI incidence,CY,TRUE,2024-11-24,2024-W47,7893.366804255136,8417.72432499519,8976.91499315827,0.937707924315952,extrapolated,syndromic,2024-12-04
ARI incidence,CY,TRUE,2024-12-01,2024-W48,8089.029545920474,8883.5,9756,0.9105678556785568,extrapolated,syndromic,2024-12-11
ARI incidence,CY,TRUE,2024-12-08,2024-W49,11990.552117949075,12996.5108064968,14086.8653488059,0.9225977877043081,extrapolated,syndromic,2024-12-18
ARI incidence,CY,TRUE,2024-12-15,2024-W50,11034.873233234233,11578.9363471969,12149.823935326,0.9530126863427852,extrapolated,syndromic,2024-12-25
ARI incidence,CY,TRUE,2024-12-22,2024-W51,10624.875721857887,11187.8043615368,11780.5581645086,0.9496837251092571,extrapolated,syndromic,2025-01-01
ARI incidence,CY,TRUE,2025-01-12,2025-W02,17756.60886838033,17723.5277212528,17690.5082053919,1.0018665103047089,extrapolated,syndromic,2025-01-22
ARI incidence,CY,TRUE,2025-01-19,2025-W03,15961.597728465642,14921.1180118561,13948.4634628202,1.0697320211382797,extrapolated,syndromic,2025-01-29
ARI incidence,CY,TRUE,2025-01-26,2025-W04,15676.480746466348,15005.8346485957,14363.8790582352,1.0446923555787286,extrapolated,syndromic,2025-02-05
ARI incidence,CY,TRUE,2025-02-02,2025-W05,15613.013323425117,15220.0471494334,14836.9715974954,1.025818985324651,extrapolated,syndromic,2025-02-12
ARI incidence,CY,TRUE,2025-02-09,2025-W06,15130.161185904508,14341,13593,1.055028323401751,extrapolated,syndromic,2025-02-19
ARI incidence,CY,TRUE,2025-02-16,2025-W07,14755.756967691488,14589.7257536448,14425.5627164797,1.011380009251047,extrapolated,syndromic,2025-02-26
ARI incidence,CY,TRUE,2025-02-23,2025-W08,14008.374349002299,14486.9810367595,14981.9396834135,0.9669629796199241,extrapolated,syndromic,2025-03-05
ARI incidence,CY,TRUE,2025-03-02,2025-W09,16465.344478863197,16556.1007410834,16647.3572478714,0.9945182586383391,extrapolated,syndromic,2025-03-12
ARI incidence,CY,TRUE,2025-03-09,2025-W10,16598.233746762766,16108.9298432254,15634.0502642077,1.0303746995175576,extrapolated,syndromic,2025-03-19
ARI incidence,CY,TRUE,2025-03-16,2025-W11,16300.599012188464,15740.895019401,15200.4092503922,1.035557316918612,extrapolated,syndromic,2025-03-26
ARI incidence,CY,TRUE,2025-03-23,2025-W12,13681.797545282356,13455.2746758541,13232.5022354323,1.016835246762724,extrapolated,syndromic,2025-04-02
ARI incidence,CY,TRUE,2025-03-30,2025-W13,21237.692057801436,20351.3741578625,19502.0451839149,1.0435507643397381,extrapolated,syndromic,2025-04-09
ARI incidence,CY,TRUE,2025-04-06,2025-W14,16348.30048473258,15744.5,15163,1.0383499307524897,extrapolated,syndromic,2025-04-16
ARI incidence,CY,TRUE,2025-04-13,2025-W15,13759.772933408854,13309.9473748008,12874.8272211552,1.0337961936243025,extrapolated,syndromic,2025-04-23
ARI incidence,CY,TRUE,2025-04-20,2025-W16,8833.370269598148,9422.44710027293,10050.8080888452,0.9374815454620359,extrapolated,syndromic,2025-04-30
ARI incidence,CY,TRUE,2025-04-27,2025-W17,9292.264193533389,9285.10835600636,9277.95802908575,1.0007706789466166,extrapolated,syndromic,2025-05-07
ARI incidence,CY,TRUE,2025-05-04,2025-W18,9144.080329288603,9252.75775886708,9362.72682011045,0.9882545904247504,extrapolated,syndromic,2025-05-14
ARI incidence,CY,TRUE,2025-05-11,2025-W19,5217.66207730161,5930.43291906391,6740.57347648423,0.8798113305571627,extrapolated,syndromic,2025-05-21
ARI incidence,CY,TRUE,2025-05-18,2025-W20,6489.317341159545,6411.5,6334.61581378831,1.0121371506136707,extrapolated,syndromic,2025-05-28
ARI incidence,CY,TRUE,2025-05-25,2025-W21,6785.082711752037,6398,6033,1.0605005801425493,extrapolated,syndromic,2025-06-04
ARI incidence,CY,TRUE,2025-06-01,2025-W22,5282.758181236924,5541.12140937053,5812.12037727521,0.9533734764055718,extrapolated,syndromic,2025-06-11
ARI incidence,CY,TRUE,2025-06-08,2025-W23,7466.9939399684035,7750.40711961315,8044.5773764756,0.963432478414257,extrapolated,syndromic,2025-06-18
ARI incidence,CY,TRUE,2025-06-15,2025-W24,6570.348868162738,6973.23422993913,7400.82400513264,0.9422240314190735,extrapolated,syndromic,2025-06-25
ARI incidence,CY,TRUE,2025-06-22,2025-W25,5848.309941607261,5891.80874282623,5935.63108122541,0.9926170717486483,extrapolated,syndromic,2025-07-02
ARI incidence,CY,TRUE,2025-06-29,2025-W26,5453.703057239614,5556.55556582336,5661.34779103835,0.9814898803106795,extrapolated,syndromic,2025-07-09
ARI incidence,CY,TRUE,2025-07-06,2025-W27,6321.497942601752,6351.27825141547,6381.1988540015,0.9953111314549824,extrapolated,syndromic,2025-07-16
ARI incidence,CY,TRUE,2025-07-13,2025-W28,6384.731870415209,6374.51668278915,6364.31783884993,1.0016025038656873,extrapolated,syndromic,2025-07-23
ARI incidence,CY,TRUE,2025-07-20,2025-W29,6939.841395384366,6738.5,6543,1.02987926027816,extrapolated,syndromic,2025-07-30
ARI incidence,CY,TRUE,2025-07-27,2025-W30,5497.15603746684,5241.88254340746,4998.46328021312,1.0486988199269038,extrapolated,syndromic,2025-08-06
ARI incidence,CY,TRUE,2025-08-03,2025-W31,8268.201707524004,7845.74391679475,7444.87130156811,1.053845472807865,extrapolated,syndromic,2025-08-13
ARI incidence,CY,TRUE,2025-08-10,2025-W32,5521.54686046738,7381.22972378253,9867.26249220658,0.7480524339564713,extrapolated,syndromic,2025-08-20
ARI incidence,CY,TRUE,2025-08-17,2025-W33,14339.94609407031,12188.312326837,10359.5199313863,1.1765325427783577,extrapolated,syndromic,2025-08-27
ARI incidence,CY,TRUE,2025-08-24,2025-W34,7574.778312130585,8463.88966850912,9457.36302354513,0.8949523929067067,extrapolated,syndromic,2025-09-03
ARI incidence,CY,TRUE,2025-08-31,2025-W35,10280.446120374912,9745.36763068829,9238.13900148173,1.0549059317168972,extrapolated,syndromic,2025-09-10
ARI incidence,CY,TRUE,2025-09-07,2025-W36,6988.472438696359,7634.36025972633,8339.94225298268,0.9153972567371186,extrapolated,syndromic,2025-09-17
ARI incidence,CY,TRUE,2025-09-14,2025-W37,7713.668347966866,7870,8029.5,0.9801357494239991,extrapolated,syndromic,2025-09-24
ARI incidence,CY,TRUE,2025-09-21,2025-W38,6947.136682570879,7036,7126,0.9873701936570306,extrapolated,syndromic,2025-10-01
ARI incidence,CY,TRUE,2025-09-28,2025-W39,7530.425443968152,7642.75,7756.75,0.9853031230863442,extrapolated,syndromic,2025-10-08
ARI incidence,CY,TRUE,2025-10-05,2025-W40,7632.496862386592,8185.9612192822,8779.55959783243,0.9323885928518802,extrapolated,syndromic,2025-10-15
ARI incidence,CY,TRUE,2025-10-12,2025-W41,9999.463610606319,8802.60435999416,7749,1.1359664937403744,extrapolated,syndromic,2025-10-22
ARI incidence,CY,TRUE,2025-10-19,2025-W42,7101.237541251714,7352.56354453528,7612.78444248468,0.965817908031497,extrapolated,syndromic,2025-10-29
ARI incidence,CY,TRUE,2025-10-26,2025-W43,8991.806395462183,7949.94321861222,7028.79870846129,1.1310529079516893,extrapolated,syndromic,2025-11-05
ARI incidence,CY,TRUE,2025-11-02,2025-W44,6273.299048419731,6811.42320022186,7395.70768975342,0.9209968113881687,extrapolated,syndromic,2025-11-12
ARI incidence,CY,TRUE,2025-11-09,2025-W45,6687.952333687147,7692.85750630912,8848.75574161724,0.8693716643265754,extrapolated,syndromic,2025-11-19
ARI incidence,CY,TRUE,2025-11-16,2025-W46,5907.918491578892,7497.84162651752,9515.64059938725,0.7879492240386144,extrapolated,syndromic,2025-11-26
ARI incidence,CY,TRUE,2025-11-23,2025-W47,6432.198121364558,6396.5,6361,1.0055808835088822,extrapolated,syndromic,2025-12-03
ARI incidence,CY,TRUE,2025-11-30,2025-W48,7905.4216933827465,8054.94778737685,8207.30207367396,0.9814367395120247,extrapolated,syndromic,2025-12-10
ARI incidence,CY,TRUE,2025-12-07,2025-W49,10355.189892891613,11281.682240949,12291.0690679959,0.9178764010304691,extrapolated,syndromic,2025-12-17
ARI incidence,CY,TRUE,2025-12-14,2025-W50,11104.116411075163,11046.5913167935,10989.3642323984,1.0052074972841818,extrapolated,syndromic,2025-12-24
ARI incidence,CY,TRUE,2025-12-21,2025-W51,11535.33584485815,10997.653983274,10485.0343988671,1.0488905963400834,extrapolated,syndromic,2025-12-31
ARI incidence,CY,TRUE,2025-12-28,2025-W52,13732.701164260518,12874.7422144165,12070.384777546,1.0666389225939847,extrapolated,syndromic,2026-01-07
ARI incidence,CY,TRUE,2026-01-04,2026-W01,12351.910487776155,11442.2213822676,10599.5287360922,1.0795028408485718,extrapolated,syndromic,2026-01-14
ARI incidence,CY,TRUE,2026-01-11,2026-W02,14560.957754921334,13727.7249097879,12942.1727863415,1.0606970820444794,extrapolated,syndromic,2026-01-21
ARI incidence,CY,TRUE,2026-01-18,2026-W03,12800.546584171205,12806.5683113189,12812.5928712517,0.9995297938525529,extrapolated,syndromic,2026-01-28
ARI incidence,CY,TRUE,2026-01-25,2026-W04,13969.219198572875,13017.5128560618,12130.6451383515,1.0731096910012174,extrapolated,syndromic,2026-02-04
ARI incidence,CY,TRUE,2026-02-01,2026-W05,12807.796954984071,12024.4420762301,11288.99901777,1.0651468794799646,extrapolated,syndromic,2026-02-11
ARI incidence,CY,TRUE,2026-02-08,2026-W06,14135.756441734695,13806.2990347342,13484.5201827141,1.0238628329121113,extrapolated,syndromic,2026-02-18
ARI incidence,CY,TRUE,2026-02-15,2026-W07,17158.627266035342,16131.6951861898,15166.2242873738,1.0636592787052328,extrapolated,syndromic,2026-02-25
ARI incidence,CY,TRUE,2026-03-01,2026-W09,11095.533989272648,11156.791,11218.3862027753,0.9945094417626608,extrapolated,syndromic,2026-03-11
ARI incidence,CY,TRUE,2026-03-08,2026-W10,8848.625775445767,8815.38768058162,8782.27443798022,1.0037704632023563,extrapolated,syndromic,2026-03-18
ARI incidence,CY,TRUE,2026-03-15,2026-W11,7390.461912417289,7874.91732723096,8391.12949172057,0.9384812062548967,extrapolated,syndromic,2026-03-25
ARI incidence,CY,TRUE,2026-03-22,2026-W12,14023.42130316654,12954.9509570896,11967.8893382958,1.0824758310252187,extrapolated,syndromic,2026-04-01
ARI incidence,CY,TRUE,2026-03-29,2026-W13,12576.659764310652,11779.5151747844,11032.8958843852,1.0676721051501887,extrapolated,syndromic,2026-04-08
ARI incidence,CY,TRUE,2026-04-05,2026-W14,9692.22376890097,10043.279836036,10407.0512887431,0.9650456750318337,extrapolated,syndromic,2026-04-15
ARI incidence,CY,TRUE,2026-04-12,2026-W15,11160.16437005449,10850.5543232364,10549.5336105815,1.0285340303909707,extrapolated,syndromic,2026-04-22
ARI incidence,CY,TRUE,2026-04-19,2026-W16,8844.54213274153,9301.45474900617,9781.97165543853,0.9508772951549901,extrapolated,syndromic,2026-04-29
ARI incidence,CY,TRUE,2026-04-26,2026-W17,9191.500839965758,9605.68588971816,10038.5348397873,0.9568812623577733,extrapolated,syndromic,2026-05-06
ARI incidence,CY,TRUE,2026-05-03,2026-W18,5971.208763673163,6674.55310570731,7460.74386679166,0.8946230060807013,extrapolated,syndromic,2026-05-13
ARI incidence,CY,TRUE,2026-05-10,2026-W19,9759.7653421097,10807.6445853737,11968.0317496761,0.9030427735676918,extrapolated,syndromic,2026-05-20
ARI incidence,CY,TRUE,2026-05-17,2026-W20,4360.4616979039165,5004.37168042368,5743.3679391944,0.8713305038795102,extrapolated,syndromic,2026-05-27
ARI incidence,CY,TRUE,2026-05-24,2026-W21,8441.162054218237,5717.03972840197,3872.04309622195,1.4764917606367114,extrapolated,syndromic,2026-06-03
ARI incidence,CY,TRUE,2026-08-02,2026-W31,4450.953199698927,4578.50078656359,4709.7034077962,0.9721420629130437,extrapolated,syndromic,2026-08-12
ARI incidence,CY,TRUE,2026-08-09,2026-W32,2721.513669942709,3320.03548437888,4050.18565193058,0.8197242718482143,extrapolated,syndromic,2026-08-19
ARI incidence,CY,TRUE,2026-08-16,2026-W33,4188.267373781249,4379.747052682,4579.98082108082,0.9562806535177658,extrapolated,syndromic,2026-08-26
ARI incidence,CY,TRUE,2026-08-30,2026-W35,4645.940949860191,4834.25379970901,5030.19949074132,0.9610461391455805,extrapolated,syndromic,2026-09-09
ARI incidence,CY,TRUE,2026-09-06,2026-W36,4214.115181173916,4348.69888824723,4487.58071566868,0.9690519600156638,extrapolated,syndromic,2026-09-16
ARI incidence,CY,TRUE,2026-09-13,2026-W37,4424.010417037743,4574.00373042428,4729.08247353178,0.9672074352740809,extrapolated,syndromic,2026-09-23
ARI incidence,CY,TRUE,2026-09-20,2026-W38,4042.2837487223273,4459.21663717521,4919.15319490999,0.9065008672202582,extrapolated,syndromic,2026-09-30
ARI incidence,CY,TRUE,2026-09-27,2026-W39,4459.21663717521,4459.21663717521,4919.15319490999,0.9065008672202582,h1_nowcast,syndromic,2026-09-30
ARI incidence,CZ,TRUE,2023-12-10,2023-W49,1322.2946809116302,1411.57763911565,1506.88909213307,0.9367495235614837,extrapolated,ari_archive,2023-12-20
ARI incidence,CZ,TRUE,2023-12-17,2023-W50,1415.959085712824,1480.98444288887,1548.99597185373,0.9560931531129364,extrapolated,ari_archive,2023-12-27
ARI incidence,CZ,TRUE,2023-12-24,2023-W51,1479.5094843855456,1554.89080254002,1634.11281464521,0.9515198636255783,extrapolated,ari_archive,2024-01-03
ARI incidence,CZ,TRUE,2023-12-31,2023-W52,998.269619051473,888.659724948435,791.084985132367,1.1233429298367248,extrapolated,ari_archive,2024-01-10
ARI incidence,CZ,TRUE,2024-01-07,2024-W01,969.2634210154132,952.197594042873,935.432245190049,1.0179225688862348,extrapolated,ari_archive,2024-01-17
ARI incidence,CZ,TRUE,2024-01-14,2024-W02,1042.2235615570287,1022.77687390676,1003.69303898264,1.0190136168957231,extrapolated,ari_archive,2024-01-24
ARI incidence,CZ,TRUE,2024-01-21,2024-W03,1201.277151446405,1212.16720666955,1223.15598457515,0.9910160453415787,extrapolated,ari_archive,2024-01-31
ARI incidence,CZ,TRUE,2024-01-28,2024-W04,1433.7814652139386,1421.72,1409.76,1.0084837135398934,extrapolated,ari_archive,2024-02-07
ARI incidence,CZ,TRUE,2024-02-04,2024-W05,1506.8532466304987,1544.53412339899,1583.15726078723,0.9756037265880747,extrapolated,ari_archive,2024-02-14
ARI incidence,CZ,TRUE,2024-02-11,2024-W06,1579.6527891989358,1564.42885136788,1549.35163456607,1.0097313072548781,extrapolated,ari_archive,2024-02-21
ARI incidence,CZ,TRUE,2024-02-18,2024-W07,1471.621265024588,1407.31337703514,1345.81565804498,1.0456954996938406,extrapolated,ari_archive,2024-02-28
ARI incidence,CZ,TRUE,2024-02-25,2024-W08,1278.757378402557,1216.21992303367,1156.7408533993,1.0514195288076664,extrapolated,ari_archive,2024-03-06
ARI incidence,CZ,TRUE,2024-03-03,2024-W09,1191.4677331642165,1113.55420311612,1040.7356647288,1.0699683318782927,extrapolated,ari_archive,2024-03-13
ARI incidence,CZ,TRUE,2024-03-10,2024-W10,1073.781116290095,1007.33827090353,945.006739858491,1.0659588216845657,extrapolated,ari_archive,2024-03-20
ARI incidence,CZ,TRUE,2024-03-17,2024-W11,1005.9699105549296,980.672120615989,956.010510913734,1.025796379245542,extrapolated,ari_archive,2024-03-27
ARI incidence,CZ,TRUE,2024-03-24,2024-W12,977.9596762436983,927.853053970714,880.313688463623,1.0540027562107543,extrapolated,ari_archive,2024-04-03
ARI incidence,CZ,TRUE,2024-03-31,2024-W13,944.7046968403839,904.083549265449,865.209061398912,1.044930745181613,extrapolated,ari_archive,2024-04-10
ARI incidence,CZ,TRUE,2024-04-07,2024-W14,1027.1201260896637,1027.48,1027.84,0.9996497509339977,extrapolated,ari_archive,2024-04-17
ARI incidence,CZ,TRUE,2024-04-14,2024-W15,885.0178394553011,856.667264569354,829.224869225706,1.03309403318942,extrapolated,ari_archive,2024-04-24
ARI incidence,CZ,TRUE,2024-04-21,2024-W16,883.4976668550762,879.883946842146,876.285007821653,1.004107041645548,extrapolated,ari_archive,2024-05-01
ARI incidence,CZ,TRUE,2024-10-13,2024-W41,1110.9541576070699,1107.42630420256,1103.90965355521,1.0031856326611732,extrapolated,syndromic,2024-10-23
ARI incidence,CZ,TRUE,2024-10-20,2024-W42,1236.3254519309787,1343.7,1460.4,0.9200903861955628,extrapolated,syndromic,2024-10-30
ARI incidence,CZ,TRUE,2024-10-27,2024-W43,1120.6142578576003,1105.86,1091.3,1.0133418858242462,extrapolated,syndromic,2024-11-06
ARI incidence,CZ,TRUE,2024-11-03,2024-W44,968.3529779962323,831.9414145332,714.746102859813,1.1639677519114409,extrapolated,syndromic,2024-11-13
ARI incidence,CZ,TRUE,2024-11-10,2024-W45,1091.815754278428,1095.24230030184,1098.67960017049,0.9968714265122275,extrapolated,syndromic,2024-11-20
ARI incidence,CZ,TRUE,2024-11-17,2024-W46,1235.991510080043,1314.6075369481,1398.22398625443,0.9401981012138676,extrapolated,syndromic,2024-11-27
ARI incidence,CZ,TRUE,2024-11-24,2024-W47,1306.901584627648,1394.50986936773,1487.99098466015,0.9371762892005892,extrapolated,syndromic,2024-12-04
ARI incidence,CZ,TRUE,2024-12-01,2024-W48,1332.4990184857813,1318.73864387993,1305.12036912306,1.0104344971383905,extrapolated,syndromic,2024-12-11
ARI incidence,CZ,TRUE,2024-12-08,2024-W49,1357.0241018234885,1296.77293782425,1239.19689415514,1.0464623853890178,extrapolated,syndromic,2024-12-18
ARI incidence,CZ,TRUE,2024-12-15,2024-W50,1278.4506081454892,1293.51,1308.74678258168,0.9883577306286679,extrapolated,syndromic,2024-12-25
ARI incidence,CZ,TRUE,2024-12-22,2024-W51,1279.4255465063732,1273.83832217515,1268.27549713454,1.004386133023289,extrapolated,syndromic,2025-01-01
ARI incidence,CZ,TRUE,2024-12-29,2024-W52,1293.4823986793801,1319.10656502555,1345.23835165446,0.980574604792696,extrapolated,syndromic,2025-01-08
ARI incidence,CZ,TRUE,2025-01-05,2025-W01,480.26605339394973,456.12242696883,433.192533417055,1.052932337893505,extrapolated,syndromic,2025-01-15
ARI incidence,CZ,TRUE,2025-01-12,2025-W02,1061.528258824936,1077.27025264457,1093.24569325882,0.985387145165302,extrapolated,syndromic,2025-01-22
ARI incidence,CZ,TRUE,2025-01-19,2025-W03,1231.6215880470534,1280.31,1330.92316017229,0.9619713882161777,extrapolated,syndromic,2025-01-29
ARI incidence,CZ,TRUE,2025-01-26,2025-W04,1586.8119416518089,1595.45089540024,1604.13688151584,0.9945852587670746,extrapolated,syndromic,2025-02-05
ARI incidence,CZ,TRUE,2025-02-02,2025-W05,2010.8266346228227,1963.97187365753,1918.20888688466,1.023857144592419,extrapolated,syndromic,2025-02-12
ARI incidence,CZ,TRUE,2025-02-09,2025-W06,1902.805514329552,1760.3,1628.46705386588,1.0809552430435463,extrapolated,syndromic,2025-02-19
ARI incidence,CZ,TRUE,2025-02-16,2025-W07,1811.5092877065622,1749.99825707812,1690.57587535402,1.0351491953661391,extrapolated,syndromic,2025-02-26
ARI incidence,CZ,TRUE,2025-02-23,2025-W08,1759.522097390724,1572.44836128743,1405.26444798974,1.1189697167226071,extrapolated,syndromic,2025-03-05
ARI incidence,CZ,TRUE,2025-03-02,2025-W09,1508.7005209689328,1442.46023782332,1379.12826885287,1.0459217394065372,extrapolated,syndromic,2025-03-12
ARI incidence,CZ,TRUE,2025-03-09,2025-W10,1287.173514181102,1200.4004138061,1119.47700724917,1.0722867964530856,extrapolated,syndromic,2025-03-19
ARI incidence,CZ,TRUE,2025-03-16,2025-W11,1274.9467006274238,1199.313337,1128.16675363624,1.063063889389086,extrapolated,syndromic,2025-03-26
ARI incidence,CZ,TRUE,2025-03-23,2025-W12,1172.8341963876642,1197.67023980811,1223.03221353881,0.979263037023926,extrapolated,syndromic,2025-04-02
ARI incidence,CZ,TRUE,2025-03-30,2025-W13,1187.0522074832606,1156.41804101726,1126.57444816643,1.0264905642937334,extrapolated,syndromic,2025-04-09
ARI incidence,CZ,TRUE,2025-04-06,2025-W14,1089.0192224871307,1100.00568128982,1111.10297585604,0.9900123617636157,extrapolated,syndromic,2025-04-16
ARI incidence,CZ,TRUE,2025-04-13,2025-W15,1132.9711549059652,1136.26547665038,1139.56937724039,0.9971007464258027,extrapolated,syndromic,2025-04-23
ARI incidence,CZ,TRUE,2025-04-20,2025-W16,834.5854811488952,837.298758768046,840.020857383494,0.9967594868728298,extrapolated,syndromic,2025-04-30
ARI incidence,CZ,TRUE,2025-04-27,2025-W17,671.4224875567002,635.719843366156,601.915674168362,1.0561609717914384,extrapolated,syndromic,2025-05-07
ARI incidence,CZ,TRUE,2025-05-04,2025-W18,748.991360169136,678.781566193696,615.153176800761,1.103435033407205,extrapolated,syndromic,2025-05-14
ARI incidence,CZ,TRUE,2025-05-11,2025-W19,520.3405076047396,567.724152272113,619.422682575239,0.91653755705524,extrapolated,syndromic,2025-05-21
ARI incidence,CZ,TRUE,2025-05-18,2025-W20,701.2382487357935,688.509676845245,676.012148459048,1.018487135792877,extrapolated,syndromic,2025-05-28
ARI incidence,CZ,TRUE,2025-05-25,2025-W21,701.1316587089209,672.324070944104,644.700108397917,1.042847770903642,extrapolated,syndromic,2025-06-04
ARI incidence,CZ,TRUE,2025-06-01,2025-W22,611.9467656553655,583.420931159895,556.224825456751,1.0488940882507565,extrapolated,syndromic,2025-06-11
ARI incidence,CZ,TRUE,2025-06-08,2025-W23,669.6350590101185,628.761705170345,590.383189424295,1.0650061120193384,extrapolated,syndromic,2025-06-18
ARI incidence,CZ,TRUE,2025-06-15,2025-W24,620.6510007333624,613.398369377679,606.230488810312,1.0118236886789274,extrapolated,syndromic,2025-06-25
ARI incidence,CZ,TRUE,2025-06-22,2025-W25,596.5368297071194,589.525480860901,582.596539353501,1.0118932074589542,extrapolated,syndromic,2025-07-02
ARI incidence,CZ,TRUE,2025-06-29,2025-W26,603.9598360811865,582.673751851087,562.137878735672,1.0365317369496665,extrapolated,syndromic,2025-07-09
ARI incidence,CZ,TRUE,2025-07-06,2025-W27,545.2736753453513,542.305600495493,539.353681694813,1.005473066933379,extrapolated,syndromic,2025-07-16
ARI incidence,CZ,TRUE,2025-07-13,2025-W28,576.7475024944137,539.444454421967,504.554104088959,1.0691508602353106,extrapolated,syndromic,2025-07-23
ARI incidence,CZ,TRUE,2025-07-20,2025-W29,466.31049326754254,442.511959221032,419.928002652275,1.053780544345974,extrapolated,syndromic,2025-07-30
ARI incidence,CZ,TRUE,2025-07-27,2025-W30,241.8292982620487,267.173953391763,295.174827384372,0.9051380016353945,extrapolated,syndromic,2025-08-06
ARI incidence,CZ,TRUE,2025-08-03,2025-W31,346.3568262562097,382.447898326005,422.299732085491,0.9056314017470929,extrapolated,syndromic,2025-08-13
ARI incidence,CZ,TRUE,2025-08-10,2025-W32,469.11417597994165,424.145422614669,383.48732299377,1.1060220173733344,extrapolated,syndromic,2025-08-20
ARI incidence,CZ,TRUE,2025-08-17,2025-W33,331.08310620423316,325.008796178584,319.045930203073,1.0186896788550652,extrapolated,syndromic,2025-08-27
ARI incidence,CZ,TRUE,2025-08-24,2025-W34,345.3429874476313,361.060259653706,377.492857361033,0.9564691162047315,extrapolated,syndromic,2025-09-03
ARI incidence,CZ,TRUE,2025-08-31,2025-W35,350.4338877775661,419.803915556258,502.906064918668,0.8347561201596374,extrapolated,syndromic,2025-09-10
ARI incidence,CZ,TRUE,2025-09-07,2025-W36,407.8965016545371,462.516896240809,524.451370483706,0.881906163795941,extrapolated,syndromic,2025-09-17
ARI incidence,CZ,TRUE,2025-09-14,2025-W37,553.7188006476875,589.508763262195,627.612032599265,0.9392884977375836,extrapolated,syndromic,2025-09-24
ARI incidence,CZ,TRUE,2025-09-21,2025-W38,765.2607019390035,789.967087015561,815.471115904226,0.9687247918519036,extrapolated,syndromic,2025-10-01
ARI incidence,CZ,TRUE,2025-09-28,2025-W39,804.5949276786545,828.130979622503,852.35550936064,0.9715793123032571,extrapolated,syndromic,2025-10-08
ARI incidence,CZ,TRUE,2025-10-05,2025-W40,866.9347317578346,895.14377647591,924.270710597601,0.9684865767272247,extrapolated,syndromic,2025-10-15
ARI incidence,CZ,TRUE,2025-10-12,2025-W41,906.4356785023755,901.450388485689,896.492516979924,1.0055302988166226,extrapolated,syndromic,2025-10-22
ARI incidence,CZ,TRUE,2025-10-19,2025-W42,922.8146890715575,901.246258489962,880.181934749385,1.02393178376988,extrapolated,syndromic,2025-10-29
ARI incidence,CZ,TRUE,2025-10-26,2025-W43,915.073832759689,818.36386949877,731.874739419936,1.118174771474396,extrapolated,syndromic,2025-11-05
ARI incidence,CZ,TRUE,2025-11-02,2025-W44,751.1323310377317,717.69077083815,685.738080045957,1.046596057185641,extrapolated,syndromic,2025-11-12
ARI incidence,CZ,TRUE,2025-11-09,2025-W45,776.095316465003,805.225287799487,835.448623843106,0.9638238244925341,extrapolated,syndromic,2025-11-19
ARI incidence,CZ,TRUE,2025-11-16,2025-W46,774.4531253665533,777.173246512649,779.902921573381,0.9964999809781131,extrapolated,syndromic,2025-11-26
ARI incidence,CZ,TRUE,2025-11-23,2025-W47,727.5109423696273,729.152098596026,730.796957026203,0.997749226492581,extrapolated,syndromic,2025-12-03
ARI incidence,CZ,TRUE,2025-11-30,2025-W48,895.7771659570052,906.244359593093,916.833862824445,0.9884499213426418,extrapolated,syndromic,2025-12-10
ARI incidence,CZ,TRUE,2025-12-07,2025-W49,1014.3077633124566,1125.23751879145,1248.29910555057,0.9014165866081888,extrapolated,syndromic,2025-12-17
ARI incidence,CZ,TRUE,2025-12-14,2025-W50,1282.9244085573846,1367.05088307434,1456.69386633292,0.938461343642335,extrapolated,syndromic,2025-12-24
ARI incidence,CZ,TRUE,2025-12-21,2025-W51,1296.338167497902,1313.59518676532,1331.08193367747,0.9868627569274881,extrapolated,syndromic,2025-12-31
ARI incidence,CZ,TRUE,2025-12-28,2025-W52,1229.92757976657,1235.13881347795,1240.37212731603,0.9957808517921117,extrapolated,syndromic,2026-01-07
ARI incidence,CZ,TRUE,2026-01-04,2026-W01,735.8799175286916,715.970468319382,696.599675157582,1.027807640245336,extrapolated,syndromic,2026-01-14
ARI incidence,CZ,TRUE,2026-01-11,2026-W02,1211.6667130790693,1172.58233607627,1134.75869233387,1.0333318828028606,extrapolated,syndromic,2026-01-21
ARI incidence,CZ,TRUE,2026-01-18,2026-W03,1242.9342286120668,1277.29306946509,1312.60170308879,0.973100268313981,extrapolated,syndromic,2026-01-28
ARI incidence,CZ,TRUE,2026-01-25,2026-W04,1263.4927775996957,1172.4843810901,1088.03124819743,1.077620135481022,extrapolated,syndromic,2026-02-04
ARI incidence,CZ,TRUE,2026-02-01,2026-W05,1118.4134565827317,1109.29900285315,1100.25882690188,1.0082164084761087,extrapolated,syndromic,2026-02-11
ARI incidence,CZ,TRUE,2026-02-08,2026-W06,1194.2559947026723,1152.12799478588,1111.48608192652,1.0365653817175255,extrapolated,syndromic,2026-02-18
ARI incidence,CZ,TRUE,2026-02-15,2026-W07,1172.2176468042433,1131.62047675049,1092.42930004692,1.0358752522491725,extrapolated,syndromic,2026-02-25
ARI incidence,CZ,TRUE,2026-02-22,2026-W08,1100.164189517,1066.51108793889,1033.88740656607,1.031554385096125,extrapolated,syndromic,2026-03-04
ARI incidence,CZ,TRUE,2026-03-01,2026-W09,1035.2834669612466,1004.93231986863,975.470969782568,1.0302021802787518,extrapolated,syndromic,2026-03-11
ARI incidence,CZ,TRUE,2026-03-08,2026-W10,1020.0828063946865,994.637233444726,969.826390517361,1.025582767359145,extrapolated,syndromic,2026-03-18
ARI incidence,CZ,TRUE,2026-03-15,2026-W11,998.6166558807247,972.465923885792,947,1.026891155106433,extrapolated,syndromic,2026-03-25
ARI incidence,CZ,TRUE,2026-03-22,2026-W12,1007.7649527806923,980,953,1.0283315844700944,extrapolated,syndromic,2026-04-01
ARI incidence,CZ,TRUE,2026-03-29,2026-W13,1006.1752597367001,956.781790463515,909.813062589239,1.0516245916942626,extrapolated,syndromic,2026-04-08
ARI incidence,CZ,TRUE,2026-04-05,2026-W14,939.6447898133596,927.149387369468,914.820148867448,1.0134772266628405,extrapolated,syndromic,2026-04-15
ARI incidence,CZ,TRUE,2026-04-12,2026-W15,698.6522911051217,720,742,0.9703504043126685,extrapolated,syndromic,2026-04-22
ARI incidence,CZ,TRUE,2026-04-19,2026-W16,866.1545155533265,853,840.045265520761,1.0154214719265255,extrapolated,syndromic,2026-04-29
ARI incidence,CZ,TRUE,2026-04-26,2026-W17,861.4856773884981,867.445491789995,873.446536578291,0.9931294652425952,extrapolated,syndromic,2026-05-06
ARI incidence,CZ,TRUE,2026-05-03,2026-W18,829.0354059787761,814.89849002415,801.002640242653,1.0173480698856217,extrapolated,syndromic,2026-05-13
ARI incidence,CZ,TRUE,2026-05-10,2026-W19,825.4951420478002,807.282321645541,789.471328958684,1.0225606580423252,extrapolated,syndromic,2026-05-20
ARI incidence,CZ,TRUE,2026-05-17,2026-W20,636.1137673515805,631.239086896309,626.401762195244,1.0077223995732585,extrapolated,syndromic,2026-05-27
ARI incidence,CZ,TRUE,2026-05-24,2026-W21,581.2728785690686,597.8545968786,614.909334646348,0.9722646302360058,extrapolated,syndromic,2026-06-03
ARI incidence,CZ,TRUE,2026-05-31,2026-W22,620.2448294688348,613.495090451393,606.818804648938,1.0110021076329654,extrapolated,syndromic,2026-06-10
ARI incidence,CZ,TRUE,2026-06-07,2026-W23,579.3133812501069,607.837787680201,637.766687409645,0.9530723377054966,extrapolated,syndromic,2026-06-17
ARI incidence,CZ,TRUE,2026-09-06,2026-W36,382.2973679865075,450.247058187293,530.274154054512,0.8490835443226369,extrapolated,syndromic,2026-09-16
ARI incidence,CZ,TRUE,2026-09-13,2026-W37,500.75569792402723,530.274154054512,561.532658787418,0.9443335944156729,extrapolated,syndromic,2026-09-23
ARI incidence,CZ,TRUE,2026-09-20,2026-W38,492.5720385369933,561.532658787418,640.147840753217,0.8771921469370293,extrapolated,syndromic,2026-09-30
ARI incidence,CZ,TRUE,2026-09-27,2026-W39,561.532658787418,561.532658787418,640.147840753217,0.8771921469370293,h1_nowcast,syndromic,2026-09-30
ARI incidence,DE,TRUE,2023-12-10,2023-W49,2342.5055362089397,2348.16022438979,2353.82856269779,0.997591864421297,extrapolated,ari_archive,2023-12-20
ARI incidence,DE,TRUE,2023-12-17,2023-W50,2418.505235003211,2418.12088491504,2417.73659590798,1.000158945770896,extrapolated,ari_archive,2023-12-27
ARI incidence,DE,TRUE,2023-12-24,2023-W51,2398.4272417059206,2383.72201166837,2369.1069422939,1.0061690205340916,extrapolated,ari_archive,2024-01-03
ARI incidence,DE,TRUE,2023-12-31,2023-W52,1787.440125714141,1631.28721576867,1488.77601103819,1.0957237379389935,extrapolated,ari_archive,2024-01-10
ARI incidence,DE,TRUE,2024-01-07,2024-W01,1810.2944357683596,1707.53203721587,1610.60300496425,1.0601818275222774,extrapolated,ari_archive,2024-01-17
ARI incidence,DE,TRUE,2024-01-14,2024-W02,1593.2003412310833,1475.70640676062,1366.8773114068,1.079618773715552,extrapolated,ari_archive,2024-01-24
ARI incidence,DE,TRUE,2024-01-21,2024-W03,1770.8453915277994,1695.88020118585,1624.08851192417,1.0442042959694502,extrapolated,ari_archive,2024-01-31
ARI incidence,DE,TRUE,2024-01-28,2024-W04,1989.338338422509,1972.16,1955.13,1.0087104182330586,extrapolated,ari_archive,2024-02-07
ARI incidence,DE,TRUE,2024-02-04,2024-W05,2102.9403675703416,2040.48289221597,1979.88040822883,1.0306091639349844,extrapolated,ari_archive,2024-02-14
ARI incidence,DE,TRUE,2024-02-11,2024-W06,1887.5820980140936,1768.48780100028,1656.90758859033,1.0673424475681714,extrapolated,ari_archive,2024-02-21
ARI incidence,DE,TRUE,2024-02-18,2024-W07,1842.4686761249486,1737.25014898325,1638.04037444469,1.0605661350515814,extrapolated,ari_archive,2024-02-28
ARI incidence,DE,TRUE,2024-02-25,2024-W08,1679.307255179269,1726.02292734053,1774.03815562456,0.9729345007987577,extrapolated,ari_archive,2024-03-06
ARI incidence,DE,TRUE,2024-03-03,2024-W09,1432.2404819233689,1355.48200252423,1282.83726256622,1.0566281804230488,extrapolated,ari_archive,2024-03-13
ARI incidence,DE,TRUE,2024-03-10,2024-W10,1367.5007794501485,1330.07993139752,1293.68308266542,1.0281342851427804,extrapolated,ari_archive,2024-03-20
ARI incidence,DE,TRUE,2024-03-17,2024-W11,1347.1868695819483,1291.0028673849,1237.16200122499,1.0435196571723013,extrapolated,ari_archive,2024-03-27
ARI incidence,DE,TRUE,2024-03-24,2024-W12,1276.0461297221384,1211.06908356523,1149.40070817573,1.0536526338907315,extrapolated,ari_archive,2024-04-03
ARI incidence,DE,TRUE,2024-03-31,2024-W13,1073.945256873055,991.078939026889,914.606640419074,1.083612227626923,extrapolated,ari_archive,2024-04-10
ARI incidence,DE,TRUE,2024-04-07,2024-W14,1140.2549380248904,1126.45916930973,1112.83031347352,1.0122470206564285,extrapolated,ari_archive,2024-04-17
ARI incidence,DE,TRUE,2024-04-14,2024-W15,1087.462209514078,1068.67563569034,1050.21361140308,1.017579303949979,extrapolated,ari_archive,2024-04-24
ARI incidence,DE,TRUE,2024-04-21,2024-W16,1069.322447135802,1060.65341662084,1052.05466620733,1.0081732924055256,extrapolated,ari_archive,2024-05-01
ARI incidence,DE,TRUE,2024-10-13,2024-W41,1783.1654799008397,1801.07260317222,1819.15955555507,0.9900575228117737,extrapolated,syndromic,2024-10-23
ARI incidence,DE,TRUE,2024-10-20,2024-W42,1709.646787661002,1865.60733049943,2035.79519274559,0.9164022673535077,extrapolated,syndromic,2024-10-30
ARI incidence,DE,TRUE,2024-10-27,2024-W43,1951.3362339392056,2017.27160263952,2085.4349178977,0.9673145804392235,extrapolated,syndromic,2024-11-06
ARI incidence,DE,TRUE,2024-11-03,2024-W44,1416.2913886045126,1398.72,1381.36661293103,1.0125624775541295,extrapolated,syndromic,2024-11-13
ARI incidence,DE,TRUE,2024-11-10,2024-W45,1634.80054120849,1661.79,1689.22503662654,0.9837588029826215,extrapolated,syndromic,2024-11-20
ARI incidence,DE,TRUE,2024-11-17,2024-W46,1619.7916034567013,1618.18,1616.57,1.0009959358394627,extrapolated,syndromic,2024-11-27
ARI incidence,DE,TRUE,2024-11-24,2024-W47,1627.1618386658854,1653.47950777687,1680.22283811649,0.9840834621855282,extrapolated,syndromic,2024-12-04
ARI incidence,DE,TRUE,2024-12-01,2024-W48,1576.9120705224123,1543.81301583221,1511.40870338025,1.0214398080277614,extrapolated,syndromic,2024-12-11
ARI incidence,DE,TRUE,2024-12-08,2024-W49,1580.2201591243036,1531.13351338255,1483.57165440944,1.0320590237968943,extrapolated,syndromic,2024-12-18
ARI incidence,DE,TRUE,2024-12-15,2024-W50,1651.266088915975,1669.77230146738,1688.48591844942,0.9889169244602138,extrapolated,syndromic,2024-12-25
ARI incidence,DE,TRUE,2024-12-22,2024-W51,1694.4945581819502,1700.73578512848,1707,0.9963302783412302,extrapolated,syndromic,2025-01-01
ARI incidence,DE,TRUE,2024-12-29,2024-W52,1784.4397471445159,1750.904762,1718,1.0191529464493596,extrapolated,syndromic,2025-01-08
ARI incidence,DE,TRUE,2025-01-05,2025-W01,1027.8073998386071,952.442176729173,882.603199933228,1.0791283974511179,extrapolated,syndromic,2025-01-15
ARI incidence,DE,TRUE,2025-01-12,2025-W02,1711.5871486859448,1683.13798707281,1655.1616934624,1.0169024535312237,extrapolated,syndromic,2025-01-22
ARI incidence,DE,TRUE,2025-01-19,2025-W03,1631.231341234948,1595.74083453451,1561.02249057642,1.0222407711405042,extrapolated,syndromic,2025-01-29
ARI incidence,DE,TRUE,2025-01-26,2025-W04,2210.941145667633,2117.27,2027.56742832534,1.044241474005503,extrapolated,syndromic,2025-02-05
ARI incidence,DE,TRUE,2025-02-02,2025-W05,2881.7947955503228,2635.12188814741,2409.56343460518,1.0936096764678822,extrapolated,syndromic,2025-02-12
ARI incidence,DE,TRUE,2025-02-09,2025-W06,2430.121498315502,2299.60553439324,2176.09926807267,1.0567558052762718,extrapolated,syndromic,2025-02-19
ARI incidence,DE,TRUE,2025-02-16,2025-W07,2493.2595267087368,2441.09030962725,2390.01268657428,1.021371276955932,extrapolated,syndromic,2025-02-26
ARI incidence,DE,TRUE,2025-02-23,2025-W08,2345.446334223571,2330.85167800096,2316.34783775105,1.0062615122018943,extrapolated,syndromic,2025-03-05
ARI incidence,DE,TRUE,2025-03-02,2025-W09,2301.2727888270283,2151.97685074483,2012.36654282176,1.0693761821975567,extrapolated,syndromic,2025-03-12
ARI incidence,DE,TRUE,2025-03-09,2025-W10,1823.2213216952232,1747.64688402065,1675.20508612045,1.0432435398509716,extrapolated,syndromic,2025-03-19
ARI incidence,DE,TRUE,2025-03-16,2025-W11,1803.9555880298033,1752.96474525972,1703.41521626901,1.0290883447074275,extrapolated,syndromic,2025-03-26
ARI incidence,DE,TRUE,2025-03-23,2025-W12,1435.117634612378,1423.99155797452,1412.9517387823,1.0078133023862048,extrapolated,syndromic,2025-04-02
ARI incidence,DE,TRUE,2025-03-30,2025-W13,1335.926907044023,1322.14983954776,1308.5148513732,1.0104202013146821,extrapolated,syndromic,2025-04-09
ARI incidence,DE,TRUE,2025-04-06,2025-W14,1461.6066981557735,1354.19325038288,1254.67361479422,1.0793191427756152,extrapolated,syndromic,2025-04-16
ARI incidence,DE,TRUE,2025-04-13,2025-W15,1099.2630637044258,1286.97127875563,1506.7322163635,0.8541473161446941,extrapolated,syndromic,2025-04-23
ARI incidence,DE,TRUE,2025-04-20,2025-W16,858.0183192964114,871.01,884.198394181271,0.9850843495441055,extrapolated,syndromic,2025-04-30
ARI incidence,DE,TRUE,2025-04-27,2025-W17,818.2283339535792,835.033935897336,852.184708308764,0.9798743485488431,extrapolated,syndromic,2025-05-07
ARI incidence,DE,TRUE,2025-05-04,2025-W18,839.5886695652968,843.230911955151,846.88895485555,0.995680610923751,extrapolated,syndromic,2025-05-14
ARI incidence,DE,TRUE,2025-05-11,2025-W19,747.523297510931,747,746.47706881917,1.000700532143147,extrapolated,syndromic,2025-05-21
ARI incidence,DE,TRUE,2025-05-18,2025-W20,724.1474715590456,747.150524461073,770.884285490374,0.9692122910324945,extrapolated,syndromic,2025-05-28
ARI incidence,DE,TRUE,2025-05-25,2025-W21,755.789380276763,772.736321863844,790.063261948722,0.9780689206556188,extrapolated,syndromic,2025-06-04
ARI incidence,DE,TRUE,2025-06-01,2025-W22,657.4607611187536,637.682899842821,618.5,1.031015197805693,extrapolated,syndromic,2025-06-11
ARI incidence,DE,TRUE,2025-06-08,2025-W23,884.9628236053541,856.52854392554,829.007871280218,1.0331971186266573,extrapolated,syndromic,2025-06-18
ARI incidence,DE,TRUE,2025-06-15,2025-W24,750.7311634428969,793.29874437051,838.279970866956,0.9463410458800227,extrapolated,syndromic,2025-06-25
ARI incidence,DE,TRUE,2025-06-22,2025-W25,602.2782228366217,617.204160666601,632.5,0.9758168548088553,extrapolated,syndromic,2025-07-02
ARI incidence,DE,TRUE,2025-06-29,2025-W26,514.2630498950897,503.490547282015,492.9437011935,1.0213956402383868,extrapolated,syndromic,2025-07-09
ARI incidence,DE,TRUE,2025-07-06,2025-W27,582.093950504125,563.5,545.5,1.0329972502291476,extrapolated,syndromic,2025-07-16
ARI incidence,DE,TRUE,2025-07-13,2025-W28,758.0679902542432,660.542631333395,575.563898513261,1.147644306808753,extrapolated,syndromic,2025-07-23
ARI incidence,DE,TRUE,2025-07-20,2025-W29,587.7599461764313,626.78108219591,668.392815050297,0.9377435964040761,extrapolated,syndromic,2025-07-30
ARI incidence,DE,TRUE,2025-07-27,2025-W30,528.663014862247,594.845280973362,669.312772690327,0.8887403695918722,extrapolated,syndromic,2025-08-06
ARI incidence,DE,TRUE,2025-08-03,2025-W31,625.9529678390979,613.092731923873,600.496710216892,1.0209760045187117,extrapolated,syndromic,2025-08-13
ARI incidence,DE,TRUE,2025-08-10,2025-W32,503.53153537338477,579.981589889188,668.038883326254,0.8681853771765243,extrapolated,syndromic,2025-08-20
ARI incidence,DE,TRUE,2025-08-17,2025-W33,611.6031749954218,584.49484294124,558.588044327046,1.0463790782443347,extrapolated,syndromic,2025-08-27
ARI incidence,DE,TRUE,2025-08-24,2025-W34,537.6403061240314,567,597.962980710441,0.9482192347866522,extrapolated,syndromic,2025-09-03
ARI incidence,DE,TRUE,2025-08-31,2025-W35,673.1373763053653,729.193114035287,789.916911871591,0.9231263479440793,extrapolated,syndromic,2025-09-10
ARI incidence,DE,TRUE,2025-09-07,2025-W36,747.6005981638125,813.472264167488,885.147933529049,0.9190240787482912,extrapolated,syndromic,2025-09-17
ARI incidence,DE,TRUE,2025-09-14,2025-W37,927.1032785077136,905.244608927076,883.901309582864,1.0241466995385315,extrapolated,syndromic,2025-09-24
ARI incidence,DE,TRUE,2025-09-21,2025-W38,1061.3699653863318,1073.56586851916,1085.90191133756,0.9886398184867313,extrapolated,syndromic,2025-10-01
ARI incidence,DE,TRUE,2025-09-28,2025-W39,1172.5171392297923,1177,1181.5,0.996191282268303,extrapolated,syndromic,2025-10-08
ARI incidence,DE,TRUE,2025-10-05,2025-W40,963.1314457616297,1007.21367611145,1053.31353660009,0.9562334870987776,extrapolated,syndromic,2025-10-15
ARI incidence,DE,TRUE,2025-10-12,2025-W41,1345.963235294118,1419,1496,0.9485294117647058,extrapolated,syndromic,2025-10-22
ARI incidence,DE,TRUE,2025-10-19,2025-W42,1565.3044262556741,1519.21862354658,1474.48968227333,1.0303352012638625,extrapolated,syndromic,2025-10-29
ARI incidence,DE,TRUE,2025-10-26,2025-W43,1501.8128683268465,1454.43740474585,1408.55642466333,1.0325730508761737,extrapolated,syndromic,2025-11-05
ARI incidence,DE,TRUE,2025-11-02,2025-W44,1494.3518284371032,1406.57948737265,1323.96254794075,1.0624012662294713,extrapolated,syndromic,2025-11-12
ARI incidence,DE,TRUE,2025-11-09,2025-W45,1286.3516665293514,1247.30934308758,1209.45200121764,1.0313012354618674,extrapolated,syndromic,2025-11-19
ARI incidence,DE,TRUE,2025-11-16,2025-W46,1390.7738323887959,1313.43981498947,1240.40595776561,1.0588789958373133,extrapolated,syndromic,2025-11-26
ARI incidence,DE,TRUE,2025-11-23,2025-W47,1291.6191431361474,1312.61787134225,1333.95799011121,0.9840024056775725,extrapolated,syndromic,2025-12-03
ARI incidence,DE,TRUE,2025-11-30,2025-W48,1517.0918822835022,1335.86690870829,1176.29025546942,1.1356609497501857,extrapolated,syndromic,2025-12-10
ARI incidence,DE,TRUE,2025-12-07,2025-W49,1722.570598857501,1677.07410778033,1632.77926887446,1.0271284917381418,extrapolated,syndromic,2025-12-17
ARI incidence,DE,TRUE,2025-12-14,2025-W50,1626.3379404533666,1625.84903104409,1625.36026861067,1.0003007102135195,extrapolated,syndromic,2025-12-24
ARI incidence,DE,TRUE,2025-12-21,2025-W51,1841.7258194351048,1585.24679739945,1364.48508358101,1.1617912254775729,extrapolated,syndromic,2025-12-31
ARI incidence,DE,TRUE,2025-12-28,2025-W52,1647.2917742275574,1577.50308186334,1510.671037288,1.0442399721221365,extrapolated,syndromic,2026-01-07
ARI incidence,DE,TRUE,2026-01-04,2026-W01,999.0976811172288,964.180973246854,930.484542944476,1.0362138528338658,extrapolated,syndromic,2026-01-14
ARI incidence,DE,TRUE,2026-01-11,2026-W02,1420.2805522786355,1504.97402881678,1594.71790540202,0.9437242936313454,extrapolated,syndromic,2026-01-21
ARI incidence,DE,TRUE,2026-01-18,2026-W03,1461.1433240351193,1463.40096142453,1465.66208712785,0.9984572667034384,extrapolated,syndromic,2026-01-28
ARI incidence,DE,TRUE,2026-01-25,2026-W04,1471.7574617889798,1479.85644680219,1488,0.9945271819907191,extrapolated,syndromic,2026-02-04
ARI incidence,DE,TRUE,2026-02-01,2026-W05,1971.1504085541014,1791.42412982264,1628.085,1.100325922677649,extrapolated,syndromic,2026-02-11
ARI incidence,DE,TRUE,2026-02-08,2026-W06,1942.1961028640171,1863.33879531863,1787.68326278666,1.042320434557315,extrapolated,syndromic,2026-02-18
ARI incidence,DE,TRUE,2026-02-15,2026-W07,1767.5744869928365,1743.6772,1720.103,1.0137051095196044,extrapolated,syndromic,2026-02-25
ARI incidence,DE,TRUE,2026-02-22,2026-W08,1663.5351662404098,1613,1564,1.0313299232736572,extrapolated,syndromic,2026-03-04
ARI incidence,DE,TRUE,2026-03-01,2026-W09,1562.7994620062743,1547.3231,1532,1.0100020234986946,extrapolated,syndromic,2026-03-11
ARI incidence,DE,TRUE,2026-03-08,2026-W10,1344.0807247120063,1315.52175525935,1287.56960556179,1.0217092338750602,extrapolated,syndromic,2026-03-18
ARI incidence,DE,TRUE,2026-03-15,2026-W11,1225.2865848325814,1207.69874191121,1190.36335602516,1.0145631044489942,extrapolated,syndromic,2026-03-25
ARI incidence,DE,TRUE,2026-03-22,2026-W12,1208.5881062440772,1179.13083061229,1150.39152587825,1.0249821943986415,extrapolated,syndromic,2026-04-01
ARI incidence,DE,TRUE,2026-03-29,2026-W13,1112.1060286484064,1107.03529766674,1101.98768706391,1.0045804600741761,extrapolated,syndromic,2026-04-08
ARI incidence,DE,TRUE,2026-04-05,2026-W14,980.0959415002789,966.761638002728,953.608749040465,1.0137927519808283,extrapolated,syndromic,2026-04-15
ARI incidence,DE,TRUE,2026-04-12,2026-W15,968.2528553740897,941.095015897921,914.698907451948,1.0288577019508025,extrapolated,syndromic,2026-04-22
ARI incidence,DE,TRUE,2026-04-19,2026-W16,1147.2535166068133,1003.21653388744,877.263306929621,1.14357516832506,extrapolated,syndromic,2026-04-29
ARI incidence,DE,TRUE,2026-04-26,2026-W17,904.0009485646412,884.166752272249,864.767727362354,1.0224326420795842,extrapolated,syndromic,2026-05-06
ARI incidence,DE,TRUE,2026-05-03,2026-W18,699.0613501993781,771.346924190668,851.107098523916,0.9062865596214896,extrapolated,syndromic,2026-05-13
ARI incidence,DE,TRUE,2026-05-10,2026-W19,862.4555082841952,834.533200134734,807.514886782575,1.0334585947508776,extrapolated,syndromic,2026-05-20
ARI incidence,DE,TRUE,2026-05-17,2026-W20,782.923529299129,695.041612309749,617.024300284588,1.126441230903187,extrapolated,syndromic,2026-05-27
ARI incidence,DE,TRUE,2026-05-24,2026-W21,523.0596210662258,566.079965649485,612.638625892228,0.9240030610624062,extrapolated,syndromic,2026-06-03
ARI incidence,DE,TRUE,2026-05-31,2026-W22,542.9277890038139,580.00969626257,619.624293639233,0.9360667459566586,extrapolated,syndromic,2026-06-10
ARI incidence,DE,TRUE,2026-06-07,2026-W23,456.4362641816599,531.169052024497,618.137917534773,0.8593050789423807,extrapolated,syndromic,2026-06-17
ARI incidence,DE,TRUE,2026-08-02,2026-W31,525.8812735227951,539.130363515865,552.713252019136,0.9754250717643356,extrapolated,syndromic,2026-08-12
ARI incidence,DE,TRUE,2026-08-09,2026-W32,482.9670766397168,493.602781033359,504.472700580415,0.9784529082851268,extrapolated,syndromic,2026-08-19
ARI incidence,DE,TRUE,2026-08-16,2026-W33,475.17704339042194,515.022293403155,558.208706400634,0.9226339315344115,extrapolated,syndromic,2026-08-26
ARI incidence,DE,TRUE,2026-08-23,2026-W34,490.3633063976729,552.529596434552,622.577078980185,0.8874878550614576,extrapolated,syndromic,2026-09-02
ARI incidence,DE,TRUE,2026-08-30,2026-W35,434.8796920193027,573.338191415465,755.879586395968,0.7585046636186328,extrapolated,syndromic,2026-09-09
ARI incidence,DE,TRUE,2026-09-06,2026-W36,498.1370187694392,631.085752846439,799.517426810823,0.7893333299359874,extrapolated,syndromic,2026-09-16
ARI incidence,DE,TRUE,2026-09-13,2026-W37,847.2315752708115,965.210459382305,1099.61816591079,0.8777687467384118,extrapolated,syndromic,2026-09-23
ARI incidence,DE,TRUE,2026-09-20,2026-W38,948.3376930777333,1046.12309766538,1153.99139299982,0.9065259099948446,extrapolated,syndromic,2026-09-30
ARI incidence,DE,TRUE,2026-09-27,2026-W39,1046.12309766538,1046.12309766538,1153.99139299982,0.9065259099948446,h1_nowcast,syndromic,2026-09-30
ARI incidence,EE,TRUE,2023-12-10,2023-W49,474.07865538573844,507.72982726296,543.769635194232,0.9337222867944828,extrapolated,ari_archive,2023-12-20
ARI incidence,EE,TRUE,2023-12-17,2023-W50,522.0199549128903,560.136408761777,601.036020687938,0.9319514795812939,extrapolated,ari_archive,2023-12-27
ARI incidence,EE,TRUE,2023-12-24,2023-W51,573.0012563650317,620.630763460838,672.219371729617,0.9232562903743137,extrapolated,ari_archive,2024-01-03
ARI incidence,EE,TRUE,2023-12-31,2023-W52,334.9001315283878,331.083481654054,327.310327780145,1.0115277568523395,extrapolated,ari_archive,2024-01-10
ARI incidence,EE,TRUE,2024-01-07,2024-W01,249.39808412651342,232.658826744143,217.043085361082,1.0719476566465225,extrapolated,ari_archive,2024-01-17
ARI incidence,EE,TRUE,2024-01-14,2024-W02,265.59916509431787,252.152700600196,239.386989026843,1.0533266725365829,extrapolated,ari_archive,2024-01-24
ARI incidence,EE,TRUE,2024-01-21,2024-W03,221.36313867026828,197.199439896292,175.673417575346,1.1225343174741478,extrapolated,ari_archive,2024-01-31
ARI incidence,EE,TRUE,2024-01-28,2024-W04,211.53220940107207,207.628695185049,203.79721455331,1.0188004563268294,extrapolated,ari_archive,2024-02-07
ARI incidence,EE,TRUE,2024-02-04,2024-W05,208.52772645199894,205.288876568403,202.100332458274,1.0157770354523652,extrapolated,ari_archive,2024-02-14
ARI incidence,EE,TRUE,2024-02-11,2024-W06,211.36475836970098,206.659132837673,202.058268912161,1.0227699858574564,extrapolated,ari_archive,2024-02-21
ARI incidence,EE,TRUE,2024-02-18,2024-W07,219.10271361592854,219.841926930302,220.583634218005,0.9966375234938329,extrapolated,ari_archive,2024-02-28
ARI incidence,EE,TRUE,2024-02-25,2024-W08,234.47073457204462,237.749298821357,241.073706674804,0.9862099940333541,extrapolated,ari_archive,2024-03-06
ARI incidence,EE,TRUE,2024-03-03,2024-W09,239.0738165216718,243.164679170979,247.325541778705,0.9831765753839976,extrapolated,ari_archive,2024-03-13
ARI incidence,EE,TRUE,2024-03-10,2024-W10,193.37075947456833,193.924354582268,194.479534560111,0.9971453038536998,extrapolated,ari_archive,2024-03-20
ARI incidence,EE,TRUE,2024-03-17,2024-W11,187.63887532014664,187.35299235944,187.067544964482,1.001525905495858,extrapolated,ari_archive,2024-03-27
ARI incidence,EE,TRUE,2024-03-24,2024-W12,190.68343910912398,188.595881722654,186.531178422843,1.0110689447054828,extrapolated,ari_archive,2024-04-03
ARI incidence,EE,TRUE,2024-03-31,2024-W13,182.67109687165248,179.958946400321,177.287063712482,1.0150709399314783,extrapolated,ari_archive,2024-04-10
ARI incidence,EE,TRUE,2024-04-07,2024-W14,205.64106735880313,207.247285932833,208.866050338008,0.9922497485706492,extrapolated,ari_archive,2024-04-17
ARI incidence,EE,TRUE,2024-04-14,2024-W15,206.30281797214093,209.217686050914,212.173738520672,0.9860677740309978,extrapolated,ari_archive,2024-04-24
ARI incidence,EE,TRUE,2024-04-21,2024-W16,187.22248168317984,184.177399373538,181.181843841819,1.0165334200613076,extrapolated,ari_archive,2024-05-01
ARI incidence,EE,TRUE,2024-10-13,2024-W41,453.61601496725945,492.4,534.5,0.9212347988774555,extrapolated,syndromic,2024-10-23
ARI incidence,EE,TRUE,2024-10-20,2024-W42,264.38722619548156,253.093266536308,242.281756527288,1.0446237065637352,extrapolated,syndromic,2024-10-30
ARI incidence,EE,TRUE,2024-10-27,2024-W43,249.40098607046824,253.825292804234,258.328085555168,0.9825694804292877,extrapolated,syndromic,2024-11-06
ARI incidence,EE,TRUE,2024-11-03,2024-W44,226.36603566140175,223.964456186305,221.588355727786,1.0107230384498993,extrapolated,syndromic,2024-11-13
ARI incidence,EE,TRUE,2024-11-10,2024-W45,222.63207371403973,225.908510387092,229.233165796526,0.9854966213205594,extrapolated,syndromic,2024-11-20
ARI incidence,EE,TRUE,2024-11-17,2024-W46,246.02242429293858,244.760246157107,243.504543421439,1.0051567938652164,extrapolated,syndromic,2024-11-27
ARI incidence,EE,TRUE,2024-11-24,2024-W47,248.21491996661496,270.042312945702,293.789151719295,0.9191704709495802,extrapolated,syndromic,2024-12-04
ARI incidence,EE,TRUE,2024-12-01,2024-W48,269.7409556907037,278.6,287.75,0.9682015638575153,extrapolated,syndromic,2024-12-11
ARI incidence,EE,TRUE,2024-12-08,2024-W49,258.10091546666115,268.900500139873,280.151966314175,0.959837989637081,extrapolated,syndromic,2024-12-18
ARI incidence,EE,TRUE,2024-12-15,2024-W50,302.39437046853794,312.940492661386,323.854414999237,0.966299911835765,extrapolated,syndromic,2024-12-25
ARI incidence,EE,TRUE,2024-12-22,2024-W51,360.77171563348475,336.038014208632,313,1.0736038792608051,extrapolated,syndromic,2025-01-01
ARI incidence,EE,TRUE,2024-12-29,2024-W52,310.5636567291886,313.952381,317.378081433137,0.9892062475843697,extrapolated,syndromic,2025-01-08
ARI incidence,EE,TRUE,2025-01-05,2025-W01,169.98128357984254,156.504382131516,144.095991691124,1.0861119750436217,extrapolated,syndromic,2025-01-15
ARI incidence,EE,TRUE,2025-01-12,2025-W02,239.63974599661796,241.144752218808,242.65921031101,0.9937589095000311,extrapolated,syndromic,2025-01-22
ARI incidence,EE,TRUE,2025-01-19,2025-W03,221.72630235284325,217.91075336143,214.160863761579,1.0175096865691842,extrapolated,syndromic,2025-01-29
ARI incidence,EE,TRUE,2025-01-26,2025-W04,225.5782048188064,230.580033566116,235.692769707327,0.9783076241687015,extrapolated,syndromic,2025-02-05
ARI incidence,EE,TRUE,2025-02-02,2025-W05,256.8022274459818,265.810453206094,275.134673621518,0.9661103404645732,extrapolated,syndromic,2025-02-12
ARI incidence,EE,TRUE,2025-02-09,2025-W06,284.51670047247154,301.961725774273,320.476385678455,0.942227693734794,extrapolated,syndromic,2025-02-19
ARI incidence,EE,TRUE,2025-02-16,2025-W07,283.79404238759724,282.762735915077,281.735177206362,1.0036472502969067,extrapolated,syndromic,2025-02-26
ARI incidence,EE,TRUE,2025-02-23,2025-W08,320.99190127845645,320.585649423197,320.179911725987,1.0012672178433146,extrapolated,syndromic,2025-03-05
ARI incidence,EE,TRUE,2025-03-02,2025-W09,375.2353927931945,324.836165775816,281.206241795236,1.1551527579972771,extrapolated,syndromic,2025-03-12
ARI incidence,EE,TRUE,2025-03-09,2025-W10,238.31627417364768,223.522281714245,209.646657979965,1.06618576164284,extrapolated,syndromic,2025-03-19
ARI incidence,EE,TRUE,2025-03-16,2025-W11,214.85500585361035,217.746607612066,220.67712566524,0.9867203361275445,extrapolated,syndromic,2025-03-26
ARI incidence,EE,TRUE,2025-03-23,2025-W12,210.24302705704318,202.633570905482,195.299528515476,1.0375527910679254,extrapolated,syndromic,2025-04-02
ARI incidence,EE,TRUE,2025-03-30,2025-W13,132.0891792782884,124.315863732509,117,1.0625287498505043,extrapolated,syndromic,2025-04-09
ARI incidence,EE,TRUE,2025-04-06,2025-W14,170.5205264854116,159.055468205388,148.361270560583,1.0720821384475678,extrapolated,syndromic,2025-04-16
ARI incidence,EE,TRUE,2025-04-13,2025-W15,189.96598841346548,185.206009498642,180.565301404131,1.0257009960298211,extrapolated,syndromic,2025-04-23
ARI incidence,EE,TRUE,2025-04-20,2025-W16,162.23116035635243,154.883992889412,147.869565875469,1.0474365835350483,extrapolated,syndromic,2025-04-30
ARI incidence,EE,TRUE,2025-04-27,2025-W17,173.25679184645773,170.631002804998,168.045008844682,1.0153886984094014,extrapolated,syndromic,2025-05-07
ARI incidence,EE,TRUE,2025-05-04,2025-W18,168.06305855343524,168.478985670872,168.895942136272,0.9975312819234959,extrapolated,syndromic,2025-05-14
ARI incidence,EE,TRUE,2025-05-11,2025-W19,152.490661096931,151.600224562056,150.714987540495,1.0058735832182792,extrapolated,syndromic,2025-05-21
ARI incidence,EE,TRUE,2025-05-18,2025-W20,163.8125998341597,163.430247266123,163.048787141564,1.002339545919025,extrapolated,syndromic,2025-05-28
ARI incidence,EE,TRUE,2025-05-25,2025-W21,163.4330991543513,167.048960298624,170.744820242909,0.9783544827946927,extrapolated,syndromic,2025-06-04
ARI incidence,EE,TRUE,2025-06-01,2025-W22,175.50760402075534,165.392892488834,155.861103787777,1.0611556601962453,extrapolated,syndromic,2025-06-11
ARI incidence,EE,TRUE,2025-06-08,2025-W23,162.74806549790424,160.487673269277,158.258675410909,1.0140845223971484,extrapolated,syndromic,2025-06-18
ARI incidence,EE,TRUE,2025-06-15,2025-W24,150.08922714268226,153.354986464513,156.691804743413,0.9787045768962573,extrapolated,syndromic,2025-06-25
ARI incidence,EE,TRUE,2025-06-22,2025-W25,161.25066792782707,161.658558514352,162.067480877878,0.9974768388987661,extrapolated,syndromic,2025-07-02
ARI incidence,EE,TRUE,2025-06-29,2025-W26,174.78912115943191,167.190931271629,159.923039340519,1.0454461843714382,extrapolated,syndromic,2025-07-09
ARI incidence,EE,TRUE,2025-07-06,2025-W27,95.35487062000422,94.268593440958,93.1946910687994,1.0115232140355057,extrapolated,syndromic,2025-07-16
ARI incidence,EE,TRUE,2025-07-13,2025-W28,97.17788893019915,94.4167879525724,91.7341377284307,1.0292437503700467,extrapolated,syndromic,2025-07-23
ARI incidence,EE,TRUE,2025-07-20,2025-W29,100.0102040816326,99,98,1.010204081632653,extrapolated,syndromic,2025-07-30
ARI incidence,EE,TRUE,2025-07-27,2025-W30,68.39981938879545,67.8294394356631,67.2638158297528,1.008409032388854,extrapolated,syndromic,2025-08-06
ARI incidence,EE,TRUE,2025-08-03,2025-W31,54.55031328580094,62.1256448021838,70.7529528174448,0.8780643397665538,extrapolated,syndromic,2025-08-13
ARI incidence,EE,TRUE,2025-08-10,2025-W32,63.573603210924986,63.3282613633338,63.0838663335906,1.0038741289008957,extrapolated,syndromic,2025-08-20
ARI incidence,EE,TRUE,2025-08-17,2025-W33,61.15602647178246,59.9274693754688,58.7235926357116,1.0205007337889795,extrapolated,syndromic,2025-08-27
ARI incidence,EE,TRUE,2025-08-24,2025-W34,85.1756723446946,87.3339327344771,89.5468811329582,0.9752872643861784,extrapolated,syndromic,2025-09-03
ARI incidence,EE,TRUE,2025-08-31,2025-W35,130.2575060723625,129.389522601947,128.527323023206,1.0067082979592232,extrapolated,syndromic,2025-09-10
ARI incidence,EE,TRUE,2025-09-07,2025-W36,141.56859326321393,146.000389137201,150.570922101216,0.9696453146448647,extrapolated,syndromic,2025-09-17
ARI incidence,EE,TRUE,2025-09-14,2025-W37,166.09840812690925,188.898913747057,214.829269089408,0.8792978468331555,extrapolated,syndromic,2025-09-24
ARI incidence,EE,TRUE,2025-09-21,2025-W38,229.34611156775435,240.518577739199,252.235304284185,0.9535484274168649,extrapolated,syndromic,2025-10-01
ARI incidence,EE,TRUE,2025-09-28,2025-W39,227.31903375585225,218.60270175639,210.220589211716,1.0398729381175515,extrapolated,syndromic,2025-10-08
ARI incidence,EE,TRUE,2025-10-05,2025-W40,221.64566784783,270.285403766463,329.599040660497,0.8200430535987818,extrapolated,syndromic,2025-10-15
ARI incidence,EE,TRUE,2025-10-12,2025-W41,225.46393574526564,227.732135815704,230.023154309597,0.9900400527035229,extrapolated,syndromic,2025-10-22
ARI incidence,EE,TRUE,2025-10-19,2025-W42,218.80270289048235,217.92157803434,217.044001493652,1.0040433116540826,extrapolated,syndromic,2025-10-29
ARI incidence,EE,TRUE,2025-10-26,2025-W43,206.86589642879542,227.945137237024,251.172312531903,0.9075249375190239,extrapolated,syndromic,2025-11-05
ARI incidence,EE,TRUE,2025-11-02,2025-W44,200.0384826444046,202.445812453584,204.882112872486,0.9881087695516968,extrapolated,syndromic,2025-11-12
ARI incidence,EE,TRUE,2025-11-09,2025-W45,206.77512898365626,207.495804000263,208.218990791289,0.9965267971558325,extrapolated,syndromic,2025-11-19
ARI incidence,EE,TRUE,2025-11-16,2025-W46,215.19148723011,219.915245119985,224.742696185131,0.9785200981073512,extrapolated,syndromic,2025-11-26
ARI incidence,EE,TRUE,2025-11-23,2025-W47,222.17721850348656,234.597803399603,247.712748096426,0.9470558346407033,extrapolated,syndromic,2025-12-03
ARI incidence,EE,TRUE,2025-11-30,2025-W48,237.6148358507367,250.17487669206,263.398826524465,0.9497949554032021,extrapolated,syndromic,2025-12-10
ARI incidence,EE,TRUE,2025-12-07,2025-W49,228.2870558518542,228.653539709516,229.020611907228,0.9983972089033598,extrapolated,syndromic,2025-12-17
ARI incidence,EE,TRUE,2025-12-14,2025-W50,223.41247998680015,227.834996106652,232.34505724114,0.9805889516736858,extrapolated,syndromic,2025-12-24
ARI incidence,EE,TRUE,2025-12-21,2025-W51,287.80892389312805,213.44944641841,158.301784253374,1.3483704395698282,extrapolated,syndromic,2025-12-31
ARI incidence,EE,TRUE,2025-12-28,2025-W52,117.0290118073231,158.276590482384,214.062126201434,0.7393955824462127,extrapolated,syndromic,2026-01-07
ARI incidence,EE,TRUE,2026-01-04,2026-W01,219.62947700595197,208.441836554606,197.824079984854,1.0536727205836869,extrapolated,syndromic,2026-01-14
ARI incidence,EE,TRUE,2026-01-11,2026-W02,235.85141107741276,248.474551351474,261.773302043343,0.9491974521921756,extrapolated,syndromic,2026-01-21
ARI incidence,EE,TRUE,2026-01-18,2026-W03,237.0674651388341,238.31030799833,239.559666548929,0.9947847708731727,extrapolated,syndromic,2026-01-28
ARI incidence,EE,TRUE,2026-01-25,2026-W04,258.6753551658556,268.000567635081,277.66195278508,0.9652045047832777,extrapolated,syndromic,2026-02-04
ARI incidence,EE,TRUE,2026-02-01,2026-W05,288.627822019041,301.495520504513,314.936890866642,0.9573204322772697,extrapolated,syndromic,2026-02-11
ARI incidence,EE,TRUE,2026-02-08,2026-W06,297.18253694951244,310.703942158042,324.840553093967,0.9564813850940721,extrapolated,syndromic,2026-02-18
ARI incidence,EE,TRUE,2026-02-15,2026-W07,305.3768481788679,291,277.3,1.0494049765596827,extrapolated,syndromic,2026-02-25
ARI incidence,EE,TRUE,2026-02-22,2026-W08,266.6033621679161,256.80069563427,247.358460681038,1.038172274064268,extrapolated,syndromic,2026-03-04
ARI incidence,EE,TRUE,2026-03-01,2026-W09,214.89688780357525,215.972832534115,217.054164299688,0.9950181478016704,extrapolated,syndromic,2026-03-11
ARI incidence,EE,TRUE,2026-03-08,2026-W10,226.0043640990051,227.963138722209,229.93889,0.9914074940616135,extrapolated,syndromic,2026-03-18
ARI incidence,EE,TRUE,2026-03-15,2026-W11,210.90366908577158,206.091408909556,201.388951697433,1.0233501250812804,extrapolated,syndromic,2026-03-25
ARI incidence,EE,TRUE,2026-03-22,2026-W12,199.4819470466134,196.94174,194.43388,1.0128982664955306,extrapolated,syndromic,2026-04-01
ARI incidence,EE,TRUE,2026-03-29,2026-W13,201.70418987836402,196.403398250037,191.241911570724,1.026989307087135,extrapolated,syndromic,2026-04-08
ARI incidence,EE,TRUE,2026-04-05,2026-W14,177.28237138835814,176.104009174319,174.933479309862,1.0066912855622314,extrapolated,syndromic,2026-04-15
ARI incidence,EE,TRUE,2026-04-12,2026-W15,202.20812832325578,199.850284753423,197.519934768274,1.0117980495886805,extrapolated,syndromic,2026-04-22
ARI incidence,EE,TRUE,2026-04-19,2026-W16,197.16220698115006,189.977725927748,183.055043364011,1.0378174915944327,extrapolated,syndromic,2026-04-29
ARI incidence,EE,TRUE,2026-04-26,2026-W17,179.81788173613606,174.73920635749,169.803970237235,1.029064315241628,extrapolated,syndromic,2026-05-06
ARI incidence,EE,TRUE,2026-05-03,2026-W18,152.19666449110903,160.188249448464,168.59945878027,0.9501112910287094,extrapolated,syndromic,2026-05-13
ARI incidence,EE,TRUE,2026-05-10,2026-W19,191.31224689496977,168.59945878027,148.583156396703,1.1347144782018586,extrapolated,syndromic,2026-05-20
ARI incidence,EE,TRUE,2026-05-17,2026-W20,163.5055440934606,155.355118827672,147.610976005586,1.0524631909607651,extrapolated,syndromic,2026-05-27
ARI incidence,EE,TRUE,2026-05-24,2026-W21,130.64156705720725,132.09707795052,133.568805060526,0.9889815057539889,extrapolated,syndromic,2026-06-03
ARI incidence,EE,TRUE,2026-05-31,2026-W22,134.6606952790131,132.923406469239,131.20853082466,1.0130698486889598,extrapolated,syndromic,2026-06-10
ARI incidence,EE,TRUE,2026-06-07,2026-W23,141.4701384297396,130.704921078219,120.758886530305,1.0823627546898422,extrapolated,syndromic,2026-06-17
ARI incidence,EE,TRUE,2026-08-02,2026-W31,74.92500837647178,76.8891403332644,78.9047612978968,0.9744550147357695,extrapolated,syndromic,2026-08-12
ARI incidence,EE,TRUE,2026-08-09,2026-W32,81.97262178474466,89.2367924799735,97.1446924440792,0.9185966853654116,extrapolated,syndromic,2026-08-19
ARI incidence,EE,TRUE,2026-08-16,2026-W33,97.702419946903035,108.304445512068,120.056933329299,0.9021090453393841,extrapolated,syndromic,2026-08-26
ARI incidence,EE,TRUE,2026-08-23,2026-W34,99.23663663821712,111.207211909534,124.621756637904,0.8923579229640715,extrapolated,syndromic,2026-09-02
ARI incidence,EE,TRUE,2026-08-30,2026-W35,112.73311934931468,126.874427175212,142.789628850415,0.8885409129266972,extrapolated,syndromic,2026-09-09
ARI incidence,EE,TRUE,2026-09-06,2026-W36,160.96337167925802,162.28284767716,163.613139905431,0.9918692824485862,extrapolated,syndromic,2026-09-16
ARI incidence,EE,TRUE,2026-09-13,2026-W37,177.80074950707052,205.220859111146,236.869648362433,0.8663873169480062,extrapolated,syndromic,2026-09-23
ARI incidence,EE,TRUE,2026-09-20,2026-W38,277.3392993852321,277.339299385232,277.339299385232,1,extrapolated,syndromic,2026-09-30
ARI incidence,EE,TRUE,2026-09-27,2026-W39,277.339299385232,277.339299385232,277.339299385232,1,h1_nowcast,syndromic,2026-09-30
ARI incidence,ES,TRUE,2023-12-10,2023-W49,668.1243763764921,679.917792571483,691.919380583678,0.9826546439527811,extrapolated,ari_archive,2023-12-20
ARI incidence,ES,TRUE,2023-12-17,2023-W50,814.936723027963,846.059846306589,878.371588008272,0.9632140404553036,extrapolated,ari_archive,2023-12-27
ARI incidence,ES,TRUE,2023-12-24,2023-W51,808.6752785341598,861.732281434796,918.270342346629,0.9384298301877521,extrapolated,ari_archive,2024-01-03
ARI incidence,ES,TRUE,2023-12-31,2023-W52,942.3962521138747,953.986965898365,965.720236113585,0.9878502388409722,extrapolated,ari_archive,2024-01-10
ARI incidence,ES,TRUE,2024-01-07,2024-W01,935.810009108777,916.501952534425,897.592268541099,1.0210671199564372,extrapolated,ari_archive,2024-01-17
ARI incidence,ES,TRUE,2024-01-14,2024-W02,997.7656886481649,966.161672830618,935.558707487305,1.0327108978820854,extrapolated,ari_archive,2024-01-24
ARI incidence,ES,TRUE,2024-01-21,2024-W03,800.2132172036689,715.323033256633,639.438378305661,1.118673913742941,extrapolated,ari_archive,2024-01-31
ARI incidence,ES,TRUE,2024-01-28,2024-W04,587.0533671806097,542.895575861861,502.059306304438,1.081337541291707,extrapolated,ari_archive,2024-02-07
ARI incidence,ES,TRUE,2024-02-04,2024-W05,557.4909440646124,536.299031947714,515.912688322917,1.0395151041759936,extrapolated,ari_archive,2024-02-14
ARI incidence,ES,TRUE,2024-02-11,2024-W06,560.9979662031845,544.011987663494,527.540313068439,1.0312235372103555,extrapolated,ari_archive,2024-02-21
ARI incidence,ES,TRUE,2024-02-18,2024-W07,561.0839323236337,525.073162158978,491.37358911323,1.0685823857699897,extrapolated,ari_archive,2024-02-28
ARI incidence,ES,TRUE,2024-02-25,2024-W08,487.1575092994168,481.55576064155,476.018425622859,1.0116326064719985,extrapolated,ari_archive,2024-03-06
ARI incidence,ES,TRUE,2024-03-03,2024-W09,536.9500404446961,491.269406562661,449.475019360366,1.0929848943813858,extrapolated,ari_archive,2024-03-13
ARI incidence,ES,TRUE,2024-03-10,2024-W10,546.3606625369753,544.355073555541,542.356846720466,1.003684339650468,extrapolated,ari_archive,2024-03-20
ARI incidence,ES,TRUE,2024-03-17,2024-W11,573.5577217179485,566.842102700218,560.205114894454,1.0118474245045306,extrapolated,ari_archive,2024-03-27
ARI incidence,ES,TRUE,2024-03-24,2024-W12,562.2742075828286,559.631021691032,557.000261109812,1.0047230868006745,extrapolated,ari_archive,2024-04-03
ARI incidence,ES,TRUE,2024-03-31,2024-W13,422.73964364284564,396.309027025002,371.530910959933,1.0666919368863528,extrapolated,ari_archive,2024-04-10
ARI incidence,ES,TRUE,2024-04-07,2024-W14,484.04510777818683,485.034022718853,486.024958034778,0.9979611431480149,extrapolated,ari_archive,2024-04-17
ARI incidence,ES,TRUE,2024-04-14,2024-W15,499.96674222165643,485.36,471.18,1.0300946559701176,extrapolated,ari_archive,2024-04-24
ARI incidence,ES,TRUE,2024-10-13,2024-W41,498.20289230379024,492.412800052285,486.69,1.0117586144204422,extrapolated,syndromic,2024-10-23
ARI incidence,ES,TRUE,2024-10-20,2024-W42,482.53447513722097,483.523963792633,484.515481500578,0.997953589212724,extrapolated,syndromic,2024-10-30
ARI incidence,ES,TRUE,2024-10-27,2024-W43,483.30411773347345,479.89,476.5,1.0071143756558236,extrapolated,syndromic,2024-11-06
ARI incidence,ES,TRUE,2024-11-03,2024-W44,420.4320478840766,411.989308326529,403.716108297653,1.0204926181017684,extrapolated,syndromic,2024-11-13
ARI incidence,ES,TRUE,2024-11-10,2024-W45,476.1662470290288,472.591780615671,469.044146868887,1.0075635391049356,extrapolated,syndromic,2024-11-20
ARI incidence,ES,TRUE,2024-11-17,2024-W46,496.784195283684,512.514698498007,528.74330276652,0.9693072154605065,extrapolated,syndromic,2024-11-27
ARI incidence,ES,TRUE,2024-11-24,2024-W47,521.9072919196503,516.310006549011,510.772750237182,1.0108409391637625,extrapolated,syndromic,2024-12-04
ARI incidence,ES,TRUE,2024-12-01,2024-W48,510.1182239171046,521.226949585209,532.577587383058,0.978687353604903,extrapolated,syndromic,2024-12-11
ARI incidence,ES,TRUE,2024-12-08,2024-W49,482.87095542401727,485.559486850056,488.262987495402,0.9944630235865022,extrapolated,syndromic,2024-12-18
ARI incidence,ES,TRUE,2024-12-15,2024-W50,588.6103508506851,602.558038599862,616.836230209984,0.976852540575865,extrapolated,syndromic,2024-12-25
ARI incidence,ES,TRUE,2024-12-22,2024-W51,599.845128744545,614.642440775914,629.80478110019,0.9759253330884703,extrapolated,syndromic,2025-01-01
ARI incidence,ES,TRUE,2024-12-29,2024-W52,670.6544133308685,678.328127851359,686.089646005691,0.9886873119285238,extrapolated,syndromic,2025-01-08
ARI incidence,ES,TRUE,2025-01-05,2025-W01,650.3626145753219,645.411092916646,640.497269560712,1.0076718880617621,extrapolated,syndromic,2025-01-15
ARI incidence,ES,TRUE,2025-01-12,2025-W02,812.9985042895875,836.643921623977,860.97704718657,0.9717377767013572,extrapolated,syndromic,2025-01-22
ARI incidence,ES,TRUE,2025-01-19,2025-W03,825.4471980724676,843.331092134895,861.602453339476,0.9787937451503728,extrapolated,syndromic,2025-01-29
ARI incidence,ES,TRUE,2025-01-26,2025-W04,884.4880581093855,864.691961007375,845.338928632897,1.0228938142074873,extrapolated,syndromic,2025-02-05
ARI incidence,ES,TRUE,2025-02-02,2025-W05,779.3965673277833,742.732186576453,707.792571974001,1.0493642007361097,extrapolated,syndromic,2025-02-12
ARI incidence,ES,TRUE,2025-02-09,2025-W06,636.0969776047872,625.468629068092,615.017866334497,1.0169926164842682,extrapolated,syndromic,2025-02-19
ARI incidence,ES,TRUE,2025-02-16,2025-W07,667.3515552339056,618.789115613186,573.760511380157,1.0784797896333342,extrapolated,syndromic,2025-02-26
ARI incidence,ES,TRUE,2025-02-23,2025-W08,593.1401557797926,569.967423034503,547.7,1.0406562407056836,extrapolated,syndromic,2025-03-05
ARI incidence,ES,TRUE,2025-03-02,2025-W09,529.1114441428548,497.56,467.89,1.0634123405073843,extrapolated,syndromic,2025-03-12
ARI incidence,ES,TRUE,2025-03-09,2025-W10,495.7386015022506,466.974094801755,439.878606497679,1.0615976496784207,extrapolated,syndromic,2025-03-19
ARI incidence,ES,TRUE,2025-03-16,2025-W11,390.00092335396204,367.017769023461,345.38903554519,1.0626213667846476,extrapolated,syndromic,2025-03-26
ARI incidence,ES,TRUE,2025-03-23,2025-W12,495.7410271853967,478.93,462.689049970881,1.0351012197719853,extrapolated,syndromic,2025-04-02
ARI incidence,ES,TRUE,2025-03-30,2025-W13,505.1572685607571,507.84057154459,510.538127742919,0.9947162492833691,extrapolated,syndromic,2025-04-09
ARI incidence,ES,TRUE,2025-04-06,2025-W14,510.67402659323034,491.366323197571,472.788610737424,1.0392939086057313,extrapolated,syndromic,2025-04-16
ARI incidence,ES,TRUE,2025-04-13,2025-W15,415.27756225835964,468.292523712561,528.07545529909,0.8867909292381914,extrapolated,syndromic,2025-04-23
ARI incidence,ES,TRUE,2025-04-20,2025-W16,335.87967066564295,309.982934486237,286.082868553103,1.0835424576592485,extrapolated,syndromic,2025-04-30
ARI incidence,ES,TRUE,2025-04-27,2025-W17,313.1660795585184,313.788588125447,314.412334109009,0.9980161529434601,extrapolated,syndromic,2025-05-07
ARI incidence,ES,TRUE,2025-05-04,2025-W18,295.35977793925423,310.925406704026,327.311352983028,0.9499377393125388,extrapolated,syndromic,2025-05-14
ARI incidence,ES,TRUE,2025-05-11,2025-W19,343.826965580737,332.748583242916,322.027155325513,1.033293552236505,extrapolated,syndromic,2025-05-21
ARI incidence,ES,TRUE,2025-05-18,2025-W20,304.75190081069167,318.080284854249,331.991588383263,0.9580974216944488,extrapolated,syndromic,2025-05-28
ARI incidence,ES,TRUE,2025-05-25,2025-W21,343.4287838164599,335.885743974957,328.508378802357,1.022457159843215,extrapolated,syndromic,2025-06-04
ARI incidence,ES,TRUE,2025-06-01,2025-W22,309.6577225415957,294.360091737526,279.818190538056,1.0519691059809504,extrapolated,syndromic,2025-06-11
ARI incidence,ES,TRUE,2025-06-08,2025-W23,284.72095607418987,270.513621923104,257.015221692667,1.0525198474298072,extrapolated,syndromic,2025-06-18
ARI incidence,ES,TRUE,2025-06-15,2025-W24,302.59061825046166,290.248609656479,278.410004561966,1.0425221971212535,extrapolated,syndromic,2025-06-25
ARI incidence,ES,TRUE,2025-06-22,2025-W25,274.70876663950935,277.118134217821,279.548633455666,0.991305630051558,extrapolated,syndromic,2025-07-02
ARI incidence,ES,TRUE,2025-06-29,2025-W26,246.8629454943701,262.097499403055,278.272217224683,0.9418744782251539,extrapolated,syndromic,2025-07-09
ARI incidence,ES,TRUE,2025-07-06,2025-W27,248.24744239175297,239.782593644396,231.606382973731,1.0353021819419905,extrapolated,syndromic,2025-07-16
ARI incidence,ES,TRUE,2025-07-13,2025-W28,249.436612452396,253.722010082244,258.081032159864,0.9831098704110891,extrapolated,syndromic,2025-07-23
ARI incidence,ES,TRUE,2025-07-20,2025-W29,257.69915868201343,249.069802748005,240.729410830087,1.0346463354401048,extrapolated,syndromic,2025-07-30
ARI incidence,ES,TRUE,2025-07-27,2025-W30,249.33625084741834,247.174363479562,245.031220907039,1.0087464061297564,extrapolated,syndromic,2025-08-06
ARI incidence,ES,TRUE,2025-08-03,2025-W31,249.78684408540363,248.005618358858,246.2370945226,1.0071821990902174,extrapolated,syndromic,2025-08-13
ARI incidence,ES,TRUE,2025-08-10,2025-W32,213.73490293428426,232.56903427188,253.062812669324,0.9190170290874657,extrapolated,syndromic,2025-08-20
ARI incidence,ES,TRUE,2025-08-17,2025-W33,294.0795696589378,287.388325180669,280.849327771858,1.0232829377256791,extrapolated,syndromic,2025-08-27
ARI incidence,ES,TRUE,2025-08-24,2025-W34,245.48855431231635,246.621965880483,247.760610367905,0.9954042553990676,extrapolated,syndromic,2025-09-03
ARI incidence,ES,TRUE,2025-08-31,2025-W35,241.77498957350824,245.229427473548,248.73322176577,0.985913444664334,extrapolated,syndromic,2025-09-10
ARI incidence,ES,TRUE,2025-09-07,2025-W36,259.74341391922763,262,264.27619073855,0.9913870760275872,extrapolated,syndromic,2025-09-17
ARI incidence,ES,TRUE,2025-09-14,2025-W37,241.20272144271235,254.742251108684,269.041800655357,0.946850082359541,extrapolated,syndromic,2025-09-24
ARI incidence,ES,TRUE,2025-09-21,2025-W38,337.33729589643275,343.986200266397,350.766154270833,0.9806710142301784,extrapolated,syndromic,2025-10-01
ARI incidence,ES,TRUE,2025-09-28,2025-W39,380.045694853066,411.25,445.016388267174,0.9241232701594312,extrapolated,syndromic,2025-10-08
ARI incidence,ES,TRUE,2025-10-05,2025-W40,460.8282889021905,491,523.147137026496,0.9385504865625063,extrapolated,syndromic,2025-10-15
ARI incidence,ES,TRUE,2025-10-12,2025-W41,488.50103156904834,471.017092946177,454.158921906204,1.0371195416996666,extrapolated,syndromic,2025-10-22
ARI incidence,ES,TRUE,2025-10-19,2025-W42,395.1608845993028,415.971167391443,437.877378163216,0.9499718143383794,extrapolated,syndromic,2025-10-29
ARI incidence,ES,TRUE,2025-10-26,2025-W43,420.39965690386265,426.65331527995,433,0.9853425295148961,extrapolated,syndromic,2025-11-05
ARI incidence,ES,TRUE,2025-11-02,2025-W44,357.31926121372055,368,379,0.9709762532981531,extrapolated,syndromic,2025-11-12
ARI incidence,ES,TRUE,2025-11-09,2025-W45,457.45149615535246,464.518993129736,471.695680944903,0.9847853433790391,extrapolated,syndromic,2025-11-19
ARI incidence,ES,TRUE,2025-11-16,2025-W46,451.2602710357279,489.541347796132,531.069864962873,0.9218021584228956,extrapolated,syndromic,2025-11-26
ARI incidence,ES,TRUE,2025-11-23,2025-W47,537.0001693839763,547.757598003156,558.730524264785,0.9803609686868855,extrapolated,syndromic,2025-12-03
ARI incidence,ES,TRUE,2025-11-30,2025-W48,725.2548803071353,692.701983149488,661.610215233615,1.0469940868505099,extrapolated,syndromic,2025-12-10
ARI incidence,ES,TRUE,2025-12-07,2025-W49,763.5330347144458,885.5,1026.95,0.8622620380739081,extrapolated,syndromic,2025-12-17
ARI incidence,ES,TRUE,2025-12-14,2025-W50,770.75568267527,827.218734499755,887.818085663959,0.9317435045053352,extrapolated,syndromic,2025-12-24
ARI incidence,ES,TRUE,2025-12-21,2025-W51,810.4610686586383,791.921055826276,773.805162163997,1.0234114406934385,extrapolated,syndromic,2025-12-31
ARI incidence,ES,TRUE,2025-12-28,2025-W52,791.3668678254636,779.848900506586,768.498571708542,1.0147694858727059,extrapolated,syndromic,2026-01-07
ARI incidence,ES,TRUE,2026-01-04,2026-W01,538.3558803116089,504.418175071942,472.619887045045,1.0672808929512234,extrapolated,syndromic,2026-01-14
ARI incidence,ES,TRUE,2026-01-11,2026-W02,600.938751811725,566.50624299364,534.046643494405,1.060780457839494,extrapolated,syndromic,2026-01-21
ARI incidence,ES,TRUE,2026-01-18,2026-W03,553.1010783186995,532.330864233163,512.340619325178,1.0390174898377467,extrapolated,syndromic,2026-01-28
ARI incidence,ES,TRUE,2026-01-25,2026-W04,569.0551106062202,571.827007560878,574.612406569351,0.9951525602708391,extrapolated,syndromic,2026-02-04
ARI incidence,ES,TRUE,2026-02-01,2026-W05,527.3505954362471,508.074569947634,489.503132946933,1.0379393628982438,extrapolated,syndromic,2026-02-11
ARI incidence,ES,TRUE,2026-02-08,2026-W06,483.77211723328,479.489812161211,475.245413649022,1.0089309615417426,extrapolated,syndromic,2026-02-18
ARI incidence,ES,TRUE,2026-02-15,2026-W07,449.3492369931042,443.285902797665,437.304384745526,1.013678157047567,extrapolated,syndromic,2026-02-25
ARI incidence,ES,TRUE,2026-02-22,2026-W08,402.0028529496734,402.21594,402.42914,0.9994702172909248,extrapolated,syndromic,2026-03-04
ARI incidence,ES,TRUE,2026-03-01,2026-W09,444.07234607472924,444.707695159596,445.343953259544,0.9985713107918249,extrapolated,syndromic,2026-03-11
ARI incidence,ES,TRUE,2026-03-08,2026-W10,436.86378473746635,448.082871080877,459.590074459341,0.9749620280812178,extrapolated,syndromic,2026-03-18
ARI incidence,ES,TRUE,2026-03-15,2026-W11,440.39348888420307,455.964872997351,472.086828382144,0.9658495971174552,extrapolated,syndromic,2026-03-25
ARI incidence,ES,TRUE,2026-03-22,2026-W12,471.3703120920257,445.111225705007,420.314979891932,1.058994437503632,extrapolated,syndromic,2026-04-01
ARI incidence,ES,TRUE,2026-03-29,2026-W13,428.24669004405615,417.47657053313,406.977312366789,1.0257981411919062,extrapolated,syndromic,2026-04-08
ARI incidence,ES,TRUE,2026-04-05,2026-W14,384.832097543913,361.426201397988,339.443876669027,1.0647598211070242,extrapolated,syndromic,2026-04-15
ARI incidence,ES,TRUE,2026-04-12,2026-W15,369.2458783420804,369.752377264127,370.259570956713,0.9986301672330159,extrapolated,syndromic,2026-04-22
ARI incidence,ES,TRUE,2026-04-19,2026-W16,371.40553682839067,368.2421589744,365.105724605239,1.0085904825857008,extrapolated,syndromic,2026-04-29
ARI incidence,ES,TRUE,2026-04-26,2026-W17,374.1608568833967,370.411749423119,366.70020817665,1.0101214593384715,extrapolated,syndromic,2026-05-06
ARI incidence,ES,TRUE,2026-05-03,2026-W18,291.6545975562955,286.99749548123,282.414757396718,1.0162269781039608,extrapolated,syndromic,2026-05-13
ARI incidence,ES,TRUE,2026-05-10,2026-W19,291.36114624988863,282.804159720475,274.498483358553,1.0302576402619792,extrapolated,syndromic,2026-05-20
ARI incidence,ES,TRUE,2026-05-17,2026-W20,372.9638136478465,373.532075736875,374.101203651997,0.9984786792729717,extrapolated,syndromic,2026-05-27
ARI incidence,ES,TRUE,2026-05-24,2026-W21,353.53286262142836,372.716109668246,392.940269756444,0.9485312103523176,extrapolated,syndromic,2026-06-03
ARI incidence,ES,TRUE,2026-05-31,2026-W22,396.47553818426127,391.573404478581,386.731882115982,1.0125190670500421,extrapolated,syndromic,2026-06-10
ARI incidence,ES,TRUE,2026-06-07,2026-W23,400.4302185775273,385.626721638608,371.370494889234,1.0383881513086441,extrapolated,syndromic,2026-06-17
ARI incidence,ES,TRUE,2026-08-02,2026-W31,204.10586546477373,212.006499107686,220.212954495688,0.9627340026076319,extrapolated,syndromic,2026-08-12
ARI incidence,ES,TRUE,2026-08-09,2026-W32,210.27019641909126,221.771107575976,233.901071065008,0.9481406244366417,extrapolated,syndromic,2026-08-19
ARI incidence,ES,TRUE,2026-08-16,2026-W33,210.27873952794133,222.767583240253,235.998162506148,0.943937786949717,extrapolated,syndromic,2026-08-26
ARI incidence,ES,TRUE,2026-08-23,2026-W34,222.4398202162093,228.101317954522,233.906911100796,0.9751798990506431,extrapolated,syndromic,2026-09-02
ARI incidence,ES,TRUE,2026-08-30,2026-W35,223.09450241442622,232.125841339233,241.522788030668,0.9610929189412893,extrapolated,syndromic,2026-09-09
ARI incidence,ES,TRUE,2026-09-06,2026-W36,221.77860703347073,272.857322866223,335.70018153503,0.8128006413894375,extrapolated,syndromic,2026-09-16
ARI incidence,ES,TRUE,2026-09-13,2026-W37,282.7808137811321,320.696319129522,363.695569469665,0.8817713110917359,extrapolated,syndromic,2026-09-23
ARI incidence,ES,TRUE,2026-09-20,2026-W38,378.5906795669196,394.536041259766,411.152984619141,0.9595845245419595,extrapolated,syndromic,2026-09-30
ARI incidence,ES,TRUE,2026-09-27,2026-W39,394.536041259766,394.536041259766,411.152984619141,0.9595845245419595,h1_nowcast,syndromic,2026-09-30
ARI incidence,FI,TRUE,2023-12-10,2023-W49,3354.444747182474,3276.04382712047,3199.4753129348,1.0239315846183028,extrapolated,ari_archive,2023-12-20
ARI incidence,FI,TRUE,2023-12-17,2023-W50,3867.7537075666814,3815.9992514466,3764.9373222894,1.0135624911615129,extrapolated,ari_archive,2023-12-27
ARI incidence,FI,TRUE,2023-12-24,2023-W51,3778.353761205308,3903.17637498014,4032.12265898129,0.9680202476693186,extrapolated,ari_archive,2024-01-03
ARI incidence,FI,TRUE,2023-12-31,2023-W52,3728.654705743728,3707.14903477548,3685.76740154209,1.0058011347174116,extrapolated,ari_archive,2024-01-10
ARI incidence,FI,TRUE,2024-01-07,2024-W01,3763.494613347759,3794.45,3825.66,0.9918419305427038,extrapolated,ari_archive,2024-01-17
ARI incidence,FI,TRUE,2024-01-14,2024-W02,2957.7472569748456,2799.02655586886,2648.82323598947,1.0567056788986833,extrapolated,ari_archive,2024-01-24
ARI incidence,FI,TRUE,2024-01-21,2024-W03,2181.554397180372,1911.37149384761,1674.65042000105,1.1413555157657391,extrapolated,ari_archive,2024-01-31
ARI incidence,FI,TRUE,2024-01-28,2024-W04,2082.1709647854186,1892.98709626648,1720.99227548334,1.0999393333911596,extrapolated,ari_archive,2024-02-07
ARI incidence,FI,TRUE,2024-02-04,2024-W05,1749.1647925117263,1608.11159951046,1478.43297987188,1.0877135598326668,extrapolated,ari_archive,2024-02-14
ARI incidence,FI,TRUE,2024-02-11,2024-W06,2017.953865767712,1875.48785347352,1743.07983358605,1.0759621087549767,extrapolated,ari_archive,2024-02-21
ARI incidence,FI,TRUE,2024-02-18,2024-W07,1964.4941187757222,1786.58315039107,1624.78437718636,1.0995816894084722,extrapolated,ari_archive,2024-02-28
ARI incidence,FI,TRUE,2024-02-25,2024-W08,2223.717680795404,2171.63711184743,2120.77629560699,1.0239821693338396,extrapolated,ari_archive,2024-03-06
ARI incidence,FI,TRUE,2024-03-03,2024-W09,2210.491577688126,2183.99718012179,2157.82033775878,1.0121311500799914,extrapolated,ari_archive,2024-03-13
ARI incidence,FI,TRUE,2024-03-10,2024-W10,2255.6244771104653,2154.68160955849,2058.25609966645,1.0468481594237307,extrapolated,ari_archive,2024-03-20
ARI incidence,FI,TRUE,2024-03-17,2024-W11,2183.3291896853366,2048.04919415921,1921.15120409337,1.0660530986813843,extrapolated,ari_archive,2024-03-27
ARI incidence,FI,TRUE,2024-03-24,2024-W12,2023.5935373121115,1967.70615823143,1913.36227051051,1.0284022992187571,extrapolated,ari_archive,2024-04-03
ARI incidence,FI,TRUE,2024-03-31,2024-W13,2006.9831198359475,1950.81565032938,1896.22008474148,1.028791787423422,extrapolated,ari_archive,2024-04-10
ARI incidence,FI,TRUE,2024-04-07,2024-W14,2167.552378155182,2062.06162809634,1961.7049169932,1.0511579036346412,extrapolated,ari_archive,2024-04-17
ARI incidence,FI,TRUE,2024-04-14,2024-W15,1919.9403657827713,1909.01438572426,1898.15058313874,1.005723361824938,extrapolated,ari_archive,2024-04-24
ARI incidence,FI,TRUE,2024-04-21,2024-W16,1938.405900122629,1917.43172638236,1896.68449993113,1.0109386808675789,extrapolated,ari_archive,2024-05-01
ARI incidence,FI,TRUE,2024-12-29,2024-W52,3428.2512671313025,3449.89861164905,3471.68264612566,0.9937252229834658,extrapolated,syndromic,2025-01-08
ARI incidence,FI,TRUE,2025-01-05,2025-W01,3139.0968023887735,3127.30918633421,3115.56583393286,1.003769251887875,extrapolated,syndromic,2025-01-15
ARI incidence,FI,TRUE,2025-01-12,2025-W02,2608.949793391203,2552.10563245355,2496.5,1.022273435791528,extrapolated,syndromic,2025-01-22
ARI incidence,FI,TRUE,2025-01-19,2025-W03,2243.710814557157,2237.43168636472,2231.17013060212,1.002806399958801,extrapolated,syndromic,2025-01-29
ARI incidence,FI,TRUE,2025-01-26,2025-W04,2665.625572671736,2311.37854844651,2004.20901156946,1.153262227194813,extrapolated,syndromic,2025-02-05
ARI incidence,FI,TRUE,2025-02-02,2025-W05,2516.312368101044,2507.8153170161,2499.34695866345,1.0033882284023417,extrapolated,syndromic,2025-02-12
ARI incidence,FI,TRUE,2025-02-09,2025-W06,2489.6697206814124,2444.49648855119,2400.14289160556,1.0184795651545395,extrapolated,syndromic,2025-02-19
ARI incidence,FI,TRUE,2025-02-16,2025-W07,2725.992145295511,2692.34070921616,2659.10468854883,1.0124989515495415,extrapolated,syndromic,2025-02-26
ARI incidence,FI,TRUE,2025-02-23,2025-W08,2979.8794167773813,3057.93759234445,3138.04050795655,0.9744735877663154,extrapolated,syndromic,2025-03-05
ARI incidence,FI,TRUE,2025-03-02,2025-W09,3343.8748171210405,3330.6742911373,3317.5258765201,1.0039633193851654,extrapolated,syndromic,2025-03-12
ARI incidence,FI,TRUE,2025-03-09,2025-W10,3090.3794124118126,2951.84045919462,2819.51208370825,1.046933076205274,extrapolated,syndromic,2025-03-19
ARI incidence,FI,TRUE,2025-03-16,2025-W11,2558.0109407016425,2759.29436591853,2976.41627588245,0.927052572678347,extrapolated,syndromic,2025-03-26
ARI incidence,FI,TRUE,2025-03-23,2025-W12,3085.4300184940257,3016.53091086869,2949.17035281444,1.0228405110576155,extrapolated,syndromic,2025-04-02
ARI incidence,FI,TRUE,2025-03-30,2025-W13,2892.782029338144,2845.3896393925,2798.77367802045,1.0166558524321343,extrapolated,syndromic,2025-04-09
ARI incidence,FI,TRUE,2025-04-06,2025-W14,2877.0850542968396,2821.16802853177,2766.33776722149,1.0198205229889015,extrapolated,syndromic,2025-04-16
ARI incidence,FI,TRUE,2025-04-13,2025-W15,3189.493856722962,2905.72602214469,2647.20488423947,1.0976581523569875,extrapolated,syndromic,2025-04-23
ARI incidence,FI,TRUE,2025-04-20,2025-W16,2822.3142545280753,2819.95177316194,2817.59126936375,1.000837773677061,extrapolated,syndromic,2025-04-30
ARI incidence,FI,TRUE,2025-04-27,2025-W17,2732.5168976883474,2711.19825882127,2690.04594440164,1.007863179609869,extrapolated,syndromic,2025-05-07
ARI incidence,FI,TRUE,2025-05-04,2025-W18,2766.646083290028,2715.60216803006,2665.5,1.0187965364959894,extrapolated,syndromic,2025-05-14
ARI incidence,FI,TRUE,2025-05-11,2025-W19,2492.979121097999,2510.14377374506,2527.42660840897,0.9931618846591199,extrapolated,syndromic,2025-05-21
ARI incidence,FI,TRUE,2025-05-18,2025-W20,2460.1875298652562,2489.99679674205,2520.16725250422,0.9880283914759266,extrapolated,syndromic,2025-05-28
ARI incidence,FI,TRUE,2025-05-25,2025-W21,2600.95693938989,2545.73495560034,2491.68541240274,1.0216919611635402,extrapolated,syndromic,2025-06-04
ARI incidence,FI,TRUE,2025-06-01,2025-W22,2485.7039979305773,2476.63722707974,2467.60352787932,1.0036609200377435,extrapolated,syndromic,2025-06-11
ARI incidence,FI,TRUE,2025-06-08,2025-W23,2158.031446394021,2190.55161722549,2223.56184649085,0.9851543462497095,extrapolated,syndromic,2025-06-18
ARI incidence,FI,TRUE,2025-06-15,2025-W24,2306.595677974149,2186.49893308846,2072.65522520872,1.0549265051394527,extrapolated,syndromic,2025-06-25
ARI incidence,FI,TRUE,2025-06-22,2025-W25,2083.1582804103555,2065,2047,1.0087933561309232,extrapolated,syndromic,2025-07-02
ARI incidence,FI,TRUE,2025-06-29,2025-W26,2050.7426425775175,2063.90748039846,2077.15683050839,0.9936214011790879,extrapolated,syndromic,2025-07-09
ARI incidence,FI,TRUE,2025-07-06,2025-W27,1870.9525238844212,1899.88120704015,1929.25718573034,0.9847734252812594,extrapolated,syndromic,2025-07-16
ARI incidence,FI,TRUE,2025-07-13,2025-W28,1775.8157903737347,1878.5,1987.12178882999,0.9453371255649378,extrapolated,syndromic,2025-07-23
ARI incidence,FI,TRUE,2025-07-20,2025-W29,2089.1659962651993,1990.76565544895,1897,1.0494283897991301,extrapolated,syndromic,2025-07-30
ARI incidence,FI,TRUE,2025-07-27,2025-W30,1851.6199218750005,1885.5,1920,0.98203125,extrapolated,syndromic,2025-08-06
ARI incidence,FI,TRUE,2025-08-03,2025-W31,2026.7840227013908,2047.58817350432,2068.60587083504,0.9898396801309299,extrapolated,syndromic,2025-08-13
ARI incidence,FI,TRUE,2025-08-10,2025-W32,1512.6518340729137,1592.05511885687,1675.62650200455,0.9501252916161783,extrapolated,syndromic,2025-08-20
ARI incidence,FI,TRUE,2025-08-17,2025-W33,1640.066642441916,1765.9930899357,1901.58833366498,0.9286936918318468,extrapolated,syndromic,2025-08-27
ARI incidence,FI,TRUE,2025-08-24,2025-W34,1619.8708365526084,1756.73089460507,1905.15401995121,0.9220938969806015,extrapolated,syndromic,2025-09-03
ARI incidence,FI,TRUE,2025-08-31,2025-W35,2715.752626100898,2736.5767512588,2757.56055376891,0.9923904472446017,extrapolated,syndromic,2025-09-10
ARI incidence,FI,TRUE,2025-09-07,2025-W36,2799.7046295068876,2735.41578381206,2672.6031851603,1.023502403574361,extrapolated,syndromic,2025-09-17
ARI incidence,FI,TRUE,2025-09-14,2025-W37,2601.6041073240735,2672.92810675166,2746.20748166471,0.9733161549510347,extrapolated,syndromic,2025-09-24
ARI incidence,FI,TRUE,2025-09-21,2025-W38,2446.2475487753427,2476.08750107892,2506.29144874099,0.98794874886668,extrapolated,syndromic,2025-10-01
ARI incidence,FI,TRUE,2025-09-28,2025-W39,2574.904051858587,2613,2651.65958128485,0.9854206092072657,extrapolated,syndromic,2025-10-08
ARI incidence,FI,TRUE,2025-10-05,2025-W40,2643.6517928898043,2654.48317608674,2665.35893686104,0.9959195886813248,extrapolated,syndromic,2025-10-15
ARI incidence,FI,TRUE,2025-10-12,2025-W41,2551.543097150844,2518.71426920417,2486.30782563562,1.013033962743638,extrapolated,syndromic,2025-10-22
ARI incidence,FI,TRUE,2025-10-19,2025-W42,2559.41345641803,2491.31411750916,2425.02672498519,1.0273347059811784,extrapolated,syndromic,2025-10-29
ARI incidence,FI,TRUE,2025-10-26,2025-W43,2362.1663170820975,2432.32821961849,2504.57409589201,0.9711544264583678,extrapolated,syndromic,2025-11-05
ARI incidence,FI,TRUE,2025-11-02,2025-W44,2561.2305265944196,2520.79517911825,2480.99820343585,1.0160407112053875,extrapolated,syndromic,2025-11-12
ARI incidence,FI,TRUE,2025-11-09,2025-W45,2546.9903718258024,2477.2877274839,2409.49261238985,1.0281366768860136,extrapolated,syndromic,2025-11-19
ARI incidence,FI,TRUE,2025-11-16,2025-W46,2465.441318583155,2446.05275102217,2426.81665780695,1.0079264715582608,extrapolated,syndromic,2025-11-26
ARI incidence,FI,TRUE,2025-11-23,2025-W47,2616.381398336929,2608.90004530432,2601.44008465863,1.0028676273152257,extrapolated,syndromic,2025-12-03
ARI incidence,FI,TRUE,2025-11-30,2025-W48,2857.4166113355927,2827.45471517362,2797.80698923732,1.0105967731335113,extrapolated,syndromic,2025-12-10
ARI incidence,FI,TRUE,2025-12-07,2025-W49,2849.8120037937742,2838.45682868676,2827.14689867014,1.0040004748327511,extrapolated,syndromic,2025-12-17
ARI incidence,FI,TRUE,2025-12-14,2025-W50,3085.996698398592,3004.44425201911,2925.04696073553,1.0271439372937845,extrapolated,syndromic,2025-12-24
ARI incidence,FI,TRUE,2025-12-21,2025-W51,2962.299283526706,2913.33914464299,2865.18820664348,1.016805506140177,extrapolated,syndromic,2025-12-31
ARI incidence,FI,TRUE,2025-12-28,2025-W52,2952.8921429563493,2909.27233576003,2866.2968756945,1.0149933736557266,extrapolated,syndromic,2026-01-07
ARI incidence,FI,TRUE,2026-01-04,2026-W01,3717.077421662474,3531.32403543959,3354.85329700128,1.052601626007327,extrapolated,syndromic,2026-01-14
ARI incidence,FI,TRUE,2026-01-11,2026-W02,3544.6360921539654,3500.09983681427,3456.12315317337,1.012724281425134,extrapolated,syndromic,2026-01-21
ARI incidence,FI,TRUE,2026-01-18,2026-W03,2592.155952362825,2579.9458643284,2567.79329067681,1.0047326915666124,extrapolated,syndromic,2026-01-28
ARI incidence,FI,TRUE,2026-01-25,2026-W04,2551.656630295876,2526.59205230053,2501.77368026512,1.0099203106304884,extrapolated,syndromic,2026-02-04
ARI incidence,FI,TRUE,2026-02-01,2026-W05,2609.2669012780134,2654,2699.5,0.9831450268568254,extrapolated,syndromic,2026-02-11
ARI incidence,FI,TRUE,2026-02-08,2026-W06,3034.6034079815386,3004,2973.70522166596,1.0101875525903903,extrapolated,syndromic,2026-02-18
ARI incidence,FI,TRUE,2026-02-15,2026-W07,3092.6128741542434,3010.16275999067,2929.91079399573,1.0273905834127786,extrapolated,syndromic,2026-02-25
ARI incidence,FI,TRUE,2026-02-22,2026-W08,3238.978286651906,3199.71441221382,3160.92650633725,1.0122710559068062,extrapolated,syndromic,2026-03-04
ARI incidence,FI,TRUE,2026-03-01,2026-W09,3145.1962832012036,3140.92650633725,3136.66252593012,1.0013594004365725,extrapolated,syndromic,2026-03-11
ARI incidence,FI,TRUE,2026-03-08,2026-W10,3139.307774678141,3010.25969005178,2886.5164080574,1.042869419224143,extrapolated,syndromic,2026-03-18
ARI incidence,FI,TRUE,2026-03-15,2026-W11,2871.9209165337643,2780.62670273374,2692.2346,1.0328322437924764,extrapolated,syndromic,2026-03-25
ARI incidence,FI,TRUE,2026-03-22,2026-W12,2879.5780381888294,2809.8542,2741.8186,1.0248140413082034,extrapolated,syndromic,2026-04-01
ARI incidence,FI,TRUE,2026-03-29,2026-W13,2773.4079703158923,2770.2473,2767.0902316918,1.0011409343548112,extrapolated,syndromic,2026-04-08
ARI incidence,FI,TRUE,2026-04-05,2026-W14,2607.6531856259976,2578.84585097964,2550.35675747593,1.0111706307049786,extrapolated,syndromic,2026-04-15
ARI incidence,FI,TRUE,2026-04-12,2026-W15,2544.1816368281948,2534.16868994454,2524.19515027295,1.0039511761483702,extrapolated,syndromic,2026-04-22
ARI incidence,FI,TRUE,2026-04-19,2026-W16,2503.842861234002,2453.70550041581,2404.57209834788,1.0204333245410642,extrapolated,syndromic,2026-04-29
ARI incidence,FI,TRUE,2026-04-26,2026-W17,2381.40152905814,2314.14419669576,2248.78639647918,1.0290635875060912,extrapolated,syndromic,2026-05-06
ARI incidence,FI,TRUE,2026-05-03,2026-W18,2305.8963132719955,2250.21160033787,2195.87160842902,1.0247464340356978,extrapolated,syndromic,2026-05-13
ARI incidence,FI,TRUE,2026-05-10,2026-W19,2280.0545387388765,2161.28357852729,2048.69954970261,1.0549538993363,extrapolated,syndromic,2026-05-20
ARI incidence,FI,TRUE,2026-08-09,2026-W32,1694.8443111019997,1694.844311102,1694.844311102,1,extrapolated,syndromic,2026-08-19
ARI incidence,FI,TRUE,2026-08-16,2026-W33,1569.1987653249525,1639.00757406591,1711.92196119854,0.9574078791059017,extrapolated,syndromic,2026-08-26
ARI incidence,FI,TRUE,2026-08-23,2026-W34,1487.9078332908841,1711.92196119854,1969.66286194752,0.8691446613893422,extrapolated,syndromic,2026-09-02
ARI incidence,FI,TRUE,2026-08-30,2026-W35,1816.7606374865993,1969.66286194752,2135.43364474392,0.9223713725760468,extrapolated,syndromic,2026-09-09
ARI incidence,FI,TRUE,2026-09-06,2026-W36,2107.590160225498,2260.60762607075,2424.73462606338,0.9323113555485887,extrapolated,syndromic,2026-09-16
ARI incidence,FI,TRUE,2026-09-13,2026-W37,2363.952699465634,2439.7939453125,2518.068359375,0.9689148970991684,extrapolated,syndromic,2026-09-23
ARI incidence,FI,TRUE,2026-09-20,2026-W38,2491.820257448645,2518.72387695312,2545.91796875,0.9893185514495458,extrapolated,syndromic,2026-09-30
ARI incidence,FI,TRUE,2026-09-27,2026-W39,2518.72387695312,2518.72387695312,2545.91796875,0.9893185514495458,h1_nowcast,syndromic,2026-09-30
ARI incidence,FR,TRUE,2023-12-10,2023-W49,489.59189929139586,557.229278671357,634.210797723584,0.8786184036466391,extrapolated,ari_archive,2023-12-20
ARI incidence,FR,TRUE,2023-12-17,2023-W50,476.382293128905,518.451760098966,564.236394649083,0.9188555807737431,extrapolated,ari_archive,2023-12-27
ARI incidence,FR,TRUE,2023-12-24,2023-W51,515.598590753676,558.050115088657,603.996862162182,0.9239288315024596,extrapolated,ari_archive,2024-01-03
ARI incidence,FR,TRUE,2023-12-31,2023-W52,398.9152292848052,411.685134692119,424.863824904175,0.9689813784098273,extrapolated,ari_archive,2024-01-10
ARI incidence,FR,TRUE,2024-01-07,2024-W01,396.78642952662636,356.406618891257,320.136145132387,1.113297027875034,extrapolated,ari_archive,2024-01-17
ARI incidence,FR,TRUE,2024-01-14,2024-W02,411.86450845497086,386.090590808525,361.929569678309,1.0667561402946182,extrapolated,ari_archive,2024-01-24
ARI incidence,FR,TRUE,2024-01-21,2024-W03,421.6082794960265,460.169618711657,502.257873679228,0.9162019011085706,extrapolated,ari_archive,2024-01-31
ARI incidence,FR,TRUE,2024-01-28,2024-W04,491.7206597424785,509.92590055005,528.805163866733,0.9642982621829298,extrapolated,ari_archive,2024-02-07
ARI incidence,FR,TRUE,2024-02-04,2024-W05,504.88291350045546,515.823637353688,527.001444766756,0.9787897974017602,extrapolated,ari_archive,2024-02-14
ARI incidence,FR,TRUE,2024-02-11,2024-W06,459.6581266718287,446.426077714838,433.57493602227,1.029639955230041,extrapolated,ari_archive,2024-02-21
ARI incidence,FR,TRUE,2024-02-18,2024-W07,344.0323268719606,342.650381549768,341.273987371245,1.0040331060363699,extrapolated,ari_archive,2024-02-28
ARI incidence,FR,TRUE,2024-02-25,2024-W08,277.81365961931704,254.28234339549,232.744171943538,1.0925401107666703,extrapolated,ari_archive,2024-03-06
ARI incidence,FR,TRUE,2024-03-03,2024-W09,212.8857698548379,201.646357773873,191.000336148324,1.0557382350221713,extrapolated,ari_archive,2024-03-13
ARI incidence,FR,TRUE,2024-03-10,2024-W10,192.92880317200536,190.91008197054,188.912483770007,1.0105741990188695,extrapolated,ari_archive,2024-03-20
ARI incidence,FR,TRUE,2024-03-17,2024-W11,153.36730135861706,149.817924423018,146.350690659525,1.0236912702486611,extrapolated,ari_archive,2024-03-27
ARI incidence,FR,TRUE,2024-03-24,2024-W12,146.8824398839955,137.305758557935,128.353473349568,1.069747120780952,extrapolated,ari_archive,2024-04-03
ARI incidence,FR,TRUE,2024-03-31,2024-W13,156.25681211056443,153.837282585551,151.455217815151,1.015727848830585,extrapolated,ari_archive,2024-04-10
ARI incidence,FR,TRUE,2024-04-07,2024-W14,172.14404094321915,171.31,170.48,1.0048686062881278,extrapolated,ari_archive,2024-04-17
ARI incidence,FR,TRUE,2024-04-14,2024-W15,141.97604010561628,141.05,140.13,1.0065653321915367,extrapolated,ari_archive,2024-04-24
ARI incidence,FR,TRUE,2024-04-21,2024-W16,124.16608866595864,124.899215244635,125.6366704978,0.9941302547238554,extrapolated,ari_archive,2024-05-01
ARI incidence,FR,TRUE,2024-10-13,2024-W41,257.53895104853683,256.926228134914,256.314962978913,1.0023848204135133,extrapolated,syndromic,2024-10-23
ARI incidence,FR,TRUE,2024-10-20,2024-W42,281.6344096489029,280.52,279.41,1.0039726566694105,extrapolated,syndromic,2024-10-30
ARI incidence,FR,TRUE,2024-10-27,2024-W43,269.87336133146675,263.44,257.16,1.02442059418261,extrapolated,syndromic,2024-11-06
ARI incidence,FR,TRUE,2024-11-03,2024-W44,173.6790364860763,179.8,186.136684392487,0.9659568213908576,extrapolated,syndromic,2024-11-13
ARI incidence,FR,TRUE,2024-11-10,2024-W45,271.1933341693936,301.149351806161,334.414311365866,0.9005277034232202,extrapolated,syndromic,2024-11-20
ARI incidence,FR,TRUE,2024-11-17,2024-W46,191.16052834611045,214.512234756299,240.71652897311,0.8911404450346729,extrapolated,syndromic,2024-11-27
ARI incidence,FR,TRUE,2024-11-24,2024-W47,236.11123020483123,286.324261269608,347.215939370889,0.8246287937944066,extrapolated,syndromic,2024-12-04
ARI incidence,FR,TRUE,2024-12-01,2024-W48,309.8140395664399,348.931730010155,392.988491994307,0.8878929971700285,extrapolated,syndromic,2024-12-11
ARI incidence,FR,TRUE,2024-12-08,2024-W49,318.4248339365676,350.835397811916,386.544839597419,0.9076188888650178,extrapolated,syndromic,2024-12-18
ARI incidence,FR,TRUE,2024-12-15,2024-W50,363.77820727252714,418.707128657662,481.930077404018,0.8688130255598177,extrapolated,syndromic,2024-12-25
ARI incidence,FR,TRUE,2024-12-22,2024-W51,542.213742068567,528.26551518483,514.676100736311,1.0264038186911681,extrapolated,syndromic,2025-01-01
ARI incidence,FR,TRUE,2024-12-29,2024-W52,346.97211668463854,346.020410569595,345.071314879095,1.0027504334599142,extrapolated,syndromic,2025-01-08
ARI incidence,FR,TRUE,2025-01-05,2025-W01,525.1572985669382,521.411976447735,517.693365254601,1.007183038150982,extrapolated,syndromic,2025-01-15
ARI incidence,FR,TRUE,2025-01-12,2025-W02,537.3411917094663,540.19082910196,543.055578742303,0.9947247579207681,extrapolated,syndromic,2025-01-22
ARI incidence,FR,TRUE,2025-01-19,2025-W03,537.7693486350302,530.441011545561,523.212539806605,1.0138155552266155,extrapolated,syndromic,2025-01-29
ARI incidence,FR,TRUE,2025-01-26,2025-W04,682.4744834079103,734.934564639079,791.427119156338,0.9286193849694206,extrapolated,syndromic,2025-02-05
ARI incidence,FR,TRUE,2025-02-02,2025-W05,734.6555646493348,726.25,717.940607652999,1.0115739272279987,extrapolated,syndromic,2025-02-12
ARI incidence,FR,TRUE,2025-02-09,2025-W06,605.3222172491774,561.196282616414,520.286978815513,1.0786283444841063,extrapolated,syndromic,2025-02-19
ARI incidence,FR,TRUE,2025-02-16,2025-W07,453.35508162117526,430.333279640711,408.480546648141,1.053497610037703,extrapolated,syndromic,2025-02-26
ARI incidence,FR,TRUE,2025-02-23,2025-W08,321.1420072189556,279.726466692765,243.652011912193,1.148057282586989,extrapolated,syndromic,2025-03-05
ARI incidence,FR,TRUE,2025-03-02,2025-W09,248.50999627570437,256.117703465591,263.958307559242,0.9702960510462764,extrapolated,syndromic,2025-03-12
ARI incidence,FR,TRUE,2025-03-09,2025-W10,130.4274716276934,128.222258548269,126.054330288254,1.0171983640312674,extrapolated,syndromic,2025-03-19
ARI incidence,FR,TRUE,2025-03-16,2025-W11,196.98737509861675,197.12613867478,197.265,0.9992960670913746,extrapolated,syndromic,2025-03-26
ARI incidence,FR,TRUE,2025-03-23,2025-W12,147.67248297419874,159.780283271099,172.880813053392,0.9242221878130162,extrapolated,syndromic,2025-04-02
ARI incidence,FR,TRUE,2025-03-30,2025-W13,124.5977152049964,118.045375231493,111.837609466736,1.055506960443422,extrapolated,syndromic,2025-04-09
ARI incidence,FR,TRUE,2025-04-06,2025-W14,133.53002900156147,126.647457896957,120.119636846435,1.054344328886603,extrapolated,syndromic,2025-04-16
ARI incidence,FR,TRUE,2025-04-13,2025-W15,130.5384299815378,129.76175135823,128.989693823777,1.005985420319764,extrapolated,syndromic,2025-04-23
ARI incidence,FR,TRUE,2025-04-20,2025-W16,122.81247433661926,122.369864729016,121.928850262833,1.0036169820779277,extrapolated,syndromic,2025-04-30
ARI incidence,FR,TRUE,2025-04-27,2025-W17,113.6120919058856,114.229089075585,114.84943699344,0.994598598529565,extrapolated,syndromic,2025-05-07
ARI incidence,FR,TRUE,2025-05-04,2025-W18,100.65727748168699,91.267616803019,82.7538563062982,1.1028805287962493,extrapolated,syndromic,2025-05-14
ARI incidence,FR,TRUE,2025-05-11,2025-W19,47.058823529411754,40,34,1.1764705882352942,extrapolated,syndromic,2025-05-21
ARI incidence,FR,TRUE,2025-05-18,2025-W20,37.61940298507462,35.5,33.5,1.0597014925373134,extrapolated,syndromic,2025-05-28
ARI incidence,FR,TRUE,2025-05-25,2025-W21,37.290322580645174,34,31,1.096774193548387,extrapolated,syndromic,2025-06-04
ARI incidence,FR,TRUE,2025-06-01,2025-W22,7.142857142857148,10,14,0.7142857142857143,extrapolated,syndromic,2025-06-11
ARI incidence,FR,TRUE,2025-06-15,2025-W24,3.0000000000000004,3,3,1,extrapolated,syndromic,2025-06-25
ARI incidence,FR,TRUE,2025-06-22,2025-W25,2,2,2,1,extrapolated,syndromic,2025-07-02
ARI incidence,FR,TRUE,2025-07-06,2025-W27,1,1,1,1,extrapolated,syndromic,2025-07-16
ARI incidence,FR,TRUE,2025-07-13,2025-W28,1,1,1,1,extrapolated,syndromic,2025-07-23
ARI incidence,FR,TRUE,2025-07-20,2025-W29,1,1,1,1,extrapolated,syndromic,2025-07-30
ARI incidence,FR,TRUE,2025-07-27,2025-W30,1,1,1,1,extrapolated,syndromic,2025-08-06
ARI incidence,FR,TRUE,2025-08-03,2025-W31,1,1,1,1,extrapolated,syndromic,2025-08-13
ARI incidence,FR,TRUE,2025-08-10,2025-W32,1,1,1,1,extrapolated,syndromic,2025-08-20
ARI incidence,FR,TRUE,2025-08-24,2025-W34,1,1,1,1,extrapolated,syndromic,2025-09-03
ARI incidence,FR,TRUE,2025-08-31,2025-W35,1,1,1,1,extrapolated,syndromic,2025-09-10
ARI incidence,FR,TRUE,2025-09-07,2025-W36,1,1,1,1,extrapolated,syndromic,2025-09-17
ARI incidence,FR,TRUE,2025-09-14,2025-W37,1,1,1,1,extrapolated,syndromic,2025-09-24
ARI incidence,FR,TRUE,2025-09-21,2025-W38,1,1,1,1,extrapolated,syndromic,2025-10-01
ARI incidence,FR,TRUE,2025-09-28,2025-W39,1,1,1,1,extrapolated,syndromic,2025-10-08
ARI incidence,FR,TRUE,2025-10-05,2025-W40,262.72871209015216,259.936668779141,257.17429678113,1.010741244488993,extrapolated,syndromic,2025-10-15
ARI incidence,FR,TRUE,2025-10-12,2025-W41,246.73165036788092,266.904040916317,288.725694296789,0.9244208125168073,extrapolated,syndromic,2025-10-22
ARI incidence,FR,TRUE,2025-10-19,2025-W42,244.92049807021667,235.683455208006,226.794782374072,1.0391925808031737,extrapolated,syndromic,2025-10-29
ARI incidence,FR,TRUE,2025-10-26,2025-W43,207.39496450360878,204,200.660609574616,1.0166419828608277,extrapolated,syndromic,2025-11-05
ARI incidence,FR,TRUE,2025-11-02,2025-W44,158.59597182306413,161.275352670464,164,0.983386296771122,extrapolated,syndromic,2025-11-12
ARI incidence,FR,TRUE,2025-11-09,2025-W45,155.16247767726404,167.739092552585,181.335098482302,0.9250227559721763,extrapolated,syndromic,2025-11-19
ARI incidence,FR,TRUE,2025-11-16,2025-W46,128.92291368929548,128.623395829972,128.324573820172,1.0023286421369204,extrapolated,syndromic,2025-11-26
ARI incidence,FR,TRUE,2025-11-23,2025-W47,133.2840807150238,134.749805733324,136.23164932946,0.9891226186908129,extrapolated,syndromic,2025-12-03
ARI incidence,FR,TRUE,2025-11-30,2025-W48,225.10859833267168,264.175143158084,310.021504196205,0.8521187710607778,extrapolated,syndromic,2025-12-10
ARI incidence,FR,TRUE,2025-12-07,2025-W49,314.8890959544659,386.255817534413,473.797151111106,0.8152345716486495,extrapolated,syndromic,2025-12-17
ARI incidence,FR,TRUE,2025-12-14,2025-W50,474.2708417699996,509.384347295741,547.097545152777,0.9310667755847734,extrapolated,syndromic,2025-12-24
ARI incidence,FR,TRUE,2025-12-21,2025-W51,428.80097759618815,436.35398824691,444.040039568877,0.9826906345440617,extrapolated,syndromic,2025-12-31
ARI incidence,FR,TRUE,2025-12-28,2025-W52,390.06545823898165,415.247520644013,442.055300614075,0.9393565014765746,extrapolated,syndromic,2026-01-07
ARI incidence,FR,TRUE,2026-01-04,2026-W01,462.9429862470276,432.598086469587,404.242228474522,1.0701457096703397,extrapolated,syndromic,2026-01-14
ARI incidence,FR,TRUE,2026-01-11,2026-W02,422.78816631411985,390.12936274579,359.993329527949,1.0837127545039729,extrapolated,syndromic,2026-01-21
ARI incidence,FR,TRUE,2026-01-18,2026-W03,404.46446154952486,377.897989896594,353.076485931015,1.0703006429332955,extrapolated,syndromic,2026-01-28
ARI incidence,FR,TRUE,2026-01-25,2026-W04,379.17558735364076,374.588040247146,370.055996683485,1.01224691291123,extrapolated,syndromic,2026-02-04
ARI incidence,FR,TRUE,2026-02-01,2026-W05,342.63551232027856,337.294759673474,332.037254786486,1.0158340813002107,extrapolated,syndromic,2026-02-11
ARI incidence,FR,TRUE,2026-02-08,2026-W06,318.3076220008417,303.804549684394,289.962281860449,1.047738166961339,extrapolated,syndromic,2026-02-18
ARI incidence,FR,TRUE,2026-02-15,2026-W07,312.5587104043586,293.349598516127,275.321032769314,1.0654819777678184,extrapolated,syndromic,2026-02-25
ARI incidence,FR,TRUE,2026-02-22,2026-W08,162.82901682415627,162.709392905121,162.58985686896,1.0007351998363425,extrapolated,syndromic,2026-03-04
ARI incidence,FR,TRUE,2026-03-01,2026-W09,121.66754794721261,124.01139,126.400384566018,0.9810997840376803,extrapolated,syndromic,2026-03-11
ARI incidence,FR,TRUE,2026-03-08,2026-W10,96.02569907948526,97.372665,98.738525,0.9861668988877442,extrapolated,syndromic,2026-03-18
ARI incidence,FR,TRUE,2026-03-15,2026-W11,99.5289965664731,107.787994,116.732329786772,0.9233773899389305,extrapolated,syndromic,2026-03-25
ARI incidence,FR,TRUE,2026-03-22,2026-W12,175.48399482646505,176.555190497787,177.632925,0.9939327998893618,extrapolated,syndromic,2026-04-01
ARI incidence,FR,TRUE,2026-03-29,2026-W13,174.9493418020061,175.131309631782,175.313466729438,0.9989609634613116,extrapolated,syndromic,2026-04-08
ARI incidence,FR,TRUE,2026-04-05,2026-W14,115.94030816144245,117.349744331994,118.776314408349,0.9879894397846822,extrapolated,syndromic,2026-04-15
ARI incidence,FR,TRUE,2026-04-12,2026-W15,87.81098519611027,103.655943322548,122.360027758386,0.847138932717706,extrapolated,syndromic,2026-04-22
ARI incidence,FR,TRUE,2026-04-19,2026-W16,135.26203633536957,132.708113156731,130.202411369542,1.0192446649860982,extrapolated,syndromic,2026-04-29
ARI incidence,FR,TRUE,2026-04-26,2026-W17,100.20374911615654,102.784011490185,105.43071602808,0.9748962670689811,extrapolated,syndromic,2026-05-06
ARI incidence,FR,TRUE,2026-09-06,2026-W36,95.09041087386075,114.403648376465,137.63948059082,0.8311833776572335,extrapolated,syndromic,2026-09-16
ARI incidence,FR,TRUE,2026-09-13,2026-W37,126.28945075001249,137.005340576172,148.630493164062,0.921784875092503,extrapolated,syndromic,2026-09-23
ARI incidence,FR,TRUE,2026-09-20,2026-W38,143.02339511133843,148.540649414062,154.270736694336,0.9628569396694637,extrapolated,syndromic,2026-09-30
ARI incidence,FR,TRUE,2026-09-27,2026-W39,148.540649414062,148.540649414062,154.270736694336,0.9628569396694637,h1_nowcast,syndromic,2026-09-30
ARI incidence,GB-ENG,FALSE,2024-02-18,2024-W07,345.9651355962387,338.293536462005,330.792051097111,1.0226773446943915,extrapolated,ari_archive,2024-02-28
ARI incidence,GB-ENG,FALSE,2024-02-25,2024-W08,310.338362771622,316.149616252841,322.069688594614,0.9816186603352651,extrapolated,ari_archive,2024-03-06
ARI incidence,GB-ENG,FALSE,2024-03-10,2024-W10,316.961692877555,328.894892851097,341.277362451879,0.9637172840535886,extrapolated,ari_archive,2024-03-20
ARI incidence,GB-ENG,FALSE,2024-03-17,2024-W11,360.36125128540715,356.940461422953,353.552143984327,1.009583642742034,extrapolated,ari_archive,2024-03-27
ARI incidence,GB-ENG,FALSE,2024-03-24,2024-W12,358.95647502177724,347.151559195691,335.734868815747,1.0340050779360945,extrapolated,ari_archive,2024-04-03
ARI incidence,GB-ENG,FALSE,2024-03-31,2024-W13,284.6169008911114,291.968141731021,299.509254436295,0.9748217706345431,extrapolated,ari_archive,2024-04-10
ARI incidence,GB-ENG,FALSE,2024-04-14,2024-W15,280.2443304169646,278.402091017248,276.571961928562,1.006617189522482,extrapolated,ari_archive,2024-04-24
ARI incidence,GB-ENG,FALSE,2024-04-21,2024-W16,265.9820867073318,265.12711293778,264.274887398967,1.0032247692817156,extrapolated,ari_archive,2024-05-01
ARI incidence,GB-ENG,FALSE,2024-10-13,2024-W41,267.2784060826083,259.260058125013,251.482260479399,1.0309278182516224,extrapolated,syndromic,2024-10-23
ARI incidence,GB-ENG,FALSE,2024-10-20,2024-W42,261.22989788822025,270.709864282124,280.533856239549,0.9649810825363044,extrapolated,syndromic,2024-10-30
ARI incidence,GB-ENG,FALSE,2024-10-27,2024-W43,263.4504419584971,266.918610461434,270.432435341621,0.9870066440967106,extrapolated,syndromic,2024-11-06
ARI incidence,GB-ENG,FALSE,2024-11-03,2024-W44,256.74568579185166,259.207962599971,261.693853464393,0.9905007670928724,extrapolated,syndromic,2024-11-13
ARI incidence,GB-ENG,FALSE,2024-11-10,2024-W45,280.099692202061,278.740425887422,277.387755813213,1.0048764592014647,extrapolated,syndromic,2024-11-20
ARI incidence,GB-ENG,FALSE,2024-11-17,2024-W46,280.1724235003456,295.438213100967,311.535791673604,0.9483283173141709,extrapolated,syndromic,2024-11-27
ARI incidence,GB-ENG,FALSE,2024-11-24,2024-W47,309.7723216633466,334.777034626102,361.80011923353,0.925309354058047,extrapolated,syndromic,2024-12-04
ARI incidence,GB-ENG,FALSE,2024-12-01,2024-W48,352.3207874627639,368.8,386.05,0.9553166688252817,extrapolated,syndromic,2024-12-11
ARI incidence,GB-ENG,FALSE,2024-12-08,2024-W49,367.5571753028301,387.991580829867,409.562040710623,0.947332863555105,extrapolated,syndromic,2024-12-18
ARI incidence,GB-ENG,FALSE,2024-12-15,2024-W50,372.9963217868896,398.09732190885,424.88750814424,0.9369475785428474,extrapolated,syndromic,2024-12-25
ARI incidence,GB-ENG,FALSE,2024-12-22,2024-W51,369.7868561966537,378.584843433464,387.592152819296,0.9767608572043732,extrapolated,syndromic,2025-01-01
ARI incidence,GB-ENG,FALSE,2024-12-29,2024-W52,353.68507637014966,380.297979896692,408.913361563906,0.930020917981811,extrapolated,syndromic,2025-01-08
ARI incidence,GB-ENG,FALSE,2025-01-05,2025-W01,357.0630278995813,365.9545483818,375.067483937292,0.9757032109,extrapolated,syndromic,2025-01-15
ARI incidence,GB-ENG,FALSE,2025-01-26,2025-W04,281.4002083605042,260.967446694122,242.018329093775,1.0782962086851064,extrapolated,syndromic,2025-02-05
ARI incidence,GB-ENG,FALSE,2025-02-02,2025-W05,303.71706856246686,299.248664187468,294.846000726383,1.014932077933018,extrapolated,syndromic,2025-02-12
ARI incidence,GB-ENG,FALSE,2025-02-09,2025-W06,299.6863866781727,302.977966895496,306.305699907236,0.9891359089538727,extrapolated,syndromic,2025-02-19
ARI incidence,GB-ENG,FALSE,2025-02-16,2025-W07,303.4737223078513,299.212573195329,295.011255924658,1.0142412100768927,extrapolated,syndromic,2025-02-26
ARI incidence,GB-ENG,FALSE,2025-03-16,2025-W11,287.5816216037449,318.3059648,352.3128031,0.9034754400045248,extrapolated,syndromic,2025-03-26
ARI incidence,GB-ENG,FALSE,2025-11-02,2025-W44,254.68333319105383,267.258320312705,280.454197302289,0.9529481921949602,extrapolated,syndromic,2025-11-12
ARI incidence,GB-ENG,FALSE,2025-11-09,2025-W45,251.3456898142627,266.700142067734,282.992582174422,0.942428031217277,extrapolated,syndromic,2025-11-19
ARI incidence,GB-ENG,FALSE,2025-11-16,2025-W46,260.95941006588623,271.206118827283,281.855170008194,0.9622180030240302,extrapolated,syndromic,2025-11-26
ARI incidence,GB-ENG,FALSE,2025-11-23,2025-W47,259.02417900633844,286.026902617911,315.8446031372,0.9055937628089327,extrapolated,syndromic,2025-12-03
ARI incidence,GB-ENG,FALSE,2025-11-30,2025-W48,340.2301506196895,358.910576063667,378.616655154543,0.9479524241139565,extrapolated,syndromic,2025-12-10
ARI incidence,GB-ENG,FALSE,2025-12-07,2025-W49,408.6269847856265,372.968868495775,340.42239510931,1.0956061465228053,extrapolated,syndromic,2025-12-17
ARI incidence,GB-ENG,FALSE,2025-12-14,2025-W50,316.6858815352023,332.69052161007,349.504002618055,0.9518933091408424,extrapolated,syndromic,2025-12-24
ARI incidence,GB-ENG,FALSE,2025-12-21,2025-W51,405.85782676555965,361.794184845569,322.514495362141,1.1217920126018588,extrapolated,syndromic,2025-12-31
ARI incidence,GB-ENG,FALSE,2026-01-04,2026-W01,383.92901637059254,357.3385865307,332.589775659215,1.0744124223976255,extrapolated,syndromic,2026-01-14
ARI incidence,GB-ENG,FALSE,2026-01-11,2026-W02,257.7917469681673,301.37377957613,352.323750019884,0.8553887711490396,extrapolated,syndromic,2026-01-21
ARI incidence,GB-ENG,FALSE,2026-01-18,2026-W03,318.554723447771,312.662350871385,306.878970728711,1.01884580142113,extrapolated,syndromic,2026-01-28
ARI incidence,GB-ENG,FALSE,2026-01-25,2026-W04,314.16435338741246,320.458886190816,326.87953496755,0.9803577523524946,extrapolated,syndromic,2026-02-04
ARI incidence,GB-ENG,FALSE,2026-02-01,2026-W05,298.34390648615283,310.342849591693,322.824372138341,0.9613364924588182,extrapolated,syndromic,2026-02-11
ARI incidence,GB-ENG,FALSE,2026-02-08,2026-W06,324.1010878055731,326.397196500631,328.709572080738,0.992965292840517,extrapolated,syndromic,2026-02-18
ARI incidence,GB-ENG,FALSE,2026-02-15,2026-W07,348.26777251639527,328.697290185105,310.226547217902,1.0595395304910162,extrapolated,syndromic,2026-02-25
ARI incidence,GB-ENG,FALSE,2026-02-22,2026-W08,290.8005560083083,288.193578660227,285.609972419088,1.0090459244796535,extrapolated,syndromic,2026-03-04
ARI incidence,GB-ENG,FALSE,2026-03-01,2026-W09,290.0920825119359,278.391494036911,267.162837679014,1.0420292599653693,extrapolated,syndromic,2026-03-11
ARI incidence,GB-ENG,FALSE,2026-03-08,2026-W10,261.9611726045751,262.604109439557,263.248624247983,0.9975516878378106,extrapolated,syndromic,2026-03-18
ARI incidence,GB-ENG,FALSE,2026-03-15,2026-W11,256.5770483307327,259.84211558453,263.148732401085,0.9874344186028032,extrapolated,syndromic,2026-03-25
ARI incidence,GB-ENG,FALSE,2026-03-22,2026-W12,275.5288777748873,262.49835936069,250.08409,1.0496403804044072,extrapolated,syndromic,2026-04-01
ARI incidence,GB-ENG,FALSE,2026-03-29,2026-W13,274.6474817083095,261.27062310054,248.545291843756,1.051199244863522,extrapolated,syndromic,2026-04-08
ARI incidence,GB-ENG,FALSE,2026-04-05,2026-W14,260.42800548109744,248.490643868823,237.100460744511,1.0480394811909943,extrapolated,syndromic,2026-04-15
ARI incidence,GB-ENG,FALSE,2026-04-12,2026-W15,302.76427772502535,290.443908788895,278.624891900843,1.0424190990525646,extrapolated,syndromic,2026-04-22
ARI incidence,GB-ENG,FALSE,2026-04-19,2026-W16,237.57682687922133,235.076123975534,232.601743146666,1.010637843016111,extrapolated,syndromic,2026-04-29
ARI incidence,GB-ENG,FALSE,2026-04-26,2026-W17,241.76517415854232,237.51138320448,233.332436518389,1.017909840348158,extrapolated,syndromic,2026-05-06
ARI incidence,GB-ENG,FALSE,2026-05-03,2026-W18,306.9308177926938,258.025880061101,216.913229046531,1.189535009899054,extrapolated,syndromic,2026-05-13
ARI incidence,GB-ENG,FALSE,2026-05-10,2026-W19,218.15197029404695,216.913229046531,215.681521794061,1.005710768554601,extrapolated,syndromic,2026-05-20
ARI incidence,GB-ENG,FALSE,2026-05-17,2026-W20,231.25402124916985,229.02376772318,226.815023145503,1.0097380876585942,extrapolated,syndromic,2026-05-27
ARI incidence,GB-ENG,FALSE,2026-06-21,2026-W25,193.46819002169812,194.831718002538,196.204855876117,0.9930015092264282,extrapolated,syndromic,2026-07-01
ARI incidence,GB-ENG,FALSE,2026-06-28,2026-W26,195.73513075181475,194.550201690655,193.372445878746,1.006090608238195,extrapolated,syndromic,2026-07-08
ARI incidence,GB-ENG,FALSE,2026-07-05,2026-W27,207.07632988755444,187.396774679581,169.587471341505,1.1050154424569059,extrapolated,syndromic,2026-07-15
ARI incidence,GB-ENG,FALSE,2026-08-02,2026-W31,167.24015705288122,180.012622710714,193.760547145047,0.9290468331303716,extrapolated,syndromic,2026-08-12
ARI incidence,GB-ENG,FALSE,2026-08-09,2026-W32,153.53913560773242,155.80777245972,158.109929841479,0.9854395142413439,extrapolated,syndromic,2026-08-19
ARI incidence,GB-ENG,FALSE,2026-08-16,2026-W33,150.72343576703594,158.801785365719,167.313111640567,0.9491293527961361,extrapolated,syndromic,2026-08-26
ARI incidence,GB-ENG,FALSE,2026-08-23,2026-W34,157.76516638512965,162.331523791752,167.030049917508,0.9718701746896653,extrapolated,syndromic,2026-09-02
ARI incidence,GB-ENG,FALSE,2026-08-30,2026-W35,196.82338728288167,213.121062650953,230.768243410989,0.9235285561860994,extrapolated,syndromic,2026-09-09
ARI incidence,GB-ENG,FALSE,2026-09-06,2026-W36,173.70956902144204,184.947525024414,196.91250865077,0.9392370565570507,extrapolated,syndromic,2026-09-16
ARI incidence,GB-ENG,FALSE,2026-09-13,2026-W37,181.32099652456267,184.849822998047,188.447326660156,0.9809097654720424,extrapolated,syndromic,2026-09-23
ARI incidence,GB-ENG,FALSE,2026-09-20,2026-W38,230.5723332965356,226.490412559637,222.480755813236,1.0180224879753959,extrapolated,syndromic,2026-09-30
ARI incidence,GB-ENG,FALSE,2026-09-27,2026-W39,226.490412559637,226.490412559637,222.480755813236,1.0180224879753959,h1_nowcast,syndromic,2026-09-30
ARI incidence,GB-NIR,FALSE,2024-02-18,2024-W07,176.11064130666688,176.129059521898,176.147479663365,0.9998954277319084,extrapolated,ari_archive,2024-02-28
ARI incidence,GB-NIR,FALSE,2024-02-25,2024-W08,179.86420272883296,180.006196272622,180.148301913016,0.9992111741332836,extrapolated,ari_archive,2024-03-06
ARI incidence,GB-NIR,FALSE,2024-03-03,2024-W09,162.0551948436706,158.32836967648,154.687251270126,1.0235385810818736,extrapolated,ari_archive,2024-03-13
ARI incidence,GB-NIR,FALSE,2024-03-17,2024-W11,177.98874419763408,180.889710560285,183.837958597264,0.9839627895159686,extrapolated,ari_archive,2024-03-27
ARI incidence,GB-NIR,FALSE,2024-03-24,2024-W12,172.78257690140524,176.764470290275,180.83812915252,0.9774734516369098,extrapolated,ari_archive,2024-04-03
ARI incidence,GB-NIR,FALSE,2024-04-14,2024-W15,150.72160394543695,155.784937661787,161.018368747406,0.967497925073202,extrapolated,ari_archive,2024-04-24
ARI incidence,GB-NIR,FALSE,2024-04-21,2024-W16,143.9873258091692,144.71692139203,145.450213895516,0.9949584639042693,extrapolated,ari_archive,2024-05-01
ARI incidence,GB-NIR,FALSE,2024-10-13,2024-W41,139.56962320689243,149.198081726538,159.490776570209,0.9354652659858353,extrapolated,syndromic,2024-10-23
ARI incidence,GB-NIR,FALSE,2024-10-20,2024-W42,131.29573797634555,132.731062006123,134.182076987505,0.989186223570551,extrapolated,syndromic,2024-10-30
ARI incidence,GB-NIR,FALSE,2024-10-27,2024-W43,147.72691647830322,135.37528834255,124.056394939511,1.0912399026955282,extrapolated,syndromic,2024-11-06
ARI incidence,GB-NIR,FALSE,2024-11-03,2024-W44,137.8811443704927,153.387564245424,170.637870555556,0.8989069293119449,extrapolated,syndromic,2024-11-13
ARI incidence,GB-NIR,FALSE,2024-11-10,2024-W45,121.15033014639198,130.325687105684,140.195942504202,0.9295967114153667,extrapolated,syndromic,2024-11-20
ARI incidence,GB-NIR,FALSE,2024-11-17,2024-W46,134.835880552641,147.008923284918,160.280953680972,0.9171952119621709,extrapolated,syndromic,2024-11-27
ARI incidence,GB-NIR,FALSE,2024-11-24,2024-W47,145.50397744436626,170,198.62,0.8559057496727419,extrapolated,syndromic,2024-12-04
ARI incidence,GB-NIR,FALSE,2024-12-01,2024-W48,184.0330366183786,195.8,208.319336052141,0.9399031492256317,extrapolated,syndromic,2024-12-11
ARI incidence,GB-NIR,FALSE,2024-12-08,2024-W49,207.295435019342,227.249997928485,249.125416358917,0.9121911415135744,extrapolated,syndromic,2024-12-18
ARI incidence,GB-NIR,FALSE,2024-12-15,2024-W50,205.30257058188047,220.016466270538,235.78489686211,0.9331236614328458,extrapolated,syndromic,2024-12-25
ARI incidence,GB-NIR,FALSE,2024-12-22,2024-W51,211.87915522840865,217.449365914554,223.166015012985,0.974383872481218,extrapolated,syndromic,2025-01-01
ARI incidence,GB-NIR,FALSE,2024-12-29,2024-W52,227.27874324549813,228.207050209727,229.139148790398,0.995932172282251,extrapolated,syndromic,2025-01-08
ARI incidence,GB-NIR,FALSE,2025-01-05,2025-W01,173.9052984071118,168.4,163.068982139996,1.0326917957666977,extrapolated,syndromic,2025-01-15
ARI incidence,GB-NIR,FALSE,2025-01-12,2025-W02,171.06355906305436,177.619602574657,184.426907703646,0.96308941458842,extrapolated,syndromic,2025-01-22
ARI incidence,GB-NIR,FALSE,2025-01-19,2025-W03,178.28366503584252,167.2625608126,156.922757022996,1.065891040826467,extrapolated,syndromic,2025-01-29
ARI incidence,GB-NIR,FALSE,2025-01-26,2025-W04,126.47444248987341,119.078382382668,112.114834204612,1.0621108547094436,extrapolated,syndromic,2025-02-05
ARI incidence,GB-NIR,FALSE,2025-02-02,2025-W05,122.00568414513208,116.456016977502,111.158787275284,1.0476546194148326,extrapolated,syndromic,2025-02-12
ARI incidence,GB-NIR,FALSE,2025-02-09,2025-W06,114.45206295700368,116.865046101828,119.328901965822,0.9793523964152482,extrapolated,syndromic,2025-02-19
ARI incidence,GB-NIR,FALSE,2025-02-16,2025-W07,130.25240115959937,122.007179869026,114.283896550615,1.067579803905185,extrapolated,syndromic,2025-02-26
ARI incidence,GB-NIR,FALSE,2025-03-16,2025-W11,118.52980186545298,131.0716014,144.9404658,0.9043133722287237,extrapolated,syndromic,2025-03-26
ARI incidence,GB-NIR,FALSE,2025-11-02,2025-W44,168.94424993820402,172.400423652725,175.927301973939,0.9799526379269067,extrapolated,syndromic,2025-11-12
ARI incidence,GB-NIR,FALSE,2025-11-09,2025-W45,127.03018222663701,117.970634076685,109.557195467337,1.0767949432573451,extrapolated,syndromic,2025-11-19
ARI incidence,GB-NIR,FALSE,2025-11-16,2025-W46,176.79643953739551,183.231070667014,189.8998947356,0.9648824235638936,extrapolated,syndromic,2025-11-26
ARI incidence,GB-NIR,FALSE,2025-11-23,2025-W47,238.87126421649668,226.500920486003,214.771195477533,1.054614982155263,extrapolated,syndromic,2025-12-03
ARI incidence,GB-NIR,FALSE,2025-11-30,2025-W48,221.06803084741253,227.236357602521,233.576795425937,0.9728550183597906,extrapolated,syndromic,2025-12-10
ARI incidence,GB-NIR,FALSE,2025-12-07,2025-W49,156.2599865889373,186.171487096893,221.808687972346,0.8393336113150984,extrapolated,syndromic,2025-12-17
ARI incidence,GB-NIR,FALSE,2025-12-14,2025-W50,273.903417356938,268.813736804091,263.818632830025,1.0189338558860785,extrapolated,syndromic,2025-12-24
ARI incidence,GB-NIR,FALSE,2025-12-21,2025-W51,229.50420208831798,232.744015833522,236.029564658991,0.9860799267658868,extrapolated,syndromic,2025-12-31
ARI incidence,GB-NIR,FALSE,2025-12-28,2025-W52,200.52082727437073,193.652227140295,187.018902655353,1.0354687381369476,extrapolated,syndromic,2026-01-07
ARI incidence,GB-NIR,FALSE,2026-01-04,2026-W01,224.63798447915983,232.500129050556,240.637442211115,0.9661843431936914,extrapolated,syndromic,2026-01-14
ARI incidence,GB-NIR,FALSE,2026-01-11,2026-W02,207.81045269490312,200.60647294492,193.652227140295,1.0359110034897088,extrapolated,syndromic,2026-01-21
ARI incidence,GB-NIR,FALSE,2026-01-18,2026-W03,220.91566203026719,220.186636680645,219.460017126771,1.0033109427557105,extrapolated,syndromic,2026-01-28
ARI incidence,GB-NIR,FALSE,2026-01-25,2026-W04,240.09790803980997,216.259781057691,194.78842312681,1.1102291275128955,extrapolated,syndromic,2026-02-04
ARI incidence,GB-NIR,FALSE,2026-02-01,2026-W05,215.71778270966772,208.128969785985,200.807126422564,1.0364620693192603,extrapolated,syndromic,2026-02-11
ARI incidence,GB-NIR,FALSE,2026-02-08,2026-W06,214.59879445466055,209.433540058515,204.39261,1.0246629761150123,extrapolated,syndromic,2026-02-18
ARI incidence,GB-NIR,FALSE,2026-02-15,2026-W07,211.21511921025476,208.649122145935,206.114298706679,1.012298144549706,extrapolated,syndromic,2026-02-25
ARI incidence,GB-NIR,FALSE,2026-02-22,2026-W08,210.28567267443543,199.763421890756,189.767682305612,1.052673560975711,extrapolated,syndromic,2026-03-04
ARI incidence,GB-NIR,FALSE,2026-03-01,2026-W09,208.4444911357818,197.677332575263,187.466349439845,1.0544683521385503,extrapolated,syndromic,2026-03-11
ARI incidence,GB-NIR,FALSE,2026-03-08,2026-W10,178.7476140837741,186.912214439845,195.449746761,0.9563185296341423,extrapolated,syndromic,2026-03-18
ARI incidence,GB-NIR,FALSE,2026-03-15,2026-W11,210.28282661286525,205.014838662342,199.878823909506,1.0256956422515338,extrapolated,syndromic,2026-03-25
ARI incidence,GB-NIR,FALSE,2026-03-22,2026-W12,188.49150189600084,188.693497316649,188.895709204085,0.9989295051312281,extrapolated,syndromic,2026-04-01
ARI incidence,GB-NIR,FALSE,2026-03-29,2026-W13,185.27008407011596,186.415214756656,187.567423349464,0.9938570964390694,extrapolated,syndromic,2026-04-08
ARI incidence,GB-NIR,FALSE,2026-04-05,2026-W14,202.95755141737848,199.563496993387,196.22620126279,1.017007391006503,extrapolated,syndromic,2026-04-15
ARI incidence,GB-NIR,FALSE,2026-04-12,2026-W15,162.15563556693792,151.507937293073,141.559403609664,1.0702781548221347,extrapolated,syndromic,2026-04-22
ARI incidence,GB-NIR,FALSE,2026-04-19,2026-W16,186.5034352483635,178.236966911258,170.336896644394,1.0463790900415235,extrapolated,syndromic,2026-04-29
ARI incidence,GB-NIR,FALSE,2026-04-26,2026-W17,154.00491528135987,158.189440009732,162.487664013029,0.9735473826311373,extrapolated,syndromic,2026-05-06
ARI incidence,GB-NIR,FALSE,2026-05-03,2026-W18,165.57791547600306,161.006761053812,156.561803731587,1.0283910712337316,extrapolated,syndromic,2026-05-13
ARI incidence,GB-NIR,FALSE,2026-05-10,2026-W19,167.27539541455639,156.561803731587,146.534392143813,1.0684304308433805,extrapolated,syndromic,2026-05-20
ARI incidence,GB-NIR,FALSE,2026-05-17,2026-W20,170.2470107637907,171.848466828216,173.464987248337,0.9906809988242369,extrapolated,syndromic,2026-05-27
ARI incidence,GB-NIR,FALSE,2026-05-24,2026-W21,175.28246765188538,177.122424272944,178.981695092466,0.9896119498781064,extrapolated,syndromic,2026-06-03
ARI incidence,GB-NIR,FALSE,2026-05-31,2026-W22,197.5352262002297,179.185475231665,162.540298009694,1.1024064642786509,extrapolated,syndromic,2026-06-10
ARI incidence,GB-NIR,FALSE,2026-06-07,2026-W23,165.01469464635193,166.085771390896,167.163800276249,0.9935510625890805,extrapolated,syndromic,2026-06-17
ARI incidence,GB-NIR,FALSE,2026-06-21,2026-W25,134.9822096891929,139.250846129542,143.65447263341,0.9693457055450995,extrapolated,syndromic,2026-07-01
ARI incidence,GB-NIR,FALSE,2026-06-28,2026-W26,145.37377840061257,143.874194775444,142.390079903125,1.010422881097677,extrapolated,syndromic,2026-07-08
ARI incidence,GB-NIR,FALSE,2026-07-05,2026-W27,128.94209767079312,138.227513371525,148.181593118312,0.9328251266752179,extrapolated,syndromic,2026-07-15
ARI incidence,GB-NIR,FALSE,2026-07-12,2026-W28,147.83783332071388,148.044772167235,148.252000680381,0.9986021874093102,extrapolated,syndromic,2026-07-22
ARI incidence,GB-NIR,FALSE,2026-08-02,2026-W31,101.47798898335863,100.909019378495,100.343239888202,1.0056384415225517,extrapolated,syndromic,2026-08-12
ARI incidence,GB-NIR,FALSE,2026-08-09,2026-W32,102.05923630344672,106.602058597357,111.347089286524,0.9573852292002277,extrapolated,syndromic,2026-08-19
ARI incidence,GB-NIR,FALSE,2026-08-16,2026-W33,98.95961609417505,106.306565072917,114.198965433007,0.9308890380034138,extrapolated,syndromic,2026-08-26
ARI incidence,GB-NIR,FALSE,2026-08-23,2026-W34,122.21140368597919,128.062356183684,134.193426936297,0.9543116910225157,extrapolated,syndromic,2026-09-02
ARI incidence,GB-NIR,FALSE,2026-08-30,2026-W35,154.10844635392237,140.131194337052,127.421644244153,1.0997440440224282,extrapolated,syndromic,2026-09-09
ARI incidence,GB-NIR,FALSE,2026-09-06,2026-W36,99.9360846405048,120.901328988637,146.2647991844,0.826592110082573,extrapolated,syndromic,2026-09-16
ARI incidence,GB-NIR,FALSE,2026-09-13,2026-W37,143.52795944294311,152.611175537109,162.269226074219,0.9404813175562162,extrapolated,syndromic,2026-09-23
ARI incidence,GB-NIR,FALSE,2026-09-20,2026-W38,179.71780428842345,178.132574235693,176.561326961853,1.0088991587278875,extrapolated,syndromic,2026-09-30
ARI incidence,GB-NIR,FALSE,2026-09-27,2026-W39,178.132574235693,178.132574235693,176.561326961853,1.0088991587278875,h1_nowcast,syndromic,2026-09-30
ARI incidence,GB-SCT,FALSE,2024-02-18,2024-W07,224.3301882762636,223.986007240502,223.642354268245,1.0015366184700634,extrapolated,ari_archive,2024-02-28
ARI incidence,GB-SCT,FALSE,2024-02-25,2024-W08,246.45412846800454,246.475908840866,246.497691138567,0.9999116328530284,extrapolated,ari_archive,2024-03-06
ARI incidence,GB-SCT,FALSE,2024-03-03,2024-W09,231.53134564067653,234.707275276069,237.926769332603,0.9864685505310528,extrapolated,ari_archive,2024-03-13
ARI incidence,GB-SCT,FALSE,2024-03-10,2024-W10,268.8354109631131,262.680443200723,256.666392990899,1.0234313894380291,extrapolated,ari_archive,2024-03-20
ARI incidence,GB-SCT,FALSE,2024-03-31,2024-W13,240.7954769785269,247.650546917895,254.700769957576,0.9723195848962086,extrapolated,ari_archive,2024-04-10
ARI incidence,GB-SCT,FALSE,2024-04-14,2024-W15,200.19030787320028,209.000697037716,218.198832032961,0.9578451685119216,extrapolated,ari_archive,2024-04-24
ARI incidence,GB-SCT,FALSE,2024-04-21,2024-W16,215.0106731512456,213.443521505698,211.887792382782,1.0073422310243598,extrapolated,ari_archive,2024-05-01
ARI incidence,GB-SCT,FALSE,2024-10-13,2024-W41,167.39962755857715,173.884931390534,180.621485278457,0.962703474187816,extrapolated,syndromic,2024-10-23
ARI incidence,GB-SCT,FALSE,2024-10-20,2024-W42,174.37990236499,181.931659448163,189.810455566625,0.9584912427772111,extrapolated,syndromic,2024-10-30
ARI incidence,GB-SCT,FALSE,2024-10-27,2024-W43,150.85886991338512,154.649340295564,158.535049795777,0.9754899026731405,extrapolated,syndromic,2024-11-06
ARI incidence,GB-SCT,FALSE,2024-11-03,2024-W44,166.5082701029008,175.926751892819,185.877986795674,0.9464636180195245,extrapolated,syndromic,2024-11-13
ARI incidence,GB-SCT,FALSE,2024-11-10,2024-W45,179.5082208277845,189.806698156249,200.696004332528,0.9457422871347415,extrapolated,syndromic,2024-11-20
ARI incidence,GB-SCT,FALSE,2024-11-17,2024-W46,183.06735197032918,194.616562906033,206.894381492428,0.9406565876858075,extrapolated,syndromic,2024-11-27
ARI incidence,GB-SCT,FALSE,2024-11-24,2024-W47,180.94843082911078,198.4,217.534685543498,0.9120384618402758,extrapolated,syndromic,2024-12-04
ARI incidence,GB-SCT,FALSE,2024-12-01,2024-W48,231.82281603391831,250.242159080284,270.125,0.9263939253319168,extrapolated,syndromic,2024-12-11
ARI incidence,GB-SCT,FALSE,2024-12-08,2024-W49,274.7975351083698,290.426760149572,306.944903918856,0.9461853135256783,extrapolated,syndromic,2024-12-18
ARI incidence,GB-SCT,FALSE,2024-12-29,2024-W52,362.7835847804997,374.332845096525,386.249777543934,0.9691470826904139,extrapolated,syndromic,2025-01-08
ARI incidence,GB-SCT,FALSE,2025-01-05,2025-W01,279.24343018743343,276.151014268986,273.092844585826,1.011198278328376,extrapolated,syndromic,2025-01-15
ARI incidence,GB-SCT,FALSE,2025-01-12,2025-W02,270.0391173022024,273.528314935075,277.062596777387,0.9872437424487445,extrapolated,syndromic,2025-01-22
ARI incidence,GB-SCT,FALSE,2025-01-19,2025-W03,265.0650696223046,270.291535899395,275.621055927719,0.9806635962176937,extrapolated,syndromic,2025-01-29
ARI incidence,GB-SCT,FALSE,2025-01-26,2025-W04,181.41836998925845,152.788768830255,128.677200010381,1.1873802726351586,extrapolated,syndromic,2025-02-05
ARI incidence,GB-SCT,FALSE,2025-02-02,2025-W05,169.08248503062728,155.427223822576,142.874774408581,1.087856302597536,extrapolated,syndromic,2025-02-12
ARI incidence,GB-SCT,FALSE,2025-02-09,2025-W06,193.42262619448195,174.940936493361,158.225187318066,1.105645311335248,extrapolated,syndromic,2025-02-19
ARI incidence,GB-SCT,FALSE,2025-02-16,2025-W07,147.40216582649953,137.849638956633,128.916171983803,1.0692967130140383,extrapolated,syndromic,2025-02-26
ARI incidence,GB-SCT,FALSE,2025-03-16,2025-W11,199.51348873084996,164.0080632,134.8211841,1.21648585342754,extrapolated,syndromic,2025-03-26
ARI incidence,GB-SCT,FALSE,2025-11-02,2025-W44,149.72028740953814,146.152525883887,142.669782377665,1.0244112204293039,extrapolated,syndromic,2025-11-12
ARI incidence,GB-SCT,FALSE,2025-11-09,2025-W45,155.30313688288865,150.072187685017,145.017428292837,1.0348562200535845,extrapolated,syndromic,2025-11-19
ARI incidence,GB-SCT,FALSE,2025-11-16,2025-W46,137.65233347504488,161.39617466865,189.235623836306,0.8528847338398721,extrapolated,syndromic,2025-11-26
ARI incidence,GB-SCT,FALSE,2025-11-23,2025-W47,167.35085331244295,189.627565406427,214.869615841362,0.8825238722743789,extrapolated,syndromic,2025-12-03
ARI incidence,GB-SCT,FALSE,2025-11-30,2025-W48,225.17910142830146,224.925322242797,224.67182906907,1.0011282819692053,extrapolated,syndromic,2025-12-10
ARI incidence,GB-SCT,FALSE,2025-12-07,2025-W49,199.76623986637026,214.58708807901,230.507509181889,0.9309331780149664,extrapolated,syndromic,2025-12-17
ARI incidence,GB-SCT,FALSE,2025-12-14,2025-W50,247.85208500859218,253.411987332059,259.096611276671,0.9780598290475447,extrapolated,syndromic,2025-12-24
ARI incidence,GB-SCT,FALSE,2025-12-21,2025-W51,258.28102742764986,255.371935828242,252.495610142839,1.0113915869023458,extrapolated,syndromic,2025-12-31
ARI incidence,GB-SCT,FALSE,2025-12-28,2025-W52,264.9389326718458,241.378472406955,219.913194161164,1.09760795993923,extrapolated,syndromic,2026-01-07
ARI incidence,GB-SCT,FALSE,2026-01-04,2026-W01,228.77162113276913,218.22180578065,208.158495718884,1.0483444599607232,extrapolated,syndromic,2026-01-14
ARI incidence,GB-SCT,FALSE,2026-01-11,2026-W02,207.38566908514338,203.913836359907,200.500125406176,1.0170259791449778,extrapolated,syndromic,2026-01-21
ARI incidence,GB-SCT,FALSE,2026-01-18,2026-W03,184.36470798747413,197.476979977406,211.521814813095,0.9336010101459307,extrapolated,syndromic,2026-01-28
ARI incidence,GB-SCT,FALSE,2026-01-25,2026-W04,158.25540548405237,176.554941975962,196.970507520999,0.8963521706778336,extrapolated,syndromic,2026-02-04
ARI incidence,GB-SCT,FALSE,2026-02-01,2026-W05,169.58516378488937,166.86886970723,164.1960832888,1.0162780156803675,extrapolated,syndromic,2026-02-11
ARI incidence,GB-SCT,FALSE,2026-02-08,2026-W06,178.97505881000342,178.582413702026,178.19063,1.00219867734923,extrapolated,syndromic,2026-02-18
ARI incidence,GB-SCT,FALSE,2026-02-15,2026-W07,129.65799516485677,136.648910023446,144.016761842212,0.9488403174427823,extrapolated,syndromic,2026-02-25
ARI incidence,GB-SCT,FALSE,2026-02-22,2026-W08,163.45772559301423,162.363258416221,161.276119485289,1.0067408549660146,extrapolated,syndromic,2026-03-04
ARI incidence,GB-SCT,FALSE,2026-03-01,2026-W09,172.97238917396513,167.042653262825,161.316197008882,1.035498334080041,extrapolated,syndromic,2026-03-11
ARI incidence,GB-SCT,FALSE,2026-03-08,2026-W10,149.4637521206257,148.601354743926,147.743933351201,1.0058034287654087,extrapolated,syndromic,2026-03-18
ARI incidence,GB-SCT,FALSE,2026-03-15,2026-W11,179.86686537755463,172.946117773402,166.291660168243,1.0400167849573843,extrapolated,syndromic,2026-03-25
ARI incidence,GB-SCT,FALSE,2026-03-22,2026-W12,161.59053276227033,162.936880811077,164.294446429611,0.9917369963012375,extrapolated,syndromic,2026-04-01
ARI incidence,GB-SCT,FALSE,2026-03-29,2026-W13,156.88328692155577,157.929895285299,158.983485839998,0.9933729560077748,extrapolated,syndromic,2026-04-08
ARI incidence,GB-SCT,FALSE,2026-04-05,2026-W14,143.3687590627829,136.214560648767,129.417361592782,1.0525215394003529,extrapolated,syndromic,2026-04-15
ARI incidence,GB-SCT,FALSE,2026-04-12,2026-W15,142.5101119042384,142.475485145139,142.440866799565,1.000243036611275,extrapolated,syndromic,2026-04-22
ARI incidence,GB-SCT,FALSE,2026-04-19,2026-W16,143.31727079381685,140.723335983938,138.176349443173,1.018432868946306,extrapolated,syndromic,2026-04-29
ARI incidence,GB-SCT,FALSE,2026-04-26,2026-W17,108.70199212792399,107.620179046348,106.549132276599,1.0100521397674886,extrapolated,syndromic,2026-05-06
ARI incidence,GB-SCT,FALSE,2026-05-03,2026-W18,110.49075038207825,125.440230410818,142.412386114733,0.8808238793903672,extrapolated,syndromic,2026-05-13
ARI incidence,GB-SCT,FALSE,2026-05-10,2026-W19,124.92173355259493,129.132164118563,133.484505343683,0.9673944087074825,extrapolated,syndromic,2026-05-20
ARI incidence,GB-SCT,FALSE,2026-05-17,2026-W20,105.10167743575239,103.677038519686,102.27171039,1.0137411227828983,extrapolated,syndromic,2026-05-27
ARI incidence,GB-SCT,FALSE,2026-05-24,2026-W21,101.17374784669904,101.865939583295,102.562867028614,0.9932048755508701,extrapolated,syndromic,2026-06-03
ARI incidence,GB-SCT,FALSE,2026-05-31,2026-W22,103.70892796703478,102.008577325417,100.336104633761,1.0166687026346173,extrapolated,syndromic,2026-06-10
ARI incidence,GB-SCT,FALSE,2026-09-06,2026-W36,107.12414836297015,113.138603210449,119.490737915039,0.9468399407734303,extrapolated,syndromic,2026-09-16
ARI incidence,GB-SCT,FALSE,2026-09-13,2026-W37,114.3754911867191,117.879867553711,121.49161529541,0.9702716295859846,extrapolated,syndromic,2026-09-23
ARI incidence,GB-SCT,FALSE,2026-09-20,2026-W38,130.9709344958321,132.411304254512,133.867514665545,0.9891220030888659,extrapolated,syndromic,2026-09-30
ARI incidence,GB-SCT,FALSE,2026-09-27,2026-W39,132.411304254512,132.411304254512,133.867514665545,0.9891220030888659,h1_nowcast,syndromic,2026-09-30
ARI incidence,GB-WLS,FALSE,2024-11-03,2024-W44,85.42294719001256,87.1782795141756,88.9696816728457,0.9798650267710596,extrapolated,syndromic,2024-11-13
ARI incidence,GB-WLS,FALSE,2024-11-10,2024-W45,84.55606861161014,86.532054270495,88.5542166188621,0.9771646972264404,extrapolated,syndromic,2024-11-20
ARI incidence,GB-WLS,FALSE,2024-11-17,2024-W46,160.60385127445213,200.321014016723,249.860189143992,0.8017324196504149,extrapolated,syndromic,2024-11-27
ARI incidence,GB-WLS,FALSE,2024-11-24,2024-W47,218.1868806295109,209.744176895909,201.628162127875,1.0402523867815983,extrapolated,syndromic,2024-12-04
ARI incidence,GB-WLS,FALSE,2024-12-01,2024-W48,233.1925806237144,238.3666667,243.6555556,0.97829358379711,extrapolated,syndromic,2024-12-11
ARI incidence,GB-WLS,FALSE,2024-12-08,2024-W49,224.4355506722005,194.881807978796,169.219711259356,1.151649571604036,extrapolated,syndromic,2024-12-18
ARI incidence,GB-WLS,FALSE,2024-12-15,2024-W50,173.1467854173707,168.79745558739,164.557377973235,1.025766560371694,extrapolated,syndromic,2024-12-25
ARI incidence,GB-WLS,FALSE,2024-12-22,2024-W51,205.90973683285247,164.598959520134,131.576184263221,1.2509783623976376,extrapolated,syndromic,2025-01-01
ARI incidence,GB-WLS,FALSE,2024-12-29,2024-W52,195.56731162119956,201.7,208.025,0.9695950006008892,extrapolated,syndromic,2025-01-08
ARI incidence,GB-WLS,FALSE,2025-11-02,2025-W44,152.75085591074819,143.965572088212,135.685563417048,1.0610235050999073,extrapolated,syndromic,2025-11-12
ARI incidence,GB-WLS,FALSE,2025-11-23,2025-W47,176.72000000000008,188,200,0.94,extrapolated,syndromic,2025-12-03
ARI incidence,GB-WLS,FALSE,2025-11-30,2025-W48,199.5476924958215,195.301864519816,191.146376126175,1.0217398230500483,extrapolated,syndromic,2025-12-10
ARI incidence,GB-WLS,FALSE,2025-12-07,2025-W49,183.5191538481411,191.328584671142,199.470336172941,0.9591831464366708,extrapolated,syndromic,2025-12-17
ARI incidence,GB-WLS,FALSE,2025-12-14,2025-W50,219.7241885793423,207.144006613278,195.284095725799,1.0607315759299296,extrapolated,syndromic,2025-12-24
ARI incidence,GB-WLS,FALSE,2026-01-18,2026-W03,161.6883036189739,190.220312668046,223.787166675939,0.8500054560478869,extrapolated,syndromic,2026-01-28
ARI incidence,GB-WLS,FALSE,2026-01-25,2026-W04,59.89885183293556,51.6256959473191,44.495218196813,1.1602526752193076,extrapolated,syndromic,2026-02-04
ARI incidence,GB-WLS,FALSE,2026-02-01,2026-W05,3.939645211787262,14.2062445981837,51.2272996003787,0.2773178502284098,extrapolated,syndromic,2026-02-11
ARI incidence,GB-WLS,FALSE,2026-02-08,2026-W06,126.59631525355033,128.09681107851,129.6150916843,0.9882862359154284,extrapolated,syndromic,2026-02-18
ARI incidence,GB-WLS,FALSE,2026-02-15,2026-W07,150.2247937283292,148.46164,146.71918,1.0118761568869181,extrapolated,syndromic,2026-02-25
ARI incidence,GB-WLS,FALSE,2026-02-22,2026-W08,149.55964304074996,147.48701,145.4431,1.0140529870444182,extrapolated,syndromic,2026-03-04
ARI incidence,GB-WLS,FALSE,2026-03-01,2026-W09,136.3032498298106,132.9875,129.75241,1.0249327931558267,extrapolated,syndromic,2026-03-11
ARI incidence,GB-WLS,FALSE,2026-03-08,2026-W10,136.80655732413095,131.22836,125.87761,1.0425075595254787,extrapolated,syndromic,2026-03-18
ARI incidence,GB-WLS,FALSE,2026-03-15,2026-W11,139.83076530194768,134.02295,128.45636,1.0433344833996543,extrapolated,syndromic,2026-03-25
ARI incidence,GB-WLS,FALSE,2026-03-22,2026-W12,135.45390148605543,126.2194,117.614456,1.073162299028956,extrapolated,syndromic,2026-04-01
ARI incidence,GB-WLS,FALSE,2026-03-29,2026-W13,128.11208101446567,118.23207,109.114006,1.083564560905224,extrapolated,syndromic,2026-04-08
ARI incidence,GB-WLS,FALSE,2026-04-05,2026-W14,82.5934294792848,100.79409364699,123.005539038263,0.8194272748614699,extrapolated,syndromic,2026-04-15
ARI incidence,GB-WLS,FALSE,2026-04-12,2026-W15,130.31096481247275,122.931107826127,115.969191795228,1.0600324614074397,extrapolated,syndromic,2026-04-22
ARI incidence,GB-WLS,FALSE,2026-04-19,2026-W16,101.0384577493718,127.167860931622,160.054549665025,0.7945282480115005,extrapolated,syndromic,2026-04-29
ARI incidence,GB-WLS,FALSE,2026-05-03,2026-W18,201.99774309593394,195.510105756176,189.230834300151,1.0331831304303454,extrapolated,syndromic,2026-05-13
ARI incidence,GB-WLS,FALSE,2026-05-10,2026-W19,176.77131373093843,189.230834300151,202.568549693728,0.9341570277629827,extrapolated,syndromic,2026-05-20
ARI incidence,GB-WLS,FALSE,2026-05-17,2026-W20,153.62410130437786,136.374743509028,121.062193426958,1.1264849879934542,extrapolated,syndromic,2026-05-27
ARI incidence,GB-WLS,FALSE,2026-05-24,2026-W21,140.84033002548074,120.862831895202,103.719042202507,1.1652906672549337,extrapolated,syndromic,2026-06-03
ARI incidence,GB-WLS,FALSE,2026-08-02,2026-W31,119.62950315759572,121.42413567451,123.245690529023,0.985220133485446,extrapolated,syndromic,2026-08-12
ARI incidence,GB-WLS,FALSE,2026-08-09,2026-W32,121.57949971697319,131.248080863935,141.685553654743,0.9263335426825388,extrapolated,syndromic,2026-08-19
ARI incidence,GB-WLS,FALSE,2026-08-16,2026-W33,68.5982960824355,71.2101055708003,73.9213570160807,0.9633224881857808,extrapolated,syndromic,2026-08-26
ARI incidence,GB-WLS,FALSE,2026-08-23,2026-W34,57.183851192636546,71.6009181688667,89.6527844085621,0.798646898043566,extrapolated,syndromic,2026-09-02
ARI incidence,GB-WLS,FALSE,2026-08-30,2026-W35,90.99975739240708,89.305998496482,87.6437651702917,1.0189657909260355,extrapolated,syndromic,2026-09-09
ARI incidence,GB-WLS,FALSE,2026-09-06,2026-W36,94.4499356156584,99.2661522560583,104.327958716886,0.9514817837607282,extrapolated,syndromic,2026-09-16
ARI incidence,GB-WLS,FALSE,2026-09-13,2026-W37,73.1646851272318,84.4511592533048,97.4786987304688,0.866355012460871,extrapolated,syndromic,2026-09-23
ARI incidence,GB-WLS,FALSE,2026-09-20,2026-W38,89.04643480593862,96.46284487513,104.496945460896,0.9231164073712331,extrapolated,syndromic,2026-09-30
ARI incidence,GB-WLS,FALSE,2026-09-27,2026-W39,96.46284487513,96.46284487513,104.496945460896,0.9231164073712331,h1_nowcast,syndromic,2026-09-30
ARI incidence,HU,TRUE,2023-12-10,2023-W49,3046.3816894128468,2915.54319628181,2790.32406179657,1.0448761977863665,extrapolated,ari_archive,2023-12-20
ARI incidence,HU,TRUE,2023-12-17,2023-W50,3133.9054388855484,2933.62719626256,2746.14811916973,1.0682698343123287,extrapolated,ari_archive,2023-12-27
ARI incidence,HU,TRUE,2023-12-24,2023-W51,2917.861977917474,2744.94713098547,2582.27935691565,1.062993871532209,extrapolated,ari_archive,2024-01-03
ARI incidence,HU,TRUE,2023-12-31,2023-W52,2668.541950988915,2613.78991554698,2560.16125962843,1.0209473742003008,extrapolated,ari_archive,2024-01-10
ARI incidence,HU,TRUE,2024-01-14,2024-W02,1926.2649589605119,1718.71751187294,1533.53248309765,1.120757160879453,extrapolated,ari_archive,2024-01-24
ARI incidence,HU,TRUE,2024-01-21,2024-W03,1741.3761392959004,1705.95712944628,1671.25853044324,1.0207619577527827,extrapolated,ari_archive,2024-01-31
ARI incidence,HU,TRUE,2024-01-28,2024-W04,2385.1945061874644,2317.19455012985,2251.13321753118,1.0293458121821504,extrapolated,ari_archive,2024-02-07
ARI incidence,HU,TRUE,2024-02-04,2024-W05,2434.4764133730264,2252.51771629938,2084.15905546304,1.0807801402657031,extrapolated,ari_archive,2024-02-14
ARI incidence,HU,TRUE,2024-02-11,2024-W06,3076.9290128202138,2970.50895062353,2867.76958095851,1.0358255315724079,extrapolated,ari_archive,2024-02-21
ARI incidence,HU,TRUE,2024-02-18,2024-W07,2950.962665564635,2794.03786906184,2645.45793982721,1.0561641623545657,extrapolated,ari_archive,2024-02-28
ARI incidence,HU,TRUE,2024-02-25,2024-W08,2809.2103633185766,2774.5754214981,2740.36749618396,1.0124829700256535,extrapolated,ari_archive,2024-03-06
ARI incidence,HU,TRUE,2024-03-03,2024-W09,2515.10687373856,2394.35516491894,2279.40081418979,1.0504318284057517,extrapolated,ari_archive,2024-03-13
ARI incidence,HU,TRUE,2024-03-10,2024-W10,2380.2792266056226,2268.63413767362,2162.22567213576,1.0492124697755318,extrapolated,ari_archive,2024-03-20
ARI incidence,HU,TRUE,2024-03-17,2024-W11,1954.337673381737,1879.82250392349,1808.14845581035,1.0396394709089405,extrapolated,ari_archive,2024-03-27
ARI incidence,HU,TRUE,2024-03-24,2024-W12,1895.9507615648652,1766.17272151325,1645.27800270661,1.073479812291758,extrapolated,ari_archive,2024-04-03
ARI incidence,HU,TRUE,2024-03-31,2024-W13,1656.099094038831,1554.48512267559,1459.10592265748,1.0653682495129586,extrapolated,ari_archive,2024-04-10
ARI incidence,HU,TRUE,2024-04-07,2024-W14,1341.912977622754,1219.05594369203,1107.44691990649,1.1007804724356127,extrapolated,ari_archive,2024-04-17
ARI incidence,HU,TRUE,2024-04-14,2024-W15,1431.914539559734,1307.37228794713,1193.66222778745,1.0952615048986267,extrapolated,ari_archive,2024-04-24
ARI incidence,HU,TRUE,2024-04-21,2024-W16,1341.2428031323261,1303.44588681394,1266.71410715824,1.0289976873614397,extrapolated,ari_archive,2024-05-01
ARI incidence,HU,TRUE,2024-10-13,2024-W41,2189.0714825755026,2043.86977765829,1908.29934119379,1.071042542193454,extrapolated,syndromic,2024-10-23
ARI incidence,HU,TRUE,2024-10-20,2024-W42,1983.6514051976378,1975.02035668616,1966.42686265538,1.0043701061015693,extrapolated,syndromic,2024-10-30
ARI incidence,HU,TRUE,2024-10-27,2024-W43,2025.1538349288976,1910.50251948459,1802.34203150553,1.0600110778577978,extrapolated,syndromic,2024-11-06
ARI incidence,HU,TRUE,2024-11-03,2024-W44,1386.5022783401328,1326.19465623487,1268.51018833628,1.0454741857251035,extrapolated,syndromic,2024-11-13
ARI incidence,HU,TRUE,2024-11-10,2024-W45,1654.0958637773879,1834.50664592793,2034.59467353258,0.9016570571979108,extrapolated,syndromic,2024-11-20
ARI incidence,HU,TRUE,2024-11-17,2024-W46,1931.6949451804826,2042.94598907261,2160.60425310991,0.945543815408145,extrapolated,syndromic,2024-11-27
ARI incidence,HU,TRUE,2024-11-24,2024-W47,2288.9485918728724,2252.1128657546,2215.86993176957,1.016356074634799,extrapolated,syndromic,2024-12-04
ARI incidence,HU,TRUE,2024-12-01,2024-W48,2281.6122166620567,2327.1002158242,2373.49509918545,0.9804529264133842,extrapolated,syndromic,2024-12-11
ARI incidence,HU,TRUE,2024-12-08,2024-W49,2279.039993111274,2272.53652491731,2266.05161501924,1.0028617661906236,extrapolated,syndromic,2024-12-18
ARI incidence,HU,TRUE,2024-12-15,2024-W50,2451.6177816116183,2413.92653967275,2376.81476396616,1.015614079931354,extrapolated,syndromic,2024-12-25
ARI incidence,HU,TRUE,2024-12-22,2024-W51,1793.9647222070337,2045,2331.16345501769,0.8772443629374249,extrapolated,syndromic,2025-01-01
ARI incidence,HU,TRUE,2024-12-29,2024-W52,2752.742926094583,2905,3065.678571,0.9475879263664658,extrapolated,syndromic,2025-01-08
ARI incidence,HU,TRUE,2025-01-05,2025-W01,1410.2023966402196,1528.15424839829,1655.97180409099,0.9228141714871392,extrapolated,syndromic,2025-01-15
ARI incidence,HU,TRUE,2025-01-12,2025-W02,2522.774402905508,2514.81944105953,2506.88956327097,1.0031632337956735,extrapolated,syndromic,2025-01-22
ARI incidence,HU,TRUE,2025-01-19,2025-W03,2590.3326396382413,2706.11846853943,2827.07983280206,0.9572133185419319,extrapolated,syndromic,2025-01-29
ARI incidence,HU,TRUE,2025-01-26,2025-W04,3335.1223394403028,3430.55235621943,3528.71297391078,0.9721823173442862,extrapolated,syndromic,2025-02-05
ARI incidence,HU,TRUE,2025-02-02,2025-W05,3465.299496110095,3420.39391907292,3376.07025735109,1.013128773497921,extrapolated,syndromic,2025-02-12
ARI incidence,HU,TRUE,2025-02-09,2025-W06,3136.7611354666815,3003.31285631157,2875.54191197425,1.044433692239108,extrapolated,syndromic,2025-02-19
ARI incidence,HU,TRUE,2025-02-16,2025-W07,3297.329009081712,3169.8766898432,3047.35081065193,1.0402073429691732,extrapolated,syndromic,2025-02-26
ARI incidence,HU,TRUE,2025-02-23,2025-W08,3674.2649783185043,3407.43933946353,3159.9906159836,1.0783067906051067,extrapolated,syndromic,2025-03-05
ARI incidence,HU,TRUE,2025-03-02,2025-W09,2818.095563628042,3159.06480415393,3541.28886388656,0.8920663988666714,extrapolated,syndromic,2025-03-12
ARI incidence,HU,TRUE,2025-03-09,2025-W10,2920.760432184309,2769.12426224021,2625.3605380407,1.054759611914789,extrapolated,syndromic,2025-03-19
ARI incidence,HU,TRUE,2025-03-16,2025-W11,2370.227698438428,2510.39588054884,2658.85319002414,0.9441649091298824,extrapolated,syndromic,2025-03-26
ARI incidence,HU,TRUE,2025-03-23,2025-W12,2330.966175509268,2128.1388709527,1942.96043488076,1.0953073633140165,extrapolated,syndromic,2025-04-02
ARI incidence,HU,TRUE,2025-03-30,2025-W13,1931.3650446361237,1881.62122869847,1833.15860361125,1.026436678742227,extrapolated,syndromic,2025-04-09
ARI incidence,HU,TRUE,2025-04-06,2025-W14,1760.476537532307,1722.56842497724,1685.47658288466,1.0220067383132063,extrapolated,syndromic,2025-04-16
ARI incidence,HU,TRUE,2025-04-13,2025-W15,1485.646667016115,1561.29274528622,1640.79056656137,0.9515490746379931,extrapolated,syndromic,2025-04-23
ARI incidence,HU,TRUE,2025-04-20,2025-W16,1253.706985825296,1334.86075406479,1421.2676908468,0.9392043192577408,extrapolated,syndromic,2025-04-30
ARI incidence,HU,TRUE,2025-04-27,2025-W17,1200.5243651415274,1171.25683510363,1142.70281687723,1.0249881402274235,extrapolated,syndromic,2025-05-07
ARI incidence,HU,TRUE,2025-05-04,2025-W18,994.1947073775112,1180.10240552021,1400.77358809131,0.8424647748593075,extrapolated,syndromic,2025-05-14
ARI incidence,HU,TRUE,2025-05-11,2025-W19,849.4641134319952,839.845826068005,830.336444366247,1.011452444086103,extrapolated,syndromic,2025-05-21
ARI incidence,HU,TRUE,2025-05-18,2025-W20,1135.8101788356116,1074.92652882603,1017.3064689018,1.0566398245618471,extrapolated,syndromic,2025-05-28
ARI incidence,HU,TRUE,2025-05-25,2025-W21,1006.0808469784728,1017.64591546354,1029.34392635524,0.988635469067058,extrapolated,syndromic,2025-06-04
ARI incidence,HU,TRUE,2025-06-01,2025-W22,1156.6495130820967,1028.75376279755,915,1.1243210522377596,extrapolated,syndromic,2025-06-11
ARI incidence,HU,TRUE,2025-06-08,2025-W23,1433.7592973938945,1303.45871795847,1184.99990375663,1.099965252171167,extrapolated,syndromic,2025-06-18
ARI incidence,HU,TRUE,2025-06-15,2025-W24,1085.5904657454016,1168.2362047704,1257.17374387518,0.9292559683670818,extrapolated,syndromic,2025-06-25
ARI incidence,HU,TRUE,2025-06-22,2025-W25,742.2037157757502,754.5,767,0.983702737940026,extrapolated,syndromic,2025-07-02
ARI incidence,HU,TRUE,2025-07-06,2025-W27,724.9037966537963,750.5,777,0.9658944658944659,extrapolated,syndromic,2025-07-16
ARI incidence,HU,TRUE,2025-07-13,2025-W28,727.5215123859194,747,767,0.9739243807040417,extrapolated,syndromic,2025-07-23
ARI incidence,HU,TRUE,2025-07-20,2025-W29,736.5154639175262,756,776,0.9742268041237113,extrapolated,syndromic,2025-07-30
ARI incidence,HU,TRUE,2025-07-27,2025-W30,723.1508951406652,752,782,0.9616368286445013,extrapolated,syndromic,2025-08-06
ARI incidence,HU,TRUE,2025-08-03,2025-W31,723.7172077922079,746.5,770,0.9694805194805195,extrapolated,syndromic,2025-08-13
ARI incidence,HU,TRUE,2025-08-10,2025-W32,727.7594308405023,741.5,755.5,0.9814692256783587,extrapolated,syndromic,2025-08-20
ARI incidence,HU,TRUE,2025-08-24,2025-W34,721.5055134390076,723.5,725.5,0.9972432804962095,extrapolated,syndromic,2025-09-03
ARI incidence,HU,TRUE,2025-08-31,2025-W35,698.1191176470593,689,680,1.013235294117647,extrapolated,syndromic,2025-09-10
ARI incidence,HU,TRUE,2025-09-07,2025-W36,634.5907990314774,627,619.5,1.0121065375302662,extrapolated,syndromic,2025-09-17
ARI incidence,HU,TRUE,2025-09-14,2025-W37,612.2093023255818,585,559,1.0465116279069768,extrapolated,syndromic,2025-09-24
ARI incidence,HU,TRUE,2025-09-21,2025-W38,579.3430118110239,542.5,508,1.0679133858267718,extrapolated,syndromic,2025-10-01
ARI incidence,HU,TRUE,2025-09-28,2025-W39,534.7593582887696,500,467.5,1.0695187165775402,extrapolated,syndromic,2025-10-08
ARI incidence,HU,TRUE,2025-10-12,2025-W41,2222.8765917078126,2153.11019463486,2085.53346035232,1.032402613320394,extrapolated,syndromic,2025-10-22
ARI incidence,HU,TRUE,2025-10-19,2025-W42,2457.9065836168584,2295.01886796876,2142.92587010445,1.0709744559931496,extrapolated,syndromic,2025-10-29
ARI incidence,HU,TRUE,2025-10-26,2025-W43,1492.5823451552376,1675.92098351483,1881.77969014714,0.8906042467616315,extrapolated,syndromic,2025-11-05
ARI incidence,HU,TRUE,2025-11-02,2025-W44,1536.9304502247228,1573.49799585167,1610.93557785078,0.9767603481393979,extrapolated,syndromic,2025-11-12
ARI incidence,HU,TRUE,2025-11-09,2025-W45,1469.0477695202312,1562.55147787265,1662.00662201705,0.9401595981466675,extrapolated,syndromic,2025-11-19
ARI incidence,HU,TRUE,2025-11-16,2025-W46,1779.2783431293124,1843.43011516284,1909.89487542046,0.9651997808293046,extrapolated,syndromic,2025-11-26
ARI incidence,HU,TRUE,2025-11-23,2025-W47,1808.6003689790384,1913.62607624369,2024.75064281172,0.9451169125627668,extrapolated,syndromic,2025-12-03
ARI incidence,HU,TRUE,2025-11-30,2025-W48,2330.1761252446163,2440,2555,0.9549902152641878,extrapolated,syndromic,2025-12-10
ARI incidence,HU,TRUE,2025-12-07,2025-W49,2450.9701061697406,2353.53172871821,2259.96701638258,1.0414009194193439,extrapolated,syndromic,2025-12-17
ARI incidence,HU,TRUE,2025-12-14,2025-W50,2838.8873715330697,2644.60903691451,2463.62607698416,1.0734620247857984,extrapolated,syndromic,2025-12-24
ARI incidence,HU,TRUE,2025-12-21,2025-W51,2579.980657917891,2380.81963029883,2197.03279349029,1.0836522956567114,extrapolated,syndromic,2025-12-31
ARI incidence,HU,TRUE,2025-12-28,2025-W52,2341.342366392232,2284.87084794268,2229.76138249391,1.0247154094072308,extrapolated,syndromic,2026-01-07
ARI incidence,HU,TRUE,2026-01-04,2026-W01,1031.6145803959803,1118.90638002665,1213.58452183158,0.9219847154427786,extrapolated,syndromic,2026-01-14
ARI incidence,HU,TRUE,2026-01-11,2026-W02,2077.108151748877,2063.6311529597,2050.24159761742,1.0065307207491252,extrapolated,syndromic,2026-01-21
ARI incidence,HU,TRUE,2026-01-18,2026-W03,2288.179851919857,2299.59732893292,2311.07177645957,0.9950350103170623,extrapolated,syndromic,2026-01-28
ARI incidence,HU,TRUE,2026-01-25,2026-W04,2684.5150859001405,2701.5719464990498,2718.73718290669,0.9936863200622841,extrapolated,syndromic,2026-02-04
ARI incidence,HU,TRUE,2026-02-01,2026-W05,2833.3633288539727,2867.76563221234,2902.585643552,0.9880037953687907,extrapolated,syndromic,2026-02-11
ARI incidence,HU,TRUE,2026-02-08,2026-W06,3130.0024027120135,2868.03875746601,2628,1.0913389488074619,extrapolated,syndromic,2026-02-18
ARI incidence,HU,TRUE,2026-02-15,2026-W07,2737.240160302182,2533.75316362346,2345.3934321434,1.080310505222112,extrapolated,syndromic,2026-02-25
ARI incidence,HU,TRUE,2026-02-22,2026-W08,2466.038216832795,2366.50288601643,2270.98504447217,1.0420600927235346,extrapolated,syndromic,2026-03-04
ARI incidence,HU,TRUE,2026-03-01,2026-W09,2441.7904385273846,2225.85418201975,2029.01394052586,1.0970127595293282,extrapolated,syndromic,2026-03-11
ARI incidence,HU,TRUE,2026-03-08,2026-W10,2262.2098075552876,2142.26381174188,2028.67754519126,1.0559903010805551,extrapolated,syndromic,2026-03-18
ARI incidence,HU,TRUE,2026-03-15,2026-W11,2202.7114984525588,2018.12799223342,1849.01227232769,1.091462735232597,extrapolated,syndromic,2026-03-25
ARI incidence,HU,TRUE,2026-03-22,2026-W12,1953.8695080242044,1927,1900.5,1.013943699026572,extrapolated,syndromic,2026-04-01
ARI incidence,HU,TRUE,2026-03-29,2026-W13,1871.0116374255463,1885.69817757966,1900.5,0.9922116167217364,extrapolated,syndromic,2026-04-08
ARI incidence,HU,TRUE,2026-04-05,2026-W14,1383.5842569649626,1478.51326137516,1579.95543318586,0.9357942827500206,extrapolated,syndromic,2026-04-15
ARI incidence,HU,TRUE,2026-04-12,2026-W15,1112.6137845116957,1144.11920162411,1176.51674439706,0.9724631689882552,extrapolated,syndromic,2026-04-22
ARI incidence,HU,TRUE,2026-04-19,2026-W16,1423.433447492904,1519.70492892735,1622.48756699782,0.9366512014260581,extrapolated,syndromic,2026-04-29
ARI incidence,HU,TRUE,2026-04-26,2026-W17,1190.6814237073738,1392.39658794972,1628.2846272157,0.8551309547954531,extrapolated,syndromic,2026-05-06
ARI incidence,HU,TRUE,2026-05-03,2026-W18,1295.7787078509944,1489.5812245317,1712.36972102841,0.8698946297865462,extrapolated,syndromic,2026-05-13
ARI incidence,HU,TRUE,2026-05-10,2026-W19,1381.6330598147113,1627.45816915216,1917.02136361394,0.8489515036410968,extrapolated,syndromic,2026-05-20
ARI incidence,HU,TRUE,2026-05-17,2026-W20,1416.2067365976827,1418.26620559983,1420.32866951258,0.9985478967248772,extrapolated,syndromic,2026-05-27
ARI incidence,HU,TRUE,2026-05-24,2026-W21,1553.876337005462,1416.86249589592,1291.92992033404,1.0967022851592272,extrapolated,syndromic,2026-06-03
ARI incidence,HU,TRUE,2026-05-31,2026-W22,1140.2985664889677,1292.35752331937,1464.69356111072,0.8823398679648304,extrapolated,syndromic,2026-06-10
ARI incidence,HU,TRUE,2026-06-07,2026-W23,1293.5318800521493,1357.95111310221,1425.57849096165,0.9525614490621133,extrapolated,syndromic,2026-06-17
ARI incidence,HU,TRUE,2026-08-02,2026-W31,501.88025290340966,648.33963424281,837.538992415784,0.774100836037197,extrapolated,syndromic,2026-08-12
ARI incidence,HU,TRUE,2026-08-09,2026-W32,438.32858797823917,499.342871248465,568.850195732704,0.8778108454463823,extrapolated,syndromic,2026-08-19
ARI incidence,HU,TRUE,2026-08-16,2026-W33,427.8683386446897,468.257387054444,512.458999012632,0.9137460517946754,extrapolated,syndromic,2026-08-26
ARI incidence,HU,TRUE,2026-08-23,2026-W34,426.17388387492934,473.070584177789,525.127855277009,0.9008674352805768,extrapolated,syndromic,2026-09-02
ARI incidence,HU,TRUE,2026-08-30,2026-W35,348.6565294997458,465.440265123128,621.341125343948,0.7490897449697701,extrapolated,syndromic,2026-09-09
ARI incidence,HU,TRUE,2026-09-06,2026-W36,645.8326127489256,699.920502319345,758.538203082992,0.9227228101031668,extrapolated,syndromic,2026-09-16
ARI incidence,HU,TRUE,2026-09-13,2026-W37,1597.0441019890386,1413.20755535774,1250.53252570348,1.1300846050067734,extrapolated,syndromic,2026-09-23
ARI incidence,HU,TRUE,2026-09-20,2026-W38,1648.568732100684,1750.81005859375,1859.39221191406,0.9416034160923287,extrapolated,syndromic,2026-09-30
ARI incidence,HU,TRUE,2026-09-27,2026-W39,1750.81005859375,1750.81005859375,1859.39221191406,0.9416034160923287,h1_nowcast,syndromic,2026-09-30
ARI incidence,IE,TRUE,2024-11-10,2024-W45,69.9483454483918,65.7929256642574,61.8843668097373,1.0631590667565027,extrapolated,syndromic,2024-11-20
ARI incidence,IE,TRUE,2024-11-17,2024-W46,63.591816841613316,71.56,80.5266126104613,0.8886503191952665,extrapolated,syndromic,2024-11-27
ARI incidence,IE,TRUE,2024-11-24,2024-W47,67.84109456199054,79.3222475168347,92.7464244459173,0.8552593589533948,extrapolated,syndromic,2024-12-04
ARI incidence,IE,TRUE,2024-12-01,2024-W48,77.89088140010237,86.0213296780186,95.0004548230036,0.9054833457196169,extrapolated,syndromic,2024-12-11
ARI incidence,IE,TRUE,2024-12-08,2024-W49,93.31839191693868,110.567065728801,131.003929372876,0.8439980866077258,extrapolated,syndromic,2024-12-18
ARI incidence,IE,TRUE,2024-12-15,2024-W50,116.5693843513172,129.306723741514,143.435850655029,0.901495150278041,extrapolated,syndromic,2024-12-25
ARI incidence,IE,TRUE,2024-12-22,2024-W51,101.29915162284911,121.023844362262,144.58927512792,0.8370181277635609,extrapolated,syndromic,2025-01-01
ARI incidence,IE,TRUE,2024-12-29,2024-W52,122.5934273200313,131.7619048,141.6160714,0.9304163256148623,extrapolated,syndromic,2025-01-08
ARI incidence,IE,TRUE,2025-01-05,2025-W01,135.31000984200455,135.866361152036,136.425,0.9959051577939234,extrapolated,syndromic,2025-01-15
ARI incidence,IE,TRUE,2025-01-12,2025-W02,120.4533475655068,118.001237847254,115.599046559596,1.0207803728417395,extrapolated,syndromic,2025-01-22
ARI incidence,IE,TRUE,2025-01-19,2025-W03,79.04287173181352,82.4570115663007,86.0186201168661,0.9585949118257586,extrapolated,syndromic,2025-01-29
ARI incidence,IE,TRUE,2025-01-26,2025-W04,71.69695811432803,59.6588479251647,49.6419684930351,1.2017824783385653,extrapolated,syndromic,2025-02-05
ARI incidence,IE,TRUE,2025-02-02,2025-W05,71.73056186990054,61.9384953276174,53.4831611999278,1.1580933874884909,extrapolated,syndromic,2025-02-12
ARI incidence,IE,TRUE,2025-02-09,2025-W06,60.937556256893956,60.6598409305795,60.383391257291,1.0045782402666084,extrapolated,syndromic,2025-02-19
ARI incidence,IE,TRUE,2025-02-16,2025-W07,76.73599536166935,74.9093434100321,73.1261737555448,1.0243848346345632,extrapolated,syndromic,2025-02-26
ARI incidence,IE,TRUE,2025-02-23,2025-W08,73.05906593758878,74.4799557426882,75.9284797340768,0.9809225208187792,extrapolated,syndromic,2025-03-05
ARI incidence,IE,TRUE,2025-03-02,2025-W09,76.42013306522631,70.349189412412,64.7605317143237,1.0862972793790728,extrapolated,syndromic,2025-03-12
ARI incidence,IE,TRUE,2025-03-09,2025-W10,63.43073168669052,58.292043465585,53.5696537157656,1.0881541959348078,extrapolated,syndromic,2025-03-19
ARI incidence,IE,TRUE,2025-03-16,2025-W11,50.6920551981016,52.8745299869683,55.1509681431797,0.9587235141493536,extrapolated,syndromic,2025-03-26
ARI incidence,IE,TRUE,2025-03-23,2025-W12,50.35961801019125,52.4634233368025,54.6551164796276,0.9598995796918292,extrapolated,syndromic,2025-04-02
ARI incidence,IE,TRUE,2025-03-30,2025-W13,58.65982685382152,58.098454404529,57.5424542695396,1.009662433451048,extrapolated,syndromic,2025-04-09
ARI incidence,IE,TRUE,2025-04-06,2025-W14,54.728159524761274,55.3837416834106,56.0471769833033,0.9881629131813303,extrapolated,syndromic,2025-04-16
ARI incidence,IE,TRUE,2025-04-13,2025-W15,56.508619748730325,55.6194303769724,54.7442328128779,1.0159870276579823,extrapolated,syndromic,2025-04-23
ARI incidence,IE,TRUE,2025-04-20,2025-W16,43.00339007509815,43.2878318094418,43.5741549559275,0.9934290602588783,extrapolated,syndromic,2025-04-30
ARI incidence,IE,TRUE,2025-04-27,2025-W17,33.97502029937506,34.081925763954,34.1891676162159,0.9968632798123159,extrapolated,syndromic,2025-05-07
ARI incidence,IE,TRUE,2025-05-04,2025-W18,37.37822870299601,36.908691414672,36.4450523530103,1.012721591319745,extrapolated,syndromic,2025-05-14
ARI incidence,IE,TRUE,2025-05-11,2025-W19,35.496507261516804,33.2612350700469,31.1667215659923,1.0672035234639512,extrapolated,syndromic,2025-05-21
ARI incidence,IE,TRUE,2025-05-18,2025-W20,31.868318331855235,30.0435790319454,28.3233219791991,1.0607364155239158,extrapolated,syndromic,2025-05-28
ARI incidence,IE,TRUE,2025-05-25,2025-W21,31.379686235894727,30.7369573231264,30.1073929924448,1.0209106225450866,extrapolated,syndromic,2025-06-04
ARI incidence,IE,TRUE,2025-06-01,2025-W22,29.20506927837406,29.720293337839,30.244606772471,0.982664233706975,extrapolated,syndromic,2025-06-11
ARI incidence,IE,TRUE,2025-06-08,2025-W23,24.524156783451126,24.45344179712,24.3829307162416,1.0028918214015772,extrapolated,syndromic,2025-06-18
ARI incidence,IE,TRUE,2025-06-15,2025-W24,26.489017951755653,26.345553531528,26.2028661140533,1.0054454889344404,extrapolated,syndromic,2025-06-25
ARI incidence,IE,TRUE,2025-06-22,2025-W25,34.526693646613595,33.8603049045865,33.2067779199013,1.0196805298683775,extrapolated,syndromic,2025-07-02
ARI incidence,IE,TRUE,2025-06-29,2025-W26,41.0230542979604,35.3484299651342,30.4587633072002,1.1605339851988712,extrapolated,syndromic,2025-07-09
ARI incidence,IE,TRUE,2025-07-06,2025-W27,32.71579515940351,32.6122198761546,32.5089725029946,1.0031759654400176,extrapolated,syndromic,2025-07-16
ARI incidence,IE,TRUE,2025-07-13,2025-W28,36.18367253277683,36.1807430577156,36.1778138198283,1.0000809677970561,extrapolated,syndromic,2025-07-23
ARI incidence,IE,TRUE,2025-07-20,2025-W29,17.31729681577269,17.4661546391079,17.6162920300225,0.9914773556967192,extrapolated,syndromic,2025-07-30
ARI incidence,IE,TRUE,2025-07-27,2025-W30,17.85925054399931,16.9040826046251,16,1.0565051627890687,extrapolated,syndromic,2025-08-06
ARI incidence,IE,TRUE,2025-08-03,2025-W31,12.768208232217114,14.329361330053,16.081394694764,0.8910521507639229,extrapolated,syndromic,2025-08-13
ARI incidence,IE,TRUE,2025-08-10,2025-W32,13.80535341666225,13.1665978690454,12.5573967006101,1.0485133330545895,extrapolated,syndromic,2025-08-20
ARI incidence,IE,TRUE,2025-08-17,2025-W33,12.313336845227258,12.2793194736872,12.2453960800494,1.0027702977850648,extrapolated,syndromic,2025-08-27
ARI incidence,IE,TRUE,2025-08-24,2025-W34,16.922167764917397,16.5013748457415,16.0910455198409,1.0255004763608833,extrapolated,syndromic,2025-09-03
ARI incidence,IE,TRUE,2025-08-31,2025-W35,17.88527570596871,17.0310080454181,16.2175434033873,1.0501595477068923,extrapolated,syndromic,2025-09-10
ARI incidence,IE,TRUE,2025-09-07,2025-W36,15.103395043821774,17.8931802772222,21.1982736003546,0.8440866749131347,extrapolated,syndromic,2025-09-17
ARI incidence,IE,TRUE,2025-09-14,2025-W37,34.84694501459449,25.0749265846975,18.0432443350382,1.3897127434008345,extrapolated,syndromic,2025-09-24
ARI incidence,IE,TRUE,2025-09-21,2025-W38,31.237782301800248,34.7368235095337,38.6278032119762,0.8992699719140089,extrapolated,syndromic,2025-10-01
ARI incidence,IE,TRUE,2025-09-28,2025-W39,72.52557772853778,68.4647929782324,64.6313759139872,1.059312013863774,extrapolated,syndromic,2025-10-08
ARI incidence,IE,TRUE,2025-10-05,2025-W40,53.75789721963565,55.2072861556898,56.6957526672558,0.9737464194134307,extrapolated,syndromic,2025-10-15
ARI incidence,IE,TRUE,2025-10-12,2025-W41,73.18784146329281,56.2955370155283,43.3021035257095,1.3000647181517242,extrapolated,syndromic,2025-10-22
ARI incidence,IE,TRUE,2025-10-19,2025-W42,51.037324372393336,51.9897220073287,52.9598921502508,0.9816810400563192,extrapolated,syndromic,2025-10-29
ARI incidence,IE,TRUE,2025-10-26,2025-W43,53.79565502069305,53,52.2161129726832,1.0150123588810007,extrapolated,syndromic,2025-11-05
ARI incidence,IE,TRUE,2025-11-09,2025-W45,72.246030435904,68.8480306871215,65.6098515156504,1.0493550754447092,extrapolated,syndromic,2025-11-19
ARI incidence,IE,TRUE,2025-11-16,2025-W46,58.44261363302319,62.6922853132499,67.2509731080385,0.9322138017621682,extrapolated,syndromic,2025-11-26
ARI incidence,IE,TRUE,2025-11-23,2025-W47,81.63170970210996,85.9395978004988,90.4748227994128,0.9498730712192847,extrapolated,syndromic,2025-12-03
ARI incidence,IE,TRUE,2025-11-30,2025-W48,125.87000113487632,124.518094488139,123.180707993662,1.0108571099830488,extrapolated,syndromic,2025-12-10
ARI incidence,IE,TRUE,2025-12-07,2025-W49,152.13899916729886,167.384486235177,184.157687283093,0.9089193544110288,extrapolated,syndromic,2025-12-17
ARI incidence,IE,TRUE,2025-12-14,2025-W50,162.13305231976813,157.257559494839,152.528677308184,1.0310032334254122,extrapolated,syndromic,2025-12-24
ARI incidence,IE,TRUE,2025-12-21,2025-W51,154.58653445625453,152.507660423035,150.456743011401,1.01363127614346,extrapolated,syndromic,2025-12-31
ARI incidence,IE,TRUE,2025-12-28,2025-W52,155.4027344500081,148.730535302819,142.34480628511201,1.0448609906069672,extrapolated,syndromic,2026-01-07
ARI incidence,IE,TRUE,2026-01-04,2026-W01,115.22308600196249,109.260439493701,103.606352273479,1.0545727853181963,extrapolated,syndromic,2026-01-14
ARI incidence,IE,TRUE,2026-01-11,2026-W02,133.68827516700776,141.752918771411,150.304055872606,0.9431077421593818,extrapolated,syndromic,2026-01-21
ARI incidence,IE,TRUE,2026-01-18,2026-W03,105.44943651546807,100.613053066411,95.9984878236834,1.0480691451224,extrapolated,syndromic,2026-01-28
ARI incidence,IE,TRUE,2026-01-25,2026-W04,102.78857227932747,104.76266087552,106.774662497443,0.9811565630378725,extrapolated,syndromic,2026-02-04
ARI incidence,IE,TRUE,2026-02-01,2026-W05,84.14869823482157,81.5700772186343,79.0704744936934,1.0316123400162505,extrapolated,syndromic,2026-02-11
ARI incidence,IE,TRUE,2026-02-08,2026-W06,70.13890533030228,66.6892972615027,63.4093496083068,1.0517265619889944,extrapolated,syndromic,2026-02-18
ARI incidence,IE,TRUE,2026-02-15,2026-W07,68.04208063457679,67.6220576767286,67.2046275156244,1.0062113306261113,extrapolated,syndromic,2026-02-25
ARI incidence,IE,TRUE,2026-02-22,2026-W08,65.23311818857852,64.7241085207017,64.2190706212944,1.0078642978560926,extrapolated,syndromic,2026-03-04
ARI incidence,IE,TRUE,2026-03-01,2026-W09,62.99935331234613,62.9713967968803,62.9434526873633,1.0004439557781457,extrapolated,syndromic,2026-03-11
ARI incidence,IE,TRUE,2026-03-08,2026-W10,61.45286834164694,59.5265292430248,57.6605743448967,1.0323610182404166,extrapolated,syndromic,2026-03-18
ARI incidence,IE,TRUE,2026-03-15,2026-W11,57.323270187302896,55.9237960018508,54.5584881852982,1.0250246636584865,extrapolated,syndromic,2026-03-25
ARI incidence,IE,TRUE,2026-03-22,2026-W12,53.869433582605986,53.3561741434401,52.8478049589952,1.009619494789601,extrapolated,syndromic,2026-04-01
ARI incidence,IE,TRUE,2026-03-29,2026-W13,53.34837457889485,53.2590695936266,53.1699141045793,1.0016768033303936,extrapolated,syndromic,2026-04-08
ARI incidence,IE,TRUE,2026-04-05,2026-W14,57.134188598976664,57.8362135608234,58.5468645145524,0.9878618443597034,extrapolated,syndromic,2026-04-15
ARI incidence,IE,TRUE,2026-04-12,2026-W15,40.56111105907594,41.1968426644473,41.842538362604,0.984568438641051,extrapolated,syndromic,2026-04-22
ARI incidence,IE,TRUE,2026-04-19,2026-W16,55.140642513396294,52.3968389458491,49.7895673023805,1.0523658224951866,extrapolated,syndromic,2026-04-29
ARI incidence,IE,TRUE,2026-04-26,2026-W17,52.116999562821086,52.7821106803827,53.4557098690615,0.9873989291260229,extrapolated,syndromic,2026-05-06
ARI incidence,IE,TRUE,2026-05-03,2026-W18,45.15892853659766,44.6426775925338,44.1323283615062,1.0115640676568687,extrapolated,syndromic,2026-05-13
ARI incidence,IE,TRUE,2026-05-10,2026-W19,46.42628665689825,46.6887385204264,46.9526740473192,0.9943786901971375,extrapolated,syndromic,2026-05-20
ARI incidence,IE,TRUE,2026-05-17,2026-W20,58.67527484607877,48.999835229601,40.9198569384887,1.1974586153431142,extrapolated,syndromic,2026-05-27
ARI incidence,IE,TRUE,2026-05-24,2026-W21,31.52215363218162,41.6277933219672,54.9731847981126,0.7572381602929509,extrapolated,syndromic,2026-06-03
ARI incidence,IE,TRUE,2026-05-31,2026-W22,57.28379399902133,53.9164860468502,50.7471182458665,1.0624541434181212,extrapolated,syndromic,2026-06-10
ARI incidence,IE,TRUE,2026-06-07,2026-W23,62.252132108837095,49.6026857425176,39.5235689047458,1.255015352031166,extrapolated,syndromic,2026-06-17
ARI incidence,IE,TRUE,2026-08-02,2026-W31,17.93193817460187,19.1148815530452,20.3758619525276,0.9381140094872906,extrapolated,syndromic,2026-08-12
ARI incidence,IE,TRUE,2026-08-09,2026-W32,17.336502925481128,18.7476362343344,20.2736310711391,0.9247300677688144,extrapolated,syndromic,2026-08-19
ARI incidence,IE,TRUE,2026-08-16,2026-W33,17.536294684639113,20.9390523118699,25.0020839409866,0.8374922810951746,extrapolated,syndromic,2026-08-26
ARI incidence,IE,TRUE,2026-08-23,2026-W34,22.035635208892796,26.1359758332529,30.9992984672713,0.8431150743894079,extrapolated,syndromic,2026-09-02
ARI incidence,IE,TRUE,2026-08-30,2026-W35,22.18085667403594,23.5492598704766,25.0020839409866,0.9418918809352389,extrapolated,syndromic,2026-09-09
ARI incidence,IE,TRUE,2026-09-06,2026-W36,24.681689894408695,30.5358501216312,37.7785373140903,0.8082856640996053,extrapolated,syndromic,2026-09-16
ARI incidence,IE,TRUE,2026-09-13,2026-W37,45.573285915785114,46.7391835893104,47.9349083283592,0.975055240935104,extrapolated,syndromic,2026-09-23
ARI incidence,IE,TRUE,2026-09-20,2026-W38,56.398788490543794,56.4461135864258,56.4934783935279,0.9991615880549581,extrapolated,syndromic,2026-09-30
ARI incidence,IE,TRUE,2026-09-27,2026-W39,56.4461135864258,56.4461135864258,56.4934783935279,0.9991615880549581,h1_nowcast,syndromic,2026-09-30
ARI incidence,IS,TRUE,2025-06-01,2025-W22,61.60000000000002,61.6,61.6,1,extrapolated,syndromic,2025-06-11
ARI incidence,IS,TRUE,2025-07-13,2025-W28,57.299047244271975,56.3247682453966,55.3670553084943,1.017297523438191,extrapolated,syndromic,2025-07-23
ARI incidence,IS,TRUE,2025-08-10,2025-W32,38.17446509575736,37.2315802088946,36.3119839760482,1.025324868876704,extrapolated,syndromic,2025-08-20
ARI incidence,IS,TRUE,2025-08-17,2025-W33,39.36738818706215,39.9031422105402,40.4461873545851,0.9865736382199858,extrapolated,syndromic,2025-08-27
ARI incidence,IS,TRUE,2025-08-24,2025-W34,35.119562622458346,39.4726271816648,44.365253444994,0.8897194113993894,extrapolated,syndromic,2025-09-03
ARI incidence,IS,TRUE,2025-08-31,2025-W35,46.913610658815934,47.8302086800767,48.764715191449,0.9808364201922753,extrapolated,syndromic,2025-09-10
ARI incidence,IS,TRUE,2025-09-07,2025-W36,59.56039234196224,50.7451389652152,43.2345897557962,1.1737162131488041,extrapolated,syndromic,2025-09-17
ARI incidence,IS,TRUE,2025-09-14,2025-W37,47.880764230991865,51.5863249065231,55.5786642110211,0.92816777155097,extrapolated,syndromic,2025-09-24
ARI incidence,IS,TRUE,2025-09-21,2025-W38,46.528108857164135,49.6778555060318,53.0408260360271,0.9365965656773321,extrapolated,syndromic,2025-10-01
ARI incidence,IS,TRUE,2025-09-28,2025-W39,69.85760957139762,65.638469480642,61.6741497768799,1.064278465420341,extrapolated,syndromic,2025-10-08
ARI incidence,IS,TRUE,2025-10-05,2025-W40,59.34556619176994,60.2020487137906,61.0708920970786,0.9857731997445383,extrapolated,syndromic,2025-10-15
ARI incidence,IS,TRUE,2025-10-12,2025-W41,73.67861768705639,77.5691242468175,81.6650641027872,0.9498446502066737,extrapolated,syndromic,2025-10-22
ARI incidence,IS,TRUE,2025-10-19,2025-W42,68.88227426569887,70.9412351389055,73.0617404358784,0.9709765291064488,extrapolated,syndromic,2025-10-29
ARI incidence,IS,TRUE,2025-10-26,2025-W43,65.39605557568011,61.8756311845291,58.5447195672711,1.0568951673503295,extrapolated,syndromic,2025-11-05
ARI incidence,IS,TRUE,2025-11-02,2025-W44,68.66908247060144,65.2385298501313,61.9793599081301,1.0525847628441494,extrapolated,syndromic,2025-11-12
ARI incidence,IS,TRUE,2025-11-09,2025-W45,57.9041738809419,64.3640274225455,71.5445493543893,0.8996356536362295,extrapolated,syndromic,2025-11-19
ARI incidence,IS,TRUE,2025-11-16,2025-W46,82.56784172251294,83.2841030777123,84.0065778728933,0.9913997830470592,extrapolated,syndromic,2025-11-26
ARI incidence,IS,TRUE,2025-11-23,2025-W47,95.71857873753295,103.231812658037,111.334782496988,0.9272197811212304,extrapolated,syndromic,2025-12-03
ARI incidence,IS,TRUE,2025-11-30,2025-W48,110.80303787483057,118.689229186696,127.136704869461,0.9335559648848966,extrapolated,syndromic,2025-12-10
ARI incidence,IS,TRUE,2025-12-07,2025-W49,112.6205411631582,112.608665591132,112.596791271357,1.0001054587758755,extrapolated,syndromic,2025-12-17
ARI incidence,IS,TRUE,2025-12-14,2025-W50,154.17517188902306,153.348701587329,152.526661656305,1.0053894835309274,extrapolated,syndromic,2025-12-24
ARI incidence,IS,TRUE,2025-12-21,2025-W51,153.22823148754256,137.976193925707,124.242314261599,1.1105410805145706,extrapolated,syndromic,2025-12-31
ARI incidence,IS,TRUE,2025-12-28,2025-W52,150.32691309467714,123.632164144898,101.677814680625,1.2159207446898095,extrapolated,syndromic,2026-01-07
ARI incidence,IS,TRUE,2026-01-04,2026-W01,66.59741355274379,71.6529840170602,77.0923350421551,0.9294436856514907,extrapolated,syndromic,2026-01-14
ARI incidence,IS,TRUE,2026-01-11,2026-W02,81.91621624833374,80.3965382268849,78.9050526854436,1.0189022818017388,extrapolated,syndromic,2026-01-21
ARI incidence,IS,TRUE,2026-01-18,2026-W03,65.61383161010102,65.8841352020566,66.1555523401965,0.9958972886093647,extrapolated,syndromic,2026-01-28
ARI incidence,IS,TRUE,2026-01-25,2026-W04,72.87316640349503,75.8312178293489,78.9093418233351,0.9609916402435899,extrapolated,syndromic,2026-02-04
ARI incidence,IS,TRUE,2026-02-01,2026-W05,80.60948913638143,84.8765827360356,89.3695565389175,0.9497259024562201,extrapolated,syndromic,2026-02-11
ARI incidence,IS,TRUE,2026-02-08,2026-W06,85.06816185401904,83.67471,82.304083466608,1.0166532020728727,extrapolated,syndromic,2026-02-18
ARI incidence,IS,TRUE,2026-02-15,2026-W07,77.6780683285305,81.5711640011447,85.6593751579909,0.952273628551389,extrapolated,syndromic,2026-02-25
ARI incidence,IS,TRUE,2026-02-22,2026-W08,73.92385073968065,75.4858284271537,77.08081,0.9793076697968497,extrapolated,syndromic,2026-03-04
ARI incidence,IS,TRUE,2026-03-01,2026-W09,69.4211345779792,70.3381343560964,71.267246995782,0.9869629783827543,extrapolated,syndromic,2026-03-11
ARI incidence,IS,TRUE,2026-03-08,2026-W10,65.98028861499559,64.19871,62.465237,1.0277510033300603,extrapolated,syndromic,2026-03-18
ARI incidence,IS,TRUE,2026-03-15,2026-W11,67.1231432705719,66.67942,66.23863,1.0066545760381818,extrapolated,syndromic,2026-03-25
ARI incidence,IS,TRUE,2026-03-22,2026-W12,66.36411413819339,69.5235818671143,72.8334657729061,0.9545554523505448,extrapolated,syndromic,2026-04-01
ARI incidence,IS,TRUE,2026-03-29,2026-W13,83.97813208396084,77.2703257841298,71.0983097458762,1.0868096029330934,extrapolated,syndromic,2026-04-08
ARI incidence,IS,TRUE,2026-04-05,2026-W14,50.68063913707679,48.7024652882743,46.801503799906,1.040617530079709,extrapolated,syndromic,2026-04-15
ARI incidence,IS,TRUE,2026-04-12,2026-W15,56.769432913688895,56.0534044000696,55.3464070993056,1.0127740414928013,extrapolated,syndromic,2026-04-22
ARI incidence,IS,TRUE,2026-04-19,2026-W16,49.66754099938661,56.2718544938666,63.7543462886153,0.8826355812531503,extrapolated,syndromic,2026-04-29
ARI incidence,IS,TRUE,2026-04-26,2026-W17,55.042345387587716,55.8010833317777,56.5702801919877,0.9864028097863488,extrapolated,syndromic,2026-05-06
ARI incidence,IS,TRUE,2026-05-03,2026-W18,44.18964963366409,47.4280656907075,50.9038074257198,0.9317194152896285,extrapolated,syndromic,2026-05-13
ARI incidence,IS,TRUE,2026-05-10,2026-W19,49.381071612570906,51.2907696548795,53.274320825395,0.9627672180558334,extrapolated,syndromic,2026-05-20
ARI incidence,IS,TRUE,2026-05-17,2026-W20,51.51291099661992,50.5897488399621,49.6831306593871,1.0182480082986416,extrapolated,syndromic,2026-05-27
ARI incidence,IS,TRUE,2026-05-24,2026-W21,43.16327480698675,48.8894519852768,55.3752820217847,0.8828749976576847,extrapolated,syndromic,2026-06-03
ARI incidence,IS,TRUE,2026-05-31,2026-W22,56.46147037741514,55.5735266664902,54.6995472400322,1.0159778182920383,extrapolated,syndromic,2026-06-10
ARI incidence,IS,TRUE,2026-08-02,2026-W31,36.32095506975299,38.248816606877,40.2790061279206,0.9495968317938134,extrapolated,syndromic,2026-08-12
ARI incidence,IS,TRUE,2026-08-09,2026-W32,29.415405302488615,31.3316395302499,33.3727047293299,0.938840282331501,extrapolated,syndromic,2026-08-19
ARI incidence,IS,TRUE,2026-08-16,2026-W33,30.864790910518327,32.6705439915825,34.5819431532965,0.9447284048429245,extrapolated,syndromic,2026-08-26
ARI incidence,IS,TRUE,2026-08-23,2026-W34,37.40713121010327,37.8929784644364,38.3851359475122,0.9871784358469182,extrapolated,syndromic,2026-09-02
ARI incidence,IS,TRUE,2026-08-30,2026-W35,44.69361506196783,46.1990551959669,47.755203915385,0.9674140493217166,extrapolated,syndromic,2026-09-09
ARI incidence,IS,TRUE,2026-09-06,2026-W36,50.454829956098635,51.8489014644453,53.2814912944685,0.9731128053059594,extrapolated,syndromic,2026-09-16
ARI incidence,IS,TRUE,2026-09-13,2026-W37,53.20848123889859,52.0859845187822,50.987168213091,1.0215508400289834,extrapolated,syndromic,2026-09-23
ARI incidence,IS,TRUE,2026-09-20,2026-W38,52.99021792812135,51.8567184816833,50.747465415904,1.021858294925438,extrapolated,syndromic,2026-09-30
ARI incidence,IS,TRUE,2026-09-27,2026-W39,51.8567184816833,51.8567184816833,50.747465415904,1.021858294925438,h1_nowcast,syndromic,2026-09-30
ARI incidence,IT,TRUE,2025-11-09,2025-W45,769.5650169374555,763.126367362205,756.741587450258,1.0084371997229062,extrapolated,syndromic,2025-11-19
ARI incidence,IT,TRUE,2025-11-23,2025-W47,712.9270335770192,729.029981302948,745.496647773224,0.9779118168814556,extrapolated,syndromic,2025-12-03
ARI incidence,IT,TRUE,2025-11-30,2025-W48,1042.263797307821,1175.03354408421,1324.71628899466,0.8870076965505982,extrapolated,syndromic,2025-12-10
ARI incidence,IT,TRUE,2025-12-07,2025-W49,1214.0007283667628,1396.00282179708,1605.29053478183,0.8696262711016398,extrapolated,syndromic,2025-12-17
ARI incidence,IT,TRUE,2025-12-14,2025-W50,1486.414293177307,1686.8,1914.2,0.8812036359837008,extrapolated,syndromic,2025-12-24
ARI incidence,IT,TRUE,2025-12-21,2025-W51,1610.3121400996959,1768.61004282934,1942.46904417124,0.9104958702618206,extrapolated,syndromic,2025-12-31
ARI incidence,IT,TRUE,2025-12-28,2025-W52,1495.9231061457594,1684.60468203082,1897.08476529384,0.8879965264862011,extrapolated,syndromic,2026-01-07
ARI incidence,IT,TRUE,2026-01-04,2026-W01,1541.7902225603962,1273.2,1051.4,1.21095681947879,extrapolated,syndromic,2026-01-14
ARI incidence,IT,TRUE,2026-01-11,2026-W02,1209.6288542979273,1145.23894900577,1084.27659083999,1.0562239918124143,extrapolated,syndromic,2026-01-21
ARI incidence,IT,TRUE,2026-01-18,2026-W03,1258.4503370975053,1147.06411355027,1045.53675406018,1.0971054906447086,extrapolated,syndromic,2026-01-28
ARI incidence,IT,TRUE,2026-01-25,2026-W04,1100.3506157334032,1018.3047680504,942.376535085625,1.0805710139608644,extrapolated,syndromic,2026-02-04
ARI incidence,IT,TRUE,2026-02-01,2026-W05,1019.9945950754103,911.648531104575,814.811223782695,1.1188463100352504,extrapolated,syndromic,2026-02-11
ARI incidence,IT,TRUE,2026-02-08,2026-W06,1073.1732749617775,1070.33889451005,1067.512,1.0026481149720567,extrapolated,syndromic,2026-02-18
ARI incidence,IT,TRUE,2026-02-15,2026-W07,880.124887994909,807.522077619866,740.90838100158,1.0899081429315671,extrapolated,syndromic,2026-02-25
ARI incidence,IT,TRUE,2026-02-22,2026-W08,817.9721570533234,723.089918596473,639.213726124139,1.1312177587000765,extrapolated,syndromic,2026-03-04
ARI incidence,IT,TRUE,2026-03-01,2026-W09,746.9574710607279,763.737527375358,780.894539943632,0.9780290273645498,extrapolated,syndromic,2026-03-11
ARI incidence,IT,TRUE,2026-03-08,2026-W10,783.3086652648846,780.335274576666,777.373170693479,1.003810401483942,extrapolated,syndromic,2026-03-18
ARI incidence,IT,TRUE,2026-03-15,2026-W11,846.0189268619725,820.0492,794.87665,1.031668498502252,extrapolated,syndromic,2026-03-25
ARI incidence,IT,TRUE,2026-03-22,2026-W12,822.2385879749936,791.8552,762.59454,1.0383698787038258,extrapolated,syndromic,2026-04-01
ARI incidence,IT,TRUE,2026-03-29,2026-W13,969.926313554065,1028.12013360807,1089.80547734295,0.9433978402409255,extrapolated,syndromic,2026-04-08
ARI incidence,LT,TRUE,2023-12-10,2023-W49,1430.0412115564136,1557.5805149365,1696.49450722431,0.9181170397568268,extrapolated,ari_archive,2023-12-20
ARI incidence,LT,TRUE,2023-12-17,2023-W50,1475.8099051373968,1476.43453228839,1477.05942380885,0.9995769354229171,extrapolated,ari_archive,2023-12-27
ARI incidence,LT,TRUE,2023-12-24,2023-W51,1476.961508005334,1477.8292298849599,1478.6974615553,0.9994128402239719,extrapolated,ari_archive,2024-01-03
ARI incidence,LT,TRUE,2023-12-31,2023-W52,1074.7227040522678,1028.94871428953,985.124304758883,1.0444861722718062,extrapolated,ari_archive,2024-01-10
ARI incidence,LT,TRUE,2024-01-07,2024-W01,904.5928084178345,908.191288073974,911.804082519834,0.9960377514039246,extrapolated,ari_archive,2024-01-17
ARI incidence,LT,TRUE,2024-01-14,2024-W02,1025.6153742150007,1001.92127061938,978.774555995604,1.0236486681044046,extrapolated,ari_archive,2024-01-24
ARI incidence,LT,TRUE,2024-01-21,2024-W03,1180.4928589446965,1180.35866566286,1180.22448763553,1.0001136885641126,extrapolated,ari_archive,2024-01-31
ARI incidence,LT,TRUE,2024-01-28,2024-W04,1467.8053361624432,1386.19219224736,1309.11691523847,1.05887577810027,extrapolated,ari_archive,2024-02-07
ARI incidence,LT,TRUE,2024-02-04,2024-W05,1518.424161848089,1514.66832317968,1510.92177461904,1.0024796442963335,extrapolated,ari_archive,2024-02-14
ARI incidence,LT,TRUE,2024-02-11,2024-W06,1584.4912602699835,1563.43573183169,1542.66,1.013467472956899,extrapolated,ari_archive,2024-02-21
ARI incidence,LT,TRUE,2024-02-18,2024-W07,1359.1353255522847,1220.09056790159,1095.27062235508,1.113962652698672,extrapolated,ari_archive,2024-02-28
ARI incidence,LT,TRUE,2024-02-25,2024-W08,1164.0770404014522,1167.99519831093,1171.92654431782,0.9966453989578515,extrapolated,ari_archive,2024-03-06
ARI incidence,LT,TRUE,2024-03-03,2024-W09,1094.3687905470315,1059.48044499487,1025.70433570701,1.032929673895332,extrapolated,ari_archive,2024-03-13
ARI incidence,LT,TRUE,2024-03-10,2024-W10,1076.3628243100334,1027.42809134791,980.718080418163,1.0476283774740143,extrapolated,ari_archive,2024-03-20
ARI incidence,LT,TRUE,2024-03-17,2024-W11,989.0949853949448,924.961311975238,864.986114866745,1.0693366009901009,extrapolated,ari_archive,2024-03-27
ARI incidence,LT,TRUE,2024-03-24,2024-W12,930.7141401650816,862.195163768493,798.720539793157,1.0794703789535374,extrapolated,ari_archive,2024-04-03
ARI incidence,LT,TRUE,2024-03-31,2024-W13,1189.1340430216433,1140.9147356163,1094.65071796176,1.042263725675605,extrapolated,ari_archive,2024-04-10
ARI incidence,LT,TRUE,2024-04-07,2024-W14,830.1235015432063,793.097376103671,757.722732597264,1.0466854721187426,extrapolated,ari_archive,2024-04-17
ARI incidence,LT,TRUE,2024-04-14,2024-W15,920.1090748616623,881.791894110536,845.070400632611,1.0434537684084493,extrapolated,ari_archive,2024-04-24
ARI incidence,LT,TRUE,2024-04-21,2024-W16,918.2106692644697,886.97441300569,856.800770957052,1.0352166373694247,extrapolated,ari_archive,2024-05-01
ARI incidence,LT,TRUE,2024-10-13,2024-W41,1136.830853434443,1144.4532167667,1152.12668745815,0.9933397335770606,extrapolated,syndromic,2024-10-23
ARI incidence,LT,TRUE,2024-10-20,2024-W42,1209.9420861403366,1264.3,1321.1,0.9570055256982818,extrapolated,syndromic,2024-10-30
ARI incidence,LT,TRUE,2024-10-27,2024-W43,1142.9487066393376,1149.6,1156.29,0.9942142542095841,extrapolated,syndromic,2024-11-06
ARI incidence,LT,TRUE,2024-11-03,2024-W44,868.3463338678235,885.968221579214,903.947721126345,0.9801100228177709,extrapolated,syndromic,2024-11-13
ARI incidence,LT,TRUE,2024-11-10,2024-W45,1026.3088129599232,1016.36979432321,1006.52702750682,1.0097789394098742,extrapolated,syndromic,2024-11-20
ARI incidence,LT,TRUE,2024-11-17,2024-W46,1056.3364675238292,1059.22,1062.1114037935,0.9972776831289328,extrapolated,syndromic,2024-11-27
ARI incidence,LT,TRUE,2024-11-24,2024-W47,1141.2222567520312,1182.4758788943,1225.22076299697,0.9651125042983165,extrapolated,syndromic,2024-12-04
ARI incidence,LT,TRUE,2024-12-01,2024-W48,1297.5279866626195,1290.98262545845,1284.47028223442,1.0050700614207293,extrapolated,syndromic,2024-12-11
ARI incidence,LT,TRUE,2024-12-08,2024-W49,1380.5289707865184,1368.84,1357.25,1.0085393258426967,extrapolated,syndromic,2024-12-18
ARI incidence,LT,TRUE,2024-12-15,2024-W50,1346.5210651222778,1351.41094200018,1356.31857641378,0.9963816506689924,extrapolated,syndromic,2024-12-25
ARI incidence,LT,TRUE,2024-12-22,2024-W51,1497.5734120823356,1383.80318756583,1278.67605452124,1.0822156109617236,extrapolated,syndromic,2025-01-01
ARI incidence,LT,TRUE,2024-12-29,2024-W52,797.4822542987517,795.897520605426,794.315936049106,1.001991127817713,extrapolated,syndromic,2025-01-08
ARI incidence,LT,TRUE,2025-01-05,2025-W01,934.5296933557679,851.586807285096,776.00540196634,1.097398040177605,extrapolated,syndromic,2025-01-15
ARI incidence,LT,TRUE,2025-01-12,2025-W02,1239.7456495999422,1240.29520299719,1240.845,0.9995569172597625,extrapolated,syndromic,2025-01-22
ARI incidence,LT,TRUE,2025-01-19,2025-W03,1296.4687741639295,1280.80449930285,1265.32948430812,1.0122300279782002,extrapolated,syndromic,2025-01-29
ARI incidence,LT,TRUE,2025-01-26,2025-W04,1531.4470158893332,1490.10908041287,1449.8869686585,1.027741549944121,extrapolated,syndromic,2025-02-05
ARI incidence,LT,TRUE,2025-02-02,2025-W05,1570.8439855173654,1530.31413080088,1490.83,1.0264846634431022,extrapolated,syndromic,2025-02-12
ARI incidence,LT,TRUE,2025-02-09,2025-W06,1494.874476138772,1446.50282770917,1399.69640526285,1.0334404105564095,extrapolated,syndromic,2025-02-19
ARI incidence,LT,TRUE,2025-02-16,2025-W07,1632.2200546645652,1558.6224122091,1488.34332533658,1.0472196741680062,extrapolated,syndromic,2025-02-26
ARI incidence,LT,TRUE,2025-02-23,2025-W08,1293.5424464229527,1360.18680436309,1430.26473377785,0.9510035255993072,extrapolated,syndromic,2025-03-05
ARI incidence,LT,TRUE,2025-03-02,2025-W09,1521.7357220736244,1486.1063062598,1451.31110577839,1.0239750115208746,extrapolated,syndromic,2025-03-12
ARI incidence,LT,TRUE,2025-03-09,2025-W10,1410.7287464116175,1307.63881510169,1212.08224834857,1.0788367017859666,extrapolated,syndromic,2025-03-19
ARI incidence,LT,TRUE,2025-03-16,2025-W11,1225.868862800345,1174.63980949631,1125.55161805937,1.0436125635193665,extrapolated,syndromic,2025-03-26
ARI incidence,LT,TRUE,2025-03-23,2025-W12,1285.4967561433834,1276.82038101567,1268.20256650664,1.006795298114534,extrapolated,syndromic,2025-04-02
ARI incidence,LT,TRUE,2025-03-30,2025-W13,1372.8173168205997,1362.84445442261,1352.94404010871,1.0073176820477399,extrapolated,syndromic,2025-04-09
ARI incidence,LT,TRUE,2025-04-06,2025-W14,1231.9549624933545,1228.83677904445,1225.72648798473,1.002537508237122,extrapolated,syndromic,2025-04-16
ARI incidence,LT,TRUE,2025-04-13,2025-W15,1237.4515377450239,1237.88182521383,1238.31226230248,0.9996524002048971,extrapolated,syndromic,2025-04-23
ARI incidence,LT,TRUE,2025-04-20,2025-W16,1061.5423309688986,1044.87064817269,1028.46079667529,1.0159557384690288,extrapolated,syndromic,2025-04-30
ARI incidence,LT,TRUE,2025-04-27,2025-W17,768.1475289810863,722.725251655733,679.988894937529,1.0628486097881498,extrapolated,syndromic,2025-05-07
ARI incidence,LT,TRUE,2025-05-04,2025-W18,771.0288857467924,723.810430738067,679.483673478449,1.0652359416271153,extrapolated,syndromic,2025-05-14
ARI incidence,LT,TRUE,2025-05-11,2025-W19,772.3968318440291,689.5,615.5,1.1202274573517466,extrapolated,syndromic,2025-05-21
ARI incidence,LT,TRUE,2025-05-18,2025-W20,588.5846055989957,668.5,759.265950466379,0.8804556553462907,extrapolated,syndromic,2025-05-28
ARI incidence,LT,TRUE,2025-05-25,2025-W21,714.70764787498,748.610687742779,784.121960173494,0.9547120547129456,extrapolated,syndromic,2025-06-04
ARI incidence,LT,TRUE,2025-06-01,2025-W22,802.6566536577232,711.457023848117,630.619698318313,1.1281871241024894,extrapolated,syndromic,2025-06-11
ARI incidence,LT,TRUE,2025-06-08,2025-W23,692.1137748681891,646.553920907418,603.993140752572,1.070465668040229,extrapolated,syndromic,2025-06-18
ARI incidence,LT,TRUE,2025-06-15,2025-W24,719.6274281274277,680.5,643.5,1.0574980574980575,extrapolated,syndromic,2025-06-25
ARI incidence,LT,TRUE,2025-06-22,2025-W25,597.7865676343763,566.168725055297,536.223198355297,1.055845265165418,extrapolated,syndromic,2025-07-02
ARI incidence,LT,TRUE,2025-06-29,2025-W26,548.6016110412272,535.253852482016,522.230851734246,1.024937248928367,extrapolated,syndromic,2025-07-09
ARI incidence,LT,TRUE,2025-07-06,2025-W27,447.4088948535024,447.694431761402,447.980150899308,0.9993622058090466,extrapolated,syndromic,2025-07-16
ARI incidence,LT,TRUE,2025-07-13,2025-W28,426.77053419104215,434.286586590147,441.935007649083,0.9826933351588902,extrapolated,syndromic,2025-07-23
ARI incidence,LT,TRUE,2025-07-20,2025-W29,390.3790407635735,384.204094818588,378.126823065713,1.0160720461553157,extrapolated,syndromic,2025-07-30
ARI incidence,LT,TRUE,2025-07-27,2025-W30,317.27121496391385,319.599158369072,321.944182808506,0.9927160527673554,extrapolated,syndromic,2025-08-06
ARI incidence,LT,TRUE,2025-08-03,2025-W31,345.3860257662712,324.023960235037,303.983134735875,1.0659274256006837,extrapolated,syndromic,2025-08-13
ARI incidence,LT,TRUE,2025-08-10,2025-W32,314.8590390070419,317.131744013648,319.420853783679,0.9928335619202208,extrapolated,syndromic,2025-08-20
ARI incidence,LT,TRUE,2025-08-17,2025-W33,309.2612988856324,299.353096671418,289.762336282196,1.0330987129392886,extrapolated,syndromic,2025-08-27
ARI incidence,LT,TRUE,2025-08-24,2025-W34,383.5777112219816,420.819503109707,461.677123087626,0.9115017445424424,extrapolated,syndromic,2025-09-03
ARI incidence,LT,TRUE,2025-08-31,2025-W35,405.06936296328394,469.91395772855,545.139049896807,0.8620075149954917,extrapolated,syndromic,2025-09-10
ARI incidence,LT,TRUE,2025-09-07,2025-W36,456.1295783675293,443.89753879798,431.993526173244,1.0275559977256745,extrapolated,syndromic,2025-09-17
ARI incidence,LT,TRUE,2025-09-14,2025-W37,772.4539103515882,764.446552370903,756.522199707391,1.0104747126608802,extrapolated,syndromic,2025-09-24
ARI incidence,LT,TRUE,2025-09-21,2025-W38,1024.6962659890432,985.463722519547,947.733275347435,1.0398112508588244,extrapolated,syndromic,2025-10-01
ARI incidence,LT,TRUE,2025-09-28,2025-W39,903.0487951146165,944.619409334926,988.103669834377,0.9559922082803926,extrapolated,syndromic,2025-10-08
ARI incidence,LT,TRUE,2025-10-05,2025-W40,1045.885990769597,953.3109654911,868.930079326187,1.097108948317621,extrapolated,syndromic,2025-10-15
ARI incidence,LT,TRUE,2025-10-12,2025-W41,1048.8347458494563,1015,982.25674166202,1.033334724974834,extrapolated,syndromic,2025-10-22
ARI incidence,LT,TRUE,2025-10-19,2025-W42,1049.4707216616307,963.16203679551,883.95139566664,1.0896097246038425,extrapolated,syndromic,2025-10-29
ARI incidence,LT,TRUE,2025-10-26,2025-W43,966.8390839194379,962.831080951654,958.839693042215,1.0041627270318516,extrapolated,syndromic,2025-11-05
ARI incidence,LT,TRUE,2025-11-02,2025-W44,963.3342863798207,978.005949036058,992.901062355417,0.9849983911951671,extrapolated,syndromic,2025-11-12
ARI incidence,LT,TRUE,2025-11-09,2025-W45,881.0305324230167,911.28730938999,942.583179235972,0.9667977632792584,extrapolated,syndromic,2025-11-19
ARI incidence,LT,TRUE,2025-11-16,2025-W46,777.5763249987558,765.289268288507,753.196368418876,1.0160554410200047,extrapolated,syndromic,2025-11-26
ARI incidence,LT,TRUE,2025-11-23,2025-W47,760.0259751223333,716.168952935957,674.842684247507,1.0612383739990179,extrapolated,syndromic,2025-12-03
ARI incidence,LT,TRUE,2025-11-30,2025-W48,1019.0062287554083,824.911403092774,667.786715870825,1.2352917233716623,extrapolated,syndromic,2025-12-10
ARI incidence,LT,TRUE,2025-12-07,2025-W49,715.9486545829454,736.681457946741,758.014652319822,0.971856488119599,extrapolated,syndromic,2025-12-17
ARI incidence,LT,TRUE,2025-12-14,2025-W50,851.5681494759742,845.625503045526,839.72432722036,1.007027515618965,extrapolated,syndromic,2025-12-24
ARI incidence,LT,TRUE,2025-12-21,2025-W51,818.6868504418271,818.911746867105,819.136705072295,0.9997253715969545,extrapolated,syndromic,2025-12-31
ARI incidence,LT,TRUE,2025-12-28,2025-W52,876.4035931181807,801.908941204256,733.746364155556,1.0928966470956842,extrapolated,syndromic,2026-01-07
ARI incidence,LT,TRUE,2026-01-04,2026-W01,548.2133216230545,548.002053184837,547.790866164475,1.0003855249026707,extrapolated,syndromic,2026-01-14
ARI incidence,LT,TRUE,2026-01-11,2026-W02,669.4982980793093,652.059983992216,635.07588285693,1.026743420107345,extrapolated,syndromic,2026-01-21
ARI incidence,LT,TRUE,2026-01-18,2026-W03,702.268493150685,716,730,0.9808219178082191,extrapolated,syndromic,2026-01-28
ARI incidence,LT,TRUE,2026-01-25,2026-W04,851.4100289468408,862.867916956838,874.48,0.9867211565236919,extrapolated,syndromic,2026-02-04
ARI incidence,LT,TRUE,2026-02-01,2026-W05,1008.9539431120337,959.434992519776,912.34640704428,1.051612616777928,extrapolated,syndromic,2026-02-11
ARI incidence,LT,TRUE,2026-02-08,2026-W06,948.6198389558572,916.078968358366,884.654359740392,1.0355219055577771,extrapolated,syndromic,2026-02-18
ARI incidence,LT,TRUE,2026-02-15,2026-W07,1260.0721745943642,1137.58257867656,1027,1.1076753443783447,extrapolated,syndromic,2026-02-25
ARI incidence,LT,TRUE,2026-02-22,2026-W08,615.1670937217108,651,688.920139463309,0.9449571332130745,extrapolated,syndromic,2026-03-04
ARI incidence,LT,TRUE,2026-03-01,2026-W09,737.7206496977543,738,738.279456082925,0.9996214765552225,extrapolated,syndromic,2026-03-11
ARI incidence,LT,TRUE,2026-03-08,2026-W10,744.8804103953304,717.586192140742,691.2921,1.0380361530831064,extrapolated,syndromic,2026-03-18
ARI incidence,LT,TRUE,2026-03-15,2026-W11,558.4547907848389,590.743255955754,624.898559768394,0.9453426427718141,extrapolated,syndromic,2026-03-25
ARI incidence,LT,TRUE,2026-03-22,2026-W12,732.2890915708215,692.583999027019,655.031737096233,1.0573289198127342,extrapolated,syndromic,2026-04-01
ARI incidence,LT,TRUE,2026-03-29,2026-W13,670.9478693403257,655.00882,639.448418995085,1.0243340987993506,extrapolated,syndromic,2026-04-08
ARI incidence,LT,TRUE,2026-04-05,2026-W14,751.8638230869154,687.593746815927,628.817541345797,1.0934710016904696,extrapolated,syndromic,2026-04-15
ARI incidence,LT,TRUE,2026-04-12,2026-W15,554.4824688897149,557.346726486255,560.225779810414,0.9948609053208274,extrapolated,syndromic,2026-04-22
ARI incidence,LT,TRUE,2026-04-19,2026-W16,729.0217767777804,672.501107043212,620.36245470374,1.0840454672008983,extrapolated,syndromic,2026-04-29
ARI incidence,LT,TRUE,2026-04-26,2026-W17,710.5996965888203,599.354417167483,505.52472665357,1.1856085084799688,extrapolated,syndromic,2026-05-06
ARI incidence,LT,TRUE,2026-05-03,2026-W18,398.3481414045108,466.895363965547,547.238102138293,0.8531850434777611,extrapolated,syndromic,2026-05-13
ARI incidence,LT,TRUE,2026-05-10,2026-W19,554.1265826489015,569.723200957945,585.758806513395,0.9726242177204324,extrapolated,syndromic,2026-05-20
ARI incidence,LT,TRUE,2026-05-17,2026-W20,655.413903817604,594.806888460285,539.804286267116,1.1018936003148956,extrapolated,syndromic,2026-05-27
ARI incidence,LT,TRUE,2026-05-24,2026-W21,476.925507284274,518.925646193092,564.624500396894,0.9190632815762004,extrapolated,syndromic,2026-06-03
ARI incidence,LT,TRUE,2026-05-31,2026-W22,564.3464815928363,555.62983632194,547.047824485037,1.0156878639358116,extrapolated,syndromic,2026-06-10
ARI incidence,LT,TRUE,2026-06-07,2026-W23,519.9645697215292,536.00106411604,552.532148271932,0.9700812265718951,extrapolated,syndromic,2026-06-17
ARI incidence,LT,TRUE,2026-08-02,2026-W31,162.83916402443074,162.873577503055,162.907998254423,0.999788710488516,extrapolated,syndromic,2026-08-12
ARI incidence,LT,TRUE,2026-08-09,2026-W32,156.54872949058472,168.315724024195,180.967185399565,0.9300897488821726,extrapolated,syndromic,2026-08-19
ARI incidence,LT,TRUE,2026-08-16,2026-W33,189.58016507828927,202.791628248519,216.923771907798,0.9348520287334586,extrapolated,syndromic,2026-08-26
ARI incidence,LT,TRUE,2026-08-23,2026-W34,170.88139961900802,181.721519573175,193.249298926684,0.9403476265242107,extrapolated,syndromic,2026-09-02
ARI incidence,LT,TRUE,2026-08-30,2026-W35,195.210058128243,221.647572502349,251.665548728589,0.8807227434271778,extrapolated,syndromic,2026-09-09
ARI incidence,LT,TRUE,2026-09-06,2026-W36,205.64812231386068,230.22496999284,257.738977685923,0.8932485573578586,extrapolated,syndromic,2026-09-16
ARI incidence,LT,TRUE,2026-09-13,2026-W37,380.26362100417674,402.051912887136,425.088627277416,0.945807267209607,extrapolated,syndromic,2026-09-23
ARI incidence,LT,TRUE,2026-09-20,2026-W38,549.2736618916914,573.429931640625,598.648559570312,0.9578740689733087,extrapolated,syndromic,2026-09-30
ARI incidence,LT,TRUE,2026-09-27,2026-W39,573.429931640625,573.429931640625,598.648559570312,0.9578740689733087,h1_nowcast,syndromic,2026-09-30
ARI incidence,LU,TRUE,2023-12-10,2023-W49,24.984609010736616,23.3585435331256,21.8383067653552,1.0696133076664232,extrapolated,ari_archive,2023-12-20
ARI incidence,LU,TRUE,2024-02-11,2024-W06,14244.518566450724,11284.9871573845,8940.34674097551,1.2622538570750286,extrapolated,ari_archive,2024-02-21
ARI incidence,LU,TRUE,2024-02-25,2024-W08,12005.427805757052,7669.52321014892,4899.58269065646,1.5653421310298032,extrapolated,ari_archive,2024-03-06
ARI incidence,LU,TRUE,2024-03-03,2024-W09,16988.81628369863,14788.2111788799,12872.6561179539,1.1488080659790416,extrapolated,ari_archive,2024-03-13
ARI incidence,LU,TRUE,2024-03-10,2024-W10,16453.4536801274,14631.2901931573,13010.9250542907,1.1245388111994574,extrapolated,ari_archive,2024-03-20
ARI incidence,LU,TRUE,2024-03-17,2024-W11,17249.53744689058,16965.1201152917,16685.3923713854,1.016764828640531,extrapolated,ari_archive,2024-03-27
ARI incidence,LU,TRUE,2024-03-24,2024-W12,17052.886571987634,16885.7174349128,16720.1870538499,1.0099000316521451,extrapolated,ari_archive,2024-04-03
ARI incidence,LU,TRUE,2024-04-07,2024-W14,18748.654261250733,14950.7772611876,11922.2285289895,1.2540253883604084,extrapolated,ari_archive,2024-04-17
ARI incidence,LU,TRUE,2024-04-21,2024-W16,18179.007433783376,13433.1896135484,9926.31659626259,1.353290466133853,extrapolated,ari_archive,2024-05-01
ARI incidence,LU,TRUE,2024-10-13,2024-W41,17676.06340291046,17564.1739503689,17452.9927578796,1.0063703225018015,extrapolated,syndromic,2024-10-23
ARI incidence,LU,TRUE,2024-10-27,2024-W43,20276.833459736616,19975.32,19678.29,1.0150942993522303,extrapolated,syndromic,2024-11-06
ARI incidence,LU,TRUE,2024-11-03,2024-W44,16725.402408401074,16357.601993476599,15997.889703544,1.0224849837446317,extrapolated,syndromic,2024-11-13
ARI incidence,LU,TRUE,2024-11-10,2024-W45,11068.397686511955,11574.868638746,12104.5148357374,0.9562439135992736,extrapolated,syndromic,2024-11-20
ARI incidence,LU,TRUE,2024-11-17,2024-W46,13328.552129405638,13346.5590631627,13364.5903243681,0.9986508182617073,extrapolated,syndromic,2024-11-27
ARI incidence,LU,TRUE,2024-11-24,2024-W47,15782.010514165098,15815.37,15848.8,0.997890692039776,extrapolated,syndromic,2024-12-04
ARI incidence,LU,TRUE,2024-12-01,2024-W48,12717.89269657168,13009.043250588,13306.8591104947,0.977619372277578,extrapolated,syndromic,2024-12-11
ARI incidence,LU,TRUE,2024-12-08,2024-W49,17801.12427293156,17498.332263956,17200.69066005,1.0173040495750147,extrapolated,syndromic,2024-12-18
ARI incidence,LU,TRUE,2024-12-15,2024-W50,19426.425930902642,18965.5281001521,18515.5652098351,1.0243018717072698,extrapolated,syndromic,2024-12-25
ARI incidence,LU,TRUE,2024-12-22,2024-W51,20551.928264604772,20751,20952,0.9904066437571593,extrapolated,syndromic,2025-01-01
ARI incidence,LU,TRUE,2024-12-29,2024-W52,20637.580372966764,20348.7171754251,20063.8971818534,1.0141956465880069,extrapolated,syndromic,2025-01-08
ARI incidence,LU,TRUE,2025-01-05,2025-W01,20430.721450306926,19678.6870368749,18954.3342577093,1.038215680346092,extrapolated,syndromic,2025-01-15
ARI incidence,LU,TRUE,2025-01-12,2025-W02,13922.694151185318,14001.8073964551,14081.3701887385,0.9943497833508398,extrapolated,syndromic,2025-01-22
ARI incidence,LU,TRUE,2025-01-19,2025-W03,13019.319618566447,13274.2384853094,13534.1486749882,0.9807959705541637,extrapolated,syndromic,2025-01-29
ARI incidence,LU,TRUE,2025-01-26,2025-W04,15513.933991650256,15414.4490445754,15315.6020565572,1.0064540060294842,extrapolated,syndromic,2025-02-05
ARI incidence,LU,TRUE,2025-02-02,2025-W05,15585.640870400568,15524.37,15463.34,1.003946754064775,extrapolated,syndromic,2025-02-12
ARI incidence,LU,TRUE,2025-02-09,2025-W06,15214.241077208559,15083.1566173984,14953.2015688758,1.0086907842393493,extrapolated,syndromic,2025-02-19
ARI incidence,LU,TRUE,2025-02-16,2025-W07,16972.3353336106,16816.8,16662.69,1.0092488067652943,extrapolated,syndromic,2025-02-26
ARI incidence,LU,TRUE,2025-02-23,2025-W08,18995.283192832896,18434.625,17890.515,1.0304133223666283,extrapolated,syndromic,2025-03-05
ARI incidence,LU,TRUE,2025-03-02,2025-W09,14078.123247719452,14114.8720621831,14151.7168038766,0.997396447215266,extrapolated,syndromic,2025-03-12
ARI incidence,LU,TRUE,2025-03-09,2025-W10,14646.258109870294,15124.5349366829,15618.43,0.9683774192849665,extrapolated,syndromic,2025-03-19
ARI incidence,LU,TRUE,2025-03-16,2025-W11,13440.496949875813,13368.5682478086,13297.0244822657,1.0053804342195742,extrapolated,syndromic,2025-03-26
ARI incidence,LU,TRUE,2025-03-23,2025-W12,14966.041023684538,14887.5766275059,14809.523606751,1.0052704612806938,extrapolated,syndromic,2025-04-02
ARI incidence,LU,TRUE,2025-03-30,2025-W13,15365.868188316037,15152.1540844629,14941.4123943794,1.0141045360720233,extrapolated,syndromic,2025-04-09
ARI incidence,LU,TRUE,2025-04-06,2025-W14,15069.688694288603,14959.1678776162,14849.4576185582,1.0073881660782606,extrapolated,syndromic,2025-04-16
ARI incidence,LU,TRUE,2025-04-13,2025-W15,14840.08589569568,14862.9133155414,14885.7758491392,0.9984641355728112,extrapolated,syndromic,2025-04-23
ARI incidence,LU,TRUE,2025-04-20,2025-W16,16627.589116968953,16364.241869846,16105.0655083565,1.0160928473935744,extrapolated,syndromic,2025-04-30
ARI incidence,LU,TRUE,2025-04-27,2025-W17,13176.072786766228,12943.1521106025,12714.3489011728,1.0179956686109655,extrapolated,syndromic,2025-05-07
ARI incidence,LU,TRUE,2025-05-04,2025-W18,12062.4688392109,12760,13497.8669930932,0.9453345485274998,extrapolated,syndromic,2025-05-14
ARI incidence,LU,TRUE,2025-05-11,2025-W19,13689.449625344507,12315.5131498252,11079.4712931858,1.1115614476477413,extrapolated,syndromic,2025-05-21
ARI incidence,LU,TRUE,2025-05-18,2025-W20,12295.299980376692,12121.168820636,11949.5037789112,1.0143658719977777,extrapolated,syndromic,2025-05-28
ARI incidence,LU,TRUE,2025-05-25,2025-W21,12239.112896495755,12064.4915453202,11892.3616015321,1.0144739917566854,extrapolated,syndromic,2025-06-04
ARI incidence,LU,TRUE,2025-06-01,2025-W22,14543.949668891039,14108.579662418,13686.2423634867,1.0308585284196083,extrapolated,syndromic,2025-06-11
ARI incidence,LU,TRUE,2025-06-08,2025-W23,12203.365408113688,12084.4329685813,11966.6596294036,1.009841789005874,extrapolated,syndromic,2025-06-18
ARI incidence,LU,TRUE,2025-06-15,2025-W24,12352.195623587417,12259.5,12167.5,1.0075611259502775,extrapolated,syndromic,2025-06-25
ARI incidence,LU,TRUE,2025-06-22,2025-W25,13557.654225153861,12135.1553576518,10861.9081965615,1.1172213148968948,extrapolated,syndromic,2025-07-02
ARI incidence,LU,TRUE,2025-06-29,2025-W26,10250.618725432996,10747.8466318101,11269.1936277273,0.9537369741669491,extrapolated,syndromic,2025-07-09
ARI incidence,LU,TRUE,2025-07-06,2025-W27,8204.948988600096,8957.67930883892,9779.46587010912,0.9159681548885011,extrapolated,syndromic,2025-07-16
ARI incidence,LU,TRUE,2025-07-13,2025-W28,7673.6560193158175,8160.86151038247,8679,0.9402997477108503,extrapolated,syndromic,2025-07-23
ARI incidence,LU,TRUE,2025-07-20,2025-W29,7710.67973489521,7948.42464944242,8193.5,0.9700890522295014,extrapolated,syndromic,2025-07-30
ARI incidence,LU,TRUE,2025-07-27,2025-W30,6917.806810658878,7310.29430996557,7725.04991263628,0.9463103012457859,extrapolated,syndromic,2025-08-06
ARI incidence,LU,TRUE,2025-08-03,2025-W31,7981.843121343376,8305.89742548694,8643.10798820858,0.9609850341819539,extrapolated,syndromic,2025-08-13
ARI incidence,LU,TRUE,2025-08-10,2025-W32,6683.974390752049,7076.21107507525,7491.46544431685,0.9445696743410037,extrapolated,syndromic,2025-08-20
ARI incidence,LU,TRUE,2025-08-17,2025-W33,3988.425752975175,5863.84930030112,8621.12792020576,0.6801719397478988,extrapolated,syndromic,2025-08-27
ARI incidence,LU,TRUE,2025-08-24,2025-W34,6102.9125094819365,6593.4404083369,7123.39499390598,0.9256036502226181,extrapolated,syndromic,2025-09-03
ARI incidence,LU,TRUE,2025-08-31,2025-W35,4233.296111375657,5802.31846182071,7952.88083956994,0.7295869985818216,extrapolated,syndromic,2025-09-10
ARI incidence,LU,TRUE,2025-09-07,2025-W36,6416.93267153916,6638.06511306803,6866.81794882565,0.9666872141561957,extrapolated,syndromic,2025-09-17
ARI incidence,LU,TRUE,2025-09-14,2025-W37,7707.641647571666,8304,8946.5,0.9281842061141229,extrapolated,syndromic,2025-09-24
ARI incidence,LU,TRUE,2025-09-21,2025-W38,9049.909566032238,9540.64622383599,10057.993364933,0.9485635829806043,extrapolated,syndromic,2025-10-01
ARI incidence,LU,TRUE,2025-09-28,2025-W39,7048.179986978362,8080.06405904752,9263.020427817,0.8722925877160927,extrapolated,syndromic,2025-10-08
ARI incidence,LU,TRUE,2025-10-05,2025-W40,5872.41781715855,6932.8618114442,8184.80128510987,0.8470409445439744,extrapolated,syndromic,2025-10-15
ARI incidence,LU,TRUE,2025-10-12,2025-W41,9825.283505272724,10442.7937422229,11099.1139425226,0.9408673337620921,extrapolated,syndromic,2025-10-22
ARI incidence,LU,TRUE,2025-10-19,2025-W42,9711.57653299043,10765.5269062377,11933.8574097856,0.9020995086978427,extrapolated,syndromic,2025-10-29
ARI incidence,LU,TRUE,2025-10-26,2025-W43,13781.02397591656,13866,13951.5,0.9938716267068057,extrapolated,syndromic,2025-11-05
ARI incidence,LU,TRUE,2025-11-02,2025-W44,13039.79703081555,13189.1030031762,13340.1185323137,0.9886795961541349,extrapolated,syndromic,2025-11-12
ARI incidence,LU,TRUE,2025-11-09,2025-W45,11753.771090505545,12066.0681588244,12386.6629435212,0.9741177437249566,extrapolated,syndromic,2025-11-19
ARI incidence,LU,TRUE,2025-11-16,2025-W46,13071.153585585922,12906.149221106,12743.2277975172,1.0127849416315498,extrapolated,syndromic,2025-11-26
ARI incidence,LU,TRUE,2025-11-23,2025-W47,13510.060376867614,13481.5,13453,1.0021184865829182,extrapolated,syndromic,2025-12-03
ARI incidence,LU,TRUE,2025-11-30,2025-W48,12587.86207242989,13741,14999.7735845506,0.9160804943184538,extrapolated,syndromic,2025-12-10
ARI incidence,LU,TRUE,2025-12-07,2025-W49,14212.366421784707,14610.6747379598,15020.1458337893,0.9727385406000284,extrapolated,syndromic,2025-12-17
ARI incidence,LU,TRUE,2025-12-14,2025-W50,12718.850931375851,13000.7960247891,13288.9911352934,0.9783132438294055,extrapolated,syndromic,2025-12-24
ARI incidence,LU,TRUE,2025-12-21,2025-W51,14601.411646366161,13935.0162231934,13299.0344936265,1.0478216467422272,extrapolated,syndromic,2025-12-31
ARI incidence,LU,TRUE,2025-12-28,2025-W52,14710.837361877064,14644.0773931161,14577.6203910265,1.0045588374718901,extrapolated,syndromic,2026-01-07
ARI incidence,LU,TRUE,2026-01-04,2026-W01,19283.221337551586,16905.6694954367,14821.2612449963,1.1406363612370778,extrapolated,syndromic,2026-01-14
ARI incidence,LU,TRUE,2026-01-11,2026-W02,17756.77314410777,15766.0055344882,13998.4291344058,1.1262696251923006,extrapolated,syndromic,2026-01-21
ARI incidence,LU,TRUE,2026-01-18,2026-W03,13210.947384524787,13149.0971014491,13087.5363856092,1.0047037665475063,extrapolated,syndromic,2026-01-28
ARI incidence,LU,TRUE,2026-01-25,2026-W04,11098.299352996819,11011.5094014161,10925.3981570369,1.0078817488517557,extrapolated,syndromic,2026-02-04
ARI incidence,LU,TRUE,2026-02-01,2026-W05,14536.328930068481,13524.8989751084,12583.8437728601,1.0747828103427266,extrapolated,syndromic,2026-02-11
ARI incidence,LU,TRUE,2026-02-08,2026-W06,12307.008050578756,12760.041546174,13229.7516659567,0.9644959231554302,extrapolated,syndromic,2026-02-18
ARI incidence,LU,TRUE,2026-02-15,2026-W07,14538.424970649854,14488.2030288087,14438.1545750481,1.0034664024062392,extrapolated,syndromic,2026-02-25
ARI incidence,LU,TRUE,2026-02-22,2026-W08,15263.500691116118,15133.9994213813,15005.5968890333,1.008556975993527,extrapolated,syndromic,2026-03-04
ARI incidence,LU,TRUE,2026-03-01,2026-W09,13019.195911606104,13376.5446262668,13743.7017887561,0.9732854242523163,extrapolated,syndromic,2026-03-11
ARI incidence,LU,TRUE,2026-03-08,2026-W10,11430.064801941127,11715.4674787129,12007.9965094748,0.9756388144740813,extrapolated,syndromic,2026-03-18
ARI incidence,LU,TRUE,2026-03-15,2026-W11,12614.1410189922,11469.3752932128,10428.5,1.0998106432576882,extrapolated,syndromic,2026-03-25
ARI incidence,LU,TRUE,2026-03-22,2026-W12,10774.003424823874,10530.5,10292.5,1.0231236337138694,extrapolated,syndromic,2026-04-01
ARI incidence,LU,TRUE,2026-03-29,2026-W13,11681.38790541226,11127.1998144499,10599.3035,1.0498048116510579,extrapolated,syndromic,2026-04-08
ARI incidence,LU,TRUE,2026-04-05,2026-W14,14742.003016423663,11536.0120790476,9027.23832980307,1.2779115447702218,extrapolated,syndromic,2026-04-15
ARI incidence,LU,TRUE,2026-04-12,2026-W15,10804.151351942011,9345.5229658664,8083.81858606946,1.1560777702225018,extrapolated,syndromic,2026-04-22
ARI incidence,LU,TRUE,2026-04-19,2026-W16,7623.0250156733555,8052.43471601809,8506.0333296054,0.946673308696246,extrapolated,syndromic,2026-04-29
ARI incidence,LU,TRUE,2026-04-26,2026-W17,8784.012571231162,8495.19664017322,8215.87689794201,1.0339975568890496,extrapolated,syndromic,2026-05-06
ARI incidence,LU,TRUE,2026-05-03,2026-W18,8254.538688995479,8424.57197454397,8598.10773543164,0.9798169822677897,extrapolated,syndromic,2026-05-13
ARI incidence,LU,TRUE,2026-05-10,2026-W19,9463.71573359986,10123.8240199341,10829.9758437068,0.934796546736248,extrapolated,syndromic,2026-05-20
ARI incidence,LU,TRUE,2026-05-17,2026-W20,8057.190261842029,7707.47915822565,7372.94677721828,1.0453729548192379,extrapolated,syndromic,2026-05-27
ARI incidence,LU,TRUE,2026-05-24,2026-W21,6509.044204977545,6720.82533919784,6939.49707784471,0.9684888204153859,extrapolated,syndromic,2026-06-03
ARI incidence,LU,TRUE,2026-05-31,2026-W22,6192.846432680363,6520.08986592381,6864.62555173077,0.9498099811547488,extrapolated,syndromic,2026-06-10
ARI incidence,LU,TRUE,2026-06-07,2026-W23,5512.07785657434,6391.18879457602,7410.5074838874,0.8624495432293031,extrapolated,syndromic,2026-06-17
ARI incidence,LU,TRUE,2026-08-02,2026-W31,3391.229362031319,3400.08626205903,3408.96629372124,0.9973950954931512,extrapolated,syndromic,2026-08-12
ARI incidence,LU,TRUE,2026-08-09,2026-W32,6357.4566783201135,6465.47137488877,6575.32126676667,0.9832936084152861,extrapolated,syndromic,2026-08-19
ARI incidence,LU,TRUE,2026-08-16,2026-W33,5926.135167776672,6162.37945434001,6408.0415758588,0.9616634632265372,extrapolated,syndromic,2026-08-26
ARI incidence,LU,TRUE,2026-08-23,2026-W34,5635.344473559919,6183.07807858082,6784.04926357164,0.9114140888955716,extrapolated,syndromic,2026-09-02
ARI incidence,LU,TRUE,2026-08-30,2026-W35,3015.913512801735,3943.3701171875,5156.0390625,0.7648060981282567,extrapolated,syndromic,2026-09-09
ARI incidence,LU,TRUE,2026-09-06,2026-W36,4884.4893508344185,5550.53040100433,6307.39172912933,0.8800040713137256,extrapolated,syndromic,2026-09-16
ARI incidence,LU,TRUE,2026-09-13,2026-W37,4720.742905210505,5128.66882658053,5571.84419081725,0.9204616372857122,extrapolated,syndromic,2026-09-23
ARI incidence,LU,TRUE,2026-09-20,2026-W38,5327.225481201218,6113.02738954797,7014.74041172694,0.8714545415434726,extrapolated,syndromic,2026-09-30
ARI incidence,LU,TRUE,2026-09-27,2026-W39,6113.02738954797,6113.02738954797,7014.74041172694,0.8714545415434726,h1_nowcast,syndromic,2026-09-30
ARI incidence,LV,TRUE,2023-12-10,2023-W49,1431.085774079653,1587.67970481338,1761.40863862434,0.90136931885003,extrapolated,ari_archive,2023-12-20
ARI incidence,LV,TRUE,2023-12-17,2023-W50,1486.835464148997,1520.93828610536,1555.82330790389,0.9775777740175846,extrapolated,ari_archive,2023-12-27
ARI incidence,LV,TRUE,2023-12-24,2023-W51,1505.8498895598425,1524.07493047584,1542.52054591171,0.9880418996785758,extrapolated,ari_archive,2024-01-03
ARI incidence,LV,TRUE,2023-12-31,2023-W52,1514.0683797681972,1516.89026963523,1519.71741888323,0.9981396875413341,extrapolated,ari_archive,2024-01-10
ARI incidence,LV,TRUE,2024-02-18,2024-W07,1320.4410933929842,1385.362723754,1453.47633148517,0.9531374496744841,extrapolated,ari_archive,2024-02-28
ARI incidence,LV,TRUE,2024-02-25,2024-W08,1447.2463015791097,1415.8881705037,1385.20949003975,1.0221473218921344,extrapolated,ari_archive,2024-03-06
ARI incidence,LV,TRUE,2024-03-03,2024-W09,1337.5977015940045,1315.39788056912,1293.56650519344,1.0168768867221212,extrapolated,ari_archive,2024-03-13
ARI incidence,LV,TRUE,2024-03-10,2024-W10,1301.0637729277096,1259.87340977956,1219.98709186853,1.0326940491230447,extrapolated,ari_archive,2024-03-20
ARI incidence,LV,TRUE,2024-03-17,2024-W11,1074.1022399649178,1028.96712694494,985.728647552123,1.0438644849170122,extrapolated,ari_archive,2024-03-27
ARI incidence,LV,TRUE,2024-03-24,2024-W12,1008.4495707613528,932.500510597853,862.271379230956,1.0814466687152868,extrapolated,ari_archive,2024-04-03
ARI incidence,LV,TRUE,2024-03-31,2024-W13,920.7542922377917,859.880189801293,803.030675008522,1.0707937026093899,extrapolated,ari_archive,2024-04-10
ARI incidence,LV,TRUE,2024-04-07,2024-W14,918.2538096035906,881.781850235355,846.758514119478,1.0413616580546543,extrapolated,ari_archive,2024-04-17
ARI incidence,LV,TRUE,2024-04-14,2024-W15,960.9583573590012,967.664720266435,974.417885725824,0.9930695386873377,extrapolated,ari_archive,2024-04-24
ARI incidence,LV,TRUE,2024-04-21,2024-W16,985.7451554655796,981.88,978.03,1.0039364845659131,extrapolated,ari_archive,2024-05-01
ARI incidence,LV,TRUE,2024-10-13,2024-W41,1536.974719935206,1437.17011722243,1343.84640101576,1.069445225388951,extrapolated,syndromic,2024-10-23
ARI incidence,LV,TRUE,2024-10-20,2024-W42,1355.1448733720335,1388.8418330985,1423.3766996179,0.9757373669748348,extrapolated,syndromic,2024-10-30
ARI incidence,LV,TRUE,2024-10-27,2024-W43,1430.8080184355101,1354.2209891612,1281.73344282065,1.0565543067839676,extrapolated,syndromic,2024-11-06
ARI incidence,LV,TRUE,2024-11-03,2024-W44,1424.8847726252482,1430.66942572316,1436.47756297369,0.9959566808419155,extrapolated,syndromic,2024-11-13
ARI incidence,LV,TRUE,2024-11-10,2024-W45,1464.0173147950259,1419.20268630141,1375.75986598706,1.0315773278377918,extrapolated,syndromic,2024-11-20
ARI incidence,LV,TRUE,2024-11-17,2024-W46,1394.0411729506677,1363.41202859627,1333.45585179985,1.0224650683080254,extrapolated,syndromic,2024-11-27
ARI incidence,LV,TRUE,2024-11-24,2024-W47,1362.224848461222,1360.333333,1358.444444,1.0013904793886441,extrapolated,syndromic,2024-12-04
ARI incidence,LV,TRUE,2024-12-01,2024-W48,1418.6303547056903,1389.05598622507,1360.09815838742,1.0212909837860404,extrapolated,syndromic,2024-12-11
ARI incidence,LV,TRUE,2024-12-08,2024-W49,1484.9516482654265,1430.58487995715,1378.20857746622,1.0380031755332866,extrapolated,syndromic,2024-12-18
ARI incidence,LV,TRUE,2024-12-15,2024-W50,1436.4894082200462,1440.91557833464,1445.35538654623,0.9969282238452101,extrapolated,syndromic,2024-12-25
ARI incidence,LV,TRUE,2024-12-22,2024-W51,1143.1445617255617,1116,1089.5,1.0243230839834787,extrapolated,syndromic,2025-01-01
ARI incidence,LV,TRUE,2024-12-29,2024-W52,1517.328506645464,1386.5765205149,1267.09175951206,1.0942984279598282,extrapolated,syndromic,2025-01-08
ARI incidence,LV,TRUE,2025-01-05,2025-W01,900.724300388064,880.482909248871,860.696389722527,1.022988965403611,extrapolated,syndromic,2025-01-15
ARI incidence,LV,TRUE,2025-01-12,2025-W02,1334.157807622962,1182.0465828626,1047.27800270237,1.1286846279712517,extrapolated,syndromic,2025-01-22
ARI incidence,LV,TRUE,2025-01-19,2025-W03,1084.7428409162414,1110.52533304338,1136.92063115108,0.9767835173498647,extrapolated,syndromic,2025-01-29
ARI incidence,LV,TRUE,2025-01-26,2025-W04,1526.761531322461,1523.09512885299,1519.43753097205,1.0024072051705872,extrapolated,syndromic,2025-02-05
ARI incidence,LV,TRUE,2025-02-02,2025-W05,1576.6221901446604,1555.87086352097,1535.39266355967,1.0133374350726825,extrapolated,syndromic,2025-02-12
ARI incidence,LV,TRUE,2025-02-09,2025-W06,1521.0746531178231,1447.71273075022,1377.88907762038,1.0506743643330316,extrapolated,syndromic,2025-02-19
ARI incidence,LV,TRUE,2025-02-16,2025-W07,1779.8183890023204,1687.03587239317,1599.09013881847,1.054997358460156,extrapolated,syndromic,2025-02-26
ARI incidence,LV,TRUE,2025-02-23,2025-W08,1604.887395574484,1609.70351581763,1614.534088797,0.997008069998095,extrapolated,syndromic,2025-03-05
ARI incidence,LV,TRUE,2025-03-02,2025-W09,1667.09185026079,1634.74603000106,1603.02780088942,1.0197864498008342,extrapolated,syndromic,2025-03-12
ARI incidence,LV,TRUE,2025-03-09,2025-W10,1837.9147269125992,1659.08341630335,1497.65260702636,1.1077892219595011,extrapolated,syndromic,2025-03-19
ARI incidence,LV,TRUE,2025-03-16,2025-W11,1548.5867328188176,1451.5,1360.5,1.0668871738331496,extrapolated,syndromic,2025-03-26
ARI incidence,LV,TRUE,2025-03-23,2025-W12,1575.0414212076591,1462.5,1358,1.0769513991163475,extrapolated,syndromic,2025-04-02
ARI incidence,LV,TRUE,2025-03-30,2025-W13,1548.7873046467018,1459.15782532375,1374.71527098372,1.0614254865151855,extrapolated,syndromic,2025-04-09
ARI incidence,LV,TRUE,2025-04-06,2025-W14,1363.072742626152,1343.11080241702,1323.44120101304,1.0148624671718878,extrapolated,syndromic,2025-04-16
ARI incidence,LV,TRUE,2025-04-13,2025-W15,1395.419090877557,1365.13677960734,1335.51163175266,1.0221826206154427,extrapolated,syndromic,2025-04-23
ARI incidence,LV,TRUE,2025-04-20,2025-W16,910.7341231271548,997.238290970853,1091.95887550995,0.9132562712173,extrapolated,syndromic,2025-04-30
ARI incidence,LV,TRUE,2025-04-27,2025-W17,961.3385821859414,924.691832261627,889.442076388005,1.0396313113685494,extrapolated,syndromic,2025-05-07
ARI incidence,LV,TRUE,2025-05-04,2025-W18,893.8664265687474,910.702166958148,927.855004115068,0.981513450829228,extrapolated,syndromic,2025-05-14
ARI incidence,LV,TRUE,2025-05-11,2025-W19,987.0300693229283,909.639631567438,838.317174962811,1.085078128821339,extrapolated,syndromic,2025-05-21
ARI incidence,LV,TRUE,2025-05-18,2025-W20,846.0815195852209,832.367859591882,818.87647660857,1.016475479963947,extrapolated,syndromic,2025-05-28
ARI incidence,LV,TRUE,2025-05-25,2025-W21,839.5393474088285,810,781.5,1.036468330134357,extrapolated,syndromic,2025-06-04
ARI incidence,LV,TRUE,2025-06-01,2025-W22,875.7819619779414,899.452955833055,923.763739012926,0.9736828994761714,extrapolated,syndromic,2025-06-11
ARI incidence,LV,TRUE,2025-06-08,2025-W23,1017.3972031416592,945.824878636002,879.287556801204,1.075671856516265,extrapolated,syndromic,2025-06-18
ARI incidence,LV,TRUE,2025-06-15,2025-W24,683.526709295033,686.136364335445,688.755982848151,0.9961965941814788,extrapolated,syndromic,2025-06-25
ARI incidence,LV,TRUE,2025-06-22,2025-W25,516.0494071146244,511,506,1.0098814229249011,extrapolated,syndromic,2025-07-02
ARI incidence,LV,TRUE,2025-07-06,2025-W27,469.53466955579614,465.5,461.5,1.0086673889490791,extrapolated,syndromic,2025-07-16
ARI incidence,LV,TRUE,2025-07-13,2025-W28,449.0460227272729,444.5,440,1.0102272727272728,extrapolated,syndromic,2025-07-23
ARI incidence,LV,TRUE,2025-07-20,2025-W29,422.50237812128404,421.5,420.5,1.0023781212841856,extrapolated,syndromic,2025-07-30
ARI incidence,LV,TRUE,2025-07-27,2025-W30,413.0054878048778,411.5,410,1.0036585365853659,extrapolated,syndromic,2025-08-06
ARI incidence,LV,TRUE,2025-08-03,2025-W31,395.5396530359354,399.5,403.5,0.990086741016109,extrapolated,syndromic,2025-08-13
ARI incidence,LV,TRUE,2025-08-10,2025-W32,377.6831432192648,386,394.5,0.9784537389100126,extrapolated,syndromic,2025-08-20
ARI incidence,LV,TRUE,2025-08-24,2025-W34,360.0245901639343,363,366,0.9918032786885246,extrapolated,syndromic,2025-09-03
ARI incidence,LV,TRUE,2025-08-31,2025-W35,350.50636492220616,352,353.5,0.9957567185289957,extrapolated,syndromic,2025-09-10
ARI incidence,LV,TRUE,2025-09-07,2025-W36,331.5266666666668,334.5,337.5,0.9911111111111112,extrapolated,syndromic,2025-09-17
ARI incidence,LV,TRUE,2025-09-14,2025-W37,338.6738794435857,331,323.5,1.0231839258114375,extrapolated,syndromic,2025-09-24
ARI incidence,LV,TRUE,2025-09-21,2025-W38,300.3831417624518,280,261,1.0727969348659003,extrapolated,syndromic,2025-10-01
ARI incidence,LV,TRUE,2025-09-28,2025-W39,302.3189045936397,292.5,283,1.0335689045936396,extrapolated,syndromic,2025-10-08
ARI incidence,LV,TRUE,2025-10-12,2025-W41,1338.833881368059,1343.89990409092,1348.98509617197,0.9962303571066276,extrapolated,syndromic,2025-10-22
ARI incidence,LV,TRUE,2025-10-19,2025-W42,1389.2633204358629,1336.46340265512,1285.67018243606,1.0395071931456155,extrapolated,syndromic,2025-10-29
ARI incidence,LV,TRUE,2025-10-26,2025-W43,1279.9610201408968,1297.19091553221,1314.65274712355,0.9867175331055701,extrapolated,syndromic,2025-11-05
ARI incidence,LV,TRUE,2025-11-02,2025-W44,1054.1977514907173,1113.4032618665,1175.9338528108,0.9468247378074583,extrapolated,syndromic,2025-11-12
ARI incidence,LV,TRUE,2025-11-09,2025-W45,1227.0830027447582,1153.16427012662,1083.69835693443,1.0641007829786653,extrapolated,syndromic,2025-11-19
ARI incidence,LV,TRUE,2025-11-16,2025-W46,1182.7586654587,1214.69557395905,1247.49484445627,0.9737078909440178,extrapolated,syndromic,2025-11-26
ARI incidence,LV,TRUE,2025-11-23,2025-W47,1268.7794661009914,1274.42987638668,1280.10545033339,0.9955663231140591,extrapolated,syndromic,2025-12-03
ARI incidence,LV,TRUE,2025-11-30,2025-W48,1646.6079836433485,1484.30505022209,1338,1.1093460763991703,extrapolated,syndromic,2025-12-10
ARI incidence,LV,TRUE,2025-12-07,2025-W49,1781.424253155591,1876.5,1976.65,0.949333468241722,extrapolated,syndromic,2025-12-17
ARI incidence,LV,TRUE,2025-12-14,2025-W50,1451.806703774069,1586.13532008346,1732.89271021838,0.9153107464359836,extrapolated,syndromic,2025-12-24
ARI incidence,LV,TRUE,2025-12-21,2025-W51,1595.0982642459014,1575.22950561707,1555.60823491942,1.0126132468684612,extrapolated,syndromic,2025-12-31
ARI incidence,LV,TRUE,2025-12-28,2025-W52,1838.371068462809,1900.83100535637,1965.41306208943,0.9671407207071256,extrapolated,syndromic,2026-01-07
ARI incidence,LV,TRUE,2026-01-04,2026-W01,620.1660112939674,656.463176549087,694.884747498109,0.9447079949770713,extrapolated,syndromic,2026-01-14
ARI incidence,LV,TRUE,2026-01-11,2026-W02,1357.077583896421,1333.18801978912,1309.71900000442,1.017919125999257,extrapolated,syndromic,2026-01-21
ARI incidence,LV,TRUE,2026-01-18,2026-W03,1402.8920679786536,1415.48216262256,1428.18524563297,0.9911054374428998,extrapolated,syndromic,2026-01-28
ARI incidence,LV,TRUE,2026-01-25,2026-W04,1580.1391541609835,1522,1466,1.0381991814461118,extrapolated,syndromic,2026-02-04
ARI incidence,LV,TRUE,2026-02-01,2026-W05,1595.824276939028,1548.40961215609,1502.40371804356,1.0306215257324036,extrapolated,syndromic,2026-02-11
ARI incidence,LV,TRUE,2026-02-08,2026-W06,1725.2118335663001,1706.4264,1687.8455166851,1.0110086397903244,extrapolated,syndromic,2026-02-18
ARI incidence,LV,TRUE,2026-02-15,2026-W07,1501.6380358437789,1482.02486887467,1462.6678730396,1.0132340336393961,extrapolated,syndromic,2026-02-25
ARI incidence,LV,TRUE,2026-02-22,2026-W08,1557.872727272726,1521,1485,1.0242424242424242,extrapolated,syndromic,2026-03-04
ARI incidence,LV,TRUE,2026-03-01,2026-W09,1603.4352732067352,1543,1484.8426,1.039167383802162,extrapolated,syndromic,2026-03-11
ARI incidence,LV,TRUE,2026-03-08,2026-W10,1332.3784650218654,1340.20235,1348.07217776223,0.9941621614242542,extrapolated,syndromic,2026-03-18
ARI incidence,LV,TRUE,2026-03-15,2026-W11,1413.9588396292486,1357.92472512268,1304.1112,1.0412645218618473,extrapolated,syndromic,2026-03-25
ARI incidence,LV,TRUE,2026-03-22,2026-W12,1101.412551499392,1082.60087695926,1064.11049810304,1.0173763710528014,extrapolated,syndromic,2026-04-01
ARI incidence,LV,TRUE,2026-03-29,2026-W13,1074.4568184864263,1108.00976646448,1142.61049998277,0.9697178228986939,extrapolated,syndromic,2026-04-08
ARI incidence,LV,TRUE,2026-04-05,2026-W14,1033.7613058361296,1067.48754361468,1102.31409256591,0.9684059659709489,extrapolated,syndromic,2026-04-15
ARI incidence,LV,TRUE,2026-04-12,2026-W15,1021.2178555540086,1046,1071.38353883016,0.9763077012944625,extrapolated,syndromic,2026-04-22
ARI incidence,LV,TRUE,2026-04-19,2026-W16,953.5598029490949,992.607385193976,1033.25393760775,0.9606616041474942,extrapolated,syndromic,2026-04-29
ARI incidence,LV,TRUE,2026-04-26,2026-W17,822.7863358242573,877.742806480672,936.369991556503,0.937388868070861,extrapolated,syndromic,2026-05-06
ARI incidence,LV,TRUE,2026-05-03,2026-W18,955.9617344713007,1050.45474318513,1154.28800933168,0.9100456165990424,extrapolated,syndromic,2026-05-13
ARI incidence,LV,TRUE,2026-05-10,2026-W19,1228.4157771350713,1237.77569254356,1247.20692583813,0.9924381166435294,extrapolated,syndromic,2026-05-20
ARI incidence,LV,TRUE,2026-05-17,2026-W20,609.7990247605425,697.903584130963,798.737605285788,0.8737582649326413,extrapolated,syndromic,2026-05-27
ARI incidence,LV,TRUE,2026-05-24,2026-W21,739.0452164622347,723.384108384619,708.05487486725394,1.0216497817633683,extrapolated,syndromic,2026-06-03
ARI incidence,LV,TRUE,2026-05-31,2026-W22,594.2513072757256,709.706517305596,847.59315552054,0.8373197832983179,extrapolated,syndromic,2026-06-10
ARI incidence,LV,TRUE,2026-09-06,2026-W36,1058.7539262686773,1124.1796875,1193.6484375,0.9418013312650946,extrapolated,syndromic,2026-09-16
ARI incidence,LV,TRUE,2026-09-13,2026-W37,1172.8109378940242,1194.16870117188,1215.91540527344,0.9821149530573885,extrapolated,syndromic,2026-09-23
ARI incidence,LV,TRUE,2026-09-20,2026-W38,1194.5625538133231,1215.66015625,1237.13037109375,0.9826451477181276,extrapolated,syndromic,2026-09-30
ARI incidence,LV,TRUE,2026-09-27,2026-W39,1215.66015625,1215.66015625,1237.13037109375,0.9826451477181276,h1_nowcast,syndromic,2026-09-30
ARI incidence,NL,TRUE,2023-12-10,2023-W49,189.54052311375122,189.423904921922,189.307358481518,1.0006156466464846,extrapolated,ari_archive,2023-12-20
ARI incidence,NL,TRUE,2023-12-17,2023-W50,189.48362612723312,189.505159495515,189.5266953109,0.9998863705434757,extrapolated,ari_archive,2023-12-27
ARI incidence,NL,TRUE,2023-12-24,2023-W51,189.45071739242405,189.391159515177,189.33162036122,1.000314470207583,extrapolated,ari_archive,2024-01-03
ARI incidence,NL,TRUE,2023-12-31,2023-W52,189.63432788710017,189.508979021584,189.383713012048,1.0006614402450122,extrapolated,ari_archive,2024-01-10
ARI incidence,NL,TRUE,2026-02-01,2026-W05,156.15776338300913,157.28336,158.41707,0.9928435111190984,extrapolated,syndromic,2026-02-11
ARI incidence,NL,TRUE,2026-02-08,2026-W06,167.4142873798934,168.82915,170.25597,0.9916195596547951,extrapolated,syndromic,2026-02-18
ARI incidence,NL,TRUE,2026-02-15,2026-W07,181.36706392719964,179.59041,177.83116,1.009892810686271,extrapolated,syndromic,2026-02-25
ARI incidence,NL,TRUE,2026-02-22,2026-W08,171.757069459104,170.3832,169.02032,1.008063409180624,extrapolated,syndromic,2026-03-04
ARI incidence,NL,TRUE,2026-03-01,2026-W09,167.91379194893454,165.47119,163.06412,1.0147614938221847,extrapolated,syndromic,2026-03-11
ARI incidence,NL,TRUE,2026-03-08,2026-W10,151.4546520903075,149.29126,147.15877,1.0144910833380845,extrapolated,syndromic,2026-03-18
ARI incidence,NL,TRUE,2026-03-15,2026-W11,239.90775264270667,227.890410038475,216.475034322252,1.0527329895198432,extrapolated,syndromic,2026-03-25
ARI incidence,NL,TRUE,2026-03-22,2026-W12,222.9642301178191,213.65273355183,204.730106394412,1.0435823891002558,extrapolated,syndromic,2026-04-01
ARI incidence,NL,TRUE,2026-03-29,2026-W13,225.57742140905032,221.371040669027,217.243097029754,1.0190014950795312,extrapolated,syndromic,2026-04-08
ARI incidence,NL,TRUE,2026-04-05,2026-W14,202.315774547441,200.606896844661,198.912453325323,1.008518539141271,extrapolated,syndromic,2026-04-15
ARI incidence,NL,TRUE,2026-04-12,2026-W15,182.4370467734639,175.745656863763,169.2996924294,1.0380742831948797,extrapolated,syndromic,2026-04-22
ARI incidence,NL,TRUE,2026-04-19,2026-W16,213.6677806160374,208.421871772164,203.304758947601,1.025169665732625,extrapolated,syndromic,2026-04-29
ARI incidence,NL,TRUE,2026-04-26,2026-W17,184.18914563357993,176.229699668161,168.614208716261,1.0451651791974135,extrapolated,syndromic,2026-05-06
ARI incidence,NL,TRUE,2026-05-03,2026-W18,149.2405722957457,146.990279828225,144.773917920682,1.015309124318631,extrapolated,syndromic,2026-05-13
ARI incidence,NL,TRUE,2026-05-10,2026-W19,151.57175042542002,145.774072795792,140.198158560746,1.0397716652792555,extrapolated,syndromic,2026-05-20
ARI incidence,NL,TRUE,2026-05-17,2026-W20,132.26517008643648,134.453251472324,136.677530597557,0.9837260805378295,extrapolated,syndromic,2026-05-27
ARI incidence,NL,TRUE,2026-05-24,2026-W21,112.82123353980812,120.428330514613,128.548344451664,0.9368329948418413,extrapolated,syndromic,2026-06-03
ARI incidence,NL,TRUE,2026-05-31,2026-W22,123.25494309514959,125.50299276315,127.792044659401,0.9820876807914615,extrapolated,syndromic,2026-06-10
ARI incidence,NL,TRUE,2026-06-07,2026-W23,121.96112784841257,124.749328904058,127.601272114797,0.9776495707019814,extrapolated,syndromic,2026-06-17
ARI incidence,NL,TRUE,2026-08-02,2026-W31,100.3032647233735,103.598318305393,107.001617398048,0.9681939471999319,extrapolated,syndromic,2026-08-12
ARI incidence,NL,TRUE,2026-08-09,2026-W32,100.77459578089587,100.620500254257,100.466640356758,1.0015314525991177,extrapolated,syndromic,2026-08-19
ARI incidence,NL,TRUE,2026-08-16,2026-W33,90.96768637967887,97.4606484598308,104.41705594848,0.9333786283719632,extrapolated,syndromic,2026-08-26
ARI incidence,NL,TRUE,2026-08-23,2026-W34,109.01449427821635,114.249000183169,119.734849290238,0.9541833548078282,extrapolated,syndromic,2026-09-02
ARI incidence,NL,TRUE,2026-08-30,2026-W35,78.24713487685355,83.8564074878492,89.8677898920531,0.9331085986266646,extrapolated,syndromic,2026-09-09
ARI incidence,NL,TRUE,2026-09-06,2026-W36,92.65961297011867,95.8723870241083,99.1965571523004,0.9664890574469398,extrapolated,syndromic,2026-09-16
ARI incidence,NL,TRUE,2026-09-13,2026-W37,103.4770363884827,107.685648390084,112.065432814072,0.9609176147005606,extrapolated,syndromic,2026-09-23
ARI incidence,NL,TRUE,2026-09-20,2026-W38,114.3070835968823,113.722919560227,113.141740882055,1.005136730915055,extrapolated,syndromic,2026-09-30
ARI incidence,NL,TRUE,2026-09-27,2026-W39,113.722919560227,113.722919560227,113.141740882055,1.005136730915055,h1_nowcast,syndromic,2026-09-30
ARI incidence,PT,TRUE,2026-02-01,2026-W05,44.75612399412285,43.098137,41.50157,1.038470038603359,extrapolated,syndromic,2026-02-11
ARI incidence,PT,TRUE,2026-02-08,2026-W06,39.575406477525014,39.22801,38.883663,1.0088558271889148,extrapolated,syndromic,2026-02-18
ARI incidence,PT,TRUE,2026-02-15,2026-W07,42.738667566244516,37.571217,33.028553,1.1375374815844943,extrapolated,syndromic,2026-02-25
ARI incidence,PT,TRUE,2026-02-22,2026-W08,30.750601837312068,26.851732,23.4472,1.1451999385854175,extrapolated,syndromic,2026-03-04
ARI incidence,PT,TRUE,2026-03-01,2026-W09,25.750804550075337,25.509802,25.271055,1.0094474488698633,extrapolated,syndromic,2026-03-11
ARI incidence,PT,TRUE,2026-03-08,2026-W10,25.04041292233014,25.002659,24.964962,1.0015099962900005,extrapolated,syndromic,2026-03-18
ARI incidence,PT,TRUE,2026-03-15,2026-W11,31.05133330502294,32.32097,33.64252,0.9607178653679928,extrapolated,syndromic,2026-03-25
ARI incidence,PT,TRUE,2026-03-22,2026-W12,27.08807979051169,26.980558,26.873463,1.0039851581465329,extrapolated,syndromic,2026-04-01
ARI incidence,PT,TRUE,2026-03-29,2026-W13,18.82762796888448,17.841501,16.907024,1.055271525018241,extrapolated,syndromic,2026-04-08
ARI incidence,RO,TRUE,2023-12-10,2023-W49,631.9032130373573,629.336863557724,626.780936797133,1.0040778629510525,extrapolated,ari_archive,2023-12-20
ARI incidence,RO,TRUE,2023-12-17,2023-W50,811.1887332532731,818.161840648167,825.194889983509,0.991477105080616,extrapolated,ari_archive,2023-12-27
ARI incidence,RO,TRUE,2023-12-24,2023-W51,757.2374252269096,750.320040365867,743.465846007198,1.0092192457736688,extrapolated,ari_archive,2024-01-03
ARI incidence,RO,TRUE,2023-12-31,2023-W52,879.5134614830224,873.24810475758,867.027380316481,1.0071747727722604,extrapolated,ari_archive,2024-01-10
ARI incidence,RO,TRUE,2024-01-07,2024-W01,632.5294892526651,662.286164347855,693.4427104811,0.9550697618385389,extrapolated,ari_archive,2024-01-17
ARI incidence,RO,TRUE,2024-01-14,2024-W02,663.1897260378043,660.65,658.12,1.0038442837172552,extrapolated,ari_archive,2024-01-24
ARI incidence,RO,TRUE,2024-01-21,2024-W03,844.1745312824786,832.970776766467,821.915716756868,1.0134503572376257,extrapolated,ari_archive,2024-01-31
ARI incidence,RO,TRUE,2024-01-28,2024-W04,1223.4099311685823,1263.87047471829,1305.66912705936,0.9679867958314912,extrapolated,ari_archive,2024-02-07
ARI incidence,RO,TRUE,2024-02-04,2024-W05,1098.800814136305,1085.70552757478,1072.76630799821,1.0120615454457313,extrapolated,ari_archive,2024-02-14
ARI incidence,RO,TRUE,2024-02-11,2024-W06,1149.8963616554336,1121.07442025771,1092.97489553477,1.0257092133019134,extrapolated,ari_archive,2024-02-21
ARI incidence,RO,TRUE,2024-02-18,2024-W07,1035.5481673087393,958.053045398111,886.357261567092,1.0808881327426143,extrapolated,ari_archive,2024-02-28
ARI incidence,RO,TRUE,2024-02-25,2024-W08,898.6715582025448,853.668042280819,810.9182044986,1.05271781733973,extrapolated,ari_archive,2024-03-06
ARI incidence,RO,TRUE,2024-03-03,2024-W09,800.9595644945585,734.445574827817,673.455098478729,1.0905635379208796,extrapolated,ari_archive,2024-03-13
ARI incidence,RO,TRUE,2024-03-10,2024-W10,715.9397154737142,670.843770109996,628.588349226613,1.0672227236399976,extrapolated,ari_archive,2024-03-20
ARI incidence,RO,TRUE,2024-03-17,2024-W11,684.2533119127119,656.432584671801,629.743007036947,1.042381697512503,extrapolated,ari_archive,2024-03-27
ARI incidence,RO,TRUE,2024-03-31,2024-W13,947.9377321045866,940.54,933.2,1.0078654093441919,extrapolated,ari_archive,2024-04-10
ARI incidence,RO,TRUE,2024-04-07,2024-W14,866.6727409223722,845.984997645967,825.791077126021,1.0244540309035868,extrapolated,ari_archive,2024-04-17
ARI incidence,RO,TRUE,2024-04-14,2024-W15,1268.745467743693,1220.46564488668,1174.023023702,1.039558526746975,extrapolated,ari_archive,2024-04-24
ARI incidence,RO,TRUE,2024-04-21,2024-W16,828.3342823728124,797.119309333855,767.080642241129,1.039159725116989,extrapolated,ari_archive,2024-05-01
ARI incidence,RO,TRUE,2024-10-13,2024-W41,905.294135520368,904.682484601292,904.071246936685,1.0006760945740483,extrapolated,syndromic,2024-10-23
ARI incidence,RO,TRUE,2024-10-20,2024-W42,985.6121884541903,990.254564548134,994.918806905553,0.9953119366876519,extrapolated,syndromic,2024-10-30
ARI incidence,RO,TRUE,2024-10-27,2024-W43,973.0169636997435,975.62,978.23,0.997331915807121,extrapolated,syndromic,2024-11-06
ARI incidence,RO,TRUE,2024-11-03,2024-W44,817.5116891330664,830.03,842.74,0.9849182428744333,extrapolated,syndromic,2024-11-13
ARI incidence,RO,TRUE,2024-11-10,2024-W45,916.1073419951003,896.89,878.075783508241,1.0214266431726304,extrapolated,syndromic,2024-11-20
ARI incidence,RO,TRUE,2024-11-17,2024-W46,456.67509431879375,554.367148663678,672.957512552593,0.8237773385735895,extrapolated,syndromic,2024-11-27
ARI incidence,RO,TRUE,2024-11-24,2024-W47,808.3698140989285,822.832020287792,837.552963757788,0.9824238655858268,extrapolated,syndromic,2024-12-04
ARI incidence,RO,TRUE,2024-12-01,2024-W48,890.1642312840381,862.790548058363,836.258640436566,1.0317269159789442,extrapolated,syndromic,2024-12-11
ARI incidence,RO,TRUE,2024-12-08,2024-W49,1029.4304914725528,1029.17906303551,1028.92769600743,1.0002442999921717,extrapolated,syndromic,2024-12-18
ARI incidence,RO,TRUE,2024-12-15,2024-W50,1089.36586480969,1041.86971500773,996.444388534169,1.0455874176183424,extrapolated,syndromic,2024-12-25
ARI incidence,RO,TRUE,2024-12-22,2024-W51,892.0548591337042,996.719730563156,1113.66494013457,0.8949906696736964,extrapolated,syndromic,2025-01-01
ARI incidence,RO,TRUE,2024-12-29,2024-W52,519.648544519371,620.081071051134,739.9242021,0.8380332327166272,extrapolated,syndromic,2025-01-08
ARI incidence,RO,TRUE,2025-01-05,2025-W01,371.033338138467,389.954834065363,409.841264868213,0.9514777244081447,extrapolated,syndromic,2025-01-15
ARI incidence,RO,TRUE,2025-01-12,2025-W02,862.4440602242698,806.066992426333,753.375234690902,1.0699409209503012,extrapolated,syndromic,2025-01-22
ARI incidence,RO,TRUE,2025-01-19,2025-W03,1034.4952050398995,1085.41755136263,1138.84651670339,0.9530850166751,extrapolated,syndromic,2025-01-29
ARI incidence,RO,TRUE,2025-01-26,2025-W04,1272.5344145465324,1316.85575046841,1362.72076237692,0.9663430592864013,extrapolated,syndromic,2025-02-05
ARI incidence,RO,TRUE,2025-02-02,2025-W05,1224.3065305983625,1234.03440818792,1243.83957982111,0.9921170126821337,extrapolated,syndromic,2025-02-12
ARI incidence,RO,TRUE,2025-02-09,2025-W06,1460.4977969647578,1332.10828338173,1215.0052415978,1.0963806885556584,extrapolated,syndromic,2025-02-19
ARI incidence,RO,TRUE,2025-02-16,2025-W07,1278.3668422890405,1298.69321787857,1319.34278829054,0.9843485934093554,extrapolated,syndromic,2025-02-26
ARI incidence,RO,TRUE,2025-02-23,2025-W08,1255.2822646338025,1197.70991243375,1142.77806255834,1.0480686947668858,extrapolated,syndromic,2025-03-05
ARI incidence,RO,TRUE,2025-03-02,2025-W09,1061.6326530612243,1020,980,1.0408163265306123,extrapolated,syndromic,2025-03-12
ARI incidence,RO,TRUE,2025-03-09,2025-W10,886.8936146795903,856.295422126178,826.752879734228,1.0357332198243407,extrapolated,syndromic,2025-03-19
ARI incidence,RO,TRUE,2025-03-16,2025-W11,838.9681655057072,789.990707447488,743.872465622341,1.0619975116118372,extrapolated,syndromic,2025-03-26
ARI incidence,RO,TRUE,2025-03-23,2025-W12,989.8269993571265,947.886389872133,907.722873480292,1.044246451824939,extrapolated,syndromic,2025-04-02
ARI incidence,RO,TRUE,2025-03-30,2025-W13,900.2985584839033,884.725830941729,869.422469423544,1.0176017552529228,extrapolated,syndromic,2025-04-09
ARI incidence,RO,TRUE,2025-04-06,2025-W14,834.3193770922912,822.169058959126,810.195687729977,1.014778369485891,extrapolated,syndromic,2025-04-16
ARI incidence,RO,TRUE,2025-04-13,2025-W15,846.2415541602845,847.296046247419,848.351852325288,0.9987554620468205,extrapolated,syndromic,2025-04-23
ARI incidence,RO,TRUE,2025-04-20,2025-W16,837.1773639796816,803.771813893062,771.699231973767,1.0415609872220077,extrapolated,syndromic,2025-04-30
ARI incidence,RO,TRUE,2025-04-27,2025-W17,507.78819804292846,549.85726948829,595.411665679472,0.9234909243183936,extrapolated,syndromic,2025-05-07
ARI incidence,RO,TRUE,2025-05-04,2025-W18,607.6446869914291,600.526243306107,593.491190855146,1.011853676279212,extrapolated,syndromic,2025-05-14
ARI incidence,RO,TRUE,2025-05-11,2025-W19,525.422833022243,491.715031446163,460.169708954893,1.068551497148549,extrapolated,syndromic,2025-05-21
ARI incidence,RO,TRUE,2025-05-18,2025-W20,626.2205536120753,583.963944424649,544.558760361677,1.0723616750500908,extrapolated,syndromic,2025-05-28
ARI incidence,RO,TRUE,2025-05-25,2025-W21,617.9180111082741,569.102718637522,524.143816069908,1.085775890488838,extrapolated,syndromic,2025-06-04
ARI incidence,RO,TRUE,2025-06-01,2025-W22,556.1560247252528,562.499997001601,568.916333834753,0.9887218270041518,extrapolated,syndromic,2025-06-11
ARI incidence,RO,TRUE,2025-06-08,2025-W23,540.4770411177725,554.851528090371,569.608317843672,0.9740930929359233,extrapolated,syndromic,2025-06-18
ARI incidence,RO,TRUE,2025-06-15,2025-W24,551.2898916155821,568.280333193421,585.794410537851,0.9701020067290342,extrapolated,syndromic,2025-06-25
ARI incidence,RO,TRUE,2025-06-22,2025-W25,503.9428022735386,515.916677672359,528.175056970074,0.9767910674009553,extrapolated,syndromic,2025-07-02
ARI incidence,RO,TRUE,2025-06-29,2025-W26,515.1967459116798,532.087294586852,549.531594109273,0.968256057141362,extrapolated,syndromic,2025-07-09
ARI incidence,RO,TRUE,2025-07-06,2025-W27,528.3425658033555,515.5,502.969601920937,1.0249128337601459,extrapolated,syndromic,2025-07-16
ARI incidence,RO,TRUE,2025-07-13,2025-W28,545.3581201185644,543.715367269516,542.077562796266,1.0030213471016982,extrapolated,syndromic,2025-07-23
ARI incidence,RO,TRUE,2025-07-20,2025-W29,453.884918041909,432.036417962524,411.23963151526,1.0505709684901618,extrapolated,syndromic,2025-07-30
ARI incidence,RO,TRUE,2025-07-27,2025-W30,463.77433335178523,455.949937349921,448.257547732178,1.0171606471696022,extrapolated,syndromic,2025-08-06
ARI incidence,RO,TRUE,2025-08-03,2025-W31,386.9253921700457,448.257547732178,519.311560225955,0.863176524584084,extrapolated,syndromic,2025-08-13
ARI incidence,RO,TRUE,2025-08-10,2025-W32,486.75155946339237,517.11622247665,549.375101834946,0.9412807765576755,extrapolated,syndromic,2025-08-20
ARI incidence,RO,TRUE,2025-08-24,2025-W34,558.1931260229131,584,611,0.955810147299509,extrapolated,syndromic,2025-09-03
ARI incidence,RO,TRUE,2025-08-31,2025-W35,598.977523949889,637.5,678.5,0.9395725865880619,extrapolated,syndromic,2025-09-10
ARI incidence,RO,TRUE,2025-09-07,2025-W36,636.8679054054054,686.5,740,0.9277027027027027,extrapolated,syndromic,2025-09-17
ARI incidence,RO,TRUE,2025-09-14,2025-W37,708.4881767268207,754.5,803.5,0.9390168014934661,extrapolated,syndromic,2025-09-24
ARI incidence,RO,TRUE,2025-09-21,2025-W38,746.675824558137,689,635.779255717737,1.083709469605424,extrapolated,syndromic,2025-10-01
ARI incidence,RO,TRUE,2025-09-28,2025-W39,558.6010615344078,635.779255717737,723.620647785149,0.8786085052488813,extrapolated,syndromic,2025-10-08
ARI incidence,RO,TRUE,2025-10-05,2025-W40,971.0401049320927,942.169612794981,914.157484089004,1.0306425634461576,extrapolated,syndromic,2025-10-15
ARI incidence,RO,TRUE,2025-10-12,2025-W41,997.053187748771,930.041119702575,867.532941036611,1.072052801351005,extrapolated,syndromic,2025-10-22
ARI incidence,RO,TRUE,2025-10-19,2025-W42,875.5448558600227,878.635135497172,881.736322431842,0.9964828635774956,extrapolated,syndromic,2025-10-29
ARI incidence,RO,TRUE,2025-10-26,2025-W43,802.7716860803065,781.341594142056,760.483581225083,1.0274273020902993,extrapolated,syndromic,2025-11-05
ARI incidence,RO,TRUE,2025-11-02,2025-W44,647.3717481428105,659,670.837121400295,0.9823547012789239,extrapolated,syndromic,2025-11-12
ARI incidence,RO,TRUE,2025-11-09,2025-W45,582.8093337396431,601.86072409417,621.534883257343,0.9683458488121139,extrapolated,syndromic,2025-11-19
ARI incidence,RO,TRUE,2025-11-16,2025-W46,686.4474260599936,688.58735022813,690.733945373928,0.9968922981704107,extrapolated,syndromic,2025-11-26
ARI incidence,RO,TRUE,2025-11-23,2025-W47,728.4567735849259,723.679865324369,718.93428198707,1.0066008583207113,extrapolated,syndromic,2025-12-03
ARI incidence,RO,TRUE,2025-11-30,2025-W48,896.9322383447085,878.189218449181,859.837867823399,1.0213428034662357,extrapolated,syndromic,2025-12-10
ARI incidence,RO,TRUE,2025-12-07,2025-W49,736.8296520851187,774.162302613229,813.386471474661,0.9517767134848961,extrapolated,syndromic,2025-12-17
ARI incidence,RO,TRUE,2025-12-14,2025-W50,973.1105954684846,988.85237622217,1004.84880805298,0.9840807575203229,extrapolated,syndromic,2025-12-24
ARI incidence,RO,TRUE,2025-12-21,2025-W51,908.9405950850959,903.405580014335,897.904270547658,1.0061268329454782,extrapolated,syndromic,2025-12-31
ARI incidence,RO,TRUE,2025-12-28,2025-W52,898.1145272315308,873.053264424817,848.691318770231,1.028705307943867,extrapolated,syndromic,2026-01-07
ARI incidence,RO,TRUE,2026-01-04,2026-W01,679.9281033152648,641.026429644299,604.350491616593,1.0606865362673912,extrapolated,syndromic,2026-01-14
ARI incidence,RO,TRUE,2026-01-11,2026-W02,674.9143073681415,673.278573378747,671.646803782543,1.0024295054886203,extrapolated,syndromic,2026-01-21
ARI incidence,RO,TRUE,2026-01-18,2026-W03,841.4395056706583,807.941248851301,775.776579535708,1.0414612533609136,extrapolated,syndromic,2026-01-28
ARI incidence,RO,TRUE,2026-01-25,2026-W04,847.4950312363359,898.919586029784,953.464495206723,0.942792930988885,extrapolated,syndromic,2026-02-04
ARI incidence,RO,TRUE,2026-02-01,2026-W05,934.5553484472988,926.954779371211,919.416024344314,1.0081995036276132,extrapolated,syndromic,2026-02-11
ARI incidence,RO,TRUE,2026-02-08,2026-W06,1013.8998708816127,954.611074147547,898.78924838283,1.0621078032087676,extrapolated,syndromic,2026-02-18
ARI incidence,RO,TRUE,2026-02-15,2026-W07,943.760416666667,903,864,1.0451388888888888,extrapolated,syndromic,2026-02-25
ARI incidence,RO,TRUE,2026-02-22,2026-W08,783.4990479709606,776.796726670503,770.151739339922,1.0086281533769907,extrapolated,syndromic,2026-03-04
ARI incidence,RO,TRUE,2026-03-01,2026-W09,798.1033957364158,786.180129233129,774.434990382059,1.015166074618188,extrapolated,syndromic,2026-03-11
ARI incidence,RO,TRUE,2026-03-08,2026-W10,770.3318117481552,773.557052303597,776.795796360364,0.9958306364787992,extrapolated,syndromic,2026-03-18
ARI incidence,RO,TRUE,2026-03-15,2026-W11,781.9632916737547,773.790924327047,765.703967112452,1.0105614670446228,extrapolated,syndromic,2026-03-25
ARI incidence,RO,TRUE,2026-03-22,2026-W12,795.7769668478606,763.743750677858,733,1.0419423610884828,extrapolated,syndromic,2026-04-01
ARI incidence,RO,TRUE,2026-03-29,2026-W13,811.7314988546536,791.238974083906,771.263792267168,1.0258992863622185,extrapolated,syndromic,2026-04-08
ARI incidence,RO,TRUE,2026-04-05,2026-W14,591.8245471544326,661.644617479575,739.701659798608,0.8944749666503589,extrapolated,syndromic,2026-04-15
ARI incidence,RO,TRUE,2026-04-12,2026-W15,557.0627136129883,607.454316385295,662.404317283896,0.9170446214422084,extrapolated,syndromic,2026-04-22
ARI incidence,RO,TRUE,2026-04-19,2026-W16,626.2188690383435,617.100905317242,608.115702307339,1.0147754826520856,extrapolated,syndromic,2026-04-29
ARI incidence,RO,TRUE,2026-04-26,2026-W17,623.7158915573626,614.079453572337,604.591898978446,1.0156924937464789,extrapolated,syndromic,2026-05-06
ARI incidence,RO,TRUE,2026-05-03,2026-W18,606.0185030917062,582.620722870389,560.126308002592,1.0401595399937775,extrapolated,syndromic,2026-05-13
ARI incidence,RO,TRUE,2026-05-10,2026-W19,644.8993781628021,559.780306583275,485.895943226294,1.1520579959289168,extrapolated,syndromic,2026-05-20
ARI incidence,RO,TRUE,2026-05-17,2026-W20,642.0585421177512,690.239948693004,742.036988091882,0.9301961489385158,extrapolated,syndromic,2026-05-27
ARI incidence,RO,TRUE,2026-05-24,2026-W21,673.6149436858557,736.722519555673,805.742324911335,0.9143401020130635,extrapolated,syndromic,2026-06-03
ARI incidence,RO,TRUE,2026-05-31,2026-W22,1036.16322057006,810.309548204814,633.685456959813,1.278725177144474,extrapolated,syndromic,2026-06-10
ARI incidence,RO,TRUE,2026-08-02,2026-W31,464.16931926933177,455.14093356724,446.288155655241,1.0198364617116071,extrapolated,syndromic,2026-08-12
ARI incidence,RO,TRUE,2026-08-09,2026-W32,482.14705377855176,488.004535871552,493.933179026724,0.9879970744891967,extrapolated,syndromic,2026-08-19
ARI incidence,RO,TRUE,2026-08-16,2026-W33,466.5313313817115,475.071002618743,483.766989155372,0.9820244317376602,extrapolated,syndromic,2026-08-26
ARI incidence,RO,TRUE,2026-08-23,2026-W34,462.3606071615016,466.916779029617,471.517848109498,0.990242004415467,extrapolated,syndromic,2026-09-02
ARI incidence,RO,TRUE,2026-08-30,2026-W35,357.90684714430455,425.201873779297,505.149971027321,0.8417339367842901,extrapolated,syndromic,2026-09-09
ARI incidence,RO,TRUE,2026-09-06,2026-W36,519.7823191834569,505.149971027321,490.929536867988,1.0289663446409354,extrapolated,syndromic,2026-09-16
ARI incidence,RO,TRUE,2026-09-13,2026-W37,517.0237031024885,575.514918545296,640.623281835383,0.8983671603324317,extrapolated,syndromic,2026-09-23
ARI incidence,RO,TRUE,2026-09-20,2026-W38,556.9349408287375,581.554075961435,607.261492274301,0.9576666450286727,extrapolated,syndromic,2026-09-30
ARI incidence,RO,TRUE,2026-09-27,2026-W39,581.554075961435,581.554075961435,607.261492274301,0.9576666450286727,h1_nowcast,syndromic,2026-09-30
ARI incidence,SI,TRUE,2023-12-10,2023-W49,2772.845702638078,2502.30884557521,2258.16732344202,1.1081148945867556,extrapolated,ari_archive,2023-12-20
ARI incidence,SI,TRUE,2023-12-17,2023-W50,2827.566993915363,2760.33156456658,2694.69489590833,1.0243577366617325,extrapolated,ari_archive,2023-12-27
ARI incidence,SI,TRUE,2023-12-24,2023-W51,2298.022839148311,2294.03483062142,2290.0537429187,1.0017384254474508,extrapolated,ari_archive,2024-01-03
ARI incidence,SI,TRUE,2023-12-31,2023-W52,2087.712602814849,1952.75339759606,1826.51856710621,1.0691122624008398,extrapolated,ari_archive,2024-01-10
ARI incidence,SI,TRUE,2024-01-07,2024-W01,1511.6258788607108,1499.10597541242,1486.68976692235,1.0083515799774243,extrapolated,ari_archive,2024-01-17
ARI incidence,SI,TRUE,2024-01-14,2024-W02,1808.1614372764643,1677.0317373256,1555.41169611135,1.0781915434468634,extrapolated,ari_archive,2024-01-24
ARI incidence,SI,TRUE,2024-01-21,2024-W03,2457.0304641344815,2442.36934882173,2427.79571647077,1.0060028248060942,extrapolated,ari_archive,2024-01-31
ARI incidence,SI,TRUE,2024-01-28,2024-W04,2933.020501536199,2918,2903.05642103092,1.0051475330830026,extrapolated,ari_archive,2024-02-07
ARI incidence,SI,TRUE,2024-02-04,2024-W05,2985.1254650199803,2762.28281394826,2556.07559335294,1.080673365502789,extrapolated,ari_archive,2024-02-14
ARI incidence,SI,TRUE,2024-02-11,2024-W06,2339.723979723458,2081.51705000494,1851.80528430254,1.1240474728361725,extrapolated,ari_archive,2024-02-21
ARI incidence,SI,TRUE,2024-02-18,2024-W07,2461.1908701159014,2271.2365107737,2095.94280171719,1.0836347771098016,extrapolated,ari_archive,2024-02-28
ARI incidence,SI,TRUE,2024-02-25,2024-W08,1856.6461276625116,1709.37841572854,1573.7918629854,1.0861527854680475,extrapolated,ari_archive,2024-03-06
ARI incidence,SI,TRUE,2024-03-03,2024-W09,1603.6526119813225,1541.7495630176,1482.23605119077,1.0401511701048016,extrapolated,ari_archive,2024-03-13
ARI incidence,SI,TRUE,2024-03-10,2024-W10,1508.126126691069,1359.34162670324,1225.23549283138,1.1094533537891202,extrapolated,ari_archive,2024-03-20
ARI incidence,SI,TRUE,2024-03-17,2024-W11,1411.7882738628082,1414.34742090153,1416.91120690325,0.998190581040485,extrapolated,ari_archive,2024-03-27
ARI incidence,SI,TRUE,2024-03-24,2024-W12,1406.0267618267742,1331.96740235614,1261.80895634897,1.0556014804413598,extrapolated,ari_archive,2024-04-03
ARI incidence,SI,TRUE,2024-03-31,2024-W13,1372.503849507211,1329.42810971629,1287.70429280646,1.0324017067760922,extrapolated,ari_archive,2024-04-10
ARI incidence,SI,TRUE,2024-04-07,2024-W14,1115.5283048097647,1067.50582786572,1021.55067479136,1.044985681286683,extrapolated,ari_archive,2024-04-17
ARI incidence,SI,TRUE,2024-04-14,2024-W15,1276.0848816608573,1213.40832848184,1153.81021497001,1.0516533072238219,extrapolated,ari_archive,2024-04-24
ARI incidence,SI,TRUE,2024-04-21,2024-W16,1276.0204854948065,1228.56450375003,1182.8734389709,1.0386271796067053,extrapolated,ari_archive,2024-05-01
ARI incidence,SI,TRUE,2024-10-13,2024-W41,1621.1046287688714,1675.36022890612,1731.43167121297,0.9676155615961624,extrapolated,syndromic,2024-10-23
ARI incidence,SI,TRUE,2024-10-20,2024-W42,1542.1281876591695,1488.83317211081,1437.38,1.0357964992631106,extrapolated,syndromic,2024-10-30
ARI incidence,SI,TRUE,2024-10-27,2024-W43,1555.549238207687,1493.36421564512,1433.66511698398,1.041640895041605,extrapolated,syndromic,2024-11-06
ARI incidence,SI,TRUE,2024-11-03,2024-W44,962.052708441691,922.42,884.42,1.042966011623437,extrapolated,syndromic,2024-11-13
ARI incidence,SI,TRUE,2024-11-10,2024-W45,1250.1244425145076,1341.96263174867,1440.54755172017,0.9315642723117478,extrapolated,syndromic,2024-11-20
ARI incidence,SI,TRUE,2024-11-17,2024-W46,1491.1034811003012,1523.05956709453,1555.70050926743,0.9790184923264758,extrapolated,syndromic,2024-11-27
ARI incidence,SI,TRUE,2024-11-24,2024-W47,1730.0766944276281,1821.15747623279,1917.03325287313,0.949987421190192,extrapolated,syndromic,2024-12-04
ARI incidence,SI,TRUE,2024-12-01,2024-W48,1727.6788027339699,1705.61588409623,1683.83471480799,1.0129354556576675,extrapolated,syndromic,2024-12-11
ARI incidence,SI,TRUE,2024-12-08,2024-W49,1516.1189150040027,1456.57,1399.36,1.0408829750743198,extrapolated,syndromic,2024-12-18
ARI incidence,SI,TRUE,2024-12-15,2024-W50,1818.8653004030944,1742.63,1669.59,1.0437472672931678,extrapolated,syndromic,2024-12-25
ARI incidence,SI,TRUE,2024-12-22,2024-W51,1952.1893501190477,1785,1632.12907590429,1.0936635014672544,extrapolated,syndromic,2025-01-01
ARI incidence,SI,TRUE,2024-12-29,2024-W52,1711.8309278922954,1678.02903274984,1644.89459144094,1.0201438082910066,extrapolated,syndromic,2025-01-08
ARI incidence,SI,TRUE,2025-01-05,2025-W01,943.6880603095224,894.40964977517,847.704506665644,1.0550960184147609,extrapolated,syndromic,2025-01-15
ARI incidence,SI,TRUE,2025-01-12,2025-W02,1591.3471059154886,1580.27,1569.27,1.0070096286808516,extrapolated,syndromic,2025-01-22
ARI incidence,SI,TRUE,2025-01-19,2025-W03,1870.4759590268986,1981.74825409567,2099.64,0.9438514479128185,extrapolated,syndromic,2025-01-29
ARI incidence,SI,TRUE,2025-01-26,2025-W04,2590.695113662208,2485.03282242596,2383.68,1.0425194751082194,extrapolated,syndromic,2025-02-05
ARI incidence,SI,TRUE,2025-02-02,2025-W05,3102.4496583312043,3040.4741419142,2979.73666803073,1.020383503862981,extrapolated,syndromic,2025-02-12
ARI incidence,SI,TRUE,2025-02-09,2025-W06,2265.705230096476,2084.71204728448,1918.17729083319,1.0868192722576508,extrapolated,syndromic,2025-02-19
ARI incidence,SI,TRUE,2025-02-16,2025-W07,2230.216497737339,2204.0665760464,2178.22326961238,1.011864397371266,extrapolated,syndromic,2025-02-26
ARI incidence,SI,TRUE,2025-02-23,2025-W08,2413.204630791266,2270.56521005336,2136.35690373022,1.0628211073200378,extrapolated,syndromic,2025-03-05
ARI incidence,SI,TRUE,2025-03-02,2025-W09,1970.2990771955447,1913.3618597549,1858.07,1.029757683916591,extrapolated,syndromic,2025-03-12
ARI incidence,SI,TRUE,2025-03-09,2025-W10,1728.2602196306796,1642.75948812992,1561.48866078603,1.0520470173014125,extrapolated,syndromic,2025-03-19
ARI incidence,SI,TRUE,2025-03-16,2025-W11,1697.8442257457605,1600.95962318524,1509.60357623128,1.0605165809039947,extrapolated,syndromic,2025-03-26
ARI incidence,SI,TRUE,2025-03-23,2025-W12,1655.5963847966298,1621.2885698143,1587.69169270286,1.0211608319586563,extrapolated,syndromic,2025-04-02
ARI incidence,SI,TRUE,2025-03-30,2025-W13,1589.224491168993,1543.86287180339,1499.79602012033,1.0293818966658708,extrapolated,syndromic,2025-04-09
ARI incidence,SI,TRUE,2025-04-06,2025-W14,1462.9798972320787,1429.16039369409,1396.12269093253,1.023663896429828,extrapolated,syndromic,2025-04-16
ARI incidence,SI,TRUE,2025-04-13,2025-W15,1141.3934819303468,1324.08293778697,1536.01335025458,0.862025670263553,extrapolated,syndromic,2025-04-23
ARI incidence,SI,TRUE,2025-04-20,2025-W16,1212.0511564703552,1250.7521518109,1290.68887637983,0.9690578222995568,extrapolated,syndromic,2025-04-30
ARI incidence,SI,TRUE,2025-04-27,2025-W17,978.1337020285774,971.655427829221,965.220059867034,1.0066672546808377,extrapolated,syndromic,2025-05-07
ARI incidence,SI,TRUE,2025-05-04,2025-W18,1053.7567485529141,1022.5,992.170395526059,1.030568947240015,extrapolated,syndromic,2025-05-14
ARI incidence,SI,TRUE,2025-05-11,2025-W19,951.7763886929266,980.35447738264,1009.79065328996,0.9708492291828854,extrapolated,syndromic,2025-05-21
ARI incidence,SI,TRUE,2025-05-18,2025-W20,1168.7636973045499,1111.08566951461,1056.25402966212,1.0519114136492618,extrapolated,syndromic,2025-05-28
ARI incidence,SI,TRUE,2025-05-25,2025-W21,1293.6638617030178,1057.10346486966,863.800689282896,1.2237816871241893,extrapolated,syndromic,2025-06-04
ARI incidence,SI,TRUE,2025-06-01,2025-W22,1231.6424964754997,1118.24540997965,1015.28877131062,1.1014062615270777,extrapolated,syndromic,2025-06-11
ARI incidence,SI,TRUE,2025-06-08,2025-W23,843.7194644176388,809.653608633107,776.963189328677,1.0420746050178717,extrapolated,syndromic,2025-06-18
ARI incidence,SI,TRUE,2025-06-15,2025-W24,818.7493085530006,786.016385035144,754.592096860039,1.0416440727458793,extrapolated,syndromic,2025-06-25
ARI incidence,SI,TRUE,2025-06-22,2025-W25,684.0774712725573,684.949134679582,685.821908775274,0.9987274041780752,extrapolated,syndromic,2025-07-02
ARI incidence,SI,TRUE,2025-06-29,2025-W26,680.5037973292284,699.297648253104,718.610539385035,0.9731246759218721,extrapolated,syndromic,2025-07-09
ARI incidence,SI,TRUE,2025-07-06,2025-W27,751.2989171618219,735.152631542453,719.353348338963,1.0219631746206113,extrapolated,syndromic,2025-07-16
ARI incidence,SI,TRUE,2025-07-13,2025-W28,699.0688679992071,691.270182673956,683.558498065782,1.0112816746920639,extrapolated,syndromic,2025-07-23
ARI incidence,SI,TRUE,2025-07-20,2025-W29,526.2281717564064,564.697700667804,605.979516594786,0.9318758888766421,extrapolated,syndromic,2025-07-30
ARI incidence,SI,TRUE,2025-07-27,2025-W30,471.86758255955965,516.398282745537,565.131397618061,0.9137667539302783,extrapolated,syndromic,2025-08-06
ARI incidence,SI,TRUE,2025-08-03,2025-W31,490.263732830711,590.033236619618,710.106004182111,0.8309086715851799,extrapolated,syndromic,2025-08-13
ARI incidence,SI,TRUE,2025-08-10,2025-W32,436.58339953905096,530.283949409182,644.094730349103,0.823301176710086,extrapolated,syndromic,2025-08-20
ARI incidence,SI,TRUE,2025-08-17,2025-W33,445.1246813660724,441.551507472791,438.007016715283,1.0080923150137844,extrapolated,syndromic,2025-08-27
ARI incidence,SI,TRUE,2025-08-24,2025-W34,548.122701824358,589.661942981739,634.349217508633,0.929554142586633,extrapolated,syndromic,2025-09-03
ARI incidence,SI,TRUE,2025-08-31,2025-W35,709.172454199469,727.73617969156,746.785840448205,0.9744911328993439,extrapolated,syndromic,2025-09-10
ARI incidence,SI,TRUE,2025-09-07,2025-W36,518.690805874945,562.821443756868,610.706752394098,0.9215903402909669,extrapolated,syndromic,2025-09-17
ARI incidence,SI,TRUE,2025-09-14,2025-W37,994.1244728314622,1066.13084132218,1143.35277108809,0.932460101800059,extrapolated,syndromic,2025-09-24
ARI incidence,SI,TRUE,2025-09-21,2025-W38,1144.2421238597813,1116.61179330046,1089.64865996356,1.0247447955727322,extrapolated,syndromic,2025-10-01
ARI incidence,SI,TRUE,2025-09-28,2025-W39,1293.329941287243,1197.81077476702,1109.34619724335,1.0797447881855984,extrapolated,syndromic,2025-10-08
ARI incidence,SI,TRUE,2025-10-05,2025-W40,1275.0988288263895,1168.98878333035,1071.70890966149,1.0907707986673236,extrapolated,syndromic,2025-10-15
ARI incidence,SI,TRUE,2025-10-12,2025-W41,1339.6730424550499,1293.13208295222,1248.2079813265,1.0359908783614555,extrapolated,syndromic,2025-10-22
ARI incidence,SI,TRUE,2025-10-19,2025-W42,1321.2818520990686,1256.19662602287,1194.31744311351,1.0518113364802284,extrapolated,syndromic,2025-10-29
ARI incidence,SI,TRUE,2025-10-26,2025-W43,1131.234445490574,1146.02058935019,1161,0.9870978375109303,extrapolated,syndromic,2025-11-05
ARI incidence,SI,TRUE,2025-11-02,2025-W44,966.3068847855667,994.72591488478,1023.98074703042,0.9714302908228694,extrapolated,syndromic,2025-11-12
ARI incidence,SI,TRUE,2025-11-09,2025-W45,916.8290539057326,977.091877807023,1041.31575413034,0.9383243016649124,extrapolated,syndromic,2025-11-19
ARI incidence,SI,TRUE,2025-11-16,2025-W46,1216.6406126576942,1139.59093722523,1067.42080668259,1.06761169549143,extrapolated,syndromic,2025-11-26
ARI incidence,SI,TRUE,2025-11-23,2025-W47,1270.5773451338982,1339.54075543027,1412.24730814762,0.9485171242332083,extrapolated,syndromic,2025-12-03
ARI incidence,SI,TRUE,2025-11-30,2025-W48,1833.2697840893593,1740.10320073809,1651.67133364554,1.0535408378720024,extrapolated,syndromic,2025-12-10
ARI incidence,SI,TRUE,2025-12-07,2025-W49,2627.7207503807895,2506.18583452338,2390.27203946822,1.0484939760584524,extrapolated,syndromic,2025-12-17
ARI incidence,SI,TRUE,2025-12-14,2025-W50,3091.539160761084,2987.02499163352,2886.04408247144,1.0349893855660048,extrapolated,syndromic,2025-12-24
ARI incidence,SI,TRUE,2025-12-21,2025-W51,3161.3226654641403,2808.17473854335,2494.47658359645,1.1257571055225626,extrapolated,syndromic,2025-12-31
ARI incidence,SI,TRUE,2025-12-28,2025-W52,2664.8249011806606,2478.56811374344,2305.32966415313,1.0751469311674127,extrapolated,syndromic,2026-01-07
ARI incidence,SI,TRUE,2026-01-04,2026-W01,1318.7542888462597,849.6,547.35,1.5522060838585914,extrapolated,syndromic,2026-01-14
ARI incidence,SI,TRUE,2026-01-11,2026-W02,1441.2244581269736,1393.7744864674,1347.8867279647,1.034044224600379,extrapolated,syndromic,2026-01-21
ARI incidence,SI,TRUE,2026-01-18,2026-W03,1165.4563349357866,1252.13254988607,1345.25496621937,0.9307771250270822,extrapolated,syndromic,2026-01-28
ARI incidence,SI,TRUE,2026-01-25,2026-W04,1545.5560330713831,1536.25,1527,1.0060576293385723,extrapolated,syndromic,2026-02-04
ARI incidence,SI,TRUE,2026-02-01,2026-W05,1550.4530918328105,1548.83873494738,1547.2260589565,1.0010423014669023,extrapolated,syndromic,2026-02-11
ARI incidence,SI,TRUE,2026-02-08,2026-W06,1729.595348933894,1662.09249109168,1597.22414300325,1.040613177788847,extrapolated,syndromic,2026-02-18
ARI incidence,SI,TRUE,2026-02-15,2026-W07,1656.3468057366372,1594,1534,1.0391134289439374,extrapolated,syndromic,2026-02-25
ARI incidence,SI,TRUE,2026-02-22,2026-W08,1663.461117813336,1608.5260966873,1555.4052787992,1.0341523965568062,extrapolated,syndromic,2026-03-04
ARI incidence,SI,TRUE,2026-03-01,2026-W09,1475.1724552994006,1454.13185,1433.39135,1.014469530599581,extrapolated,syndromic,2026-03-11
ARI incidence,SI,TRUE,2026-03-08,2026-W10,1155.4927633660957,1204.69868049559,1256,0.959155000394578,extrapolated,syndromic,2026-03-18
ARI incidence,SI,TRUE,2026-03-15,2026-W11,1200.5392455392262,1102.04165184354,1011.62524,1.0893773783694247,extrapolated,syndromic,2026-03-25
ARI incidence,SI,TRUE,2026-03-22,2026-W12,1087.666761345175,1119.13753962181,1151.5189,0.9718794364745641,extrapolated,syndromic,2026-04-01
ARI incidence,SI,TRUE,2026-03-29,2026-W13,1241.6521791793855,1184.36056704289,1129.71247204931,1.048373454614029,extrapolated,syndromic,2026-04-08
ARI incidence,SI,TRUE,2026-04-05,2026-W14,1313.6237072394601,1285,1257,1.0222752585521082,extrapolated,syndromic,2026-04-15
ARI incidence,SI,TRUE,2026-04-12,2026-W15,1015.0558690982604,997.063697055253,979.390441699178,1.0180451580938579,extrapolated,syndromic,2026-04-22
ARI incidence,SI,TRUE,2026-04-19,2026-W16,1031.9104818271776,1015.77621407954,999.894211039294,1.0158836833586007,extrapolated,syndromic,2026-04-29
ARI incidence,SI,TRUE,2026-04-26,2026-W17,1092.738873147148,1034.17031516849,978.740911536762,1.056633377616448,extrapolated,syndromic,2026-05-06
ARI incidence,SI,TRUE,2026-05-03,2026-W18,737.0988383744939,804.905652115652,878.950115070676,0.9157580598882222,extrapolated,syndromic,2026-05-13
ARI incidence,SI,TRUE,2026-05-10,2026-W19,976.3884134629728,1015.09759607289,1055.34141469207,0.9618665409516575,extrapolated,syndromic,2026-05-20
ARI incidence,SI,TRUE,2026-05-17,2026-W20,871.2358864801267,842.527372314898,814.764846255031,1.0340742806804615,extrapolated,syndromic,2026-05-27
ARI incidence,SI,TRUE,2026-05-24,2026-W21,398.5484997596717,624.31680577009,977.97752143592,0.6383754146551691,extrapolated,syndromic,2026-06-03
ARI incidence,SI,TRUE,2026-05-31,2026-W22,1009.5930673976696,926.285015564593,849.851249742722,1.0899378165826197,extrapolated,syndromic,2026-06-10
ARI incidence,SI,TRUE,2026-06-07,2026-W23,770.0052505643783,796.627452416107,824.170091668638,0.9665813652655517,extrapolated,syndromic,2026-06-17
ARI incidence,SI,TRUE,2026-08-02,2026-W31,426.59552616375834,340.109623622911,271.157452402616,1.25428831333728,extrapolated,syndromic,2026-08-12
ARI incidence,SI,TRUE,2026-08-09,2026-W32,245.4937600859917,262.323205647224,280.306367856078,0.9358446176360595,extrapolated,syndromic,2026-08-19
ARI incidence,SI,TRUE,2026-08-16,2026-W33,263.29102383966807,298.487074935404,338.388041507058,0.8820851753686403,extrapolated,syndromic,2026-08-26
ARI incidence,SI,TRUE,2026-08-23,2026-W34,281.5184388093957,316.054180340235,354.826651259491,0.8907284140533711,extrapolated,syndromic,2026-09-02
ARI incidence,SI,TRUE,2026-08-30,2026-W35,303.77185875355946,309.243210114689,314.813108081945,0.9823072870084998,extrapolated,syndromic,2026-09-09
ARI incidence,SI,TRUE,2026-09-06,2026-W36,435.737307604595,375.793162230836,324.095500465157,1.1595136670872632,extrapolated,syndromic,2026-09-16
ARI incidence,SI,TRUE,2026-09-13,2026-W37,530.0137844196457,506.447792444054,483.92961468409,1.0465319275297171,extrapolated,syndromic,2026-09-23
ARI incidence,SI,TRUE,2026-09-20,2026-W38,550.3883695706982,518.821624340077,489.065345063219,1.060843156394595,extrapolated,syndromic,2026-09-30
ARI incidence,SI,TRUE,2026-09-27,2026-W39,518.821624340077,518.821624340077,489.065345063219,1.060843156394595,h1_nowcast,syndromic,2026-09-30
ARI incidence,SK,TRUE,2026-02-01,2026-W05,1172.2010995373637,1132.3531,1093.8597,1.0351904362140776,extrapolated,syndromic,2026-02-11
ARI incidence,SK,TRUE,2026-02-08,2026-W06,1939.6630405869548,1847.97084894132,1760.61315139742,1.049617769510902,extrapolated,syndromic,2026-02-18
ARI incidence,SK,TRUE,2026-02-15,2026-W07,2032.7439940552783,1897.5212340465,1771.2938,1.0712628441687653,extrapolated,syndromic,2026-02-25
ARI incidence,SK,TRUE,2026-02-22,2026-W08,1847.4717359784015,1765.69005698591,1687.52859198023,1.0463171204192525,extrapolated,syndromic,2026-03-04
ARI incidence,SK,TRUE,2026-03-01,2026-W09,1683.5477240005132,1633.42853837039,1584.8014,1.0306834271918173,extrapolated,syndromic,2026-03-11
ARI incidence,SK,TRUE,2026-03-08,2026-W10,1487.4657110009407,1424.9858,1365.13031203605,1.0438459885010372,extrapolated,syndromic,2026-03-18
ARI incidence,SK,TRUE,2026-03-15,2026-W11,1428.3878968492204,1436.2146055904,1444.0842,0.9945504601396511,extrapolated,syndromic,2026-03-25
ARI incidence,SK,TRUE,2026-03-22,2026-W12,1529.7296413666286,1535.5,1541.29212525007,0.9962420328014521,extrapolated,syndromic,2026-04-01
ARI incidence,SK,TRUE,2026-03-29,2026-W13,1546.4153921278382,1512.09049117948,1478.52748049108,1.022700295484026,extrapolated,syndromic,2026-04-08
ARI incidence,SK,TRUE,2026-04-05,2026-W14,1420.462472734827,1496.48350121004,1576.57306150595,0.9492002227797752,extrapolated,syndromic,2026-04-15
ARI incidence,SK,TRUE,2026-04-12,2026-W15,1407.2670414635147,1413.5,1419.76056507524,0.9955904078270351,extrapolated,syndromic,2026-04-22
ARI incidence,SK,TRUE,2026-04-19,2026-W16,1371.1311223002122,1388.45359476717,1405.99491432139,0.9875239096702662,extrapolated,syndromic,2026-04-29
ARI incidence,SK,TRUE,2026-04-26,2026-W17,1434.2268035173333,1433.11296925149,1432,1.0007772131644483,extrapolated,syndromic,2026-05-06
ARI incidence,SK,TRUE,2026-05-03,2026-W18,1255.5669049246726,1233.21233799023,1211.25577984438,1.0181271028887648,extrapolated,syndromic,2026-05-13
ARI incidence,SK,TRUE,2026-05-10,2026-W19,1282.8342718065821,1202.30619453226,1126.8331515457,1.0669780107933744,extrapolated,syndromic,2026-05-20
ARI incidence,SK,TRUE,2026-05-17,2026-W20,1244.1453196562106,1260.67314301974,1277.42052991883,0.9868896839319202,extrapolated,syndromic,2026-05-27
ARI incidence,SK,TRUE,2026-05-24,2026-W21,1280.1078846683813,1269.27385606391,1258.5315198685,1.0085356115646054,extrapolated,syndromic,2026-06-03
ARI incidence,SK,TRUE,2026-05-31,2026-W22,1215.0774149362708,1254.66680208995,1295.54608201584,0.9684462941972061,extrapolated,syndromic,2026-06-10
ARI incidence,SK,TRUE,2026-06-07,2026-W23,1229.7369796718704,1259.30183981567,1289.57748687551,0.9765228166837853,extrapolated,syndromic,2026-06-17
ARI incidence,SK,TRUE,2026-09-06,2026-W36,858.8679934412949,1033.58984375,1243.85583496094,0.8309563011234796,extrapolated,syndromic,2026-09-16
ARI incidence,SK,TRUE,2026-09-13,2026-W37,1042.4746409783024,1238.42455604551,1471.20641666375,0.8417748468320858,extrapolated,syndromic,2026-09-23
ARI incidence,SK,TRUE,2026-09-20,2026-W38,1294.066538922835,1450.75091054206,1626.40647998713,0.8919977437334976,extrapolated,syndromic,2026-09-30
ARI incidence,SK,TRUE,2026-09-27,2026-W39,1450.75091054206,1450.75091054206,1626.40647998713,0.8919977437334976,h1_nowcast,syndromic,2026-09-30
COVID-19 hospitalisations,CY,TRUE,2024-10-13,2024-W41,10.285714285714288,12,14,0.8571428571428571,extrapolated,covid,2024-10-23
COVID-19 hospitalisations,CY,TRUE,2024-10-20,2024-W42,17.999999999999996,18,18,1,extrapolated,covid,2024-10-30
COVID-19 hospitalisations,CY,TRUE,2024-10-27,2024-W43,16.199999999999996,18,20,0.9,extrapolated,covid,2024-11-06
COVID-19 hospitalisations,CY,TRUE,2024-11-03,2024-W44,16.802403821892742,15.8756435248588,15,1.0583762349905868,extrapolated,covid,2024-11-13
COVID-19 hospitalisations,CY,TRUE,2024-11-10,2024-W45,23.113714231763883,23.6121931036203,24.1214223543728,0.9788889210896725,extrapolated,covid,2024-11-20
COVID-19 hospitalisations,CY,TRUE,2024-11-17,2024-W46,19.604729454621992,17,14.7413408927133,1.1532193796836463,extrapolated,covid,2024-11-27
COVID-19 hospitalisations,CY,TRUE,2024-11-24,2024-W47,5.66739759890249,5.06803225348573,4.53205381731919,1.1182639169284143,extrapolated,covid,2024-12-04
COVID-19 hospitalisations,CY,TRUE,2024-12-01,2024-W48,4.9367039177841665,5,5.06410763463838,0.9873407835568333,extrapolated,covid,2024-12-11
COVID-19 hospitalisations,CY,TRUE,2024-12-08,2024-W49,6.034584290664111,6.54297929913506,7.09420501013477,0.9222991568171162,extrapolated,covid,2024-12-18
COVID-19 hospitalisations,CY,TRUE,2024-12-15,2024-W50,8.54355936939842,9.09421054536523,9.68035239968792,0.9394503598503723,extrapolated,covid,2024-12-25
COVID-19 hospitalisations,CY,TRUE,2024-12-29,2024-W52,15.999999999999998,16,16,1,extrapolated,covid,2025-01-08
COVID-19 hospitalisations,CY,TRUE,2025-01-05,2025-W01,11.076923076923078,12,13,0.9230769230769231,extrapolated,covid,2025-01-15
COVID-19 hospitalisations,CY,TRUE,2025-01-12,2025-W02,22.153846153846157,24,26,0.9230769230769231,extrapolated,covid,2025-01-22
COVID-19 hospitalisations,CY,TRUE,2025-01-19,2025-W03,24.3,27,30,0.9,extrapolated,covid,2025-01-29
COVID-19 hospitalisations,CY,TRUE,2025-01-26,2025-W04,40.19565217391304,43,46,0.9347826086956522,extrapolated,covid,2025-02-05
COVID-19 hospitalisations,CY,TRUE,2025-02-02,2025-W05,62.01562500000001,63,64,0.984375,extrapolated,covid,2025-02-12
COVID-19 hospitalisations,CY,TRUE,2025-02-09,2025-W06,28.03846153846154,27,26,1.0384615384615385,extrapolated,covid,2025-02-19
COVID-19 hospitalisations,CY,TRUE,2025-05-11,2025-W19,18.423031080048503,18.4230310800485,18.4230310800485,1,extrapolated,covid,2025-05-21
COVID-19 hospitalisations,CZ,TRUE,2023-09-30,2023-W39,213.36754176611004,299,419,0.7136038186157518,extrapolated,covid_archive,2023-10-02
COVID-19 hospitalisations,CZ,TRUE,2023-10-07,2023-W40,286.1313868613136,280,274,1.0218978102189782,extrapolated,covid_archive,2023-10-09
COVID-19 hospitalisations,CZ,TRUE,2023-10-14,2023-W41,258,258,258,1,extrapolated,covid_archive,2023-10-16
COVID-19 hospitalisations,CZ,TRUE,2023-10-21,2023-W42,368.25773195876303,378,388,0.9742268041237113,extrapolated,covid_archive,2023-10-23
COVID-19 hospitalisations,CZ,TRUE,2023-10-28,2023-W43,482.26304347826067,471,460,1.0239130434782608,extrapolated,covid_archive,2023-10-30
COVID-19 hospitalisations,CZ,TRUE,2023-11-04,2023-W44,564.4295302013421,580,596,0.9731543624161074,extrapolated,covid_archive,2023-11-06
COVID-19 hospitalisations,CZ,TRUE,2023-11-11,2023-W45,714.6385224274412,736,758,0.9709762532981531,extrapolated,covid_archive,2023-11-13
COVID-19 hospitalisations,CZ,TRUE,2023-12-02,2023-W48,834.5037783375305,814,794,1.0251889168765742,extrapolated,covid_archive,2023-12-04
COVID-19 hospitalisations,CZ,TRUE,2023-12-09,2023-W49,1158.1269841269855,1146,1134,1.0105820105820107,extrapolated,covid_archive,2023-12-11
COVID-19 hospitalisations,CZ,TRUE,2023-12-16,2023-W50,1313.5071225071233,1358,1404,0.9672364672364673,extrapolated,covid_archive,2023-12-18
COVID-19 hospitalisations,CZ,TRUE,2023-12-23,2023-W51,1434.2713704206242,1454,1474,0.9864314789687924,extrapolated,covid_archive,2023-12-25
COVID-19 hospitalisations,CZ,TRUE,2023-12-30,2023-W52,1542.4906132665828,1570,1598,0.9824780976220275,extrapolated,covid_archive,2024-01-01
COVID-19 hospitalisations,CZ,TRUE,2024-01-13,2024-W02,1122.9678638941398,1090,1058,1.0302457466918715,extrapolated,covid_archive,2024-01-15
COVID-19 hospitalisations,CZ,TRUE,2024-01-20,2024-W03,406.02249999999975,403,400,1.0075,extrapolated,covid_archive,2024-01-22
COVID-19 hospitalisations,CZ,TRUE,2024-01-27,2024-W04,288.0136986301369,290,292,0.9931506849315068,extrapolated,covid_archive,2024-01-29
COVID-19 hospitalisations,CZ,TRUE,2024-02-03,2024-W05,209.99999999999994,210,210,1,extrapolated,covid_archive,2024-02-05
COVID-19 hospitalisations,CZ,TRUE,2024-02-10,2024-W06,124.00000000000003,124,124,1,extrapolated,covid_archive,2024-02-12
COVID-19 hospitalisations,CZ,TRUE,2024-02-17,2024-W07,85.0989010989012,88,91,0.967032967032967,extrapolated,covid_archive,2024-02-19
COVID-19 hospitalisations,CZ,TRUE,2024-02-24,2024-W08,62.72000000000003,56,50,1.12,extrapolated,covid_archive,2024-02-26
COVID-19 hospitalisations,CZ,TRUE,2024-03-02,2024-W09,45.08163265306122,47,49,0.9591836734693877,extrapolated,covid_archive,2024-03-04
COVID-19 hospitalisations,CZ,TRUE,2024-03-09,2024-W10,24.500000000000004,21,18,1.1666666666666667,extrapolated,covid_archive,2024-03-11
COVID-19 hospitalisations,CZ,TRUE,2024-03-16,2024-W11,23.529411764705873,20,17,1.1764705882352942,extrapolated,covid_archive,2024-03-18
COVID-19 hospitalisations,CZ,TRUE,2024-03-23,2024-W12,17.999999999999996,18,18,1,extrapolated,covid_archive,2024-03-25
COVID-19 hospitalisations,CZ,TRUE,2024-03-30,2024-W13,19.26666666666667,17,15,1.1333333333333333,extrapolated,covid_archive,2024-04-01
COVID-19 hospitalisations,CZ,TRUE,2024-04-06,2024-W14,11.000000000000002,11,11,1,extrapolated,covid_archive,2024-04-08
COVID-19 hospitalisations,CZ,TRUE,2024-04-13,2024-W15,15.21052631578948,17,19,0.8947368421052632,extrapolated,covid_archive,2024-04-15
COVID-19 hospitalisations,CZ,TRUE,2024-04-20,2024-W16,15.428571428571423,18,21,0.8571428571428571,extrapolated,covid_archive,2024-04-22
COVID-19 hospitalisations,CZ,TRUE,2024-10-13,2024-W41,231.75675675675706,245,259,0.9459459459459459,extrapolated,covid,2024-10-23
COVID-19 hospitalisations,CZ,TRUE,2024-10-20,2024-W42,186.50133333333346,187,187.5,0.9973333333333333,extrapolated,covid,2024-10-30
COVID-19 hospitalisations,CZ,TRUE,2024-10-27,2024-W43,182.6990291262136,194,206,0.941747572815534,extrapolated,covid,2024-11-06
COVID-19 hospitalisations,CZ,TRUE,2024-11-03,2024-W44,189.12934362934342,156.5,129.5,1.2084942084942085,extrapolated,covid,2024-11-13
COVID-19 hospitalisations,CZ,TRUE,2024-11-10,2024-W45,90.41649637640559,93.6504145666817,97,0.9654681914090897,extrapolated,covid,2024-11-20
COVID-19 hospitalisations,CZ,TRUE,2024-11-17,2024-W46,78.95163370688904,75,71.2461507874938,1.0526884494251882,extrapolated,covid,2024-11-27
COVID-19 hospitalisations,CZ,TRUE,2024-11-24,2024-W47,73.50806831409467,69.0891083590409,64.9357955299724,1.0639602979400087,extrapolated,covid,2024-12-04
COVID-19 hospitalisations,CZ,TRUE,2024-12-01,2024-W48,66.76814965483892,63.2936725059491,60,1.0548945417658182,extrapolated,covid,2024-12-11
COVID-19 hospitalisations,CZ,TRUE,2024-12-08,2024-W49,64.01612903225804,63,62,1.0161290322580645,extrapolated,covid,2024-12-18
COVID-19 hospitalisations,CZ,TRUE,2024-12-15,2024-W50,80.12162162162163,77,74,1.0405405405405406,extrapolated,covid,2024-12-25
COVID-19 hospitalisations,CZ,TRUE,2024-12-22,2024-W51,77.54907975460122,79.5,81.5,0.9754601226993865,extrapolated,covid,2025-01-01
COVID-19 hospitalisations,CZ,TRUE,2024-12-29,2024-W52,51.20000000000001,32,20,1.6,extrapolated,covid,2025-01-08
COVID-19 hospitalisations,CZ,TRUE,2025-01-05,2025-W01,38.892857142857146,33,28,1.1785714285714286,extrapolated,covid,2025-01-15
COVID-19 hospitalisations,CZ,TRUE,2025-01-12,2025-W02,7.082305633320859,9.5953099602447,13,0.7381007661726693,extrapolated,covid,2025-01-22
COVID-19 hospitalisations,CZ,TRUE,2025-01-19,2025-W03,20.0719522172139,16.2690168088468,13.1866051225225,1.2337532410870173,extrapolated,covid,2025-01-29
COVID-19 hospitalisations,CZ,TRUE,2025-01-26,2025-W04,18.56060606060607,17.5,16.5,1.0606060606060606,extrapolated,covid,2025-02-05
COVID-19 hospitalisations,CZ,TRUE,2025-02-02,2025-W05,18.759579294806468,14.5,11.20760741464,1.293764089296998,extrapolated,covid,2025-02-12
COVID-19 hospitalisations,CZ,TRUE,2025-02-09,2025-W06,12.1,11,10,1.1,extrapolated,covid,2025-02-19
COVID-19 hospitalisations,CZ,TRUE,2025-02-16,2025-W07,10.649954274478938,9.23036479213208,8,1.15379559901651,extrapolated,covid,2025-02-26
COVID-19 hospitalisations,CZ,TRUE,2025-02-23,2025-W08,11.523809523809527,11,10.5,1.0476190476190477,extrapolated,covid,2025-03-05
COVID-19 hospitalisations,CZ,TRUE,2025-03-02,2025-W09,9.799999999999997,14,20,0.7,extrapolated,covid,2025-03-12
COVID-19 hospitalisations,CZ,TRUE,2025-03-09,2025-W10,9.500000000000002,9.5,9.5,1,extrapolated,covid,2025-03-19
COVID-19 hospitalisations,CZ,TRUE,2025-03-16,2025-W11,9.142857142857139,8,7,1.1428571428571428,extrapolated,covid,2025-03-26
COVID-19 hospitalisations,CZ,TRUE,2025-03-23,2025-W12,5.836270438763094,5.91756897995947,6,0.9862614966599117,extrapolated,covid,2025-04-02
COVID-19 hospitalisations,CZ,TRUE,2025-03-30,2025-W13,6.499999999999999,6.5,6.5,1,extrapolated,covid,2025-04-09
COVID-19 hospitalisations,CZ,TRUE,2025-04-06,2025-W14,6,6,6,1,extrapolated,covid,2025-04-16
COVID-19 hospitalisations,CZ,TRUE,2025-04-13,2025-W15,5.444444444444443,7,9,0.7777777777777778,extrapolated,covid,2025-04-23
COVID-19 hospitalisations,CZ,TRUE,2025-04-20,2025-W16,7.520833333333336,9.5,12,0.7916666666666666,extrapolated,covid,2025-04-30
COVID-19 hospitalisations,CZ,TRUE,2025-04-27,2025-W17,8.333333333333332,5,3,1.6666666666666667,extrapolated,covid,2025-05-07
COVID-19 hospitalisations,CZ,TRUE,2025-05-04,2025-W18,1.8000000000000005,3,5,0.6,extrapolated,covid,2025-05-14
COVID-19 hospitalisations,CZ,TRUE,2025-05-11,2025-W19,1.33250643499196,1.33250643499196,1.33250643499196,1,extrapolated,covid,2025-05-21
COVID-19 hospitalisations,CZ,TRUE,2025-05-18,2025-W20,5.182800611989714,5.95823789604061,6.84969411010884,0.8698545950026279,extrapolated,covid,2025-05-28
COVID-19 hospitalisations,CZ,TRUE,2025-05-25,2025-W21,10.027777777777779,9.5,9,1.0555555555555556,extrapolated,covid,2025-06-04
COVID-19 hospitalisations,CZ,TRUE,2025-06-01,2025-W22,7.363636363636365,9,11,0.8181818181818182,extrapolated,covid,2025-06-11
COVID-19 hospitalisations,CZ,TRUE,2025-06-08,2025-W23,5.456908461136445,7.820965948162,11.2091871795062,0.6977281958910546,extrapolated,covid,2025-06-18
COVID-19 hospitalisations,CZ,TRUE,2025-06-15,2025-W24,6.853324709114803,7.90903727136974,9.12737586717896,0.8665181960797481,extrapolated,covid,2025-06-25
COVID-19 hospitalisations,CZ,TRUE,2025-06-22,2025-W25,7.3973990881220075,7.91363941106599,8.46590646014149,0.9347657511129328,extrapolated,covid,2025-07-02
COVID-19 hospitalisations,CZ,TRUE,2025-06-29,2025-W26,3.976032807329233,5.12884651909163,6.61590783856431,0.7752294385353197,extrapolated,covid,2025-07-09
COVID-19 hospitalisations,CZ,TRUE,2025-07-06,2025-W27,9.289193745754273,10.7331663172075,12.4015993579089,0.8654663005511958,extrapolated,covid,2025-07-16
COVID-19 hospitalisations,CZ,TRUE,2025-07-13,2025-W28,0.4730744199467933,1.72525517750385,6.29183338181466,0.27420547761013025,extrapolated,covid,2025-07-23
COVID-19 hospitalisations,CZ,TRUE,2025-07-20,2025-W29,7.494146220542438,7.62720596188325,7.76262819979734,0.9825545891895705,extrapolated,covid,2025-07-30
COVID-19 hospitalisations,CZ,TRUE,2025-07-27,2025-W30,3.620496852860005,4.31009016775813,5.13102980314167,0.8400048982602111,extrapolated,covid,2025-08-06
COVID-19 hospitalisations,CZ,TRUE,2025-08-03,2025-W31,7.58358756650792,7.78901152470988,8,0.973626440588735,extrapolated,covid,2025-08-13
COVID-19 hospitalisations,CZ,TRUE,2025-08-10,2025-W32,8.595238095238098,9.5,10.5,0.9047619047619048,extrapolated,covid,2025-08-20
COVID-19 hospitalisations,CZ,TRUE,2025-08-17,2025-W33,6.24259719119213,9.27837244744614,13.7904453285873,0.6728116624495274,extrapolated,covid,2025-08-27
COVID-19 hospitalisations,CZ,TRUE,2025-08-24,2025-W34,13.47540013777757,12,10.6861390777038,1.1229500114814637,extrapolated,covid,2025-09-03
COVID-19 hospitalisations,CZ,TRUE,2025-08-31,2025-W35,19.578723130733465,22.642168512305,26.1849453366477,0.8647017674165494,extrapolated,covid,2025-09-10
COVID-19 hospitalisations,CZ,TRUE,2025-09-07,2025-W36,19.98230989703785,23.5,27.6369450201483,0.8503110594484187,extrapolated,covid,2025-09-17
COVID-19 hospitalisations,CZ,TRUE,2025-09-14,2025-W37,33.52331398735267,38.4060648263203,44,0.8728651096890978,extrapolated,covid,2025-09-24
COVID-19 hospitalisations,CZ,TRUE,2025-09-21,2025-W38,14.337807955378281,16.1876029508707,18.2760495963223,0.8857276768458837,extrapolated,covid,2025-10-01
COVID-19 hospitalisations,CZ,TRUE,2025-09-28,2025-W39,83.51775791369445,90,96.985362183338,0.9279750879299384,extrapolated,covid,2025-10-08
COVID-19 hospitalisations,CZ,TRUE,2025-10-05,2025-W40,83.21333333333337,79,75,1.0533333333333332,extrapolated,covid,2025-10-15
COVID-19 hospitalisations,CZ,TRUE,2025-10-12,2025-W41,92.96698397220703,97.3910301791175,102.025604726355,0.9545743976752895,extrapolated,covid,2025-10-22
COVID-19 hospitalisations,CZ,TRUE,2025-10-19,2025-W42,75.70799249315243,96,121.730872745484,0.7886249218036714,extrapolated,covid,2025-10-29
COVID-19 hospitalisations,CZ,TRUE,2025-10-26,2025-W43,2.285714285714285,8,28,0.2857142857142857,extrapolated,covid,2025-11-05
COVID-19 hospitalisations,CZ,TRUE,2025-11-02,2025-W44,64.83188694947916,56.9350010755595,50,1.13870002151119,extrapolated,covid,2025-11-12
COVID-19 hospitalisations,CZ,TRUE,2025-11-09,2025-W45,50.204545454545446,47,44,1.0681818181818181,extrapolated,covid,2025-11-19
COVID-19 hospitalisations,CZ,TRUE,2025-11-16,2025-W46,38.6542972899863,39.23075418277,39.8158078570899,0.9853059951359062,extrapolated,covid,2025-11-26
COVID-19 hospitalisations,CZ,TRUE,2025-11-23,2025-W47,40.22370216552872,39.125659942627,38.0575925022133,1.0280645035639493,extrapolated,covid,2025-12-03
COVID-19 hospitalisations,CZ,TRUE,2025-11-30,2025-W48,32.64005372842792,30.0817150505397,27.7238998413086,1.0850463038290867,extrapolated,covid,2025-12-10
COVID-19 hospitalisations,CZ,TRUE,2025-12-07,2025-W49,24.3,27,30,0.9,extrapolated,covid,2025-12-17
COVID-19 hospitalisations,CZ,TRUE,2025-12-14,2025-W50,54.74419784573253,57,59.3487552627145,0.9604245236093419,extrapolated,covid,2025-12-24
COVID-19 hospitalisations,CZ,TRUE,2025-12-21,2025-W51,52.17625602936641,59.3487552627145,67.507234502436,0.8791465936969006,extrapolated,covid,2025-12-31
COVID-19 hospitalisations,CZ,TRUE,2025-12-28,2025-W52,56.66151876546388,67.507234502436,80.4289544202015,0.8393399490156753,extrapolated,covid,2026-01-07
COVID-19 hospitalisations,CZ,TRUE,2026-01-04,2026-W01,28.978508526549113,27.9758601337682,27.0079030985023,1.0358397700012327,extrapolated,covid,2026-01-14
COVID-19 hospitalisations,CZ,TRUE,2026-01-11,2026-W02,19.511192145431583,18.1262557474246,16.8396244049072,1.0764049904903144,extrapolated,covid,2026-01-21
COVID-19 hospitalisations,CZ,TRUE,2026-01-18,2026-W03,15.701976577684768,14.3247561916543,13.068331807472,1.0961426754915975,extrapolated,covid,2026-01-28
COVID-19 hospitalisations,CZ,TRUE,2026-01-25,2026-W04,13.141612930610846,12,10.957559072873,1.0951344108842371,extrapolated,covid,2026-02-04
COVID-19 hospitalisations,CZ,TRUE,2026-02-01,2026-W05,10.162489891479517,10.1542530059814,10.1460227966309,1.0008111759174474,extrapolated,covid,2026-02-11
COVID-19 hospitalisations,CZ,TRUE,2026-02-08,2026-W06,5.860786286413029,7,8.36065292358398,0.83725518377329,extrapolated,covid,2026-02-18
COVID-19 hospitalisations,CZ,TRUE,2026-02-15,2026-W07,6.7909163242370765,7.41641826031004,8.09953431697445,0.9156598355003223,extrapolated,covid,2026-02-25
COVID-19 hospitalisations,CZ,TRUE,2026-02-22,2026-W08,7.302606547389631,8.83604574203491,10.6914844512939,0.8264563992295344,extrapolated,covid,2026-03-04
COVID-19 hospitalisations,CZ,TRUE,2026-03-01,2026-W09,9.542845839053008,11.3867644756866,13.5869747255212,0.8380647425727659,extrapolated,covid,2026-03-11
COVID-19 hospitalisations,CZ,TRUE,2026-03-08,2026-W10,2.4014002,3.46511197510268,5,0.6930223950205361,extrapolated,covid,2026-03-18
COVID-19 hospitalisations,CZ,TRUE,2026-03-15,2026-W11,7.6018071948057,6.00054165943417,4.73657109209612,1.2668534986094113,extrapolated,covid,2026-03-25
COVID-19 hospitalisations,CZ,TRUE,2026-03-22,2026-W12,4.641721784554392,6.0937487867843,8,0.7617185983480375,extrapolated,covid,2026-04-01
COVID-19 hospitalisations,CZ,TRUE,2026-03-29,2026-W13,1.9680444686115883,3.95023240380228,7.92885338361183,0.4982097931041362,extrapolated,covid,2026-04-08
COVID-19 hospitalisations,CZ,TRUE,2026-04-05,2026-W14,6.942864497681318,7.92885338361183,9.05486719491762,0.8756454636973796,extrapolated,covid,2026-04-15
COVID-19 hospitalisations,CZ,TRUE,2026-04-12,2026-W15,2.8411194833698277,3.3088102340698198,3.85348987579346,0.8586528940571079,extrapolated,covid,2026-04-22
COVID-19 hospitalisations,CZ,TRUE,2026-04-19,2026-W16,2.7513155715677216,3.31762534715068,4.0005,0.8293026739534258,extrapolated,covid,2026-04-29
COVID-19 hospitalisations,CZ,TRUE,2026-04-26,2026-W17,6.270598033898209,5.64418359551349,5.08034613088719,1.110984064884539,extrapolated,covid,2026-05-06
COVID-19 hospitalisations,CZ,TRUE,2026-05-03,2026-W18,9.679133868785645,9.54157176997008,9.40596473565585,1.0144171319078175,extrapolated,covid,2026-05-13
COVID-19 hospitalisations,CZ,TRUE,2026-05-10,2026-W19,8.626157894625642,8.30718142073502,8,1.0383976775918775,extrapolated,covid,2026-05-20
COVID-19 hospitalisations,CZ,TRUE,2026-05-17,2026-W20,0.7499999999999999,1.5,3,0.5,extrapolated,covid,2026-05-27
COVID-19 hospitalisations,CZ,TRUE,2026-05-24,2026-W21,8.333333333333332,5,3,1.6666666666666667,extrapolated,covid,2026-06-03
COVID-19 hospitalisations,CZ,TRUE,2026-08-02,2026-W31,3.4747994733103607,4.0924602219518,4.81991286026705,0.8490734875495353,extrapolated,covid,2026-08-12
COVID-19 hospitalisations,CZ,TRUE,2026-08-09,2026-W32,1.1988143391283625,2.06392668351457,3.55333867462803,0.5808415331338,extrapolated,covid,2026-08-19
COVID-19 hospitalisations,CZ,TRUE,2026-08-16,2026-W33,2.1366323503206,2.69537993155921,3.4002447704033,0.7927017357751905,extrapolated,covid,2026-08-26
COVID-19 hospitalisations,CZ,TRUE,2026-08-23,2026-W34,2.2500000000000004,3,4,0.75,extrapolated,covid,2026-09-02
COVID-19 hospitalisations,CZ,TRUE,2026-08-30,2026-W35,2.8105900197673996,3.29349749695986,3.85937674516419,0.853375483771213,extrapolated,covid,2026-09-09
COVID-19 hospitalisations,CZ,TRUE,2026-09-06,2026-W36,3.7456561162444966,3.87134424610356,4.00124992970947,0.9675337242391798,extrapolated,covid,2026-09-16
COVID-19 hospitalisations,CZ,TRUE,2026-09-13,2026-W37,4.989207630968759,4.27868467404372,3.6693487010365,1.166061070411514,extrapolated,covid,2026-09-23
COVID-19 hospitalisations,CZ,TRUE,2026-09-20,2026-W38,4.583096748060465,5.36721856984991,6.28549575976825,0.8539053680067715,extrapolated,covid,2026-09-30
COVID-19 hospitalisations,CZ,TRUE,2026-09-27,2026-W39,5.36721856984991,5.36721856984991,6.28549575976825,0.8539053680067715,h1_nowcast,covid,2026-09-30
COVID-19 hospitalisations,EE,TRUE,2023-09-30,2023-W39,19.04761904761904,20,21,0.9523809523809523,extrapolated,covid_archive,2023-10-02
COVID-19 hospitalisations,EE,TRUE,2023-10-07,2023-W40,26.000000000000004,26,26,1,extrapolated,covid_archive,2023-10-09
COVID-19 hospitalisations,EE,TRUE,2023-10-14,2023-W41,24.000000000000004,24,24,1,extrapolated,covid_archive,2023-10-16
COVID-19 hospitalisations,EE,TRUE,2023-10-21,2023-W42,21,21,21,1,extrapolated,covid_archive,2023-10-23
COVID-19 hospitalisations,EE,TRUE,2023-10-28,2023-W43,26.694444444444446,31,36,0.8611111111111112,extrapolated,covid_archive,2023-10-30
COVID-19 hospitalisations,EE,TRUE,2023-11-04,2023-W44,33.1081081081081,35,37,0.9459459459459459,extrapolated,covid_archive,2023-11-06
COVID-19 hospitalisations,EE,TRUE,2023-11-11,2023-W45,40,40,40,1,extrapolated,covid_archive,2023-11-13
COVID-19 hospitalisations,EE,TRUE,2025-03-23,2025-W12,0.9367475312641856,1.5,2.40192786733424,0.6244983541761238,extrapolated,covid,2025-04-02
COVID-19 hospitalisations,EE,TRUE,2025-03-30,2025-W13,1.062952540682057,1.5,2.11674549322424,0.7086350271213714,extrapolated,covid,2025-04-09
COVID-19 hospitalisations,EE,TRUE,2025-04-06,2025-W14,4.171709492016794,3.77448025735534,3.41507510061007,1.1052407768956725,extrapolated,covid,2025-04-16
COVID-19 hospitalisations,EE,TRUE,2025-04-13,2025-W15,2,2,2,1,extrapolated,covid,2025-04-23
COVID-19 hospitalisations,EE,TRUE,2025-04-20,2025-W16,4.171709492016794,3.77448025735534,3.41507510061007,1.1052407768956725,extrapolated,covid,2025-04-30
COVID-19 hospitalisations,EE,TRUE,2025-04-27,2025-W17,5.421442105277445,5.12722288702103,4.84897081306136,1.057383738670928,extrapolated,covid,2025-05-07
COVID-19 hospitalisations,EE,TRUE,2025-05-18,2025-W20,2,1,0.5,2,extrapolated,covid,2025-05-28
COVID-19 hospitalisations,EE,TRUE,2025-06-01,2025-W22,2.721773707916545,3.04474224330032,3.40603456531799,0.8939258204551017,extrapolated,covid,2025-06-11
COVID-19 hospitalisations,EE,TRUE,2025-06-08,2025-W23,1,2,4,0.5,extrapolated,covid,2025-06-18
COVID-19 hospitalisations,EE,TRUE,2025-06-15,2025-W24,2.618098740117873,2.89233506797375,3.1952966544929,0.905185145769437,extrapolated,covid,2025-06-25
COVID-19 hospitalisations,EE,TRUE,2025-06-22,2025-W25,4.099079637078231,4.37698812600809,4.67373819281818,0.9365069127607348,extrapolated,covid,2025-07-02
COVID-19 hospitalisations,EE,TRUE,2025-06-29,2025-W26,5.681948169415881,5.25842662115589,4.86647355900178,1.0805414963015865,extrapolated,covid,2025-07-09
COVID-19 hospitalisations,EE,TRUE,2025-07-06,2025-W27,4.828230105136456,5.11069227491106,5.40967910809574,0.9447311333610828,extrapolated,covid,2025-07-16
COVID-19 hospitalisations,EE,TRUE,2025-07-13,2025-W28,4.467752344234358,4.79865931627193,5.15407512758847,0.9310417868350253,extrapolated,covid,2025-07-23
COVID-19 hospitalisations,EE,TRUE,2025-07-20,2025-W29,4.332263327495832,4.57262135740548,4.82631467609487,0.9474353962152626,extrapolated,covid,2025-07-30
COVID-19 hospitalisations,EE,TRUE,2025-07-27,2025-W30,2.2857142857142856,4,7,0.5714285714285714,extrapolated,covid,2025-08-06
COVID-19 hospitalisations,EE,TRUE,2025-08-03,2025-W31,8.145029039991444,6.17202192825617,4.67694522583495,1.3196694915652583,extrapolated,covid,2025-08-13
COVID-19 hospitalisations,EE,TRUE,2025-08-10,2025-W32,2.6939320715231365,2.84463058003285,3.0037591602237,0.9470235222923135,extrapolated,covid,2025-08-20
COVID-19 hospitalisations,EE,TRUE,2025-08-17,2025-W33,3.175280176580787,3.56292874097152,3.99790270693863,0.8911994618547912,extrapolated,covid,2025-08-27
COVID-19 hospitalisations,EE,TRUE,2025-08-24,2025-W34,7.819281573272326,5.59259566686966,4,1.398148916717415,extrapolated,covid,2025-09-03
COVID-19 hospitalisations,EE,TRUE,2025-08-31,2025-W35,11.050517502827503,13.296927466345,16,0.8310579666465625,extrapolated,covid,2025-09-10
COVID-19 hospitalisations,EE,TRUE,2025-09-07,2025-W36,13.500000000000005,9,6,1.5,extrapolated,covid,2025-09-17
COVID-19 hospitalisations,EE,TRUE,2025-09-14,2025-W37,7.042816698632385,7.85063860606012,8.75111892872773,0.8971011215821147,extrapolated,covid,2025-09-24
COVID-19 hospitalisations,EE,TRUE,2025-09-21,2025-W38,10.768262049568563,6.58113792663532,4.02213246761887,1.6362310241192526,extrapolated,covid,2025-10-01
COVID-19 hospitalisations,EE,TRUE,2025-09-28,2025-W39,7.786073756923486,4.83303437508678,3,1.61101145836226,extrapolated,covid,2025-10-08
COVID-19 hospitalisations,EE,TRUE,2025-10-05,2025-W40,6,6,6,1,extrapolated,covid,2025-10-15
COVID-19 hospitalisations,EE,TRUE,2025-10-12,2025-W41,6.773755405618639,6.46269316768705,6.16591543075571,1.048131983038724,extrapolated,covid,2025-10-22
COVID-19 hospitalisations,EE,TRUE,2025-10-19,2025-W42,4.423167706243898,6,8.13896338345506,0.7371946177073164,extrapolated,covid,2025-10-29
COVID-19 hospitalisations,EE,TRUE,2025-10-26,2025-W43,9.215503466631128,6.07140954528061,4,1.5178523863201525,extrapolated,covid,2025-11-05
COVID-19 hospitalisations,EE,TRUE,2025-11-02,2025-W44,12.453255176941246,8.27604395065522,5.5,1.5047352637554945,extrapolated,covid,2025-11-12
COVID-19 hospitalisations,EE,TRUE,2025-11-09,2025-W45,9.462961195948079,10.2337677145269,11.0673603607016,0.9246800845904818,extrapolated,covid,2025-11-19
COVID-19 hospitalisations,EE,TRUE,2025-11-16,2025-W46,7.861783396648467,6.25636964754117,4.9787890599175,1.2566046828352355,extrapolated,covid,2025-11-26
COVID-19 hospitalisations,EE,TRUE,2025-11-23,2025-W47,5.222913686221265,5.68542286903554,6.18888902664185,0.9186499942980081,extrapolated,covid,2025-12-03
COVID-19 hospitalisations,EE,TRUE,2025-11-30,2025-W48,5.727092292709172,4.79684829711914,4.01770259837914,1.193928166573188,extrapolated,covid,2025-12-10
COVID-19 hospitalisations,EE,TRUE,2025-12-07,2025-W49,4.534702097388245,4.62349328483977,4.71402303742738,0.9807956490944483,extrapolated,covid,2025-12-17
COVID-19 hospitalisations,EE,TRUE,2025-12-14,2025-W50,7.888912302595924,7,6.21124917105189,1.126987471799418,extrapolated,covid,2025-12-24
COVID-19 hospitalisations,EE,TRUE,2025-12-21,2025-W51,5.712293777295446,5.85462371213226,6.0005,0.97568931124610625,extrapolated,covid,2025-12-31
COVID-19 hospitalisations,EE,TRUE,2025-12-28,2025-W52,4.1402113191990315,6.0005,8.69665760369105,0.6899777217230282,extrapolated,covid,2026-01-07
COVID-19 hospitalisations,EE,TRUE,2026-01-04,2026-W01,4.832576407193542,4.26623648531806,3.76626714511253,1.1327493034726275,extrapolated,covid,2026-01-14
COVID-19 hospitalisations,EE,TRUE,2026-01-11,2026-W02,8.677790328499938,7.56801514206554,6.60016559773621,1.1466401910675228,extrapolated,covid,2026-01-21
COVID-19 hospitalisations,EE,TRUE,2026-01-18,2026-W03,5.436499364659682,5.42092943191528,5.40540409088135,1.0028721887897558,extrapolated,covid,2026-01-28
COVID-19 hospitalisations,EE,TRUE,2026-01-25,2026-W04,12.602943035829249,11,9.6009320724537,1.145722094166295,extrapolated,covid,2026-02-04
COVID-19 hospitalisations,EE,TRUE,2026-02-01,2026-W05,11.846783550090327,12.9594988873998,14.1767265943874,0.9141390151750896,extrapolated,covid,2026-02-11
COVID-19 hospitalisations,EE,TRUE,2026-02-08,2026-W06,7.836726487402185,7,6.25261071427837,1.1195323553431695,extrapolated,covid,2026-02-18
COVID-19 hospitalisations,EE,TRUE,2026-02-15,2026-W07,10.229969151535915,9.16106089949151,8.20384065298885,1.116679526942533,extrapolated,covid,2026-02-25
COVID-19 hospitalisations,EE,TRUE,2026-02-22,2026-W08,5.241563599593883,5.98447715729002,6.83268764475183,0.8758599058580824,extrapolated,covid,2026-03-04
COVID-19 hospitalisations,EE,TRUE,2026-03-01,2026-W09,4.456833057848787,3.85448360443115,3.3335428237915,1.1562724129180808,extrapolated,covid,2026-03-11
COVID-19 hospitalisations,EE,TRUE,2026-03-08,2026-W10,7.05067508398007,6,5.10589405570483,1.1751125139966785,extrapolated,covid,2026-03-18
COVID-19 hospitalisations,EE,TRUE,2026-03-15,2026-W11,3.8240874119885193,3.63089723092535,3.4474668806501,1.0532072842540723,extrapolated,covid,2026-03-25
COVID-19 hospitalisations,EE,TRUE,2026-03-22,2026-W12,2.6608649363965977,2.81961422958662,2.98783463036411,0.9436982224290673,extrapolated,covid,2026-04-01
COVID-19 hospitalisations,EE,TRUE,2026-03-29,2026-W13,1.3850769615384617,3.0005,6.5,0.46161538461538465,extrapolated,covid,2026-04-08
COVID-19 hospitalisations,EE,TRUE,2026-04-05,2026-W14,4.327344574331495,6.24068114623584,9,0.6934090162484267,extrapolated,covid,2026-04-15
COVID-19 hospitalisations,EE,TRUE,2026-04-12,2026-W15,4.8403028178850525,4.39940244133411,3.99866342438333,1.1002182415521962,extrapolated,covid,2026-04-22
COVID-19 hospitalisations,EE,TRUE,2026-04-19,2026-W16,3.154196927782773,3.51465204954244,3.91629923945053,0.8974421602256208,extrapolated,covid,2026-04-29
COVID-19 hospitalisations,EE,TRUE,2026-04-26,2026-W17,5.851977416891939,5.82878060199965,5.80567573760252,1.003979702870328,extrapolated,covid,2026-05-06
COVID-19 hospitalisations,EE,TRUE,2026-05-03,2026-W18,1.3254098417462616,2.00124985946283,3.02170760609662,0.6622910355141884,extrapolated,covid,2026-05-13
COVID-19 hospitalisations,EE,TRUE,2026-05-10,2026-W19,3.288585726177027,3,2.73673875318509,1.0961952420590089,extrapolated,covid,2026-05-20
COVID-19 hospitalisations,EE,TRUE,2026-05-17,2026-W20,3.51516879069484,3.51516879069484,3.51516879069484,1,extrapolated,covid,2026-05-27
COVID-19 hospitalisations,EE,TRUE,2026-05-24,2026-W21,3.0000000000000004,3,3,1,extrapolated,covid,2026-06-03
COVID-19 hospitalisations,EE,TRUE,2026-05-31,2026-W22,2.2500000000000004,3,4,0.75,extrapolated,covid,2026-06-10
COVID-19 hospitalisations,EE,TRUE,2026-08-02,2026-W31,4.8610909393812936,5.94707612566561,7.27567430552192,0.8173917462402128,extrapolated,covid,2026-08-12
COVID-19 hospitalisations,EE,TRUE,2026-08-09,2026-W32,1.536579543078238,1.77437494034744,2.04897067848877,0.865983568713702,extrapolated,covid,2026-08-19
COVID-19 hospitalisations,EE,TRUE,2026-08-16,2026-W33,1.7745557305950659,2.05154746836264,2.37177505466892,0.8649839976704784,extrapolated,covid,2026-08-26
COVID-19 hospitalisations,EE,TRUE,2026-08-23,2026-W34,5.523457333825701,7.82653148808837,11.0899010224837,0.7057350171314276,extrapolated,covid,2026-09-02
COVID-19 hospitalisations,EE,TRUE,2026-08-30,2026-W35,3.125780513848585,3.78123971354626,4.57414514805309,0.8266549466965828,extrapolated,covid,2026-09-09
COVID-19 hospitalisations,EE,TRUE,2026-09-06,2026-W36,4.3711134557908,4.57486968995681,4.78812387090032,0.9554618496318452,extrapolated,covid,2026-09-16
COVID-19 hospitalisations,EE,TRUE,2026-09-13,2026-W37,1,1,1,1,extrapolated,covid,2026-09-23
COVID-19 hospitalisations,EE,TRUE,2026-09-20,2026-W38,1.1905868085019535,1.31030393034085,1.44205897260608,0.9086340817067119,extrapolated,covid,2026-09-30
COVID-19 hospitalisations,EE,TRUE,2026-09-27,2026-W39,1.31030393034085,1.31030393034085,1.44205897260608,0.9086340817067119,h1_nowcast,covid,2026-09-30
COVID-19 hospitalisations,ES,TRUE,2026-05-03,2026-W18,6.232390907524163,5.60870407759302,5.04743073673875,1.1111998103845047,extrapolated,covid,2026-05-13
COVID-19 hospitalisations,FR,TRUE,2024-12-01,2024-W48,2.4281213161828235,1.54037003438654,0.977191636604922,1.576323391119352,extrapolated,covid,2024-12-11
COVID-19 hospitalisations,FR,TRUE,2024-12-08,2024-W49,1.3333333333333333,2,3,0.6666666666666666,extrapolated,covid,2024-12-18
COVID-19 hospitalisations,FR,TRUE,2024-12-15,2024-W50,1.3333333333333333,2,3,0.6666666666666666,extrapolated,covid,2024-12-25
COVID-19 hospitalisations,FR,TRUE,2024-12-22,2024-W51,1.157142857142857,4.5,17.5,0.2571428571428571,extrapolated,covid,2025-01-01
COVID-19 hospitalisations,FR,TRUE,2024-12-29,2024-W52,8.14967987463816,9.36554149549655,10.7627991348264,0.8701771145381144,extrapolated,covid,2025-01-08
COVID-19 hospitalisations,FR,TRUE,2025-01-05,2025-W01,7.999999999999998,4,2,2,extrapolated,covid,2025-01-15
COVID-19 hospitalisations,FR,TRUE,2025-01-12,2025-W02,5.897720895469281,6.67514622937071,7.55505015805543,0.883534336599137,extrapolated,covid,2025-01-22
COVID-19 hospitalisations,FR,TRUE,2025-01-19,2025-W03,6.249999999999999,5,4,1.25,extrapolated,covid,2025-01-29
COVID-19 hospitalisations,FR,TRUE,2025-01-26,2025-W04,5.416548365935502,4.69908462557942,4.07665450884295,1.1526815959965,extrapolated,covid,2025-02-05
COVID-19 hospitalisations,FR,TRUE,2025-02-02,2025-W05,2.6666666666666665,4,6,0.6666666666666666,extrapolated,covid,2025-02-12
COVID-19 hospitalisations,FR,TRUE,2025-02-09,2025-W06,8.333333333333332,5,3,1.6666666666666667,extrapolated,covid,2025-02-19
COVID-19 hospitalisations,FR,TRUE,2025-02-16,2025-W07,4.052918710576594,3.26954451901838,2.63758592886318,1.2395973466644854,extrapolated,covid,2025-02-26
COVID-19 hospitalisations,FR,TRUE,2025-02-23,2025-W08,4.252019070917295,3.31654888657587,2.58688786047112,1.2820613283066182,extrapolated,covid,2025-03-05
COVID-19 hospitalisations,FR,TRUE,2025-03-02,2025-W09,6.425789897963846,7.4149200413319,8.5563082659717,0.8666027229080698,extrapolated,covid,2025-03-12
COVID-19 hospitalisations,FR,TRUE,2025-03-09,2025-W10,2,2,2,1,extrapolated,covid,2025-03-19
COVID-19 hospitalisations,FR,TRUE,2025-03-16,2025-W11,2.483106498621848,1.97102518159687,1.56454838672653,1.2598045533898778,extrapolated,covid,2025-03-26
COVID-19 hospitalisations,FR,TRUE,2025-03-23,2025-W12,1.56454838672653,1.56454838672653,1.56454838672653,1,extrapolated,covid,2025-04-02
COVID-19 hospitalisations,FR,TRUE,2025-03-30,2025-W13,3.7248201649882344,3.81389995080142,3.9051100967096,0.976643386831774,extrapolated,covid,2025-04-09
COVID-19 hospitalisations,FR,TRUE,2025-04-06,2025-W14,3.0000000000000004,3,3,1,extrapolated,covid,2025-04-16
COVID-19 hospitalisations,FR,TRUE,2025-04-13,2025-W15,2,1,0.5,2,extrapolated,covid,2025-04-23
COVID-19 hospitalisations,FR,TRUE,2025-04-20,2025-W16,1.7225461198341392,3.58368128764817,7.45569098183348,0.48066387091151713,extrapolated,covid,2025-04-30
COVID-19 hospitalisations,FR,TRUE,2025-04-27,2025-W17,4.399679704600064,9.59163837128744,20.910505496426,0.4586994978637332,extrapolated,covid,2025-05-07
COVID-19 hospitalisations,FR,TRUE,2025-05-04,2025-W18,9.238061301245207,10.884769942615,12.8250087155933,0.8487144285041102,extrapolated,covid,2025-05-14
COVID-19 hospitalisations,FR,TRUE,2025-05-11,2025-W19,6.080392098943827,7.09550750685657,8.28009542157703,0.8569354754495276,extrapolated,covid,2025-05-21
COVID-19 hospitalisations,FR,TRUE,2025-05-18,2025-W20,14.219247278905017,16.7430704876173,19.7148557764521,0.8492616267381284,extrapolated,covid,2025-05-28
COVID-19 hospitalisations,FR,TRUE,2026-01-11,2026-W02,5.885954132269574,5.65293781730058,5.42914627741844,1.041220392387098,extrapolated,covid,2026-01-21
COVID-19 hospitalisations,FR,TRUE,2026-01-18,2026-W03,2.2500000000000004,3,4,0.75,extrapolated,covid,2026-01-28
COVID-19 hospitalisations,FR,TRUE,2026-01-25,2026-W04,2.914798252614154,3,3.08769225860771,0.9715994175380509,extrapolated,covid,2026-02-04
COVID-19 hospitalisations,FR,TRUE,2026-02-01,2026-W05,0.5263079326406844,2.04092353753542,7.91431902834311,0.2578773398224628,extrapolated,covid,2026-02-11
COVID-19 hospitalisations,FR,TRUE,2026-02-08,2026-W06,0.5000000000000001,2,8,0.25,extrapolated,covid,2026-02-18
COVID-19 hospitalisations,FR,TRUE,2026-02-15,2026-W07,1.0550200500258684,2.16000789386467,4.42231794688953,0.48843342333265016,extrapolated,covid,2026-02-25
COVID-19 hospitalisations,FR,TRUE,2026-02-22,2026-W08,2.2857142857142856,4,7,0.5714285714285714,extrapolated,covid,2026-03-04
COVID-19 hospitalisations,FR,TRUE,2026-03-01,2026-W09,1.74735236596051,2.1155111508717,2.56123923064734,0.8259717114894479,extrapolated,covid,2026-03-11
COVID-19 hospitalisations,FR,TRUE,2026-03-08,2026-W10,1.9343096325035989,2.04886686734317,2.1702086209762,0.9440875165363374,extrapolated,covid,2026-03-18
COVID-19 hospitalisations,FR,TRUE,2026-03-15,2026-W11,2.1523574595829866,3,4.18146156900152,0.7174524865276621,extrapolated,covid,2026-03-25
COVID-19 hospitalisations,FR,TRUE,2026-03-22,2026-W12,3.236340387260405,4.65241414298746,6.68809666717178,0.6956260315171019,extrapolated,covid,2026-04-01
COVID-19 hospitalisations,FR,TRUE,2026-03-29,2026-W13,3.7564844876396672,5.84404833358589,9.09171887642946,0.6427880594434955,extrapolated,covid,2026-04-08
COVID-19 hospitalisations,FR,TRUE,2026-04-05,2026-W14,3.4646793499546233,2.45051035500771,1.73320541194632,1.4138603180657539,extrapolated,covid,2026-04-15
COVID-19 hospitalisations,FR,TRUE,2026-04-12,2026-W15,11.214753061449404,10.1989038550531,9.27507179825265,1.0996037633880626,extrapolated,covid,2026-04-22
COVID-19 hospitalisations,FR,TRUE,2026-04-19,2026-W16,10.678233340799926,10.5563164244874,10.4357914738689,1.0115491911581689,extrapolated,covid,2026-04-29
COVID-19 hospitalisations,FR,TRUE,2026-04-26,2026-W17,11.65554777365845,13.7290673385255,16.1714656098574,0.8489686506927904,extrapolated,covid,2026-05-06
COVID-19 hospitalisations,FR,TRUE,2026-05-03,2026-W18,13.654232980226608,16.0803366046517,18.9375137873625,0.849126067191699,extrapolated,covid,2026-05-13
COVID-19 hospitalisations,GR,TRUE,2023-09-30,2023-W39,876.1347438752776,887,898,0.987750556792873,extrapolated,covid_archive,2023-10-02
COVID-19 hospitalisations,GR,TRUE,2023-10-07,2023-W40,861.9999999999998,862,862,1,extrapolated,covid_archive,2023-10-09
COVID-19 hospitalisations,GR,TRUE,2023-10-14,2023-W41,870.0290697674413,865,860,1.005813953488372,extrapolated,covid_archive,2023-10-16
COVID-19 hospitalisations,GR,TRUE,2023-10-21,2023-W42,968.004115226338,970,972,0.9979423868312757,extrapolated,covid_archive,2023-10-23
COVID-19 hospitalisations,GR,TRUE,2023-10-28,2023-W43,1059.363967242948,1079,1099,0.9818016378525932,extrapolated,covid_archive,2023-10-30
COVID-19 hospitalisations,GR,TRUE,2023-11-04,2023-W44,1079.2905829596405,1097,1115,0.9838565022421525,extrapolated,covid_archive,2023-11-06
COVID-19 hospitalisations,GR,TRUE,2023-11-11,2023-W45,1089.0227479526845,1094,1099,0.9954504094631483,extrapolated,covid_archive,2023-11-13
COVID-19 hospitalisations,GR,TRUE,2024-10-13,2024-W41,649.6844014510276,733,827,0.8863361547762999,extrapolated,covid,2024-10-23
COVID-19 hospitalisations,GR,TRUE,2024-10-20,2024-W42,528.0715440582047,571.5,618.5,0.9240097008892482,extrapolated,covid,2024-10-30
COVID-19 hospitalisations,GR,TRUE,2024-10-27,2024-W43,575.0831918505947,582,589,0.9881154499151104,extrapolated,covid,2024-11-06
COVID-19 hospitalisations,GR,TRUE,2024-11-03,2024-W44,539.4965517085232,536.127686870991,532.779858776433,1.0062836986785622,extrapolated,covid,2024-11-13
COVID-19 hospitalisations,GR,TRUE,2024-11-10,2024-W45,536.2992723838705,529.235019771495,522.263819056709,1.0133480445330811,extrapolated,covid,2024-11-20
COVID-19 hospitalisations,GR,TRUE,2024-11-17,2024-W46,530.1624277676326,524.043819356184,517.995825848644,1.0116757572276407,extrapolated,covid,2024-11-27
COVID-19 hospitalisations,GR,TRUE,2024-11-24,2024-W47,559.2226501586658,562.762119225459,566.323990534492,0.9937105413710773,extrapolated,covid,2024-12-04
COVID-19 hospitalisations,GR,TRUE,2024-12-01,2024-W48,541.731601221793,555.5,569.618330007045,0.9752144036395909,extrapolated,covid,2024-12-11
COVID-19 hospitalisations,GR,TRUE,2024-12-08,2024-W49,607.3359586846483,615.868846414502,624.521618653035,0.9861449596297477,extrapolated,covid,2024-12-18
COVID-19 hospitalisations,GR,TRUE,2024-12-15,2024-W50,517.8192961484299,498.003634728301,478.946269571826,1.0397901943646248,extrapolated,covid,2024-12-25
COVID-19 hospitalisations,GR,TRUE,2024-12-22,2024-W51,495.65086705202293,463,432.5,1.0705202312138729,extrapolated,covid,2025-01-01
COVID-19 hospitalisations,GR,TRUE,2024-12-29,2024-W52,506.0729029644763,510,513.957571085875,0.9922998097342675,extrapolated,covid,2025-01-08
COVID-19 hospitalisations,GR,TRUE,2025-01-05,2025-W01,544.1539670793429,536.162894323192,528.289172992662,1.014904188336715,extrapolated,covid,2025-01-15
COVID-19 hospitalisations,GR,TRUE,2025-01-12,2025-W02,598.6766489306699,613.047575480321,627.763468766631,0.9765582197460098,extrapolated,covid,2025-01-22
COVID-19 hospitalisations,GR,TRUE,2025-01-19,2025-W03,472.6916568424238,443.059030864255,415.284048256032,1.0668818913822067,extrapolated,covid,2025-01-29
COVID-19 hospitalisations,GR,TRUE,2025-01-26,2025-W04,372.51062416998656,374.5,376.5,0.9946879150066401,extrapolated,covid,2025-02-05
COVID-19 hospitalisations,GR,TRUE,2025-02-02,2025-W05,250.53070175438606,239,228,1.0482456140350878,extrapolated,covid,2025-02-12
COVID-19 hospitalisations,GR,TRUE,2025-02-09,2025-W06,187.52081412623616,175.706791076156,164.637064819358,1.067237145347215,extrapolated,covid,2025-02-19
COVID-19 hospitalisations,GR,TRUE,2025-02-16,2025-W07,155.9626121504865,150,144.265344685879,1.0397507476699102,extrapolated,covid,2025-02-26
COVID-19 hospitalisations,GR,TRUE,2025-02-23,2025-W08,134.64033084569743,122.5,111.454345854198,1.0991047415975297,extrapolated,covid,2025-03-05
COVID-19 hospitalisations,GR,TRUE,2025-03-02,2025-W09,168.03333333333342,142,120,1.1833333333333333,extrapolated,covid,2025-03-12
COVID-19 hospitalisations,GR,TRUE,2025-03-09,2025-W10,80.01219512195127,81,82,0.9878048780487805,extrapolated,covid,2025-03-19
COVID-19 hospitalisations,GR,TRUE,2025-03-16,2025-W11,85.96258702140608,79.7573284381069,74,1.0778017356500933,extrapolated,covid,2025-03-26
COVID-19 hospitalisations,GR,TRUE,2025-03-23,2025-W12,82.32617319664561,79.2080754761118,76.2080754761118,1.0393659068446148,extrapolated,covid,2025-04-02
COVID-19 hospitalisations,GR,TRUE,2025-03-30,2025-W13,96.85336985565996,88.0242556824697,80,1.1003031960308713,extrapolated,covid,2025-04-09
COVID-19 hospitalisations,GR,TRUE,2025-04-06,2025-W14,59.01754385964909,58,57,1.0175438596491229,extrapolated,covid,2025-04-16
COVID-19 hospitalisations,GR,TRUE,2025-04-13,2025-W15,48.40000000000001,55,62.5,0.88,extrapolated,covid,2025-04-23
COVID-19 hospitalisations,GR,TRUE,2025-04-20,2025-W16,53.191489361702125,50,47,1.0638297872340425,extrapolated,covid,2025-04-30
COVID-19 hospitalisations,GR,TRUE,2025-04-27,2025-W17,52.98778618366914,60,67.940185074377,0.8831297697278195,extrapolated,covid,2025-05-07
COVID-19 hospitalisations,GR,TRUE,2025-05-04,2025-W18,60.526019299971274,60.2624357124592,60,1.0043739285409867,extrapolated,covid,2025-05-14
COVID-19 hospitalisations,GR,TRUE,2025-05-11,2025-W19,40.80411947749272,46.5,52.990973158793,0.8775079457525319,extrapolated,covid,2025-05-21
COVID-19 hospitalisations,GR,TRUE,2025-05-18,2025-W20,51.06276503405523,56,61.4146139150223,0.9118350898938427,extrapolated,covid,2025-05-28
COVID-19 hospitalisations,GR,TRUE,2025-05-25,2025-W21,49.46283783783783,60.5,74,0.8175675675675675,extrapolated,covid,2025-06-04
COVID-19 hospitalisations,GR,TRUE,2025-06-01,2025-W22,56.906804739297534,62.6623453679443,69,0.9081499328687579,extrapolated,covid,2025-06-11
COVID-19 hospitalisations,GR,TRUE,2025-06-08,2025-W23,86.32199082798175,97.0005,109,0.8899128440366972,extrapolated,covid,2025-06-18
COVID-19 hospitalisations,GR,TRUE,2025-06-15,2025-W24,88.66417910447758,109,134,0.8134328358208955,extrapolated,covid,2025-06-25
COVID-19 hospitalisations,GR,TRUE,2025-06-22,2025-W25,67.95188115231672,80.1089510545948,94.4410063451006,0.8482433018753053,extrapolated,covid,2025-07-02
COVID-19 hospitalisations,GR,TRUE,2025-06-29,2025-W26,95.04365239931424,108.788999098484,124.522217171605,0.8736513175681819,extrapolated,covid,2025-07-09
COVID-19 hospitalisations,GR,TRUE,2025-07-06,2025-W27,90.34907623687049,92.4563188488172,94.6127094057187,0.9772082358654961,extrapolated,covid,2025-07-16
COVID-19 hospitalisations,GR,TRUE,2025-07-13,2025-W28,73.46670443794852,84.411313336084,96.9863814313421,0.8703419190439624,extrapolated,covid,2025-07-23
COVID-19 hospitalisations,GR,TRUE,2025-07-20,2025-W29,120.00699300699296,131,143,0.916083916083916,extrapolated,covid,2025-07-30
COVID-19 hospitalisations,GR,TRUE,2025-07-27,2025-W30,149.70760233918114,160,171,0.935672514619883,extrapolated,covid,2025-08-06
COVID-19 hospitalisations,GR,TRUE,2025-08-03,2025-W31,197.23911045486054,211.596970850845,227,0.9321452460389648,extrapolated,covid,2025-08-13
COVID-19 hospitalisations,GR,TRUE,2025-08-10,2025-W32,251.80071174377235,266,281,0.9466192170818505,extrapolated,covid,2025-08-20
COVID-19 hospitalisations,GR,TRUE,2025-08-17,2025-W33,216.2252712756233,222.520981307646,229,0.971707341954786,extrapolated,covid,2025-08-27
COVID-19 hospitalisations,GR,TRUE,2025-08-24,2025-W34,228.77309767109267,250.149726667578,273.523794488406,0.9145446637849316,extrapolated,covid,2025-09-03
COVID-19 hospitalisations,GR,TRUE,2025-08-31,2025-W35,221.54347664360887,211.546170568056,202,1.047258270138891,extrapolated,covid,2025-09-10
COVID-19 hospitalisations,GR,TRUE,2025-09-07,2025-W36,203.2367824644492,221.773085284028,242,0.9164177077852397,extrapolated,covid,2025-09-17
COVID-19 hospitalisations,GR,TRUE,2025-09-14,2025-W37,233.47821657973495,240.619927375527,247.980091240894,0.9703195372316515,extrapolated,covid,2025-09-24
COVID-19 hospitalisations,GR,TRUE,2025-09-21,2025-W38,251.0314319015068,264.480541171124,278.650191843768,0.9491489649481792,extrapolated,covid,2025-10-01
COVID-19 hospitalisations,GR,TRUE,2025-09-28,2025-W39,265.4282888362774,278.59042550854,292.405250115984,0.9527545261175568,extrapolated,covid,2025-10-08
COVID-19 hospitalisations,GR,TRUE,2025-10-05,2025-W40,279.12679834588204,290.059754359271,301.42093699905,0.9623079181131508,extrapolated,covid,2025-10-15
COVID-19 hospitalisations,GR,TRUE,2025-10-12,2025-W41,296.4198866072484,317.847329487523,340.82370794578,0.9325857388362426,extrapolated,covid,2025-10-22
COVID-19 hospitalisations,GR,TRUE,2025-10-19,2025-W42,302.8184543275314,312.415574390281,322.316852644787,0.9692809166717143,extrapolated,covid,2025-10-29
COVID-19 hospitalisations,GR,TRUE,2025-10-26,2025-W43,314.90715649030534,322.320883669516,329.909149119944,0.9769989238835289,extrapolated,covid,2025-11-05
COVID-19 hospitalisations,GR,TRUE,2025-11-02,2025-W44,323.9827661787896,329.913342315155,335.952478958377,0.9820238366391985,extrapolated,covid,2025-11-12
COVID-19 hospitalisations,GR,TRUE,2025-11-09,2025-W45,226.32642487046627,209,193,1.0829015544041452,extrapolated,covid,2025-11-19
COVID-19 hospitalisations,GR,TRUE,2025-11-16,2025-W46,212.8514285714285,193,175,1.1028571428571428,extrapolated,covid,2025-11-26
COVID-19 hospitalisations,GR,TRUE,2025-11-23,2025-W47,197.29936305732474,176,157,1.1210191082802548,extrapolated,covid,2025-12-03
COVID-19 hospitalisations,GR,TRUE,2026-08-02,2026-W31,8.32728123424244,8.32728123424244,8.32728123424244,1,extrapolated,covid,2026-08-12
COVID-19 hospitalisations,GR,TRUE,2026-08-09,2026-W32,13.957520602430884,14.0989999771118,14.2419134470042,0.9899652900978372,extrapolated,covid,2026-08-19
COVID-19 hospitalisations,GR,TRUE,2026-08-16,2026-W33,16.125477693518405,17.8979008434036,19.8651389241675,0.9009703335942645,extrapolated,covid,2026-08-26
COVID-19 hospitalisations,GR,TRUE,2026-08-23,2026-W34,22.050000000000004,21,20,1.05,extrapolated,covid,2026-09-02
COVID-19 hospitalisations,GR,TRUE,2026-08-30,2026-W35,18.906663753084505,17.2639328738038,15.7639328738038,1.095153919520469,extrapolated,covid,2026-09-09
COVID-19 hospitalisations,GR,TRUE,2026-09-06,2026-W36,15.669980402784322,18.03873141164,20.7655544281006,0.8686852775396848,extrapolated,covid,2026-09-16
COVID-19 hospitalisations,GR,TRUE,2026-09-13,2026-W37,38.3227665165388,37.863302230835,37.4093466139729,1.0121348181123415,extrapolated,covid,2026-09-23
COVID-19 hospitalisations,GR,TRUE,2026-09-20,2026-W38,34.766434941737494,40.0478370048878,46.1315418580536,0.8681226638406037,extrapolated,covid,2026-09-30
COVID-19 hospitalisations,GR,TRUE,2026-09-27,2026-W39,40.0478370048878,40.0478370048878,46.1315418580536,0.8681226638406037,h1_nowcast,covid,2026-09-30
COVID-19 hospitalisations,HU,TRUE,2024-10-13,2024-W41,122.13043478260862,106,92,1.1521739130434783,extrapolated,covid,2024-10-23
COVID-19 hospitalisations,HU,TRUE,2024-10-20,2024-W42,100.04166666666676,98,96,1.0208333333333333,extrapolated,covid,2024-10-30
COVID-19 hospitalisations,HU,TRUE,2024-10-27,2024-W43,94.04081632653055,96,98,0.9795918367346939,extrapolated,covid,2024-11-06
COVID-19 hospitalisations,HU,TRUE,2024-11-03,2024-W44,67.77108433734934,75,83,0.9036144578313253,extrapolated,covid,2024-11-13
COVID-19 hospitalisations,HU,TRUE,2024-11-10,2024-W45,43.52856645538646,41.6690134603881,39.8889011091507,1.0446267583648483,extrapolated,covid,2024-11-20
COVID-19 hospitalisations,HU,TRUE,2024-11-17,2024-W46,36.554457816312,35,33.5116446304767,1.0444130804660579,extrapolated,covid,2024-11-27
COVID-19 hospitalisations,HU,TRUE,2024-11-24,2024-W47,24.696698286129287,22.2996527045533,20.1352628186328,1.1074925073199249,extrapolated,covid,2024-12-04
COVID-19 hospitalisations,HU,TRUE,2024-12-01,2024-W48,24.000000000000004,24,24,1,extrapolated,covid,2024-12-11
COVID-19 hospitalisations,HU,TRUE,2024-12-08,2024-W49,25.105832620040225,23.501666273711,22,1.0682575578959546,extrapolated,covid,2024-12-18
COVID-19 hospitalisations,HU,TRUE,2024-12-15,2024-W50,20.080885235954856,20.0404018103205,20,1.002020090516025,extrapolated,covid,2024-12-25
COVID-19 hospitalisations,HU,TRUE,2024-12-22,2024-W51,26.000000000000004,26,26,1,extrapolated,covid,2025-01-01
COVID-19 hospitalisations,HU,TRUE,2024-12-29,2024-W52,13.999999999999996,14,14,1,extrapolated,covid,2025-01-08
COVID-19 hospitalisations,HU,TRUE,2025-01-05,2025-W01,18.714124293785314,18.2,17.7,1.0282485875706215,extrapolated,covid,2025-01-15
COVID-19 hospitalisations,HU,TRUE,2025-01-12,2025-W02,20.102546473990223,20.7895346073641,21.5,0.9669550980169349,extrapolated,covid,2025-01-22
COVID-19 hospitalisations,HU,TRUE,2025-01-19,2025-W03,23.75757575757576,21,18.5625,1.1313131313131313,extrapolated,covid,2025-01-29
COVID-19 hospitalisations,HU,TRUE,2025-01-26,2025-W04,16.12216619476194,14.5,13.0410515224877,1.1118735306732377,extrapolated,covid,2025-02-05
COVID-19 hospitalisations,HU,TRUE,2025-02-02,2025-W05,4,4,4,1,extrapolated,covid,2025-02-12
COVID-19 hospitalisations,HU,TRUE,2025-02-09,2025-W06,3.2,4,5,0.8,extrapolated,covid,2025-02-19
COVID-19 hospitalisations,HU,TRUE,2025-02-16,2025-W07,8.333333333333332,5,3,1.6666666666666667,extrapolated,covid,2025-02-26
COVID-19 hospitalisations,HU,TRUE,2025-02-23,2025-W08,3.0000000000000004,3,3,1,extrapolated,covid,2025-03-05
COVID-19 hospitalisations,HU,TRUE,2025-03-02,2025-W09,4.083333333333333,3.5,3,1.1666666666666667,extrapolated,covid,2025-03-12
COVID-19 hospitalisations,HU,TRUE,2025-03-09,2025-W10,3.0000000000000004,3,3,1,extrapolated,covid,2025-03-19
COVID-19 hospitalisations,HU,TRUE,2025-03-16,2025-W11,3.2,4,5,0.8,extrapolated,covid,2025-03-26
COVID-19 hospitalisations,HU,TRUE,2025-03-23,2025-W12,4,4,4,1,extrapolated,covid,2025-04-02
COVID-19 hospitalisations,HU,TRUE,2025-03-30,2025-W13,6.125,7,8,0.875,extrapolated,covid,2025-04-09
COVID-19 hospitalisations,HU,TRUE,2025-04-06,2025-W14,4.166666666666666,5,6,0.8333333333333334,extrapolated,covid,2025-04-16
COVID-19 hospitalisations,HU,TRUE,2025-04-13,2025-W15,5.76470588235294,7,8.5,0.8235294117647058,extrapolated,covid,2025-04-23
COVID-19 hospitalisations,HU,TRUE,2025-04-20,2025-W16,5.921052631578945,7.5,9.5,0.7894736842105263,extrapolated,covid,2025-04-30
COVID-19 hospitalisations,HU,TRUE,2025-05-11,2025-W19,3.1791255368152598,3.1791255368152598,3.1791255368152598,1,extrapolated,covid,2025-05-21
COVID-19 hospitalisations,IE,TRUE,2023-09-30,2023-W39,376.40909090909093,364,352,1.0340909090909092,extrapolated,covid_archive,2023-10-02
COVID-19 hospitalisations,IE,TRUE,2023-10-07,2023-W40,298.00000000000006,298,298,1,extrapolated,covid_archive,2023-10-09
COVID-19 hospitalisations,IE,TRUE,2023-10-14,2023-W41,298.01360544217675,296,294,1.0068027210884354,extrapolated,covid_archive,2023-10-16
COVID-19 hospitalisations,IE,TRUE,2023-10-21,2023-W42,310.0130718954246,308,306,1.0065359477124183,extrapolated,covid_archive,2023-10-23
COVID-19 hospitalisations,IE,TRUE,2023-10-28,2023-W43,371.02465753424684,368,365,1.0082191780821919,extrapolated,covid_archive,2023-10-30
COVID-19 hospitalisations,IE,TRUE,2023-11-04,2023-W44,359.06775067750675,364,369,0.986449864498645,extrapolated,covid_archive,2023-11-06
COVID-19 hospitalisations,IE,TRUE,2023-11-11,2023-W45,197.02072538860102,195,193,1.0103626943005182,extrapolated,covid_archive,2023-11-13
COVID-19 hospitalisations,IE,TRUE,2024-10-13,2024-W41,106.1162790697675,117,129,0.9069767441860465,extrapolated,covid,2024-10-23
COVID-19 hospitalisations,IE,TRUE,2024-10-20,2024-W42,119.86704119850188,126.5,133.5,0.947565543071161,extrapolated,covid,2024-10-30
COVID-19 hospitalisations,IE,TRUE,2024-10-27,2024-W43,120.33333333333336,133,147,0.9047619047619048,extrapolated,covid,2024-11-06
COVID-19 hospitalisations,IE,TRUE,2024-11-03,2024-W44,124.13422818791955,136,149,0.912751677852349,extrapolated,covid,2024-11-13
COVID-19 hospitalisations,IE,TRUE,2024-11-10,2024-W45,78.1946902654867,94,113,0.831858407079646,extrapolated,covid,2024-11-20
COVID-19 hospitalisations,IE,TRUE,2024-11-17,2024-W46,78.00316455696209,78.5,79,0.9936708860759493,extrapolated,covid,2024-11-27
COVID-19 hospitalisations,IE,TRUE,2024-11-24,2024-W47,49.78248135473712,47.6555939677663,45.6195748909671,1.0446303824984204,extrapolated,covid,2024-12-04
COVID-19 hospitalisations,IE,TRUE,2024-12-01,2024-W48,50.51904761904762,51.5,52.5,0.9809523809523809,extrapolated,covid,2024-12-11
COVID-19 hospitalisations,IE,TRUE,2024-12-08,2024-W49,36.21358715870692,36.9266587142265,37.6537711611127,0.9806895186201924,extrapolated,covid,2024-12-18
COVID-19 hospitalisations,IE,TRUE,2024-12-15,2024-W50,62.502883889545025,63.3209878607025,64.1498000434812,0.9870800504098699,extrapolated,covid,2024-12-25
COVID-19 hospitalisations,IE,TRUE,2024-12-22,2024-W51,78.37037037037038,92,108,0.8518518518518519,extrapolated,covid,2025-01-01
COVID-19 hospitalisations,IE,TRUE,2024-12-29,2024-W52,53.76047904191612,67,83.5,0.8023952095808383,extrapolated,covid,2025-01-08
COVID-19 hospitalisations,IE,TRUE,2025-01-05,2025-W01,61.11320209368145,61.3,61.4873688706374,0.9969527258349337,extrapolated,covid,2025-01-15
COVID-19 hospitalisations,IE,TRUE,2025-01-12,2025-W02,42.92063492063494,52,63,0.8253968253968254,extrapolated,covid,2025-01-22
COVID-19 hospitalisations,IE,TRUE,2025-01-19,2025-W03,47.00851033388555,46.42857143,45.8557871696003,1.0124909917756122,extrapolated,covid,2025-01-29
COVID-19 hospitalisations,IE,TRUE,2025-01-26,2025-W04,36.604544786313376,39.6736112020506,43,0.922642120977921,extrapolated,covid,2025-02-05
COVID-19 hospitalisations,IE,TRUE,2025-02-02,2025-W05,30.98865296940926,31.8145690066795,32.6624975303038,0.9740396911522884,extrapolated,covid,2025-02-12
COVID-19 hospitalisations,IE,TRUE,2025-02-09,2025-W06,38.00641025641028,38.5,39,0.9871794871794872,extrapolated,covid,2025-02-19
COVID-19 hospitalisations,IE,TRUE,2025-02-16,2025-W07,34.36201491591046,34.1781116602482,33.9951926427782,1.005380731899128,extrapolated,covid,2025-02-26
COVID-19 hospitalisations,IE,TRUE,2025-02-23,2025-W08,40,40,40,1,extrapolated,covid,2025-03-05
COVID-19 hospitalisations,IE,TRUE,2025-03-02,2025-W09,39.424008006983975,39.2582382479288,39.0931655162538,1.00422254707428,extrapolated,covid,2025-03-12
COVID-19 hospitalisations,IE,TRUE,2025-03-09,2025-W10,37.01558956251415,39.5164764958575,42.1863310325077,0.9367128055153012,extrapolated,covid,2025-03-19
COVID-19 hospitalisations,IE,TRUE,2025-03-16,2025-W11,33.10458544763921,33.1753950223595,33.2463560563355,0.9978655996508082,extrapolated,covid,2025-03-26
COVID-19 hospitalisations,IE,TRUE,2025-03-23,2025-W12,31.499999999999993,31.5,31.5,1,extrapolated,covid,2025-04-02
COVID-19 hospitalisations,IE,TRUE,2025-03-30,2025-W13,38.27222222222221,41.5,45,0.9222222222222223,extrapolated,covid,2025-04-09
COVID-19 hospitalisations,IE,TRUE,2025-04-06,2025-W14,34.38095238095237,38,42,0.9047619047619048,extrapolated,covid,2025-04-16
COVID-19 hospitalisations,IE,TRUE,2025-04-13,2025-W15,36.36363636363637,40,44,0.9090909090909091,extrapolated,covid,2025-04-23
COVID-19 hospitalisations,IE,TRUE,2025-04-20,2025-W16,36.99999999999999,37,37,1,extrapolated,covid,2025-04-30
COVID-19 hospitalisations,IE,TRUE,2025-04-27,2025-W17,46.02083333333331,47,48,0.9791666666666666,extrapolated,covid,2025-05-07
COVID-19 hospitalisations,IE,TRUE,2025-05-04,2025-W18,44.17999999999999,47,50,0.94,extrapolated,covid,2025-05-14
COVID-19 hospitalisations,IE,TRUE,2025-05-11,2025-W19,53.034685179132495,52.5,51.9707054108148,1.0101844796025234,extrapolated,covid,2025-05-21
COVID-19 hospitalisations,IE,TRUE,2025-05-18,2025-W20,61.06153846153847,63,65,0.9692307692307692,extrapolated,covid,2025-05-28
COVID-19 hospitalisations,IE,TRUE,2025-05-25,2025-W21,72.13636363636371,69,66,1.0454545454545454,extrapolated,covid,2025-06-04
COVID-19 hospitalisations,IE,TRUE,2025-06-01,2025-W22,58.16646448588366,63.8095017533585,70,0.9115643107622642,extrapolated,covid,2025-06-11
COVID-19 hospitalisations,IE,TRUE,2025-06-08,2025-W23,68.50359712230222,69,69.5,0.9928057553956835,extrapolated,covid,2025-06-18
COVID-19 hospitalisations,IE,TRUE,2025-06-15,2025-W24,77.01333333333335,76,75,1.0133333333333334,extrapolated,covid,2025-06-25
COVID-19 hospitalisations,IE,TRUE,2025-06-22,2025-W25,103.82702702702707,98,92.5,1.0594594594594595,extrapolated,covid,2025-07-02
COVID-19 hospitalisations,IE,TRUE,2025-06-29,2025-W26,92.57142857142861,108,126,0.8571428571428571,extrapolated,covid,2025-07-09
COVID-19 hospitalisations,IE,TRUE,2025-07-06,2025-W27,102.45642285056692,97.5584640914566,92.8946536593959,1.0502053697208544,extrapolated,covid,2025-07-16
COVID-19 hospitalisations,IE,TRUE,2025-07-13,2025-W28,139.00729927007308,138,137,1.0072992700729928,extrapolated,covid,2025-07-23
COVID-19 hospitalisations,IE,TRUE,2025-07-20,2025-W29,154.10958904109583,150,146,1.0273972602739727,extrapolated,covid,2025-07-30
COVID-19 hospitalisations,IE,TRUE,2025-07-27,2025-W30,178.00783699059556,168.5,159.5,1.0564263322884013,extrapolated,covid,2025-08-06
COVID-19 hospitalisations,IE,TRUE,2025-08-03,2025-W31,157.4472817424471,156,154.566021913347,1.0092774470669688,extrapolated,covid,2025-08-13
COVID-19 hospitalisations,IE,TRUE,2025-08-10,2025-W32,137.00000000000003,137,137,1,extrapolated,covid,2025-08-20
COVID-19 hospitalisations,IE,TRUE,2025-08-17,2025-W33,180.17803172341638,188.401359468325,197,0.9563520785194163,extrapolated,covid,2025-08-27
COVID-19 hospitalisations,IE,TRUE,2025-08-24,2025-W34,187.8455242586113,188,188.154602775316,0.9991783205245284,extrapolated,covid,2025-09-03
COVID-19 hospitalisations,IE,TRUE,2025-08-31,2025-W35,148.53280338360855,143,137.673291920488,1.038690932752508,extrapolated,covid,2025-09-10
COVID-19 hospitalisations,IE,TRUE,2025-09-07,2025-W36,152.0084228426392,126.770628751399,105.723038325723,1.1990823453335715,extrapolated,covid,2025-09-17
COVID-19 hospitalisations,IE,TRUE,2025-09-14,2025-W37,134.43638343149388,128.591116186437,123,1.0454562291580245,extrapolated,covid,2025-09-24
COVID-19 hospitalisations,IE,TRUE,2025-09-21,2025-W38,119.85838058375657,117.267398530155,114.73242580998,1.0220946493746539,extrapolated,covid,2025-10-01
COVID-19 hospitalisations,IE,TRUE,2025-09-28,2025-W39,175.3898180244474,167.145059118988,159.287871454407,1.0493269675389565,extrapolated,covid,2025-10-08
COVID-19 hospitalisations,IE,TRUE,2025-10-05,2025-W40,158.12553015874485,151.302355464161,144.773603263314,1.0450962886443638,extrapolated,covid,2025-10-15
COVID-19 hospitalisations,IE,TRUE,2025-10-12,2025-W41,139.66942148760322,130,121,1.0743801652892562,extrapolated,covid,2025-10-22
COVID-19 hospitalisations,IE,TRUE,2025-10-19,2025-W42,103.628973339254,96.0034563658141,88.9390615113965,1.0794296087047464,extrapolated,covid,2025-10-29
COVID-19 hospitalisations,IE,TRUE,2025-10-26,2025-W43,79.78207995074612,77.5966524601969,75.4710892063208,1.0281639403409868,extrapolated,covid,2025-11-05
COVID-19 hospitalisations,IE,TRUE,2025-11-02,2025-W44,65.2155783963286,64.7467663644637,64.2813244586733,1.0072407018634104,extrapolated,covid,2025-11-12
COVID-19 hospitalisations,IE,TRUE,2025-11-09,2025-W45,49.70335141388486,49,48.3066017018979,1.0143541104874463,extrapolated,covid,2025-11-19
COVID-19 hospitalisations,IE,TRUE,2025-11-16,2025-W46,27,27,27,1,extrapolated,covid,2025-11-26
COVID-19 hospitalisations,IE,TRUE,2025-11-23,2025-W47,33.9472523457465,35.6642009383826,37.4679875596088,0.9518579262268487,extrapolated,covid,2025-12-03
COVID-19 hospitalisations,IE,TRUE,2025-11-30,2025-W48,43.67650556044505,46,48.4470992550357,0.9494892513140227,extrapolated,covid,2025-12-10
COVID-19 hospitalisations,IE,TRUE,2025-12-07,2025-W49,56.314227914090324,57.2794552692984,58.2612266468921,0.9831488035165482,extrapolated,covid,2025-12-17
COVID-19 hospitalisations,IE,TRUE,2025-12-14,2025-W50,59.01639344262291,60,61,0.9836065573770492,extrapolated,covid,2025-12-24
COVID-19 hospitalisations,IE,TRUE,2025-12-21,2025-W51,62.00000000000001,62,62,1,extrapolated,covid,2025-12-31
COVID-19 hospitalisations,IE,TRUE,2025-12-28,2025-W52,64.0666666666667,62,60,1.0333333333333334,extrapolated,covid,2026-01-07
COVID-19 hospitalisations,IE,TRUE,2026-01-04,2026-W01,56.3959163375862,58.0995630955693,59.8546747904569,0.9706771158471413,extrapolated,covid,2026-01-14
COVID-19 hospitalisations,IE,TRUE,2026-01-11,2026-W02,55.362226541945034,55.9151287078857,56.4735527038574,0.990111760829002,extrapolated,covid,2026-01-21
COVID-19 hospitalisations,IE,TRUE,2026-01-18,2026-W03,63.01538461538459,64,65,0.9846153846153847,extrapolated,covid,2026-01-28
COVID-19 hospitalisations,IE,TRUE,2026-01-25,2026-W04,47.62516437491418,48.1674816896036,48.7159744805076,0.9887410075082566,extrapolated,covid,2026-02-04
COVID-19 hospitalisations,IE,TRUE,2026-02-01,2026-W05,44.44444444444444,40,36,1.1111111111111112,extrapolated,covid,2026-02-11
COVID-19 hospitalisations,IE,TRUE,2026-02-08,2026-W06,46.87439203425531,49.9917389641158,53.3164027563264,0.9376427586946289,extrapolated,covid,2026-02-18
COVID-19 hospitalisations,IE,TRUE,2026-02-15,2026-W07,51.58734032527936,54.4634929902918,57.5,0.9471911824398573,extrapolated,covid,2026-02-25
COVID-19 hospitalisations,IE,TRUE,2026-02-22,2026-W08,26.166729072062473,24.8658593035707,23.6296618198691,1.0523154962235701,extrapolated,covid,2026-03-04
COVID-19 hospitalisations,IE,TRUE,2026-03-01,2026-W09,17.621730856977404,20,22.6992457918297,0.8810865428488704,extrapolated,covid,2026-03-11
COVID-19 hospitalisations,IE,TRUE,2026-03-08,2026-W10,16.44036891706504,16.2186899185181,16,1.0136681199073811,extrapolated,covid,2026-03-18
COVID-19 hospitalisations,IE,TRUE,2026-03-15,2026-W11,11.123218400711009,11.5532948031517,12,0.9627745669293084,extrapolated,covid,2026-03-25
COVID-19 hospitalisations,IE,TRUE,2026-03-22,2026-W12,17.560841119398205,18.8724997416321,20.2821290891623,0.9304989460754675,extrapolated,covid,2026-04-01
COVID-19 hospitalisations,IE,TRUE,2026-03-29,2026-W13,38.44000000000001,31,25,1.24,extrapolated,covid,2026-04-08
COVID-19 hospitalisations,IE,TRUE,2026-04-05,2026-W14,11.524814237675871,11.7600072641181,12,0.980000605343175,extrapolated,covid,2026-04-15
COVID-19 hospitalisations,IE,TRUE,2026-04-12,2026-W15,6.427649472412688,5.77761316299438,5.19331584655877,1.1125094898325472,extrapolated,covid,2026-04-22
COVID-19 hospitalisations,IE,TRUE,2026-04-19,2026-W16,9.000000000000002,9,9,1,extrapolated,covid,2026-04-29
COVID-19 hospitalisations,IE,TRUE,2026-04-26,2026-W17,4.998232193788463,7.27881908416748,10.5999891973572,0.6866817454853862,extrapolated,covid,2026-05-06
COVID-19 hospitalisations,IE,TRUE,2026-05-03,2026-W18,6,6,6,1,extrapolated,covid,2026-05-13
COVID-19 hospitalisations,IE,TRUE,2026-05-10,2026-W19,5.444444444444443,7,9,0.7777777777777778,extrapolated,covid,2026-05-20
COVID-19 hospitalisations,IE,TRUE,2026-05-17,2026-W20,1.842632814586764,2,2.17080688476562,0.921316407293382,extrapolated,covid,2026-05-27
COVID-19 hospitalisations,IE,TRUE,2026-05-24,2026-W21,0.7499999999999999,1.5,3,0.5,extrapolated,covid,2026-06-03
COVID-19 hospitalisations,IE,TRUE,2026-05-31,2026-W22,1.3333333333333333,2,3,0.6666666666666666,extrapolated,covid,2026-06-10
COVID-19 hospitalisations,IE,TRUE,2026-06-07,2026-W23,9.671641791044772,18,33.5,0.5373134328358209,extrapolated,covid,2026-06-17
COVID-19 hospitalisations,IE,TRUE,2026-08-02,2026-W31,10.000000000000002,10,10,1,extrapolated,covid,2026-08-12
COVID-19 hospitalisations,IE,TRUE,2026-08-09,2026-W32,27.33421552027915,28,28.6820011138916,0.9762219828671129,extrapolated,covid,2026-08-19
COVID-19 hospitalisations,IE,TRUE,2026-08-16,2026-W33,42.88204108765328,46.4773530217929,50.3741027507741,0.9226437888480045,extrapolated,covid,2026-08-26
COVID-19 hospitalisations,IE,TRUE,2026-08-23,2026-W34,50.08695652173915,48,46,1.0434782608695652,extrapolated,covid,2026-09-02
COVID-19 hospitalisations,IE,TRUE,2026-08-30,2026-W35,37.75319170880146,40.61789894104,43.6999797821045,0.9294718016705666,extrapolated,covid,2026-09-09
COVID-19 hospitalisations,IE,TRUE,2026-09-06,2026-W36,74.50340136054432,74,73.5,1.0068027210884354,extrapolated,covid,2026-09-16
COVID-19 hospitalisations,IE,TRUE,2026-09-13,2026-W37,106.84591507779045,103.881843566895,101,1.0285331046227228,extrapolated,covid,2026-09-23
COVID-19 hospitalisations,IE,TRUE,2026-09-20,2026-W38,110.99999999999997,111,111,1,extrapolated,covid,2026-09-30
COVID-19 hospitalisations,IE,TRUE,2026-09-27,2026-W39,111,111,111,1,h1_nowcast,covid,2026-09-30
COVID-19 hospitalisations,IT,TRUE,2023-09-30,2023-W39,1390.1631158455405,1445,1502,0.9620505992010653,extrapolated,covid_archive,2023-10-02
COVID-19 hospitalisations,IT,TRUE,2023-10-07,2023-W40,2181.017982799061,2362,2558,0.9233776387802971,extrapolated,covid_archive,2023-10-09
COVID-19 hospitalisations,IT,TRUE,2023-10-28,2023-W43,1973.9314232033807,2050,2129,0.9628933771723814,extrapolated,covid_archive,2023-10-30
COVID-19 hospitalisations,IT,TRUE,2023-11-04,2023-W44,2401.571258907363,2463,2526,0.9750593824228029,extrapolated,covid_archive,2023-11-06
COVID-19 hospitalisations,IT,TRUE,2023-12-16,2023-W50,3256.6320191158893,3302,3348,0.9862604540023895,extrapolated,covid_archive,2023-12-18
COVID-19 hospitalisations,IT,TRUE,2025-01-12,2025-W02,17.51641399008661,38.12954708854,83,0.4593921335968675,extrapolated,covid,2025-01-22
COVID-19 hospitalisations,IT,TRUE,2025-01-19,2025-W03,32.88952915830362,29.2813046176785,26.0689289891161,1.1232262219097526,extrapolated,covid,2025-01-29
COVID-19 hospitalisations,IT,TRUE,2025-01-26,2025-W04,132.5923387331869,136.883815992647,141.314190998722,0.9686487607878314,extrapolated,covid,2025-02-05
COVID-19 hospitalisations,IT,TRUE,2025-02-02,2025-W05,128.19159429090013,136.628989338155,145.621722163813,0.9382459382293127,extrapolated,covid,2025-02-12
COVID-19 hospitalisations,IT,TRUE,2025-02-09,2025-W06,134.6018160065686,145.622695741098,157.545939156345,0.9243189416426998,extrapolated,covid,2025-02-19
COVID-19 hospitalisations,IT,TRUE,2025-02-16,2025-W07,11.076923076923078,12,13,0.9230769230769231,extrapolated,covid,2025-02-26
COVID-19 hospitalisations,IT,TRUE,2025-02-23,2025-W08,2.519801759084079,11.3276575220652,50.9229841096078,0.22244685224423003,extrapolated,covid,2025-03-05
COVID-19 hospitalisations,IT,TRUE,2025-03-02,2025-W09,6.483963304829766,18.362082993254,52,0.3531169806395,extrapolated,covid,2025-03-12
COVID-19 hospitalisations,IT,TRUE,2025-03-09,2025-W10,42.17404811534418,50.8180138193334,61.2336411595827,0.8299035114847271,extrapolated,covid,2025-03-19
COVID-19 hospitalisations,IT,TRUE,2025-03-16,2025-W11,22.339812927449113,29.1361097479239,38,0.7667397302085237,extrapolated,covid,2025-03-26
COVID-19 hospitalisations,IT,TRUE,2025-03-23,2025-W12,30.654086443501686,32.0870964312926,33.5870964312926,0.9553399918606101,extrapolated,covid,2025-04-02
COVID-19 hospitalisations,IT,TRUE,2025-03-30,2025-W13,21.576892198306755,29.7431097925314,41,0.7254417022568634,extrapolated,covid,2025-04-09
COVID-19 hospitalisations,IT,TRUE,2025-04-06,2025-W14,32.22280260633772,32,31.7787379487157,1.006962581448054,extrapolated,covid,2025-04-16
COVID-19 hospitalisations,IT,TRUE,2025-04-13,2025-W15,9.374999999999998,15,24,0.625,extrapolated,covid,2025-04-23
COVID-19 hospitalisations,IT,TRUE,2025-04-20,2025-W16,18.062500000000004,17,16,1.0625,extrapolated,covid,2025-04-30
COVID-19 hospitalisations,IT,TRUE,2025-04-27,2025-W17,7.550173849966329,13,22.3835905448394,0.5807826038435637,extrapolated,covid,2025-05-07
COVID-19 hospitalisations,IT,TRUE,2025-05-04,2025-W18,71.57574069713577,22.3837035559344,7,3.197671936562057,extrapolated,covid,2025-05-14
COVID-19 hospitalisations,IT,TRUE,2025-05-11,2025-W19,38.40785398747415,43,48.1411953035181,0.8932059066854455,extrapolated,covid,2025-05-21
COVID-19 hospitalisations,IT,TRUE,2025-05-18,2025-W20,52.76923076923075,49,45.5,1.0769230769230769,extrapolated,covid,2025-05-28
COVID-19 hospitalisations,IT,TRUE,2025-06-01,2025-W22,58.41585609991216,67.1716979153238,77.2399362445414,0.86964983635743065,extrapolated,covid,2025-06-11
COVID-19 hospitalisations,IT,TRUE,2025-06-08,2025-W23,71.68325791855197,89,110.5,0.8054298642533937,extrapolated,covid,2025-06-18
COVID-19 hospitalisations,IT,TRUE,2025-06-15,2025-W24,77.14193540899616,88.980418020224,102.635677327464,0.8669540683823594,extrapolated,covid,2025-06-25
COVID-19 hospitalisations,LT,TRUE,2024-10-13,2024-W41,67.60493827160498,74,81,0.9135802469135802,extrapolated,covid,2024-10-23
COVID-19 hospitalisations,LT,TRUE,2024-10-20,2024-W42,87.12037037037035,97,108,0.8981481481481481,extrapolated,covid,2024-10-30
COVID-19 hospitalisations,LT,TRUE,2024-10-27,2024-W43,193.99344262295068,344,610,0.5639344262295082,extrapolated,covid,2024-11-06
COVID-19 hospitalisations,LT,TRUE,2024-11-03,2024-W44,83.16319459053436,79.8952645570597,76.7557491035716,1.0409026749156176,extrapolated,covid,2024-11-13
COVID-19 hospitalisations,LT,TRUE,2024-11-10,2024-W45,68.00000000000001,68,68,1,extrapolated,covid,2024-11-20
COVID-19 hospitalisations,LT,TRUE,2024-11-17,2024-W46,77.67375886524829,74,70.5,1.049645390070922,extrapolated,covid,2024-11-27
COVID-19 hospitalisations,LT,TRUE,2024-11-24,2024-W47,60.46506971719114,60.731945899573,61,0.9956056704848033,extrapolated,covid,2024-12-04
COVID-19 hospitalisations,LT,TRUE,2024-12-01,2024-W48,38.63588788351897,36.7392799892363,34.9357752097442,1.0516234366824375,extrapolated,covid,2024-12-11
COVID-19 hospitalisations,LT,TRUE,2024-12-08,2024-W49,36.35536704304088,28.917083670934,23.0006680180626,1.2572279921707141,extrapolated,covid,2024-12-18
COVID-19 hospitalisations,LT,TRUE,2024-12-15,2024-W50,54.03074577827127,58.5979489303389,63.5512164302476,0.9220586516177028,extrapolated,covid,2024-12-25
COVID-19 hospitalisations,LT,TRUE,2024-12-22,2024-W51,78.01250000000003,79,80,0.9875,extrapolated,covid,2025-01-01
COVID-19 hospitalisations,LT,TRUE,2024-12-29,2024-W52,66.45472683228792,57.9306801706189,50.5,1.1471421815964138,extrapolated,covid,2025-01-08
COVID-19 hospitalisations,LT,TRUE,2025-01-05,2025-W01,46.9500531349628,47,47.05,0.9989373007438895,extrapolated,covid,2025-01-15
COVID-19 hospitalisations,LT,TRUE,2025-01-12,2025-W02,46.22805844883943,45.0775710249602,43.9557160238328,1.0255223916843745,extrapolated,covid,2025-01-22
COVID-19 hospitalisations,LT,TRUE,2025-01-19,2025-W03,41.7895407944927,42.7148826608443,43.660714285,0.9783367807960796,extrapolated,covid,2025-01-29
COVID-19 hospitalisations,LT,TRUE,2025-01-26,2025-W04,23.04000000000001,24,25,0.96,extrapolated,covid,2025-02-05
COVID-19 hospitalisations,LT,TRUE,2025-02-02,2025-W05,13.249019293388855,11.7946895923794,10.5,1.1233037707028,extrapolated,covid,2025-02-12
COVID-19 hospitalisations,LT,TRUE,2025-02-09,2025-W06,18.062500000000004,17,16,1.0625,extrapolated,covid,2025-02-19
COVID-19 hospitalisations,LT,TRUE,2025-02-16,2025-W07,15,15,15,1,extrapolated,covid,2025-02-26
COVID-19 hospitalisations,LT,TRUE,2025-02-23,2025-W08,16.373027639528754,17.8034182887823,19.3587716177868,0.9196564038404459,extrapolated,covid,2025-03-05
COVID-19 hospitalisations,LT,TRUE,2025-03-02,2025-W09,23.15679659027948,19.8410065781641,17,1.167118034009653,extrapolated,covid,2025-03-12
COVID-19 hospitalisations,LT,TRUE,2025-03-09,2025-W10,14.504827261160461,15.932183688067,17.5,0.9104104964609714,extrapolated,covid,2025-03-19
COVID-19 hospitalisations,LT,TRUE,2025-03-16,2025-W11,12.997793947215532,14.8362326268743,16.934704416197,0.8760845339989731,extrapolated,covid,2025-03-26
COVID-19 hospitalisations,LT,TRUE,2025-03-23,2025-W12,13.999999999999996,14,14,1,extrapolated,covid,2025-04-02
COVID-19 hospitalisations,LT,TRUE,2025-03-30,2025-W13,22.22222222222222,20,18,1.1111111111111112,extrapolated,covid,2025-04-09
COVID-19 hospitalisations,LT,TRUE,2025-04-06,2025-W14,16.29069535365862,18.9848322959817,22.1245225867909,0.8580900320676884,extrapolated,covid,2025-04-16
COVID-19 hospitalisations,LT,TRUE,2025-04-13,2025-W15,15.21052631578948,17,19,0.8947368421052632,extrapolated,covid,2025-04-23
COVID-19 hospitalisations,LT,TRUE,2025-04-20,2025-W16,14.926079155828923,17.4924161479909,20.5,0.8532885925849221,extrapolated,covid,2025-04-30
COVID-19 hospitalisations,LT,TRUE,2025-04-27,2025-W17,11.737767375490677,12.0780627293393,12.4282237521986,0.9718253364405871,extrapolated,covid,2025-05-07
COVID-19 hospitalisations,LT,TRUE,2025-05-04,2025-W18,8.307469814112357,9.40551850385407,10.6487029511757,0.8832548477479717,extrapolated,covid,2025-05-14
COVID-19 hospitalisations,LT,TRUE,2025-05-11,2025-W19,9.028871551278062,10.4089604963866,12,0.8674133746988834,extrapolated,covid,2025-05-21
COVID-19 hospitalisations,LT,TRUE,2025-05-18,2025-W20,7.363636363636365,9,11,0.8181818181818182,extrapolated,covid,2025-05-28
COVID-19 hospitalisations,LT,TRUE,2025-05-25,2025-W21,4.999999999999999,5,5,1,extrapolated,covid,2025-06-04
COVID-19 hospitalisations,LT,TRUE,2025-06-01,2025-W22,10.000000000000002,10,10,1,extrapolated,covid,2025-06-11
COVID-19 hospitalisations,LT,TRUE,2025-06-08,2025-W23,6.708218662705387,8.19037158052392,10,0.819037158052392,extrapolated,covid,2025-06-18
COVID-19 hospitalisations,LT,TRUE,2025-06-15,2025-W24,8.222359751375054,10.1337343048946,12.4894281042646,0.8113849745797702,extrapolated,covid,2025-06-25
COVID-19 hospitalisations,LT,TRUE,2025-06-22,2025-W25,22.591094979221378,26.4535741119676,30.9764349156608,0.8539902730573243,extrapolated,covid,2025-07-02
COVID-19 hospitalisations,LT,TRUE,2025-06-29,2025-W26,26.361575031464252,30.8679598570606,36.1446895566687,0.8540109276264474,extrapolated,covid,2025-07-09
COVID-19 hospitalisations,LT,TRUE,2025-07-06,2025-W27,30.892015135011892,36.1523338836938,42.3083842062727,0.8544957355836295,extrapolated,covid,2025-07-16
COVID-19 hospitalisations,LT,TRUE,2025-10-05,2025-W40,57.35179880009816,64.7538086157828,73.1111459095551,0.885689969842477,extrapolated,covid,2025-10-15
COVID-19 hospitalisations,LT,TRUE,2025-10-12,2025-W41,88.07875100919833,108.240628242738,133.017708222941,0.8137309662659652,extrapolated,covid,2025-10-22
COVID-19 hospitalisations,LT,TRUE,2025-10-19,2025-W42,110.18089527058027,124.095008029863,139.766254214161,0.8878753224631372,extrapolated,covid,2025-10-29
COVID-19 hospitalisations,LT,TRUE,2025-10-26,2025-W43,58.11034560710598,64.4298876470631,71.4366844465222,0.9019159854107673,extrapolated,covid,2025-11-05
COVID-19 hospitalisations,LT,TRUE,2025-11-02,2025-W44,48.63852374714352,54.0213978422311,60,0.9003566307038517,extrapolated,covid,2025-11-12
COVID-19 hospitalisations,LT,TRUE,2025-11-09,2025-W45,51.64692218313812,43.2685233912867,36.249306586435,1.19363727104999,extrapolated,covid,2025-11-19
COVID-19 hospitalisations,LT,TRUE,2025-11-16,2025-W46,61.40068871197293,55.1296081542969,49.4990163628844,1.1137515895292511,extrapolated,covid,2025-11-26
COVID-19 hospitalisations,LT,TRUE,2025-11-23,2025-W47,35.17065139820304,34.6610665061144,34.1588649507546,1.0147019391915921,extrapolated,covid,2025-12-03
COVID-19 hospitalisations,LT,TRUE,2025-11-30,2025-W48,29.450939496426546,31,32.6305379873061,0.9500303063363402,extrapolated,covid,2025-12-10
COVID-19 hospitalisations,LT,TRUE,2025-12-07,2025-W49,37.43727031048364,37.3590817248481,37.2810564378418,1.0020928936693732,extrapolated,covid,2025-12-17
COVID-19 hospitalisations,LT,TRUE,2025-12-14,2025-W50,47.93378938446128,48.5632762288202,49.2010297612985,0.9870378011278952,extrapolated,covid,2025-12-24
COVID-19 hospitalisations,LT,TRUE,2025-12-21,2025-W51,43.83473748679642,51.4020595225971,60.2757510287468,0.8527817346992882,extrapolated,covid,2025-12-31
COVID-19 hospitalisations,LT,TRUE,2025-12-28,2025-W52,51.25396091272102,60.2757510287468,70.8855685956894,0.8503247166223931,extrapolated,covid,2026-01-07
COVID-19 hospitalisations,LT,TRUE,2026-01-04,2026-W01,40.136164359198844,39.1485712136083,38.1852788510345,1.0252267992157849,extrapolated,covid,2026-01-14
COVID-19 hospitalisations,LT,TRUE,2026-01-11,2026-W02,19.777778169599415,24.2981126364932,29.8515977190611,0.8139635561609542,extrapolated,covid,2026-01-21
COVID-19 hospitalisations,LT,TRUE,2026-01-18,2026-W03,21.674515910700983,24.025495634111,26.631480160519,0.902146463106795,extrapolated,covid,2026-01-28
COVID-19 hospitalisations,LT,TRUE,2026-01-25,2026-W04,28.065917745847,29.751076290789,31.5374166088448,0.9433580644790412,extrapolated,covid,2026-02-04
COVID-19 hospitalisations,LT,TRUE,2026-02-01,2026-W05,32.51030795605465,32,31.4977022482893,1.0159471236267077,extrapolated,covid,2026-02-11
COVID-19 hospitalisations,LT,TRUE,2026-02-08,2026-W06,40.8167088607595,41.34,41.87,0.9873417721518989,extrapolated,covid,2026-02-18
COVID-19 hospitalisations,LT,TRUE,2026-02-15,2026-W07,34.10814633536533,39.558515347539696,45.8798353072321,0.8622200817121075,extrapolated,covid,2026-02-25
COVID-19 hospitalisations,LT,TRUE,2026-02-22,2026-W08,28.755473266195924,28.9172936571956,29.0800246866223,0.9944040271223855,extrapolated,covid,2026-03-04
COVID-19 hospitalisations,LT,TRUE,2026-03-01,2026-W09,27.199140891549053,29.3141739576679,31.5936741622384,0.9278494741426745,extrapolated,covid,2026-03-11
COVID-19 hospitalisations,LT,TRUE,2026-03-08,2026-W10,32.854324231811866,33.7469948108614,34.6639197546356,0.9735481460185536,extrapolated,covid,2026-03-18
COVID-19 hospitalisations,LT,TRUE,2026-03-15,2026-W11,24.58861597843788,25.7550434881496,26.976803641903,0.9547107148062699,extrapolated,covid,2026-03-25
COVID-19 hospitalisations,LT,TRUE,2026-03-22,2026-W12,23.55762887540754,23.2452414511077,22.9369964599609,1.0134387687457194,extrapolated,covid,2026-04-01
COVID-19 hospitalisations,LT,TRUE,2026-03-29,2026-W13,22.710174672636892,22,21.312033349667,1.03228066693804,extrapolated,covid,2026-04-08
COVID-19 hospitalisations,LT,TRUE,2026-04-05,2026-W14,9.644755093610643,14.4926353071358,21.7772743949488,0.6654935344203285,extrapolated,covid,2026-04-15
COVID-19 hospitalisations,LT,TRUE,2026-04-12,2026-W15,15.125484448458513,16.1624381883825,17.2704820849495,0.9358417506172214,extrapolated,covid,2026-04-22
COVID-19 hospitalisations,LT,TRUE,2026-04-19,2026-W16,13.132629482450966,15.2749095081358,17.7666521996623,0.859751704287099,extrapolated,covid,2026-04-29
COVID-19 hospitalisations,LT,TRUE,2026-04-26,2026-W17,13.021193068592488,13.5797033259095,14.1621694301205,0.9588716893209741,extrapolated,covid,2026-05-06
COVID-19 hospitalisations,LT,TRUE,2026-05-03,2026-W18,4.744391528426219,6.70924742426451,9.48783436828447,0.7071421321067637,extrapolated,covid,2026-05-13
COVID-19 hospitalisations,LT,TRUE,2026-05-10,2026-W19,3.354619067900405,9.48783436828447,26.8343436849124,0.35357057656002977,extrapolated,covid,2026-05-20
COVID-19 hospitalisations,LT,TRUE,2026-05-17,2026-W20,7.178703384439783,8.13239196228167,9.21277777983366,0.882729634495591,extrapolated,covid,2026-05-27
COVID-19 hospitalisations,LT,TRUE,2026-05-24,2026-W21,13.927710843373495,34,83,0.40963855421686746,extrapolated,covid,2026-06-03
COVID-19 hospitalisations,LT,TRUE,2026-05-31,2026-W22,13.535911602209937,35,90.5,0.3867403314917127,extrapolated,covid,2026-06-10
COVID-19 hospitalisations,LT,TRUE,2026-06-07,2026-W23,19.54651162790699,41,86,0.47674418604651164,extrapolated,covid,2026-06-17
COVID-19 hospitalisations,LV,TRUE,2023-09-30,2023-W39,56.00000000000002,56,56,1,extrapolated,covid_archive,2023-10-02
COVID-19 hospitalisations,LV,TRUE,2023-10-07,2023-W40,55.01886792452829,54,53,1.0188679245283019,extrapolated,covid_archive,2023-10-09
COVID-19 hospitalisations,LV,TRUE,2023-10-14,2023-W41,53.01960784313728,52,51,1.0196078431372548,extrapolated,covid_archive,2023-10-16
COVID-19 hospitalisations,LV,TRUE,2023-10-21,2023-W42,49.99999999999999,50,50,1,extrapolated,covid_archive,2023-10-23
COVID-19 hospitalisations,LV,TRUE,2023-10-28,2023-W43,52.00000000000001,52,52,1,extrapolated,covid_archive,2023-10-30
COVID-19 hospitalisations,LV,TRUE,2023-11-04,2023-W44,52.00000000000001,52,52,1,extrapolated,covid_archive,2023-11-06
COVID-19 hospitalisations,LV,TRUE,2025-03-30,2025-W13,25.76844159207012,30,34.9264427491402,0.8589480530690038,extrapolated,covid,2025-04-09
COVID-19 hospitalisations,LV,TRUE,2025-04-06,2025-W14,34.82482304267049,37,39.311039666234,0.9412114335856893,extrapolated,covid,2025-04-16
COVID-19 hospitalisations,LV,TRUE,2025-04-13,2025-W15,36.152439024390254,38.5,41,0.9390243902439024,extrapolated,covid,2025-04-23
COVID-19 hospitalisations,LV,TRUE,2025-04-20,2025-W16,15.517241379310345,15,14.5,1.0344827586206897,extrapolated,covid,2025-04-30
COVID-19 hospitalisations,LV,TRUE,2025-04-27,2025-W17,19.116640517232792,21,23.0689068825905,0.9103162151063234,extrapolated,covid,2025-05-07
COVID-19 hospitalisations,LV,TRUE,2025-05-04,2025-W18,25.959774761340327,23.068926776239,20.5,1.1253135012799511,extrapolated,covid,2025-05-14
COVID-19 hospitalisations,LV,TRUE,2025-05-11,2025-W19,18.695422008850425,22.4509792441314,26.9609570076462,0.8327218962503534,extrapolated,covid,2025-05-21
COVID-19 hospitalisations,LV,TRUE,2025-05-18,2025-W20,25.420519998139643,26.9609804014598,28.594791304863,0.9428633387813764,extrapolated,covid,2025-05-28
COVID-19 hospitalisations,LV,TRUE,2025-06-01,2025-W22,14.056534584050262,15.02429568545,16.0586849834214,0.9355869238957436,extrapolated,covid,2025-06-11
COVID-19 hospitalisations,LV,TRUE,2025-06-08,2025-W23,19.70177697772986,19.8503284495395,20,0.992516422476975,extrapolated,covid,2025-06-18
COVID-19 hospitalisations,LV,TRUE,2025-06-15,2025-W24,19.805300787840917,20,20.1966132342495,0.990265039392046,extrapolated,covid,2025-06-25
COVID-19 hospitalisations,LV,TRUE,2025-06-22,2025-W25,19.369172083842106,18.7658569249802,18.1813339570977,1.0321496194537647,extrapolated,covid,2025-07-02
COVID-19 hospitalisations,LV,TRUE,2025-06-29,2025-W26,17.293229998542714,20.6237132098226,24.5956103398182,0.8385119509083523,extrapolated,covid,2025-07-09
COVID-19 hospitalisations,LV,TRUE,2025-07-06,2025-W27,5.5,5.5,5.5,1,extrapolated,covid,2025-07-16
COVID-19 hospitalisations,LV,TRUE,2025-07-13,2025-W28,8.376072776894805,7.80624570084788,7.27518415433311,1.0729963029456058,extrapolated,covid,2025-07-23
COVID-19 hospitalisations,LV,TRUE,2025-07-20,2025-W29,13.56451612903226,14.5,15.5,0.9354838709677419,extrapolated,covid,2025-07-30
COVID-19 hospitalisations,LV,TRUE,2025-07-27,2025-W30,10.664741114120831,8,6.00108331886835,1.3330926392651044,extrapolated,covid,2025-08-06
COVID-19 hospitalisations,LV,TRUE,2025-08-03,2025-W31,13.004658703219121,14.0512372272938,15.1820414609431,0.925516984223869,extrapolated,covid,2025-08-13
COVID-19 hospitalisations,LV,TRUE,2025-08-10,2025-W32,8.027777777777777,8.5,9,0.9444444444444444,extrapolated,covid,2025-08-20
COVID-19 hospitalisations,LV,TRUE,2025-08-17,2025-W33,10.540387926769153,10,9.48731685159638,1.054038792676915,extrapolated,covid,2025-08-27
COVID-19 hospitalisations,LV,TRUE,2025-08-24,2025-W34,25.290322580645153,28,31,0.9032258064516129,extrapolated,covid,2025-09-03
COVID-19 hospitalisations,LV,TRUE,2025-08-31,2025-W35,55.37228010139359,52.0887869408406,49,1.0630364681804203,extrapolated,covid,2025-09-10
COVID-19 hospitalisations,LV,TRUE,2025-09-07,2025-W36,52.195652173913025,49,46,1.065217391304348,extrapolated,covid,2025-09-17
COVID-19 hospitalisations,LV,TRUE,2025-09-14,2025-W37,60.51709401709403,59.5,58.5,1.017094017094017,extrapolated,covid,2025-09-24
COVID-19 hospitalisations,LV,TRUE,2025-09-21,2025-W38,59.672551823902936,62.7568566108658,66.0005803555926,0.9508531026962107,extrapolated,covid,2025-10-01
COVID-19 hospitalisations,LV,TRUE,2025-09-28,2025-W39,42.35371680083197,45.5558132760328,49,0.9297104750210776,extrapolated,covid,2025-10-08
COVID-19 hospitalisations,LV,TRUE,2025-10-05,2025-W40,42.12280701754384,49,57,0.8596491228070176,extrapolated,covid,2025-10-15
COVID-19 hospitalisations,LV,TRUE,2025-10-12,2025-W41,36.34491661231147,38.4283585172375,40.6312319844231,0.9457837392666281,extrapolated,covid,2025-10-22
COVID-19 hospitalisations,LV,TRUE,2025-10-19,2025-W42,38.20388039809411,40.6094758328139,43.1665451318439,0.9407627066002173,extrapolated,covid,2025-10-29
COVID-19 hospitalisations,LV,TRUE,2025-10-26,2025-W43,30.962956130142537,32,33.071777633116,0.9675923790669544,extrapolated,covid,2025-11-05
COVID-19 hospitalisations,LV,TRUE,2025-11-02,2025-W44,34.02777777777777,35,36,0.9722222222222222,extrapolated,covid,2025-11-12
COVID-19 hospitalisations,LV,TRUE,2025-11-09,2025-W45,40.33952783897173,40.2485168227588,40.1577111387725,1.0022612265841673,extrapolated,covid,2025-11-19
COVID-19 hospitalisations,LV,TRUE,2025-11-16,2025-W46,26.57405873513898,26.923250633654,27.2770310289133,0.9870300988812053,extrapolated,covid,2025-11-26
COVID-19 hospitalisations,LV,TRUE,2025-11-23,2025-W47,27.112331285645624,29.2549695700733,31.566936665422,0.9267598525681082,extrapolated,covid,2025-12-03
COVID-19 hospitalisations,LV,TRUE,2025-11-30,2025-W48,28.137300232418387,30.0065594068595,32,0.9377049814643593,extrapolated,covid,2025-12-10
COVID-19 hospitalisations,LV,TRUE,2025-12-07,2025-W49,32.43535399281408,33.0382244377918,33.6523003338803,0.9817523352045487,extrapolated,covid,2025-12-17
COVID-19 hospitalisations,LV,TRUE,2025-12-14,2025-W50,29.66726383346412,34.1675415898544,39.3504741403756,0.8682879262894765,extrapolated,covid,2025-12-24
COVID-19 hospitalisations,LV,TRUE,2025-12-21,2025-W51,34.084632622561266,31.7595742267586,29.5931179964466,1.0732081097561985,extrapolated,covid,2025-12-31
COVID-19 hospitalisations,LV,TRUE,2025-12-28,2025-W52,19.189559687433213,20.1862359928931,21.2346781373845,0.9506259460252625,extrapolated,covid,2026-01-07
COVID-19 hospitalisations,LV,TRUE,2026-01-04,2026-W01,42.14783707918812,44.0318124274104,46,0.9572133136393566,extrapolated,covid,2026-01-14
COVID-19 hospitalisations,LV,TRUE,2026-01-11,2026-W02,46.65905460361824,44.6163971488912,42.66316391231,1.0457826625469195,extrapolated,covid,2026-01-21
COVID-19 hospitalisations,LV,TRUE,2026-01-18,2026-W03,46.10979939136258,48.639613303587,51.3082254434108,0.9479886096866265,extrapolated,covid,2026-01-28
COVID-19 hospitalisations,LV,TRUE,2026-01-25,2026-W04,52.24078666821237,51.6285858453803,51.0235592990356,1.0118577879445612,extrapolated,covid,2026-02-04
COVID-19 hospitalisations,LV,TRUE,2026-02-01,2026-W05,63.3913043478261,54,46,1.173913043478261,extrapolated,covid,2026-02-11
COVID-19 hospitalisations,LV,TRUE,2026-02-08,2026-W06,58.68055555555552,65,72,0.9027777777777778,extrapolated,covid,2026-02-18
COVID-19 hospitalisations,LV,TRUE,2026-02-15,2026-W07,37.669146206281354,36.6248845761883,35.6095718993344,1.028512352794471,extrapolated,covid,2026-02-25
COVID-19 hospitalisations,LV,TRUE,2026-02-22,2026-W08,38.58644813747695,39.3040245237132,40.0349453843683,0.9817429284931537,extrapolated,covid,2026-03-04
COVID-19 hospitalisations,LV,TRUE,2026-03-01,2026-W09,53.39682539682538,58,63,0.9206349206349206,extrapolated,covid,2026-03-11
COVID-19 hospitalisations,LV,TRUE,2026-03-08,2026-W10,35.95451974960203,36.0678628359321,36.1815632251912,0.9968575047863069,extrapolated,covid,2026-03-18
COVID-19 hospitalisations,LV,TRUE,2026-03-15,2026-W11,34.70694656904933,35.0623044169676,35.4213007065398,0.9898649602806392,extrapolated,covid,2026-03-25
COVID-19 hospitalisations,LV,TRUE,2026-03-22,2026-W12,14.654170490093277,15.6767508633089,16.7706877572087,0.9347708985023835,extrapolated,covid,2026-04-01
COVID-19 hospitalisations,LV,TRUE,2026-03-29,2026-W13,21.66251459321729,18.8270035529301,16.3626462318934,1.1506087271038885,extrapolated,covid,2026-04-08
COVID-19 hospitalisations,LV,TRUE,2026-04-05,2026-W14,13.220039362008592,15,17.019616495742,0.8813359574672396,extrapolated,covid,2026-04-15
COVID-19 hospitalisations,LV,TRUE,2026-04-12,2026-W15,6.093931395733007,6.31595888116408,6.54607575931811,0.9648465910547297,extrapolated,covid,2026-04-22
COVID-19 hospitalisations,LV,TRUE,2026-04-19,2026-W16,5.091652318397878,5.36289046379139,5.64857777556861,0.9494231427576545,extrapolated,covid,2026-04-29
COVID-19 hospitalisations,LV,TRUE,2026-04-26,2026-W17,3.3347921882763525,4.24009993168564,5.39117474662583,0.7864890549762623,extrapolated,covid,2026-05-06
COVID-19 hospitalisations,LV,TRUE,2026-05-03,2026-W18,5.444444444444443,7,9,0.7777777777777778,extrapolated,covid,2026-05-13
COVID-19 hospitalisations,LV,TRUE,2026-05-10,2026-W19,4.5164054807481335,7,10.8493358731562,0.6452007829640191,extrapolated,covid,2026-05-20
COVID-19 hospitalisations,LV,TRUE,2026-05-17,2026-W20,11.000000000000002,11,11,1,extrapolated,covid,2026-05-27
COVID-19 hospitalisations,LV,TRUE,2026-05-24,2026-W21,14.083333333333332,13,12,1.0833333333333333,extrapolated,covid,2026-06-03
COVID-19 hospitalisations,LV,TRUE,2026-05-31,2026-W22,16.96153846153846,21,26,0.8076923076923077,extrapolated,covid,2026-06-10
COVID-19 hospitalisations,LV,TRUE,2026-08-02,2026-W31,1.0964081738149698,1.15401637554169,1.21465146541595,0.9500802562704719,extrapolated,covid,2026-08-12
COVID-19 hospitalisations,LV,TRUE,2026-08-09,2026-W32,0.6839448737698897,0.788856587790226,0.909860925881297,0.8670078748860818,extrapolated,covid,2026-08-19
COVID-19 hospitalisations,LV,TRUE,2026-08-16,2026-W33,0.33211530874354306,0.394917664377743,0.469595822690615,0.8409735463893332,extrapolated,covid,2026-08-26
COVID-19 hospitalisations,LV,TRUE,2026-08-23,2026-W34,0.274235028435195,1,3.64650717928367,0.27423502843519504,extrapolated,covid,2026-09-02
COVID-19 hospitalisations,LV,TRUE,2026-08-30,2026-W35,0.39005861334570224,0.45248023299096,0.524891270805235,0.862045642894405,extrapolated,covid,2026-09-09
COVID-19 hospitalisations,LV,TRUE,2026-09-06,2026-W36,0.06049581567907127,0.837824650942605,11.6032842577233,0.07220581969151861,extrapolated,covid,2026-09-16
COVID-19 hospitalisations,LV,TRUE,2026-09-13,2026-W37,0.3180210498869591,0.369900478210146,0.430243104438306,0.85974760407389,extrapolated,covid,2026-09-23
COVID-19 hospitalisations,LV,TRUE,2026-09-20,2026-W38,0.5,1,2,0.5,extrapolated,covid,2026-09-30
COVID-19 hospitalisations,LV,TRUE,2026-09-27,2026-W39,1,1,2,0.5,h1_nowcast,covid,2026-09-30
COVID-19 hospitalisations,MT,TRUE,2023-09-30,2023-W39,30.035714285714295,29,28,1.0357142857142858,extrapolated,covid_archive,2023-10-02
COVID-19 hospitalisations,MT,TRUE,2023-10-07,2023-W40,25.043478260869573,24,23,1.0434782608695652,extrapolated,covid_archive,2023-10-09
COVID-19 hospitalisations,MT,TRUE,2023-10-28,2023-W43,17.999999999999996,18,18,1,extrapolated,covid_archive,2023-10-30
COVID-19 hospitalisations,MT,TRUE,2024-10-13,2024-W41,5.565217391304347,8,11.5,0.6956521739130435,extrapolated,covid,2024-10-23
COVID-19 hospitalisations,MT,TRUE,2024-10-20,2024-W42,3.999999999999999,6,9,0.6666666666666666,extrapolated,covid,2024-10-30
COVID-19 hospitalisations,MT,TRUE,2024-10-27,2024-W43,5.333333333333331,8,12,0.6666666666666666,extrapolated,covid,2024-11-06
COVID-19 hospitalisations,MT,TRUE,2024-11-03,2024-W44,4,4,4,1,extrapolated,covid,2024-11-13
COVID-19 hospitalisations,MT,TRUE,2024-11-10,2024-W45,10.719159234031848,10.9498317489933,11.1854682548795,0.9789336932065041,extrapolated,covid,2024-11-20
COVID-19 hospitalisations,MT,TRUE,2024-11-17,2024-W46,0.6853309551617831,2.02780317855819,6,0.337967196426365,extrapolated,covid,2024-11-27
COVID-19 hospitalisations,MT,TRUE,2024-11-24,2024-W47,4.899999999999999,7,10,0.7,extrapolated,covid,2024-12-04
COVID-19 hospitalisations,MT,TRUE,2024-12-01,2024-W48,4.235237454023012,5.63598091774383,7.5,0.751464122365844,extrapolated,covid,2024-12-11
COVID-19 hospitalisations,MT,TRUE,2024-12-08,2024-W49,6,6,6,1,extrapolated,covid,2024-12-18
COVID-19 hospitalisations,MT,TRUE,2024-12-15,2024-W50,4.999999999999999,5,5,1,extrapolated,covid,2024-12-25
COVID-19 hospitalisations,MT,TRUE,2024-12-22,2024-W51,4.321428571428572,5.5,7,0.7857142857142857,extrapolated,covid,2025-01-01
COVID-19 hospitalisations,MT,TRUE,2024-12-29,2024-W52,4.970588235294117,6.5,8.5,0.7647058823529411,extrapolated,covid,2025-01-08
COVID-19 hospitalisations,MT,TRUE,2025-01-05,2025-W01,9.235370003611555,2.93089284426137,0.930134132274427,3.1510432125467243,extrapolated,covid,2025-01-15
COVID-19 hospitalisations,MT,TRUE,2025-01-12,2025-W02,2.6636220632322853,3.46366488126445,4.50400774768566,0.7690184110016729,extrapolated,covid,2025-01-22
COVID-19 hospitalisations,MT,TRUE,2025-01-19,2025-W03,1.8396458098081814,1.91614989445103,1.99583550182822,0.9600740605605038,extrapolated,covid,2025-01-29
COVID-19 hospitalisations,MT,TRUE,2025-01-26,2025-W04,1.7364567542827254,2,2.30354138686988,0.8682283771413627,extrapolated,covid,2025-02-05
COVID-19 hospitalisations,MT,TRUE,2025-02-02,2025-W05,1.979370594942552,2.2,2.44522173481135,0.899713906792069,extrapolated,covid,2025-02-12
COVID-19 hospitalisations,MT,TRUE,2025-02-09,2025-W06,2,2,2,1,extrapolated,covid,2025-02-19
COVID-19 hospitalisations,MT,TRUE,2025-02-16,2025-W07,1.1716042873762103,1.2221254891463,1.27482523520459,0.9586611995095685,extrapolated,covid,2025-02-26
COVID-19 hospitalisations,MT,TRUE,2025-02-23,2025-W08,1,1,1,1,extrapolated,covid,2025-03-05
COVID-19 hospitalisations,MT,TRUE,2025-03-02,2025-W09,1,1,1,1,extrapolated,covid,2025-03-12
COVID-19 hospitalisations,MT,TRUE,2025-03-09,2025-W10,0.7024676077923693,1,1.4235531843848,0.7024676077923693,extrapolated,covid,2025-03-19
COVID-19 hospitalisations,MT,TRUE,2025-03-16,2025-W11,2.45141785597804,2.47558975598646,2.5,0.9902359023945839,extrapolated,covid,2025-03-26
COVID-19 hospitalisations,MT,TRUE,2025-03-23,2025-W12,3.5804300200219714,3.27739073960764,3,1.0924635798692133,extrapolated,covid,2025-04-02
COVID-19 hospitalisations,MT,TRUE,2025-03-30,2025-W13,2.2044873864688923,2.34759844653472,2.5,0.939039378613888,extrapolated,covid,2025-04-09
COVID-19 hospitalisations,MT,TRUE,2025-04-06,2025-W14,3.0000000000000004,3,3,1,extrapolated,covid,2025-04-16
COVID-19 hospitalisations,MT,TRUE,2025-04-13,2025-W15,3.0000000000000004,3,3,1,extrapolated,covid,2025-04-23
COVID-19 hospitalisations,MT,TRUE,2025-04-20,2025-W16,4,4,4,1,extrapolated,covid,2025-04-30
COVID-19 hospitalisations,MT,TRUE,2025-04-27,2025-W17,4.101406070168233,3.88533505659313,3.68064713508661,1.0556119383342364,extrapolated,covid,2025-05-07
COVID-19 hospitalisations,MT,TRUE,2025-05-04,2025-W18,3.8038345514296403,4.36109765508045,5,0.8722195310160901,extrapolated,covid,2025-05-14
COVID-19 hospitalisations,MT,TRUE,2025-05-11,2025-W19,3.0000000000000004,3,3,1,extrapolated,covid,2025-05-21
COVID-19 hospitalisations,MT,TRUE,2025-05-18,2025-W20,11.141307769248435,6.67571951754968,4,1.66892987938742,extrapolated,covid,2025-05-28
COVID-19 hospitalisations,MT,TRUE,2025-05-25,2025-W21,4.970588235294117,6.5,8.5,0.7647058823529411,extrapolated,covid,2025-06-04
COVID-19 hospitalisations,MT,TRUE,2025-06-01,2025-W22,7.89879789465835,8.65246531097694,9.47804424876951,0.9128956442781165,extrapolated,covid,2025-06-11
COVID-19 hospitalisations,MT,TRUE,2025-06-08,2025-W23,6.565637252475326,7,7.46309887612606,0.9379481789250466,extrapolated,covid,2025-06-18
COVID-19 hospitalisations,MT,TRUE,2025-06-15,2025-W24,10.903225806451614,13,15.5,0.8387096774193549,extrapolated,covid,2025-06-25
COVID-19 hospitalisations,MT,TRUE,2025-06-22,2025-W25,24.551181510970736,25.9817628539712,27.4957032393064,0.9449390193020795,extrapolated,covid,2025-07-02
COVID-19 hospitalisations,MT,TRUE,2025-06-29,2025-W26,30.657712655544454,30.2865526793928,29.9198861802805,1.0122549429801628,extrapolated,covid,2025-07-09
COVID-19 hospitalisations,MT,TRUE,2025-07-06,2025-W27,33.54735773254185,31,28.6460712543034,1.082172830081995,extrapolated,covid,2025-07-16
COVID-19 hospitalisations,MT,TRUE,2025-07-13,2025-W28,34.07650637540587,35.8179117252997,37.6483077880099,0.9513817175258767,extrapolated,covid,2025-07-23
COVID-19 hospitalisations,MT,TRUE,2025-07-20,2025-W29,60.07142857142852,58,56,1.0357142857142858,extrapolated,covid,2025-07-30
COVID-19 hospitalisations,MT,TRUE,2025-07-27,2025-W30,63.73201072457934,59.3174157269847,55.2086113167451,1.0744232523195774,extrapolated,covid,2025-08-06
COVID-19 hospitalisations,MT,TRUE,2025-08-03,2025-W31,25.866366773362824,30,34.7942178306549,0.8622122257787606,extrapolated,covid,2025-08-13
COVID-19 hospitalisations,MT,TRUE,2025-08-10,2025-W32,49.15849995111873,42.4583035291973,36.6713292791682,1.1578065034396365,extrapolated,covid,2025-08-20
COVID-19 hospitalisations,MT,TRUE,2025-08-17,2025-W33,15.076923076923071,14,13,1.0769230769230769,extrapolated,covid,2025-08-27
COVID-19 hospitalisations,MT,TRUE,2025-08-24,2025-W34,7.68181818181818,13,22,0.5909090909090909,extrapolated,covid,2025-09-03
COVID-19 hospitalisations,MT,TRUE,2025-08-31,2025-W35,21.043478260869573,22,23,0.9565217391304348,extrapolated,covid,2025-09-10
COVID-19 hospitalisations,MT,TRUE,2025-09-07,2025-W36,20.16666666666667,22,24,0.9166666666666666,extrapolated,covid,2025-09-17
COVID-19 hospitalisations,MT,TRUE,2025-09-14,2025-W37,26.70118175040122,20,14.9806103617114,1.3350590875200614,extrapolated,covid,2025-09-24
COVID-19 hospitalisations,MT,TRUE,2025-09-21,2025-W38,8.814773800400154,7.52598012022492,6.42561885903975,1.1712459586109982,extrapolated,covid,2025-10-01
COVID-19 hospitalisations,MT,TRUE,2025-09-28,2025-W39,7.700789490991644,6.42467532515538,5.36002874535727,1.1986270280211242,extrapolated,covid,2025-10-08
COVID-19 hospitalisations,MT,TRUE,2025-10-05,2025-W40,5.953250447987448,5.35930903615943,4.82462372379612,1.110824251376563,extrapolated,covid,2025-10-15
COVID-19 hospitalisations,MT,TRUE,2025-10-12,2025-W41,6.249999999999999,5,4,1.25,extrapolated,covid,2025-10-22
COVID-19 hospitalisations,MT,TRUE,2025-10-19,2025-W42,13.02831452533862,13.974459527582,14.9893156715106,0.9322946980256422,extrapolated,covid,2025-10-29
COVID-19 hospitalisations,MT,TRUE,2025-10-26,2025-W43,14.866645799360038,14.3811829878761,13.9115727193608,1.0337568065084217,extrapolated,covid,2025-11-05
COVID-19 hospitalisations,MT,TRUE,2025-11-02,2025-W44,32.606130308513315,16.2249502655479,8.0736048291744,2.009628983439737,extrapolated,covid,2025-11-12
COVID-19 hospitalisations,MT,TRUE,2025-11-09,2025-W45,6.125,7,8,0.875,extrapolated,covid,2025-11-19
COVID-19 hospitalisations,MT,TRUE,2025-11-16,2025-W46,5.701350436643029,5.55954227535211,5.42126127044847,1.0255071648469363,extrapolated,covid,2025-11-26
COVID-19 hospitalisations,MT,TRUE,2025-11-23,2025-W47,3.501011829762384,3.80333631538399,4.13176756643534,0.9205107146589316,extrapolated,covid,2025-12-03
COVID-19 hospitalisations,MT,TRUE,2025-11-30,2025-W48,3.9286446311325443,3.48407047865164,3.0898053247215,1.1276019400884674,extrapolated,covid,2025-12-10
COVID-19 hospitalisations,MT,TRUE,2025-12-07,2025-W49,3.522394200176449,2.72157391000223,2.10282101510211,1.2942489591155595,extrapolated,covid,2025-12-17
COVID-19 hospitalisations,MT,TRUE,2025-12-14,2025-W50,2.9202691585945764,2.98585030928211,3.05290423083148,0.9780360219386549,extrapolated,covid,2025-12-24
COVID-19 hospitalisations,MT,TRUE,2025-12-21,2025-W51,5.146589428564491,4,3.10885494599533,1.286647357141123,extrapolated,covid,2025-12-31
COVID-19 hospitalisations,MT,TRUE,2025-12-28,2025-W52,2.1172807782450995,3.10885494599533,4.5648074523448,0.6810484294136893,extrapolated,covid,2026-01-07
COVID-19 hospitalisations,MT,TRUE,2026-01-04,2026-W01,5.381398032397994,5.44917850342983,5.51781269169753,0.9875613414041816,extrapolated,covid,2026-01-14
COVID-19 hospitalisations,MT,TRUE,2026-01-11,2026-W02,1.7839967009733606,1.84380503915244,1.9056184467993,0.9675625476072177,extrapolated,covid,2026-01-21
COVID-19 hospitalisations,MT,TRUE,2026-01-18,2026-W03,2.0387768672090396,2.10173540703348,2.1666381408502,0.9700444976975935,extrapolated,covid,2026-01-28
COVID-19 hospitalisations,MT,TRUE,2026-01-25,2026-W04,1.887160862877326,2.16356748227417,2.4804585249914,0.872244974255988,extrapolated,covid,2026-02-04
COVID-19 hospitalisations,MT,TRUE,2026-02-01,2026-W05,3.7981027868443165,4,4.21262954110142,0.9495256967110792,extrapolated,covid,2026-02-11
COVID-19 hospitalisations,MT,TRUE,2026-02-08,2026-W06,3.904882140043197,4.20072848125152,4.51898908605792,0.9295726104344212,extrapolated,covid,2026-02-18
COVID-19 hospitalisations,MT,TRUE,2026-02-15,2026-W07,1.392384988606698,1.46456971631434,1.54049668123142,0.9507126721906427,extrapolated,covid,2026-02-25
COVID-19 hospitalisations,MT,TRUE,2026-02-22,2026-W08,2.8571978552568607,2,1.39997305144288,1.4285989276284305,extrapolated,covid,2026-03-04
COVID-19 hospitalisations,MT,TRUE,2026-03-01,2026-W09,1.2776623960919928,1.3999785121589,1.53400447606625,0.9126300046717974,extrapolated,covid,2026-03-11
COVID-19 hospitalisations,MT,TRUE,2026-03-08,2026-W10,3.4780641886317145,3.2439353469439,3.02556708687193,1.0721743242843562,extrapolated,covid,2026-03-18
COVID-19 hospitalisations,MT,TRUE,2026-03-15,2026-W11,3.115175782358836,2.86350007691533,2.63215730455033,1.0878909372038923,extrapolated,covid,2026-03-25
COVID-19 hospitalisations,MT,TRUE,2026-03-22,2026-W12,1.6483415977043496,1.53512626944353,1.42968706633241,1.0737498474974696,extrapolated,covid,2026-04-01
COVID-19 hospitalisations,MT,TRUE,2026-03-29,2026-W13,0.48078590835221807,1.0005,2.08200829643842,0.48054563553445084,extrapolated,covid,2026-04-08
COVID-19 hospitalisations,MT,TRUE,2026-04-05,2026-W14,1.2942291251985507,1.26783662924765,1.24198234081268,1.02081695333772,extrapolated,covid,2026-04-15
COVID-19 hospitalisations,MT,TRUE,2026-04-12,2026-W15,1.0461093862912398,1.60644474984064,2.4669167183747,0.6511953718887713,extrapolated,covid,2026-04-22
COVID-19 hospitalisations,MT,TRUE,2026-04-19,2026-W16,1.1516419969037894,1.19863857445276,1.24755300347576,0.960791702727883,extrapolated,covid,2026-04-29
COVID-19 hospitalisations,MT,TRUE,2026-04-26,2026-W17,1.1278619030268737,1.10969718019724,1.09182500839233,1.0163690808211345,extrapolated,covid,2026-05-06
COVID-19 hospitalisations,MT,TRUE,2026-05-03,2026-W18,1.0953623556593606,1.23910227521022,1.40170459619905,0.8839967269639034,extrapolated,covid,2026-05-13
COVID-19 hospitalisations,MT,TRUE,2026-05-10,2026-W19,1.3333333333333333,2,3,0.6666666666666666,extrapolated,covid,2026-05-20
COVID-19 hospitalisations,MT,TRUE,2026-05-17,2026-W20,1.486878643393953,1.50493347644806,1.52320754528046,0.9880029028946049,extrapolated,covid,2026-05-27
COVID-19 hospitalisations,MT,TRUE,2026-05-24,2026-W21,0.5,1,2,0.5,extrapolated,covid,2026-06-03
COVID-19 hospitalisations,MT,TRUE,2026-05-31,2026-W22,0.5,1,2,0.5,extrapolated,covid,2026-06-10
COVID-19 hospitalisations,MT,TRUE,2026-06-07,2026-W23,0.5,1,2,0.5,extrapolated,covid,2026-06-17
COVID-19 hospitalisations,MT,TRUE,2026-08-02,2026-W31,11.026001128753158,10.9677527782792,10.9098121432039,1.0053108737634306,extrapolated,covid,2026-08-12
COVID-19 hospitalisations,MT,TRUE,2026-08-09,2026-W32,11.98898848695627,12.2058131949939,12.4265592475275,0.9822359473659193,extrapolated,covid,2026-08-19
COVID-19 hospitalisations,MT,TRUE,2026-08-16,2026-W33,15.693683040700348,15.7157206244281,15.7377891540527,0.9985977363523822,extrapolated,covid,2026-08-26
COVID-19 hospitalisations,MT,TRUE,2026-08-23,2026-W34,18.285714285714285,16,14,1.1428571428571428,extrapolated,covid,2026-09-02
COVID-19 hospitalisations,MT,TRUE,2026-08-30,2026-W35,24.096874141939416,21.0542163848877,18.3957481360691,1.1445153645915636,extrapolated,covid,2026-09-09
COVID-19 hospitalisations,MT,TRUE,2026-09-06,2026-W36,24.98093160841993,26.1080423035222,27.2860069274902,0.9568289846477603,extrapolated,covid,2026-09-16
COVID-19 hospitalisations,MT,TRUE,2026-09-13,2026-W37,6.935659834645211,5.88882833619949,5,1.177765667239898,extrapolated,covid,2026-09-23
COVID-19 hospitalisations,MT,TRUE,2026-09-20,2026-W38,26.438001083202476,25.5723265746649,24.7349973389932,1.0338520042754038,extrapolated,covid,2026-09-30
COVID-19 hospitalisations,MT,TRUE,2026-09-27,2026-W39,25.5723265746649,25.5723265746649,24.7349973389932,1.0338520042754038,h1_nowcast,covid,2026-09-30
COVID-19 hospitalisations,NL,TRUE,2023-09-30,2023-W39,356.0439560439562,360,364,0.989010989010989,extrapolated,covid_archive,2023-10-02
COVID-19 hospitalisations,NL,TRUE,2023-10-07,2023-W40,368.02406417112275,371,374,0.9919786096256684,extrapolated,covid_archive,2023-10-09
COVID-19 hospitalisations,NL,TRUE,2023-10-28,2023-W43,640.5882352941177,660,680,0.9705882352941176,extrapolated,covid_archive,2023-10-30
COVID-19 hospitalisations,NL,TRUE,2023-11-04,2023-W44,713.0013986013984,714,715,0.9986013986013986,extrapolated,covid_archive,2023-11-06
COVID-19 hospitalisations,NL,TRUE,2023-11-11,2023-W45,730.1333333333331,740,750,0.9866666666666667,extrapolated,covid_archive,2023-11-13
COVID-19 hospitalisations,NL,TRUE,2023-12-02,2023-W48,723.0125523012557,720,717,1.00418410041841,extrapolated,covid_archive,2023-12-04
COVID-19 hospitalisations,NL,TRUE,2023-12-16,2023-W50,1065.0084985835695,1062,1059,1.0028328611898016,extrapolated,covid_archive,2023-12-18
COVID-19 hospitalisations,NL,TRUE,2023-12-23,2023-W51,1127.0000000000002,1127,1127,1,extrapolated,covid_archive,2023-12-25
COVID-19 hospitalisations,NL,TRUE,2023-12-30,2023-W52,1123.0141467727676,1127,1131,0.9964633068081344,extrapolated,covid_archive,2024-01-01
COVID-19 hospitalisations,NL,TRUE,2024-01-20,2024-W03,439.00000000000006,439,439,1,extrapolated,covid_archive,2024-01-22
COVID-19 hospitalisations,NL,TRUE,2024-01-27,2024-W04,476.073770491803,482,488,0.9877049180327869,extrapolated,covid_archive,2024-01-29
COVID-19 hospitalisations,NL,TRUE,2024-02-03,2024-W05,355.09809264305136,361,367,0.9836512261580381,extrapolated,covid_archive,2024-02-05
COVID-19 hospitalisations,NL,TRUE,2024-02-10,2024-W06,312.00000000000006,312,312,1,extrapolated,covid_archive,2024-02-12
COVID-19 hospitalisations,NL,TRUE,2024-02-17,2024-W07,264.6044444444446,244,225,1.0844444444444445,extrapolated,covid_archive,2024-02-19
COVID-19 hospitalisations,NL,TRUE,2024-02-24,2024-W08,198.8275862068967,186,174,1.0689655172413792,extrapolated,covid_archive,2024-02-26
COVID-19 hospitalisations,NL,TRUE,2024-03-02,2024-W09,175.67407407407416,154,135,1.1407407407407408,extrapolated,covid_archive,2024-03-04
COVID-19 hospitalisations,NL,TRUE,2024-03-09,2024-W10,150.20689655172407,132,116,1.1379310344827587,extrapolated,covid_archive,2024-03-11
COVID-19 hospitalisations,NL,TRUE,2024-03-23,2024-W12,119.02040816326532,108,98,1.1020408163265305,extrapolated,covid_archive,2024-03-25
COVID-19 hospitalisations,NL,TRUE,2024-04-06,2024-W14,134.00757575757578,133,132,1.0075757575757576,extrapolated,covid_archive,2024-04-08
COVID-19 hospitalisations,NL,TRUE,2024-04-20,2024-W16,112.08490566037733,109,106,1.028301886792453,extrapolated,covid_archive,2024-04-22
COVID-19 hospitalisations,NL,TRUE,2024-04-27,2024-W17,108.0384615384615,106,104,1.0192307692307692,extrapolated,covid_archive,2024-04-29
COVID-19 hospitalisations,PL,TRUE,2024-11-03,2024-W44,10.909965754442055,11.1435774410536,11.3821913816914,0.9790362037821979,extrapolated,covid,2024-11-13
COVID-19 hospitalisations,PL,TRUE,2024-11-10,2024-W45,9.86346683023417,10.0624460262586,10.2654392998008,0.9802255638931946,extrapolated,covid,2024-11-20
COVID-19 hospitalisations,PL,TRUE,2024-11-17,2024-W46,4.702709802582472,4.81606571185603,4.9321539951664,0.9764629645740707,extrapolated,covid,2024-11-27
COVID-19 hospitalisations,PL,TRUE,2024-11-24,2024-W47,1.8128018834237445,1.735714286,1.661904762,1.0444126075619249,extrapolated,covid,2024-12-04
COVID-19 hospitalisations,PL,TRUE,2024-12-01,2024-W48,5.1295317987272915,5.65990241447828,6.24511097667145,0.9062933285926846,extrapolated,covid,2024-12-11
COVID-19 hospitalisations,PL,TRUE,2024-12-08,2024-W49,9.689539753249377,9.82702718393733,9.96646545997796,0.9860092550763792,extrapolated,covid,2024-12-18
COVID-19 hospitalisations,PL,TRUE,2024-12-15,2024-W50,10.038977242372082,10.1439330420182,10.2499861366988,0.9896533426224948,extrapolated,covid,2024-12-25
COVID-19 hospitalisations,PL,TRUE,2024-12-29,2024-W52,9.240240328624955,9.37472918173258,9.5111754786909,0.9856541079213585,extrapolated,covid,2025-01-08
COVID-19 hospitalisations,PL,TRUE,2025-01-05,2025-W01,1,1,1,1,extrapolated,covid,2025-01-15
COVID-19 hospitalisations,PL,TRUE,2025-01-12,2025-W02,1,1,1,1,extrapolated,covid,2025-01-22
COVID-19 hospitalisations,PL,TRUE,2025-01-26,2025-W04,1,1,1,1,extrapolated,covid,2025-02-05
COVID-19 hospitalisations,PL,TRUE,2025-02-16,2025-W07,4,2,1,2,extrapolated,covid,2025-02-26
COVID-19 hospitalisations,PL,TRUE,2025-02-23,2025-W08,4,4,4,1,extrapolated,covid,2025-03-05
COVID-19 hospitalisations,PL,TRUE,2025-03-02,2025-W09,7.246026106433869,7.41075555435779,7.57922992268563,0.9777715717762336,extrapolated,covid,2025-03-12
COVID-19 hospitalisations,PL,TRUE,2025-03-09,2025-W10,7.246026106433869,7.41075555435779,7.57922992268563,0.9777715717762336,extrapolated,covid,2025-03-19
COVID-19 hospitalisations,PL,TRUE,2025-03-16,2025-W11,7.20786057345793,7.32706076646627,7.44823223595373,0.9837315129753141,extrapolated,covid,2025-03-26
COVID-19 hospitalisations,PL,TRUE,2025-03-23,2025-W12,10.963370542732203,9.85038105747662,8.85038105747662,1.112989485255578,extrapolated,covid,2025-04-02
COVID-19 hospitalisations,PL,TRUE,2025-03-30,2025-W13,9.678217959216644,12.0862680563652,15.0934682547837,0.8007614851897672,extrapolated,covid,2025-04-09
COVID-19 hospitalisations,PL,TRUE,2025-04-06,2025-W14,11.109870067579344,12.4521914923057,13.9566954444891,0.892201993074409,extrapolated,covid,2025-04-16
COVID-19 hospitalisations,PL,TRUE,2025-04-13,2025-W15,9.800000000000002,7,5,1.4,extrapolated,covid,2025-04-23
COVID-19 hospitalisations,PL,TRUE,2025-04-20,2025-W16,7.999999999999998,8,8,1,extrapolated,covid,2025-04-30
COVID-19 hospitalisations,PL,TRUE,2025-04-27,2025-W17,7.111111111111107,8,9,0.8888888888888888,extrapolated,covid,2025-05-07
COVID-19 hospitalisations,PL,TRUE,2025-05-04,2025-W18,10.125000000000005,9,8,1.125,extrapolated,covid,2025-05-14
COVID-19 hospitalisations,PL,TRUE,2025-05-11,2025-W19,3.5347638411432705,5,7.07260827696882,0.7069527682286543,extrapolated,covid,2025-05-21
COVID-19 hospitalisations,PL,TRUE,2025-05-18,2025-W20,7.363636363636365,9,11,0.8181818181818182,extrapolated,covid,2025-05-28
COVID-19 hospitalisations,PL,TRUE,2025-05-25,2025-W21,5.921052631578945,7.5,9.5,0.7894736842105263,extrapolated,covid,2025-06-04
COVID-19 hospitalisations,PL,TRUE,2025-06-01,2025-W22,9.277798384442761,7.74087183486172,6.45854698289549,1.1985469572896625,extrapolated,covid,2025-06-11
COVID-19 hospitalisations,PL,TRUE,2025-06-08,2025-W23,5.340978626254957,6.54177688715968,8.0125474816558,0.8164415751840034,extrapolated,covid,2025-06-18
COVID-19 hospitalisations,PL,TRUE,2025-06-15,2025-W24,11.076923076923078,12,13,0.9230769230769231,extrapolated,covid,2025-06-25
COVID-19 hospitalisations,PL,TRUE,2025-06-22,2025-W25,7.068981036894634,7.8927754808723,8.8125720618463,0.8956267733734371,extrapolated,covid,2025-07-02
COVID-19 hospitalisations,PL,TRUE,2025-06-29,2025-W26,10.081786860338422,12.0313129491525,14.3578210178097,0.8379623157461458,extrapolated,covid,2025-07-09
COVID-19 hospitalisations,PL,TRUE,2025-07-06,2025-W27,12,12,12,1,extrapolated,covid,2025-07-16
COVID-19 hospitalisations,PL,TRUE,2025-07-13,2025-W28,13.980920014222713,11.7770638811556,9.92060848068095,1.1871312031000767,extrapolated,covid,2025-07-23
COVID-19 hospitalisations,PL,TRUE,2025-07-20,2025-W29,10.167037704611905,8.47955985301469,7.07216176332683,1.1990053588686302,extrapolated,covid,2025-07-30
COVID-19 hospitalisations,PL,TRUE,2025-07-27,2025-W30,8.013691501025615,8.34234699552574,8.68448122626762,0.9606039529791325,extrapolated,covid,2025-08-06
COVID-19 hospitalisations,PL,TRUE,2025-08-03,2025-W31,14.722054687846121,14.2038115882245,13.7038115882245,1.0364861992432561,extrapolated,covid,2025-08-13
COVID-19 hospitalisations,PL,TRUE,2025-08-10,2025-W32,16.31342433439478,14.46037043775,12.8178062993242,1.1281470557495008,extrapolated,covid,2025-08-20
COVID-19 hospitalisations,PL,TRUE,2025-08-17,2025-W33,20.55405405405405,19.5,18.5,1.054054054054054,extrapolated,covid,2025-08-27
COVID-19 hospitalisations,PL,TRUE,2025-08-24,2025-W34,27.972967555448193,31.0478644258727,34.4607658624915,0.9009626933354508,extrapolated,covid,2025-09-03
COVID-19 hospitalisations,PL,TRUE,2025-08-31,2025-W35,30.485929210754716,31.9827813678952,33.5531286238679,0.9531981868642903,extrapolated,covid,2025-09-10
COVID-19 hospitalisations,PL,TRUE,2025-09-07,2025-W36,49.683179712338855,44.2304528211697,39.3761624777784,1.1232799246531648,extrapolated,covid,2025-09-17
COVID-19 hospitalisations,PL,TRUE,2025-09-14,2025-W37,64.25192424368637,75.423360108638,88.5371654940946,0.8518836094167563,extrapolated,covid,2025-09-24
COVID-19 hospitalisations,PL,TRUE,2025-09-21,2025-W38,75.0622766449547,71.9673334819477,69,1.0430048330717059,extrapolated,covid,2025-10-01
COVID-19 hospitalisations,PL,TRUE,2025-09-28,2025-W39,93.01052631578946,94,95,0.9894736842105263,extrapolated,covid,2025-10-08
COVID-19 hospitalisations,PL,TRUE,2025-10-05,2025-W40,61.13432835820893,64,67,0.9552238805970149,extrapolated,covid,2025-10-15
COVID-19 hospitalisations,PL,TRUE,2025-10-12,2025-W41,86.77924692608354,85.7156461855127,84.6650813558931,1.0124084783572522,extrapolated,covid,2025-10-22
COVID-19 hospitalisations,PL,TRUE,2025-10-19,2025-W42,97.38775213725224,100.074341325629,102.835044160832,0.9731540657396393,extrapolated,covid,2025-10-29
COVID-19 hospitalisations,PL,TRUE,2025-10-26,2025-W43,86.78488778123685,88.5795394705848,90.4113033204532,0.979739658841374,extrapolated,covid,2025-11-05
COVID-19 hospitalisations,PL,TRUE,2025-11-02,2025-W44,80.06267582484985,77.1578444807542,74.3584061309684,1.0376479068802942,extrapolated,covid,2025-11-12
COVID-19 hospitalisations,PL,TRUE,2025-11-09,2025-W45,91.41265880642176,70.2684669010052,54.0150292649708,1.3009058378234535,extrapolated,covid,2025-11-19
COVID-19 hospitalisations,PL,TRUE,2025-11-16,2025-W46,45.097560975609746,43,41,1.048780487804878,extrapolated,covid,2025-11-26
COVID-19 hospitalisations,PL,TRUE,2025-11-23,2025-W47,35.51462348447996,37.3252819567766,39.2282540672773,0.9514897576823822,extrapolated,covid,2025-12-03
COVID-19 hospitalisations,PL,TRUE,2025-11-30,2025-W48,36.14220176382595,35.0547409057617,34,1.0310217913459323,extrapolated,covid,2025-12-10
COVID-19 hospitalisations,PL,TRUE,2025-12-07,2025-W49,46.48999179149897,41.3187977602089,36.7228081262261,1.1251535453984118,extrapolated,covid,2025-12-17
COVID-19 hospitalisations,PL,TRUE,2025-12-14,2025-W50,33.995344667346885,29.8511641481534,26.2121772766113,1.1388281039434718,extrapolated,covid,2025-12-24
COVID-19 hospitalisations,PL,TRUE,2025-12-21,2025-W51,35.57894736842107,26,19,1.368421052631579,extrapolated,covid,2025-12-31
COVID-19 hospitalisations,PL,TRUE,2025-12-28,2025-W52,21.235294117647047,19,17,1.1176470588235294,extrapolated,covid,2026-01-07
COVID-19 hospitalisations,PL,TRUE,2026-01-04,2026-W01,17.859361169054754,19.6273999495911,21.5704708099365,0.9099198678848347,extrapolated,covid,2026-01-14
COVID-19 hospitalisations,PL,TRUE,2026-01-11,2026-W02,31.474099877131124,26.01256275177,21.4987378052525,1.209957672278542,extrapolated,covid,2026-01-21
COVID-19 hospitalisations,PL,TRUE,2026-01-18,2026-W03,30.035714285714295,29,28,1.0357142857142858,extrapolated,covid,2026-01-28
COVID-19 hospitalisations,PL,TRUE,2026-01-25,2026-W04,32.5205313308484,20.1231331442489,12.4518410668478,1.6160769348257589,extrapolated,covid,2026-02-04
COVID-19 hospitalisations,PL,TRUE,2026-02-01,2026-W05,21.235294117647047,19,17,1.1176470588235294,extrapolated,covid,2026-02-11
COVID-19 hospitalisations,PL,TRUE,2026-02-08,2026-W06,15.82080201604363,13.3354010483017,11.2404491844793,1.1863761696209694,extrapolated,covid,2026-02-18
COVID-19 hospitalisations,PL,TRUE,2026-02-15,2026-W07,16.333333333333325,14,12,1.1666666666666667,extrapolated,covid,2026-02-25
COVID-19 hospitalisations,PL,TRUE,2026-02-22,2026-W08,15.017857142857148,14.5,14,1.0357142857142858,extrapolated,covid,2026-03-04
COVID-19 hospitalisations,PL,TRUE,2026-03-01,2026-W09,12.661696406952347,11.5678386688232,10.5684804916382,1.0945602518711837,extrapolated,covid,2026-03-11
COVID-19 hospitalisations,PL,TRUE,2026-03-08,2026-W10,14.642490731163836,14.7498149871826,14.8579258918762,0.9927236879844238,extrapolated,covid,2026-03-18
COVID-19 hospitalisations,PL,TRUE,2026-03-15,2026-W11,14.533073810250874,13.1724543926288,11.9392192588672,1.1032927787841473,extrapolated,covid,2026-03-25
COVID-19 hospitalisations,PL,TRUE,2026-03-22,2026-W12,13.320678991110787,12.1886866833861,11.1528911675519,1.0928723772404174,extrapolated,covid,2026-04-01
COVID-19 hospitalisations,PL,TRUE,2026-03-29,2026-W13,7.011610500836142,9.80220700159735,13.7034511672755,0.7153093685629713,extrapolated,covid,2026-04-08
COVID-19 hospitalisations,PL,TRUE,2026-04-05,2026-W14,12.276930111028237,12.1376752853394,12,1.01147294044495,extrapolated,covid,2026-04-15
COVID-19 hospitalisations,PL,TRUE,2026-04-12,2026-W15,6.916860264158393,9.76783430207203,13.7939156364241,0.7081262898461672,extrapolated,covid,2026-04-22
COVID-19 hospitalisations,PL,TRUE,2026-04-19,2026-W16,2.728836406683411,3.30383801460266,4,0.825959503650665,extrapolated,covid,2026-04-29
COVID-19 hospitalisations,PL,TRUE,2026-04-26,2026-W17,7.543865786738185,7.47891536040676,7.41452413780455,1.008684471370711,extrapolated,covid,2026-05-06
COVID-19 hospitalisations,PL,TRUE,2026-05-03,2026-W18,9.481434816040464,10.8125720618463,12.3305930864842,0.8768898613399357,extrapolated,covid,2026-05-13
COVID-19 hospitalisations,PL,TRUE,2026-05-10,2026-W19,12.500000000000007,10,8,1.25,extrapolated,covid,2026-05-20
COVID-19 hospitalisations,PL,TRUE,2026-05-17,2026-W20,7.2,6,5,1.2,extrapolated,covid,2026-05-27
COVID-19 hospitalisations,PL,TRUE,2026-05-24,2026-W21,3.555555555555555,4,4.5,0.8888888888888888,extrapolated,covid,2026-06-03
COVID-19 hospitalisations,PL,TRUE,2026-05-31,2026-W22,2.6666666666666665,4,6,0.6666666666666666,extrapolated,covid,2026-06-10
COVID-19 hospitalisations,PL,TRUE,2026-06-07,2026-W23,2.5714285714285716,3,3.5,0.8571428571428571,extrapolated,covid,2026-06-17
COVID-19 hospitalisations,PL,TRUE,2026-08-02,2026-W31,4.243878046672775,3.46525626757964,2.82948776282917,1.2246938520471893,extrapolated,covid,2026-08-12
COVID-19 hospitalisations,PL,TRUE,2026-08-09,2026-W32,3.0000000000000004,3,3,1,extrapolated,covid,2026-08-19
COVID-19 hospitalisations,PL,TRUE,2026-08-16,2026-W33,2.2272727272727275,3.5,5.5,0.6363636363636364,extrapolated,covid,2026-08-26
COVID-19 hospitalisations,PL,TRUE,2026-08-23,2026-W34,4,4,4,1,extrapolated,covid,2026-09-02
COVID-19 hospitalisations,PL,TRUE,2026-08-30,2026-W35,1.5334928606377742,1.72071244716164,1.9307891166742,0.8911964710706373,extrapolated,covid,2026-09-09
COVID-19 hospitalisations,PL,TRUE,2026-09-06,2026-W36,1.845048586279414,1.9613818526268,2.08505011760766,0.9406881091554988,extrapolated,covid,2026-09-16
COVID-19 hospitalisations,PL,TRUE,2026-09-13,2026-W37,2.2958501630152144,2.08395755290985,1.89162130538448,1.1016779875432188,extrapolated,covid,2026-09-23
COVID-19 hospitalisations,PL,TRUE,2026-09-20,2026-W38,5.023707259374525,5.73315232045534,6.54278480662004,0.8762556755121294,extrapolated,covid,2026-09-30
COVID-19 hospitalisations,PL,TRUE,2026-09-27,2026-W39,5.73315232045534,5.73315232045534,6.54278480662004,0.8762556755121294,h1_nowcast,covid,2026-09-30
COVID-19 hospitalisations,PT,TRUE,2024-10-13,2024-W41,6.249999999999997,7.5,9,0.8333333333333334,extrapolated,covid,2024-10-23
COVID-19 hospitalisations,PT,TRUE,2024-11-03,2024-W44,13.066666666666661,14,15,0.9333333333333333,extrapolated,covid,2024-11-13
COVID-19 hospitalisations,PT,TRUE,2024-11-10,2024-W45,19.716377245836146,23.9619274386625,29.1216768383241,0.8228210062110375,extrapolated,covid,2024-11-20
COVID-19 hospitalisations,PT,TRUE,2024-11-17,2024-W46,14.949247061006375,13.4066431687534,12.0232196525209,1.1150626501232086,extrapolated,covid,2024-11-27
COVID-19 hospitalisations,PT,TRUE,2024-11-24,2024-W47,0.6922469627039038,4,23.1131386080833,0.17306174067597596,extrapolated,covid,2024-12-04
COVID-19 hospitalisations,PT,TRUE,2024-12-01,2024-W48,59.88084928544344,28.9539615596244,14,2.068140111401743,extrapolated,covid,2024-12-11
COVID-19 hospitalisations,PT,TRUE,2024-12-08,2024-W49,43.19999999999999,18,7.5,2.4,extrapolated,covid,2024-12-18
COVID-19 hospitalisations,PT,TRUE,2024-12-15,2024-W50,6.016666666666668,9.5,15,0.6333333333333333,extrapolated,covid,2024-12-25
COVID-19 hospitalisations,PT,TRUE,2024-12-22,2024-W51,8.533333333333331,8,7.5,1.0666666666666667,extrapolated,covid,2025-01-01
COVID-19 hospitalisations,PT,TRUE,2024-12-29,2024-W52,48.34550969041458,26.3207528417749,14.3298112812152,1.8367829363027621,extrapolated,covid,2025-01-08
COVID-19 hospitalisations,PT,TRUE,2025-01-05,2025-W01,18.000000000000004,12,8,1.5,extrapolated,covid,2025-01-15
COVID-19 hospitalisations,PT,TRUE,2025-01-12,2025-W02,1.3500000000000003,4.5,15,0.3,extrapolated,covid,2025-01-22
COVID-19 hospitalisations,PT,TRUE,2025-01-19,2025-W03,2.610107077020876,4.84674774391941,9,0.5385275271021567,extrapolated,covid,2025-01-29
COVID-19 hospitalisations,PT,TRUE,2025-01-26,2025-W04,16.93938786472596,9.20309400819256,5,1.8406188016385119,extrapolated,covid,2025-02-05
COVID-19 hospitalisations,PT,TRUE,2025-02-09,2025-W06,6.125101831228218,9.56204958819768,14.9275546507636,0.6405636965937047,extrapolated,covid,2025-02-19
COVID-19 hospitalisations,PT,TRUE,2025-02-16,2025-W07,8.284448058296581,8.90691556768755,9.57615333835855,0.9301141338255018,extrapolated,covid,2025-02-26
COVID-19 hospitalisations,PT,TRUE,2025-02-23,2025-W08,5.323593898253854,9.45277724748475,16.784713371896,0.5631777581208087,extrapolated,covid,2025-03-05
COVID-19 hospitalisations,PT,TRUE,2025-03-02,2025-W09,9.508952084055597,11.4821846477601,13.8648889088762,0.8281483337677008,extrapolated,covid,2025-03-12
COVID-19 hospitalisations,PT,TRUE,2025-03-09,2025-W10,10.352842624646643,11.5407179264185,12.8648889088762,0.8970709353312736,extrapolated,covid,2025-03-19
COVID-19 hospitalisations,PT,TRUE,2025-03-16,2025-W11,2.2732219019729194,4.74491877944135,9.9041163574727,0.47908552446087604,extrapolated,covid,2025-03-26
COVID-19 hospitalisations,PT,TRUE,2025-04-06,2025-W14,4.999999999999999,5,5,1,extrapolated,covid,2025-04-16
COVID-19 hospitalisations,PT,TRUE,2025-04-13,2025-W15,6.3999999999999995,4,2.5,1.6,extrapolated,covid,2025-04-23
COVID-19 hospitalisations,PT,TRUE,2025-04-20,2025-W16,0.5,0.5,0.5,1,extrapolated,covid,2025-04-30
COVID-19 hospitalisations,PT,TRUE,2025-04-27,2025-W17,0.5,0.5,0.5,1,extrapolated,covid,2025-05-07
COVID-19 hospitalisations,PT,TRUE,2025-05-04,2025-W18,2,2,2,1,extrapolated,covid,2025-05-14
COVID-19 hospitalisations,PT,TRUE,2025-05-25,2025-W21,2.6666666666666665,2,1.5,1.3333333333333333,extrapolated,covid,2025-06-04
COVID-19 hospitalisations,PT,TRUE,2025-06-01,2025-W22,7.105901665664677,8.9823705344932,11.3543620802955,0.7910942482696862,extrapolated,covid,2025-06-11
COVID-19 hospitalisations,PT,TRUE,2025-06-08,2025-W23,6.003916708673296,6.06316577142555,6.12299952773825,0.9902280318589537,extrapolated,covid,2025-06-18
COVID-19 hospitalisations,PT,TRUE,2025-06-15,2025-W24,14.200022864576948,12.3703678603346,10.7764615916031,1.1479062728691443,extrapolated,covid,2025-06-25
COVID-19 hospitalisations,PT,TRUE,2025-07-20,2025-W29,0.3333333333333333,1,3,0.3333333333333333,extrapolated,covid,2025-07-30
COVID-19 hospitalisations,PT,TRUE,2025-07-27,2025-W30,0.05823292795888365,0.379094121529626,2.46788815221157,0.15361073847285386,extrapolated,covid,2025-08-06
COVID-19 hospitalisations,PT,TRUE,2025-08-03,2025-W31,0.7704006300333296,2.11349841949891,5.79812034815073,0.3645144102903962,extrapolated,covid,2025-08-13
COVID-19 hospitalisations,PT,TRUE,2025-08-10,2025-W32,2.297829961436088,4.59399819478783,9.18467413512349,0.5001808585913498,extrapolated,covid,2025-08-20
COVID-19 hospitalisations,PT,TRUE,2025-08-17,2025-W33,2.0640767792410006,3.39251793188731,5.5759446712099,0.6084203004028701,extrapolated,covid,2025-08-27
COVID-19 hospitalisations,PT,TRUE,2025-08-24,2025-W34,2.176571976114008,3.26160997582573,4.88754782802951,0.6673305490988306,extrapolated,covid,2025-09-03
COVID-19 hospitalisations,PT,TRUE,2025-08-31,2025-W35,1.7421483480001758,3.40572139245565,6.65783612305149,0.5115357797203791,extrapolated,covid,2025-09-10
COVID-19 hospitalisations,PT,TRUE,2025-09-07,2025-W36,6.811506023399947,8.3278882272483,10.1818484909631,0.8179151589851015,extrapolated,covid,2025-09-17
COVID-19 hospitalisations,PT,TRUE,2025-09-14,2025-W37,3.4708584466605816,4.59945591751793,6.09503241411201,0.7546237009123483,extrapolated,covid,2025-09-24
COVID-19 hospitalisations,PT,TRUE,2025-09-21,2025-W38,6.249999999999999,5,4,1.25,extrapolated,covid,2025-10-01
COVID-19 hospitalisations,PT,TRUE,2025-09-28,2025-W39,4,4,4,1,extrapolated,covid,2025-10-08
COVID-19 hospitalisations,PT,TRUE,2025-10-05,2025-W40,4.195492614420477,6.3355582877079,9.56724335039467,0.6622135609675429,extrapolated,covid,2025-10-15
COVID-19 hospitalisations,PT,TRUE,2025-10-12,2025-W41,2.5,2.5,2.5,1,extrapolated,covid,2025-10-22
COVID-19 hospitalisations,PT,TRUE,2025-10-19,2025-W42,4,4,4,1,extrapolated,covid,2025-10-29
COVID-19 hospitalisations,PT,TRUE,2025-10-26,2025-W43,19.02389447947369,14.487189376596,11.0323706988498,1.3131528818285982,extrapolated,covid,2025-11-05
COVID-19 hospitalisations,PT,TRUE,2025-11-02,2025-W44,9.780094534890312,11.0323706988498,12.4449925103106,0.8864907463551744,extrapolated,covid,2025-11-12
COVID-19 hospitalisations,PT,TRUE,2025-11-09,2025-W45,15.802955246649024,14.8945965012222,14.0384504968628,1.0609857907431253,extrapolated,covid,2025-11-19
COVID-19 hospitalisations,PT,TRUE,2025-11-16,2025-W46,6.499999999999999,6.5,6.5,1,extrapolated,covid,2025-11-26
COVID-19 hospitalisations,PT,TRUE,2025-11-23,2025-W47,2.565492748567599,2.70766948589634,2.85772549891149,0.947491103301452,extrapolated,covid,2025-12-03
COVID-19 hospitalisations,PT,TRUE,2025-11-30,2025-W48,0.5,1,2,0.5,extrapolated,covid,2025-12-10
COVID-19 hospitalisations,PT,TRUE,2025-12-07,2025-W49,4.174564305402543,3.79092528782384,3.44254237963559,1.1011993084672287,extrapolated,covid,2025-12-17
COVID-19 hospitalisations,PT,TRUE,2025-12-14,2025-W50,0.5,1,2,0.5,extrapolated,covid,2025-12-24
COVID-19 hospitalisations,PT,TRUE,2025-12-21,2025-W51,0.5,1,2,0.5,extrapolated,covid,2025-12-31
COVID-19 hospitalisations,PT,TRUE,2025-12-28,2025-W52,0.5,1,2,0.5,extrapolated,covid,2026-01-07
COVID-19 hospitalisations,PT,TRUE,2026-01-04,2026-W01,0.5624123307884912,1.28881687666665,2.95343620800778,0.43637877573662326,extrapolated,covid,2026-01-14
COVID-19 hospitalisations,PT,TRUE,2026-01-11,2026-W02,0.4803041401457765,1.08894479368016,2.4688539293524,0.4410729937213413,extrapolated,covid,2026-01-21
COVID-19 hospitalisations,PT,TRUE,2026-01-18,2026-W03,0.4259851013076039,1,2.34749994056224,0.4259851013076039,extrapolated,covid,2026-01-28
COVID-19 hospitalisations,PT,TRUE,2026-01-25,2026-W04,2.2500000000000004,3,4,0.75,extrapolated,covid,2026-02-04
COVID-19 hospitalisations,PT,TRUE,2026-02-01,2026-W05,2.2500000000000004,3,4,0.75,extrapolated,covid,2026-02-11
COVID-19 hospitalisations,PT,TRUE,2026-02-08,2026-W06,3.0000000000000004,3,3,1,extrapolated,covid,2026-02-18
COVID-19 hospitalisations,PT,TRUE,2026-02-15,2026-W07,0.5,1,2,0.5,extrapolated,covid,2026-02-25
COVID-19 hospitalisations,PT,TRUE,2026-02-22,2026-W08,0.9,1.5,2.5,0.6,extrapolated,covid,2026-03-04
COVID-19 hospitalisations,PT,TRUE,2026-03-01,2026-W09,0.9,1.5,2.5,0.6,extrapolated,covid,2026-03-11
COVID-19 hospitalisations,PT,TRUE,2026-03-08,2026-W10,1.5999999999999999,2,2.5,0.8,extrapolated,covid,2026-03-18
COVID-19 hospitalisations,PT,TRUE,2026-03-15,2026-W11,1.8879459524045146,2,2.11870471975405,0.9439729762022574,extrapolated,covid,2026-03-25
COVID-19 hospitalisations,PT,TRUE,2026-03-22,2026-W12,1.3333333333333333,2,3,0.6666666666666666,extrapolated,covid,2026-04-01
COVID-19 hospitalisations,PT,TRUE,2026-03-29,2026-W13,1.7857142857142858,2.5,3.5,0.7142857142857143,extrapolated,covid,2026-04-08
COVID-19 hospitalisations,PT,TRUE,2026-04-05,2026-W14,1.3333333333333333,2,3,0.6666666666666666,extrapolated,covid,2026-04-15
COVID-19 hospitalisations,PT,TRUE,2026-04-12,2026-W15,2.2500000000000004,3,4,0.75,extrapolated,covid,2026-04-22
COVID-19 hospitalisations,PT,TRUE,2026-04-19,2026-W16,1.8551556959328237,3.04561627255702,5,0.609123254511404,extrapolated,covid,2026-04-29
COVID-19 hospitalisations,PT,TRUE,2026-04-26,2026-W17,4.497189572528319,3,2.00124985946283,1.4990631908427727,extrapolated,covid,2026-05-06
COVID-19 hospitalisations,PT,TRUE,2026-05-03,2026-W18,2.276219425949517,3.34469376647792,4.91471791514548,0.680546437094735,extrapolated,covid,2026-05-13
COVID-19 hospitalisations,PT,TRUE,2026-05-10,2026-W19,2.7222222222222223,3.5,4.5,0.7777777777777778,extrapolated,covid,2026-05-20
COVID-19 hospitalisations,PT,TRUE,2026-05-17,2026-W20,1.0943114722486842,2.04675589414873,3.82816939826485,0.5346565632849056,extrapolated,covid,2026-05-27
COVID-19 hospitalisations,PT,TRUE,2026-05-24,2026-W21,0.25,0.5,1,0.5,extrapolated,covid,2026-06-03
COVID-19 hospitalisations,PT,TRUE,2026-05-31,2026-W22,0.25,0.5,1,0.5,extrapolated,covid,2026-06-10
COVID-19 hospitalisations,PT,TRUE,2026-06-07,2026-W23,0.25,0.5,1,0.5,extrapolated,covid,2026-06-17
COVID-19 hospitalisations,SK,TRUE,2023-09-30,2023-W39,23,23,23,1,extrapolated,covid_archive,2023-10-02
COVID-19 hospitalisations,SK,TRUE,2023-10-07,2023-W40,44.02380952380952,43,42,1.0238095238095237,extrapolated,covid_archive,2023-10-09
COVID-19 hospitalisations,SK,TRUE,2023-10-14,2023-W41,42.00000000000001,42,42,1,extrapolated,covid_archive,2023-10-16
COVID-19 hospitalisations,SK,TRUE,2023-10-21,2023-W42,88.047619047619,86,84,1.0238095238095237,extrapolated,covid_archive,2023-10-23
COVID-19 hospitalisations,SK,TRUE,2023-10-28,2023-W43,135.95530726256985,156,179,0.8715083798882681,extrapolated,covid_archive,2023-10-30
COVID-19 hospitalisations,SK,TRUE,2023-11-04,2023-W44,141.38582677165348,134,127,1.0551181102362204,extrapolated,covid_archive,2023-11-06
COVID-19 hospitalisations,SK,TRUE,2023-11-11,2023-W45,130.07258064516125,127,124,1.0241935483870968,extrapolated,covid_archive,2023-11-13
COVID-19 hospitalisations,SK,TRUE,2024-10-13,2024-W41,60.07142857142852,58,56,1.0357142857142858,extrapolated,covid,2024-10-23
COVID-19 hospitalisations,SK,TRUE,2024-10-20,2024-W42,43.6012658227848,41.5,39.5,1.0506329113924051,extrapolated,covid,2024-10-30
COVID-19 hospitalisations,SK,TRUE,2024-10-27,2024-W43,50.41666666666671,55,60,0.9166666666666666,extrapolated,covid,2024-11-06
COVID-19 hospitalisations,SK,TRUE,2024-11-03,2024-W44,42.24766121404082,42.3736427699665,42.5,0.9970268887050941,extrapolated,covid,2024-11-13
COVID-19 hospitalisations,SK,TRUE,2024-11-10,2024-W45,39.47705385664711,33.2469172704195,28,1.187389902514982,extrapolated,covid,2024-11-20
COVID-19 hospitalisations,SK,TRUE,2024-11-17,2024-W46,26.679689167870418,25.8261926965002,25,1.033047707860008,extrapolated,covid,2024-11-27
COVID-19 hospitalisations,SK,TRUE,2024-11-24,2024-W47,30.727272727272727,26,22,1.1818181818181819,extrapolated,covid,2024-12-04
COVID-19 hospitalisations,SK,TRUE,2024-12-01,2024-W48,26.5865522223862,24.0805225008101,21.8107093789981,1.1040687435869299,extrapolated,covid,2024-12-11
COVID-19 hospitalisations,SK,TRUE,2024-12-08,2024-W49,16.294948558476268,16.6437413310258,17,0.9790436077074001,extrapolated,covid,2024-12-18
COVID-19 hospitalisations,SK,TRUE,2024-12-15,2024-W50,15.403672063731483,12.5060810316895,10.1535570300434,1.231694567202923,extrapolated,covid,2024-12-25
COVID-19 hospitalisations,SK,TRUE,2024-12-22,2024-W51,12,12,12,1,extrapolated,covid,2025-01-01
COVID-19 hospitalisations,SK,TRUE,2024-12-29,2024-W52,9.74404333439491,6,3.69456484998643,1.6240072223991515,extrapolated,covid,2025-01-08
COVID-19 hospitalisations,SK,TRUE,2025-01-05,2025-W01,7.111111111111107,8,9,0.8888888888888888,extrapolated,covid,2025-01-15
COVID-19 hospitalisations,SK,TRUE,2025-01-12,2025-W02,5.896718513569456,7.67900938505056,10,0.767900938505056,extrapolated,covid,2025-01-22
COVID-19 hospitalisations,SK,TRUE,2025-01-19,2025-W03,5.142857142857142,6,7,0.8571428571428571,extrapolated,covid,2025-01-29
COVID-19 hospitalisations,SK,TRUE,2025-01-26,2025-W04,7.2,6,5,1.2,extrapolated,covid,2025-02-05
COVID-19 hospitalisations,SK,TRUE,2025-02-02,2025-W05,4.166666666666666,5,6,0.8333333333333334,extrapolated,covid,2025-02-12
COVID-19 hospitalisations,SK,TRUE,2025-02-09,2025-W06,1.5,1.5,1.5,1,extrapolated,covid,2025-02-19
COVID-19 hospitalisations,SK,TRUE,2025-02-16,2025-W07,3.0000000000000004,3,3,1,extrapolated,covid,2025-02-26
COVID-19 hospitalisations,SK,TRUE,2025-02-23,2025-W08,3.0000000000000004,3,3,1,extrapolated,covid,2025-03-05
COVID-19 hospitalisations,SK,TRUE,2025-03-02,2025-W09,2.5,2.5,2.5,1,extrapolated,covid,2025-03-12
COVID-19 hospitalisations,SK,TRUE,2025-03-09,2025-W10,2,2,2,1,extrapolated,covid,2025-03-19
COVID-19 hospitalisations,SK,TRUE,2025-03-16,2025-W11,1.158353927196,1.158353927196,1.158353927196,1,extrapolated,covid,2025-03-26
COVID-19 hospitalisations,SK,TRUE,2025-03-23,2025-W12,2,2,2,1,extrapolated,covid,2025-04-02
COVID-19 hospitalisations,SK,TRUE,2025-03-30,2025-W13,2,2,2,1,extrapolated,covid,2025-04-09
COVID-19 hospitalisations,SK,TRUE,2025-04-06,2025-W14,1.5999999999999999,2,2.5,0.8,extrapolated,covid,2025-04-16
COVID-19 hospitalisations,SK,TRUE,2025-04-13,2025-W15,3.0000000000000004,3,3,1,extrapolated,covid,2025-04-23
COVID-19 hospitalisations,SK,TRUE,2025-04-20,2025-W16,0.5,1,2,0.5,extrapolated,covid,2025-04-30
COVID-19 hospitalisations,SK,TRUE,2025-04-27,2025-W17,0.9496433445968132,1.5,2.36931055516982,0.6330955630645421,extrapolated,covid,2025-05-07
COVID-19 hospitalisations,SK,TRUE,2025-05-04,2025-W18,2,2,2,1,extrapolated,covid,2025-05-14
COVID-19 hospitalisations,SK,TRUE,2025-05-11,2025-W19,2,2,2,1,extrapolated,covid,2025-05-21
COVID-19 hospitalisations,SK,TRUE,2025-05-18,2025-W20,0.5,1,2,0.5,extrapolated,covid,2025-05-28
COVID-19 hospitalisations,SK,TRUE,2025-05-25,2025-W21,1.5,1.5,1.5,1,extrapolated,covid,2025-06-04
COVID-19 hospitalisations,SK,TRUE,2025-06-01,2025-W22,1.3583617529698024,1.91474388141458,2.69901896413015,0.7094221666692405,extrapolated,covid,2025-06-11
COVID-19 hospitalisations,SK,TRUE,2025-06-08,2025-W23,1.6008001,2.0005,2.5,0.8002,extrapolated,covid,2025-06-18
COVID-19 hospitalisations,SK,TRUE,2025-06-15,2025-W24,2.5665703957014667,3,3.50662503357529,0.8555234652338221,extrapolated,covid,2025-06-25
COVID-19 hospitalisations,SK,TRUE,2025-06-22,2025-W25,2.6811595459875215,2.91474388141458,3.16867823362395,0.9198611113256046,extrapolated,covid,2025-07-02
COVID-19 hospitalisations,SK,TRUE,2025-06-29,2025-W26,3.525923805718823,4,4.53781785472761,0.8814809514297057,extrapolated,covid,2025-07-09
COVID-19 hospitalisations,SK,TRUE,2025-07-06,2025-W27,2.538561356736969,2.57620480112942,2.61440644708039,0.9853880233528222,extrapolated,covid,2025-07-16
COVID-19 hospitalisations,SK,TRUE,2025-07-13,2025-W28,2.3612903993922125,2.60117597629131,2.86543174078742,0.9077780284434581,extrapolated,covid,2025-07-23
COVID-19 hospitalisations,SK,TRUE,2025-07-20,2025-W29,1.2184153793939323,2.20763708919191,4,0.5519092722979775,extrapolated,covid,2025-07-30
COVID-19 hospitalisations,SK,TRUE,2025-07-27,2025-W30,1.501750250000005,2.45091839929444,4,0.61272959982361,extrapolated,covid,2025-08-06
COVID-19 hospitalisations,SK,TRUE,2025-08-03,2025-W31,3.1962427843926187,3.46253496432981,3.7510130449883,0.9230932878135618,extrapolated,covid,2025-08-13
COVID-19 hospitalisations,SK,TRUE,2025-08-10,2025-W32,3.0000000000000004,3,3,1,extrapolated,covid,2025-08-20
COVID-19 hospitalisations,SK,TRUE,2025-08-17,2025-W33,2.5972105105768084,3,3.46525626757964,0.865736836858936,extrapolated,covid,2025-08-27
COVID-19 hospitalisations,SK,TRUE,2025-08-24,2025-W34,4,4,4,1,extrapolated,covid,2025-09-03
COVID-19 hospitalisations,SK,TRUE,2025-08-31,2025-W35,5.442956714688049,6.1002794450423,6.83698424556338,0.8922471115829852,extrapolated,covid,2025-09-10
COVID-19 hospitalisations,SK,TRUE,2025-09-07,2025-W36,10.934040808203486,12.3724117016388,14,0.8837436929742,extrapolated,covid,2025-09-17
COVID-19 hospitalisations,SK,TRUE,2025-09-14,2025-W37,12.027951376864062,9.48793976582904,7.48431700290681,1.2677095000310716,extrapolated,covid,2025-09-24
COVID-19 hospitalisations,SK,TRUE,2025-09-21,2025-W38,15.006837659854238,16.5,18.1417302013144,0.9095053127184389,extrapolated,covid,2025-10-01
COVID-19 hospitalisations,SK,TRUE,2025-09-28,2025-W39,25.03703703703704,26,27,0.9629629629629629,extrapolated,covid,2025-10-08
COVID-19 hospitalisations,SK,TRUE,2025-10-05,2025-W40,29.03225806451613,30,31,0.967741935483871,extrapolated,covid,2025-10-15
COVID-19 hospitalisations,SK,TRUE,2025-10-12,2025-W41,35.48368375693992,38.6564042449467,42.1128087879679,0.9179251006404319,extrapolated,covid,2025-10-22
COVID-19 hospitalisations,SK,TRUE,2025-10-19,2025-W42,38.47272727272727,46,55,0.8363636363636363,extrapolated,covid,2025-10-29
COVID-19 hospitalisations,SK,TRUE,2025-10-26,2025-W43,43.28395841428567,45.7366639366548,48.3283531518249,0.9463733182252614,extrapolated,covid,2025-11-05
COVID-19 hospitalisations,SK,TRUE,2025-11-02,2025-W44,37.85771528445597,35.8770444667827,34,1.055207190199491,extrapolated,covid,2025-11-12
COVID-19 hospitalisations,SK,TRUE,2025-11-09,2025-W45,16.93507291885299,16.3127253758285,15.7132485028132,1.0381510464184394,extrapolated,covid,2025-11-19
COVID-19 hospitalisations,SK,TRUE,2025-11-16,2025-W46,15.87795522290766,14.9669132232666,14.1081448012656,1.060870400332435,extrapolated,covid,2025-11-26
COVID-19 hospitalisations,SK,TRUE,2025-11-23,2025-W47,9.072263989049876,9.46044864138467,9.86524296518517,0.9589676275354763,extrapolated,covid,2025-12-03
COVID-19 hospitalisations,SK,TRUE,2025-11-30,2025-W48,9.652704057279488,7.61027097702026,6,1.2683784961700433,extrapolated,covid,2025-12-10
COVID-19 hospitalisations,SK,TRUE,2025-12-07,2025-W49,9.5441297550999,8.01027947445736,6.72293639183044,1.1914852391272466,extrapolated,covid,2025-12-17
COVID-19 hospitalisations,SK,TRUE,2025-12-14,2025-W50,17.054789347105064,17.2912015812767,17.5308909444312,0.9863275994406525,extrapolated,covid,2025-12-24
COVID-19 hospitalisations,SK,TRUE,2025-12-21,2025-W51,18.062500000000004,17,16,1.0625,extrapolated,covid,2025-12-31
COVID-19 hospitalisations,SK,TRUE,2025-12-28,2025-W52,14.450000000000005,17,20,0.85,extrapolated,covid,2026-01-07
COVID-19 hospitalisations,SK,TRUE,2026-01-04,2026-W01,11.024250563274231,10.2337862177742,9.5,1.0772406545025475,extrapolated,covid,2026-01-14
COVID-19 hospitalisations,SK,TRUE,2026-01-11,2026-W02,12.361035398306988,13.5682009630642,14.8932570324417,0.9110297991573533,extrapolated,covid,2026-01-21
COVID-19 hospitalisations,SK,TRUE,2026-01-18,2026-W03,17.302743607128225,16.8176498413086,16.3461559973846,1.0288443254793018,extrapolated,covid,2026-01-28
COVID-19 hospitalisations,SK,TRUE,2026-01-25,2026-W04,14.894566249020322,13.870328015327,12.916522444245,1.073843836465981,extrapolated,covid,2026-02-04
COVID-19 hospitalisations,SK,TRUE,2026-02-01,2026-W05,8.08737633072519,8,7.9135676865752,1.0109220413406492,extrapolated,covid,2026-02-11
COVID-19 hospitalisations,SK,TRUE,2026-02-08,2026-W06,8.972126535114032,9,9.0279600586318,0.9969029483460035,extrapolated,covid,2026-02-18
COVID-19 hospitalisations,SK,TRUE,2026-02-15,2026-W07,6.139994795938256,6.7249185180979,7.36556472408952,0.9130214409906211,extrapolated,covid,2026-02-25
COVID-19 hospitalisations,SK,TRUE,2026-02-22,2026-W08,8.77719873708682,8.54636726309679,8.32160642405311,1.027009308971165,extrapolated,covid,2026-03-04
COVID-19 hospitalisations,SK,TRUE,2026-03-01,2026-W09,2.5266098652221674,2.75314903259277,3,0.91771634419759,extrapolated,covid,2026-03-11
COVID-19 hospitalisations,SK,TRUE,2026-03-08,2026-W10,1.8592507773010338,1.83171099424362,1.8045791387558,1.0150350045088778,extrapolated,covid,2026-03-18
COVID-19 hospitalisations,SK,TRUE,2026-03-15,2026-W11,3.3289583036436228,3,2.70354843139648,1.1096527678812071,extrapolated,covid,2026-03-25
COVID-19 hospitalisations,SK,TRUE,2026-03-22,2026-W12,1.7933558012924362,2.82770577136764,4.45863554999145,0.6342087707467058,extrapolated,covid,2026-04-01
COVID-19 hospitalisations,SK,TRUE,2026-03-29,2026-W13,2.0833333333333335,2.5,3,0.8333333333333334,extrapolated,covid,2026-04-08
COVID-19 hospitalisations,SK,TRUE,2026-04-05,2026-W14,3.303886617511404,3.63531930785256,4,0.90882982696314,extrapolated,covid,2026-04-15
COVID-19 hospitalisations,SK,TRUE,2026-04-12,2026-W15,2.345653750547646,2.65272713478845,3,0.8842423782628166,extrapolated,covid,2026-04-22
COVID-19 hospitalisations,SK,TRUE,2026-04-19,2026-W16,2,2,2,1,extrapolated,covid,2026-04-29
COVID-19 hospitalisations,SK,TRUE,2026-04-26,2026-W17,1.8166631672606421,1.80093568563461,1.78534436225891,1.0087329501833322,extrapolated,covid,2026-05-06
COVID-19 hospitalisations,SK,TRUE,2026-05-03,2026-W18,4.804849915225244,4.56956971942644,4.34581054332894,1.0514884792759736,extrapolated,covid,2026-05-13
COVID-19 hospitalisations,SK,TRUE,2026-05-10,2026-W19,2.426918615829585,2.91474388141458,3.50062496485473,0.8326352896062195,extrapolated,covid,2026-05-20
COVID-19 hospitalisations,SK,TRUE,2026-05-17,2026-W20,3.6772808902638845,4.25718941405062,4.92854972136874,0.8637813666752109,extrapolated,covid,2026-05-27
COVID-19 hospitalisations,SK,TRUE,2026-05-24,2026-W21,11.249999999999996,7.5,5,1.5,extrapolated,covid,2026-06-03
COVID-19 hospitalisations,SK,TRUE,2026-05-31,2026-W22,4.050000000000001,4.5,5,0.9,extrapolated,covid,2026-06-10
COVID-19 hospitalisations,SK,TRUE,2026-06-07,2026-W23,3.375000000000001,4.5,6,0.75,extrapolated,covid,2026-06-17
ILI incidence,AT,TRUE,2023-12-10,2023-W49,2478.8082334059873,2562.8742077677002,2649.79118445793,0.9671985561730178,extrapolated,flu_archive,2023-12-20
ILI incidence,AT,TRUE,2023-12-17,2023-W50,2964.065332599716,3361.19616113487,3811.53529558638,0.8818483630538627,extrapolated,flu_archive,2023-12-27
ILI incidence,AT,TRUE,2023-12-24,2023-W51,3888.589259263563,4262.57856575193,4672.53670104742,0.9122621904278265,extrapolated,flu_archive,2024-01-03
ILI incidence,AT,TRUE,2023-12-31,2023-W52,2598.1223869588193,2511.01645462332,2426.83087872912,1.0346895107656973,extrapolated,flu_archive,2024-01-10
ILI incidence,AT,TRUE,2024-01-07,2024-W01,2337.56307539572,2264.10299408891,2192.95146376941,1.0324455563632033,extrapolated,flu_archive,2024-01-17
ILI incidence,AT,TRUE,2024-01-14,2024-W02,2259.9920179218216,2209.73800997454,2160.60146850269,1.0227420661274946,extrapolated,flu_archive,2024-01-24
ILI incidence,AT,TRUE,2024-01-21,2024-W03,2091.0444781008036,1925.39434131601,1772.86681770573,1.086034394736806,extrapolated,flu_archive,2024-01-31
ILI incidence,AT,TRUE,2024-01-28,2024-W04,2502.1493085876864,2505.43341722842,2508.72183631119,0.9986892053813325,extrapolated,flu_archive,2024-02-07
ILI incidence,AT,TRUE,2024-02-04,2024-W05,3234.4454289317323,2845.31858329103,2503.00647152831,1.136760378231746,extrapolated,flu_archive,2024-02-14
ILI incidence,AT,TRUE,2024-02-11,2024-W06,3045.327704820717,2671.62738638121,2343.78483483514,1.1398774096808806,extrapolated,flu_archive,2024-02-21
ILI incidence,AT,TRUE,2024-02-18,2024-W07,2871.0246419504642,2411.10827753713,2024.8670251951,1.190748946738769,extrapolated,flu_archive,2024-02-28
ILI incidence,AT,TRUE,2024-02-25,2024-W08,1970.1992729578362,1667.71118594898,1411.66461581517,1.1813791797749036,extrapolated,flu_archive,2024-03-06
ILI incidence,AT,TRUE,2024-03-03,2024-W09,2308.3533354191763,2147.32781168962,1997.53506540991,1.0749887943764187,extrapolated,flu_archive,2024-03-13
ILI incidence,AT,TRUE,2024-03-10,2024-W10,1545.2315824205352,1535.51222958025,1525.85401050186,1.0063297137287814,extrapolated,flu_archive,2024-03-20
ILI incidence,AT,TRUE,2024-03-17,2024-W11,1881.8600862894127,1682.24247291251,1503.79922412339,1.1186616178054885,extrapolated,flu_archive,2024-03-27
ILI incidence,AT,TRUE,2024-03-24,2024-W12,1740.600476986293,1470.64267558932,1242.55388175534,1.1835645095018028,extrapolated,flu_archive,2024-04-03
ILI incidence,AT,TRUE,2024-03-31,2024-W13,1794.461783304221,1520.09801232262,1287.68301925739,1.180490842536127,extrapolated,flu_archive,2024-04-10
ILI incidence,AT,TRUE,2024-04-07,2024-W14,1764.878378381455,1444.04016266303,1181.52730348265,1.22218095037381,extrapolated,flu_archive,2024-04-17
ILI incidence,AT,TRUE,2024-04-14,2024-W15,1328.4852831107376,1234.256211264,1146.71077987153,1.0763448228874923,extrapolated,flu_archive,2024-04-24
ILI incidence,AT,TRUE,2024-04-21,2024-W16,1293.5891933785783,1085.35986514543,910.649256269532,1.1918527991683634,extrapolated,flu_archive,2024-05-01
ILI incidence,AT,TRUE,2024-10-13,2024-W41,2042.2785162451203,1906.53746882237,1779.81851697026,1.0711976814736262,extrapolated,syndromic,2024-10-23
ILI incidence,AT,TRUE,2024-10-27,2024-W43,3015.9035518266182,3333.54016280771,3684.63043532067,0.9047149290340145,extrapolated,syndromic,2024-11-06
ILI incidence,AT,TRUE,2024-11-03,2024-W44,2317.6846887271095,2316.93199864981,2316.17955301575,1.0003248649842713,extrapolated,syndromic,2024-11-13
ILI incidence,AT,TRUE,2024-11-10,2024-W45,1944.7717310778444,2107.51730548378,2283.88202169719,0.9227785347325645,extrapolated,syndromic,2024-11-20
ILI incidence,AT,TRUE,2024-11-17,2024-W46,2151.187012995442,2161.52247932169,2171.90760282025,0.9952184321814267,extrapolated,syndromic,2024-11-27
ILI incidence,AT,TRUE,2024-11-24,2024-W47,2793.0734001707247,3028.09417419671,3282.89057038157,0.9223865703951122,extrapolated,syndromic,2024-12-04
ILI incidence,AT,TRUE,2024-12-01,2024-W48,2075.972358062383,2349.96656566006,2660.12350225821,0.883405061330854,extrapolated,syndromic,2024-12-11
ILI incidence,AT,TRUE,2024-12-08,2024-W49,2195.2297685654685,2209.69600510572,2224.25757198571,0.993453291083105,extrapolated,syndromic,2024-12-18
ILI incidence,AT,TRUE,2024-12-15,2024-W50,2159.0027530834973,2114.35007071276,2070.62089899529,1.0211188690980024,extrapolated,syndromic,2024-12-25
ILI incidence,AT,TRUE,2024-12-22,2024-W51,2017.7149688928237,2108.3727962455,2203.10396487136,0.9570010448275003,extrapolated,syndromic,2025-01-01
ILI incidence,AT,TRUE,2024-12-29,2024-W52,2249.6382818654383,2232.71961664123,2215.92819019815,1.007577604056555,extrapolated,syndromic,2025-01-08
ILI incidence,AT,TRUE,2025-01-05,2025-W01,2237.390523558318,2235.50647181106,2233.62400657762,1.0008427851902988,extrapolated,syndromic,2025-01-15
ILI incidence,AT,TRUE,2025-01-12,2025-W02,2453.783879788127,2519.27526992964,2586.51462256206,0.9740038768596575,extrapolated,syndromic,2025-01-22
ILI incidence,AT,TRUE,2025-01-19,2025-W03,2459.3427820508487,2483.34228533715,2507.57598784212,0.990335805326552,extrapolated,syndromic,2025-01-29
ILI incidence,AT,TRUE,2025-01-26,2025-W04,2835.2335641093455,2875.34800153821,2916.03,0.9860488409029434,extrapolated,syndromic,2025-02-05
ILI incidence,AT,TRUE,2025-02-02,2025-W05,2846.9607786202187,2788.04258521169,2730.34371085406,1.0211324582059969,extrapolated,syndromic,2025-02-12
ILI incidence,AT,TRUE,2025-02-09,2025-W06,2382.8167064747713,2388.1456303011,2393.486471716,0.997768593439732,extrapolated,syndromic,2025-02-19
ILI incidence,AT,TRUE,2025-02-16,2025-W07,2776.7344749567924,2673.32436341261,2573.7654127432,1.0386822164042127,extrapolated,syndromic,2025-02-26
ILI incidence,AT,TRUE,2025-02-23,2025-W08,3249.3836243364194,3013.90779414411,2795.49639001386,1.0781297392872566,extrapolated,syndromic,2025-03-05
ILI incidence,AT,TRUE,2025-03-02,2025-W09,2566.5157311482467,2486.7715108944,2409.50502361788,1.03206736923939,extrapolated,syndromic,2025-03-12
ILI incidence,AT,TRUE,2025-03-09,2025-W10,2222.774636723909,2051,1892.5,1.0837516512549539,extrapolated,syndromic,2025-03-19
ILI incidence,AT,TRUE,2025-03-16,2025-W11,1811.4663377996899,1757.0200825051,1704.21028859748,1.0309878389192693,extrapolated,syndromic,2025-03-26
ILI incidence,AT,TRUE,2025-03-23,2025-W12,2086.208961972924,1977.52775684471,1874.50830687306,1.0549581186671297,extrapolated,syndromic,2025-04-02
ILI incidence,AT,TRUE,2025-03-30,2025-W13,1922.1731092463601,1862.25415343653,1804.20302173061,1.032175498547961,extrapolated,syndromic,2025-04-09
ILI incidence,AT,TRUE,2025-04-06,2025-W14,1838.8064758238725,1795.924223279,1754.0420148429,1.0238775400370619,extrapolated,syndromic,2025-04-16
ILI incidence,AT,TRUE,2025-04-13,2025-W15,1825.1346231699256,1779.04862838478,1734.12633894409,1.0259048538920428,extrapolated,syndromic,2025-04-23
ILI incidence,AT,TRUE,2025-04-20,2025-W16,1477.2549276084806,1553.82398634056,1634.36177155684,0.9507221799861592,extrapolated,syndromic,2025-04-30
ILI incidence,AT,TRUE,2025-04-27,2025-W17,1715.904914529913,1676.5,1638,1.0235042735042734,extrapolated,syndromic,2025-05-07
ILI incidence,AT,TRUE,2025-05-04,2025-W18,1256.4086413092512,1186.06042509236,1119.65111168319,1.0593125061157094,extrapolated,syndromic,2025-05-14
ILI incidence,AT,TRUE,2025-05-11,2025-W19,1403.9038970993747,1364.34840931563,1325.9074113606,1.028992218932982,extrapolated,syndromic,2025-05-21
ILI incidence,AT,TRUE,2025-05-18,2025-W20,1102.2044899288537,1054.60667609486,1009.06433554416,1.0451332377396336,extrapolated,syndromic,2025-05-28
ILI incidence,AT,TRUE,2025-05-25,2025-W21,1631.0927046830195,1600,1569.5,1.0194329404268876,extrapolated,syndromic,2025-06-04
ILI incidence,AT,TRUE,2025-06-01,2025-W22,1579.5409338023678,1571.5,1563.5,1.0051167252958106,extrapolated,syndromic,2025-06-11
ILI incidence,AT,TRUE,2025-06-15,2025-W24,1561.598487236054,1574,1586.5,0.9921210211156634,extrapolated,syndromic,2025-06-25
ILI incidence,AT,TRUE,2025-06-22,2025-W25,1549.0102761721253,1553,1557,0.9974309569685292,extrapolated,syndromic,2025-07-02
ILI incidence,AT,TRUE,2025-07-06,2025-W27,1557.0698669201533,1567.5,1578,0.9933460076045627,extrapolated,syndromic,2025-07-16
ILI incidence,AT,TRUE,2025-07-13,2025-W28,1565.213639201,1583.5,1602,0.9884519350811486,extrapolated,syndromic,2025-07-23
ILI incidence,AT,TRUE,2025-07-20,2025-W29,1576.1221945137158,1590,1604,0.9912718204488778,extrapolated,syndromic,2025-07-30
ILI incidence,AT,TRUE,2025-07-27,2025-W30,1599.0887245841027,1611,1623,0.9926062846580407,extrapolated,syndromic,2025-08-06
ILI incidence,AT,TRUE,2025-08-03,2025-W31,1619.5494656488554,1628.5,1637.5,0.9945038167938931,extrapolated,syndromic,2025-08-13
ILI incidence,AT,TRUE,2025-08-10,2025-W32,1613.218655360387,1632,1651,0.9884918231374924,extrapolated,syndromic,2025-08-20
ILI incidence,AT,TRUE,2025-08-24,2025-W34,1668.00405444541,1697,1726.5,0.9829134086301766,extrapolated,syndromic,2025-09-03
ILI incidence,AT,TRUE,2025-08-31,2025-W35,1726.4259951910249,1797.5,1871.5,0.9604595244456319,extrapolated,syndromic,2025-09-10
ILI incidence,AT,TRUE,2025-09-07,2025-W36,1717.6855064353686,1752,1787,0.9804141018466704,extrapolated,syndromic,2025-09-17
ILI incidence,AT,TRUE,2025-09-14,2025-W37,1747.6369146005504,1781,1815,0.981267217630854,extrapolated,syndromic,2025-09-24
ILI incidence,AT,TRUE,2025-09-21,2025-W38,1772.9751569751563,1802,1831.5,0.9838929838929839,extrapolated,syndromic,2025-10-01
ILI incidence,AT,TRUE,2025-09-28,2025-W39,1804.4516648764754,1833,1862,0.9844253490870032,extrapolated,syndromic,2025-10-08
ILI incidence,AT,TRUE,2025-10-12,2025-W41,1475.953123962502,1648.07194283935,1840.26246137291,0.8955635282642357,extrapolated,syndromic,2025-10-22
ILI incidence,AT,TRUE,2025-10-19,2025-W42,1807.1288323133397,1772.5,1738.53473743661,1.019536717807244,extrapolated,syndromic,2025-10-29
ILI incidence,AT,TRUE,2025-10-26,2025-W43,2524.8964282017364,2461.35261405421,2399.40800067837,1.0258166236664739,extrapolated,syndromic,2025-11-05
ILI incidence,AT,TRUE,2025-11-02,2025-W44,2050.1675286437503,2355.80209271463,2707,0.8702630560453011,extrapolated,syndromic,2025-11-12
ILI incidence,AT,TRUE,2025-11-09,2025-W45,2758.5082985316762,2649.22600675763,2544.27309086465,1.0412506488669864,extrapolated,syndromic,2025-11-19
ILI incidence,AT,TRUE,2025-11-16,2025-W46,1869.067636353663,1904.55272859161,1940.7115213135,0.9813682804864181,extrapolated,syndromic,2025-11-26
ILI incidence,AT,TRUE,2025-11-23,2025-W47,2046.123440349415,1980.34217004694,1916.67571620044,1.0332171234332277,extrapolated,syndromic,2025-12-03
ILI incidence,AT,TRUE,2025-11-30,2025-W48,2833.015340052476,2685.10082157633,2544.9090656517,1.0550871376179132,extrapolated,syndromic,2025-12-10
ILI incidence,AT,TRUE,2025-12-07,2025-W49,2583.893431965832,2490.74346989816,2400.95158573179,1.0373984568035353,extrapolated,syndromic,2025-12-17
ILI incidence,AT,TRUE,2025-12-14,2025-W50,2587.582982265025,2551.06030876334,2515.05313783253,1.0143166640852133,extrapolated,syndromic,2025-12-24
ILI incidence,AT,TRUE,2025-12-21,2025-W51,3056.1517079118853,2942.13739543709,2832.37655749219,1.0387522053360319,extrapolated,syndromic,2025-12-31
ILI incidence,AT,TRUE,2025-12-28,2025-W52,2775.487145767596,2837.93393563388,2901.78574067761,0.9779956858465988,extrapolated,syndromic,2026-01-07
ILI incidence,AT,TRUE,2026-01-04,2026-W01,2568.550009244828,2390.57424147794,2224.93047962809,1.0744489607052974,extrapolated,syndromic,2026-01-14
ILI incidence,AT,TRUE,2026-01-11,2026-W02,2518.394733595517,2302.20852742468,2104.58036345234,1.0939038334692777,extrapolated,syndromic,2026-01-21
ILI incidence,AT,TRUE,2026-01-18,2026-W03,3504.503616872199,3087.53014573567,2720.16908612429,1.1350508177911829,extrapolated,syndromic,2026-01-28
ILI incidence,AT,TRUE,2026-01-25,2026-W04,2549.4507376540637,2317.37730551407,2106.42923857913,1.1001448627238164,extrapolated,syndromic,2026-02-04
ILI incidence,AT,TRUE,2026-02-01,2026-W05,3101.563567314272,2948.75,2803.46553400785,1.051823168228664,extrapolated,syndromic,2026-02-11
ILI incidence,AT,TRUE,2026-02-08,2026-W06,2697.598954928119,2583.75790336826,2474.72104443925,1.0440602625390922,extrapolated,syndromic,2026-02-18
ILI incidence,AT,TRUE,2026-02-15,2026-W07,2406.971130146549,2345.76218004496,2286.10976526098,1.026093416724971,extrapolated,syndromic,2026-02-25
ILI incidence,AT,TRUE,2026-02-22,2026-W08,2576.836722172815,2349.47171210364,2142.16806151407,1.096772822970318,extrapolated,syndromic,2026-03-04
ILI incidence,AT,TRUE,2026-03-01,2026-W09,2190.1866973850547,2144.5177576293,2099.80108923055,1.0212956687317158,extrapolated,syndromic,2026-03-11
ILI incidence,AT,TRUE,2026-03-08,2026-W10,2189.65039422911,2078.35611541978,1972.71863759034,1.053549186293731,extrapolated,syndromic,2026-03-18
ILI incidence,AT,TRUE,2026-03-15,2026-W11,2370.475388169306,2355.03698008764,2339.69911911365,1.006555484356382,extrapolated,syndromic,2026-03-25
ILI incidence,AT,TRUE,2026-03-22,2026-W12,1669.0155653147406,1747.11774192885,1828.87473765827,0.9552965580168145,extrapolated,syndromic,2026-04-01
ILI incidence,AT,TRUE,2026-03-29,2026-W13,2155.045647628679,1871.85308291035,1625.87459242752,1.1512899528834943,extrapolated,syndromic,2026-04-08
ILI incidence,AT,TRUE,2026-04-05,2026-W14,2102.728702148281,2111.32291684039,2119.95225756949,0.9959294645913425,extrapolated,syndromic,2026-04-15
ILI incidence,AT,TRUE,2026-04-12,2026-W15,2119.114204430943,1923.5,1745.94282944441,1.1016970129612387,extrapolated,syndromic,2026-04-22
ILI incidence,AT,TRUE,2026-04-19,2026-W16,1075.2778865924583,1386.32818693845,1787.35735744603,0.7756301117754013,extrapolated,syndromic,2026-04-29
ILI incidence,AT,TRUE,2026-04-26,2026-W17,1674.2395542137683,1805.67867872301,1947.43666316378,0.9272079102123549,extrapolated,syndromic,2026-05-06
ILI incidence,AT,TRUE,2026-05-03,2026-W18,1281.7482021925389,1206.87854862609,1136.38219163659,1.0620357811908094,extrapolated,syndromic,2026-05-13
ILI incidence,AT,TRUE,2026-05-10,2026-W19,1040.0954655583887,971.742137314801,907.880875075431,1.0703410149862052,extrapolated,syndromic,2026-05-20
ILI incidence,AT,TRUE,2026-09-06,2026-W36,1721.9458706859984,1752.7646484375,1784.13500976562,0.9824170473891205,extrapolated,syndromic,2026-09-16
ILI incidence,AT,TRUE,2026-09-13,2026-W37,1768.5015297500927,1782.96887207031,1797.55456542969,0.9918858132932986,extrapolated,syndromic,2026-09-23
ILI incidence,AT,TRUE,2026-09-20,2026-W38,1796.1062043612542,1796.03051757812,1795.95483398438,1.0000421411453717,extrapolated,syndromic,2026-09-30
ILI incidence,AT,TRUE,2026-09-27,2026-W39,1796.03051757812,1796.03051757812,1795.95483398438,1.0000421411453717,h1_nowcast,syndromic,2026-09-30
ILI incidence,BE,TRUE,2023-12-10,2023-W49,307.1821011337487,335.10791285658,365.572449842051,0.9166662121321411,extrapolated,flu_archive,2023-12-20
ILI incidence,BE,TRUE,2023-12-17,2023-W50,332.0158906191197,352.238797118792,373.69346980451,0.9425875097658474,extrapolated,flu_archive,2023-12-27
ILI incidence,BE,TRUE,2023-12-24,2023-W51,340.3800846160136,362.501566699886,386.060735627685,0.938975485581317,extrapolated,flu_archive,2024-01-03
ILI incidence,BE,TRUE,2023-12-31,2023-W52,378.8719115177539,384.666641448487,390.55,0.9849357097644014,extrapolated,flu_archive,2024-01-10
ILI incidence,BE,TRUE,2024-01-07,2024-W01,329.3013354120559,312.804381107467,297.133871982601,1.052738885069904,extrapolated,flu_archive,2024-01-17
ILI incidence,BE,TRUE,2024-01-14,2024-W02,245.61830463336477,247.863198139761,250.128609444546,0.9909430140365961,extrapolated,flu_archive,2024-01-24
ILI incidence,BE,TRUE,2024-01-21,2024-W03,413.69562731375675,399.42,385.636989774136,1.0357408925786311,extrapolated,flu_archive,2024-01-31
ILI incidence,BE,TRUE,2024-01-28,2024-W04,643.9271272860099,608.56204238229,575.139241282513,1.0581125381485827,extrapolated,flu_archive,2024-02-07
ILI incidence,BE,TRUE,2024-02-04,2024-W05,634.5361985210579,595.084735295815,558.08611550841,1.0662955389128426,extrapolated,flu_archive,2024-02-14
ILI incidence,BE,TRUE,2024-02-11,2024-W06,714.3472836621867,619.877820708273,537.901552080022,1.1524001340231411,extrapolated,flu_archive,2024-02-21
ILI incidence,BE,TRUE,2024-02-18,2024-W07,665.7405321476699,532.07488819425,425.246282862837,1.251215847466609,extrapolated,flu_archive,2024-02-28
ILI incidence,BE,TRUE,2024-02-25,2024-W08,594.5635931726617,549.813141431418,508.430879323783,1.081392110098965,extrapolated,flu_archive,2024-03-06
ILI incidence,BE,TRUE,2024-03-03,2024-W09,452.1833134236299,398.411677314547,351.034325921448,1.1349650102414792,extrapolated,flu_archive,2024-03-13
ILI incidence,BE,TRUE,2024-03-10,2024-W10,381.31109802787597,351.034325921448,323.161582792738,1.0862501751843021,extrapolated,flu_archive,2024-03-20
ILI incidence,BE,TRUE,2024-03-17,2024-W11,136.52787058023387,121.550648007806,108.216439385795,1.123217957435045,extrapolated,flu_archive,2024-03-27
ILI incidence,BE,TRUE,2024-03-24,2024-W12,69.6807421774454,50.0463994811637,35.9445382290853,1.3923227824545417,extrapolated,flu_archive,2024-04-03
ILI incidence,BE,TRUE,2024-03-31,2024-W13,92.59554009649229,80.6900069109318,70.3152355772356,1.1475465629678558,extrapolated,flu_archive,2024-04-10
ILI incidence,BE,TRUE,2024-04-07,2024-W14,93.47479988462518,82.8016060926711,73.3471051019983,1.1289008063443695,extrapolated,flu_archive,2024-04-17
ILI incidence,BE,TRUE,2024-04-14,2024-W15,76.79644899045714,65.1955852484021,55.3471467985432,1.17793940644684,extrapolated,flu_archive,2024-04-24
ILI incidence,BE,TRUE,2024-04-21,2024-W16,49.08996222517078,40.3831610362672,33.2206345525542,1.2156047462724429,extrapolated,flu_archive,2024-05-01
ILI incidence,BE,TRUE,2024-10-13,2024-W41,240.98797823724996,250.851739235392,261.119229007642,0.9606789212296981,extrapolated,syndromic,2024-10-23
ILI incidence,BE,TRUE,2024-10-20,2024-W42,209.3531939375896,213.339549606486,217.401810644773,0.9813145022746632,extrapolated,syndromic,2024-10-30
ILI incidence,BE,TRUE,2024-10-27,2024-W43,220.6534077997575,217.735152066911,214.855491779325,1.013402777204986,extrapolated,syndromic,2024-11-06
ILI incidence,BE,TRUE,2024-11-03,2024-W44,52.04380388279941,62.2,74.3381480860329,0.8367171042250716,extrapolated,syndromic,2024-11-13
ILI incidence,BE,TRUE,2024-11-10,2024-W45,88.5808760737417,98.8900642529637,110.39905272346,0.8957510215298194,extrapolated,syndromic,2024-11-20
ILI incidence,BE,TRUE,2024-11-17,2024-W46,117.97273427099886,134.967121958974,154.409611021168,0.8740849812805459,extrapolated,syndromic,2024-11-27
ILI incidence,BE,TRUE,2024-11-24,2024-W47,89.5271942270021,105.998409778113,125.5,0.84460884285349,extrapolated,syndromic,2024-12-04
ILI incidence,BE,TRUE,2024-12-01,2024-W48,105.55464918813128,125.92507642422,150.226683470695,0.838233751254879,extrapolated,syndromic,2024-12-11
ILI incidence,BE,TRUE,2024-12-08,2024-W49,186.08771665818898,207.821336631304,232.093276949353,0.895421613942977,extrapolated,syndromic,2024-12-18
ILI incidence,BE,TRUE,2024-12-15,2024-W50,281.43665541175227,297.635108496362,314.765884635872,0.9455761345949951,extrapolated,syndromic,2024-12-25
ILI incidence,BE,TRUE,2024-12-22,2024-W51,476.22888837012886,370.479311282078,288.212083390807,1.285439898714167,extrapolated,syndromic,2025-01-01
ILI incidence,BE,TRUE,2024-12-29,2024-W52,296.78748382236734,302.140467579108,307.59,0.982283128772418,extrapolated,syndromic,2025-01-08
ILI incidence,BE,TRUE,2025-01-05,2025-W01,389.03936755909166,417.3435484,447.706972391804,0.9321801404396447,extrapolated,syndromic,2025-01-15
ILI incidence,BE,TRUE,2025-01-12,2025-W02,498.24214569409924,483.957497680765,470.08239183609,1.0295163275324575,extrapolated,syndromic,2025-01-22
ILI incidence,BE,TRUE,2025-01-19,2025-W03,602.6245856282985,615.355820196524,628.356018788947,0.9793107757327146,extrapolated,syndromic,2025-01-29
ILI incidence,BE,TRUE,2025-01-26,2025-W04,906.7673893951926,891.007440462705,875.521405207814,1.01768778600132,extrapolated,syndromic,2025-02-05
ILI incidence,BE,TRUE,2025-02-02,2025-W05,1246.7003270703196,1192.79416016638,1141.21884596792,1.0451931847959595,extrapolated,syndromic,2025-02-12
ILI incidence,BE,TRUE,2025-02-09,2025-W06,1342.5591643905964,1233.8817294158,1134.00151186424,1.0880776758289872,extrapolated,syndromic,2025-02-19
ILI incidence,BE,TRUE,2025-02-16,2025-W07,827.8205707945671,733.391589356557,649.734063533453,1.128756564444457,extrapolated,syndromic,2025-02-26
ILI incidence,BE,TRUE,2025-02-23,2025-W08,709.0786365376855,591.05741062048,492.68,1.1996781087531054,extrapolated,syndromic,2025-03-05
ILI incidence,BE,TRUE,2025-03-02,2025-W09,480.7637475952582,399.191281798022,331.459433579637,1.2043443068942299,extrapolated,syndromic,2025-03-12
ILI incidence,BE,TRUE,2025-03-09,2025-W10,193.65355085212178,139.824425816375,100.95797349881,1.3849765498514401,extrapolated,syndromic,2025-03-19
ILI incidence,BE,TRUE,2025-03-16,2025-W11,224.76627551492857,174.157911809184,134.944524823614,1.2905889441370506,extrapolated,syndromic,2025-03-26
ILI incidence,BE,TRUE,2025-03-23,2025-W12,144.4887431633505,128.941997099927,115.068054798713,1.120571624552822,extrapolated,syndromic,2025-04-02
ILI incidence,BE,TRUE,2025-03-30,2025-W13,96.53404137633783,91.4035310371815,86.5456927623551,1.0561303297688711,extrapolated,syndromic,2025-04-09
ILI incidence,BE,TRUE,2025-04-06,2025-W14,78.4507693218537,74.6853409228518,71.1006430781908,1.0504172351960142,extrapolated,syndromic,2025-04-16
ILI incidence,BE,TRUE,2025-04-13,2025-W15,70.6159351493907,71.4107286570035,72.214467691124,0.9888701106603976,extrapolated,syndromic,2025-04-23
ILI incidence,BE,TRUE,2025-04-20,2025-W16,34.23022482151625,29.6290936823446,25.6464337296826,1.1552909848846766,extrapolated,syndromic,2025-04-30
ILI incidence,BE,TRUE,2025-04-27,2025-W17,49.30051012408002,43.9746832570696,39.2241938814154,1.121111204732878,extrapolated,syndromic,2025-05-07
ILI incidence,BE,TRUE,2025-05-04,2025-W18,46.19078606329228,42.2400883824793,38.6272938528228,1.0935295789402675,extrapolated,syndromic,2025-05-14
ILI incidence,BE,TRUE,2025-05-11,2025-W19,47.97417824027018,46.6670226472796,45.3954832087905,1.028010263325997,extrapolated,syndromic,2025-05-21
ILI incidence,BE,TRUE,2025-05-18,2025-W20,36.15812102147375,33.2865628047476,30.6430542310643,1.0862677902062206,extrapolated,syndromic,2025-05-28
ILI incidence,BE,TRUE,2025-05-25,2025-W21,34.98759853634993,39.2018398879695,43.9236848166465,0.8924988887342283,extrapolated,syndromic,2025-06-04
ILI incidence,BE,TRUE,2025-06-01,2025-W22,22.9778838600637,23.452765646525,23.9374617706549,0.979751565609847,extrapolated,syndromic,2025-06-11
ILI incidence,BE,TRUE,2025-06-08,2025-W23,38.981391767029926,47.8283685118627,58.6832006455277,0.8150265831744088,extrapolated,syndromic,2025-06-18
ILI incidence,BE,TRUE,2025-06-15,2025-W24,38.77402456142372,37.8011625682477,36.8527102273704,1.025736298226796,extrapolated,syndromic,2025-06-25
ILI incidence,BE,TRUE,2025-06-22,2025-W25,32.365492014124435,33.4538032901706,34.578709759426,0.9674682347293553,extrapolated,syndromic,2025-07-02
ILI incidence,BE,TRUE,2025-06-29,2025-W26,33.5468919010347,38.8013580049324,44.8788337074081,0.8645803555836948,extrapolated,syndromic,2025-07-09
ILI incidence,BE,TRUE,2025-07-06,2025-W27,18.793707213561262,21.1460874689013,23.7929116464985,0.8887557682337411,extrapolated,syndromic,2025-07-16
ILI incidence,BE,TRUE,2025-07-13,2025-W28,21.193248712418757,24.2240004747328,27.6881664987965,0.8748864059231125,extrapolated,syndromic,2025-07-23
ILI incidence,BE,TRUE,2025-07-20,2025-W29,31.001955589915138,34.9935706410905,39.4991207138989,0.8859329020146266,extrapolated,syndromic,2025-07-30
ILI incidence,BE,TRUE,2025-07-27,2025-W30,24.27452030327469,28.8633329062704,34.3196065689424,0.8410158446393828,extrapolated,syndromic,2025-08-06
ILI incidence,BE,TRUE,2025-08-03,2025-W31,23.57672951508847,30.6846044876979,39.9353503192157,0.7683569630021095,extrapolated,syndromic,2025-08-13
ILI incidence,BE,TRUE,2025-08-10,2025-W32,41.64490155292109,45.2637824021409,49.1971386880287,0.9200490843414656,extrapolated,syndromic,2025-08-20
ILI incidence,BE,TRUE,2025-08-17,2025-W33,36.22299090902234,42.1147890512352,48.9649090900515,0.8601014447669406,extrapolated,syndromic,2025-08-27
ILI incidence,BE,TRUE,2025-08-24,2025-W34,48.97755451278815,56.3479835691613,64.8275579272021,0.8691979980556586,extrapolated,syndromic,2025-09-03
ILI incidence,BE,TRUE,2025-08-31,2025-W35,37.94962396518332,32.7915909374144,28.3346269041621,1.1572974314547129,extrapolated,syndromic,2025-09-10
ILI incidence,BE,TRUE,2025-09-07,2025-W36,54.861135966726295,60.3206141209545,66.3233894780436,0.9094923313731378,extrapolated,syndromic,2025-09-17
ILI incidence,BE,TRUE,2025-09-14,2025-W37,78.38208753538038,88.388234333428,99.6717517258589,0.8867932267964396,extrapolated,syndromic,2025-09-24
ILI incidence,BE,TRUE,2025-09-21,2025-W38,142.17048999636154,158.482515931254,176.66611303473,0.8970736561125259,extrapolated,syndromic,2025-10-01
ILI incidence,BE,TRUE,2025-09-28,2025-W39,106.16358570317412,116.103361161888,126.973767735925,0.9143885641273177,extrapolated,syndromic,2025-10-08
ILI incidence,BE,TRUE,2025-10-05,2025-W40,108.65769393847265,125.59011879203,145.161169600448,0.8651770934177041,extrapolated,syndromic,2025-10-15
ILI incidence,BE,TRUE,2025-10-12,2025-W41,153.40651094920807,179.777839488309,210.682528212803,0.8533115726934972,extrapolated,syndromic,2025-10-22
ILI incidence,BE,TRUE,2025-10-19,2025-W42,135.65727518664113,146.546794183245,158.310439715372,0.9256925471669651,extrapolated,syndromic,2025-10-29
ILI incidence,BE,TRUE,2025-10-26,2025-W43,103.97570678100239,113.300000182161,123.460473977015,0.9177026179508625,extrapolated,syndromic,2025-11-05
ILI incidence,BE,TRUE,2025-11-02,2025-W44,80.04253444497557,92.608783082952,107.147865364021,0.8643082414038362,extrapolated,syndromic,2025-11-12
ILI incidence,BE,TRUE,2025-11-09,2025-W45,87.12822918780257,94.186412043347,101.816372217066,0.9250615592799515,extrapolated,syndromic,2025-11-19
ILI incidence,BE,TRUE,2025-11-16,2025-W46,83.67290841336434,93.9593675102086,105.510408450298,0.8905222611707482,extrapolated,syndromic,2025-11-26
ILI incidence,BE,TRUE,2025-11-23,2025-W47,92.14770595964188,101.74,112.330822479004,0.9057175738120892,extrapolated,syndromic,2025-12-03
ILI incidence,BE,TRUE,2025-11-30,2025-W48,114.23776686353375,109.969677132146,105.861049463571,1.0388115146165149,extrapolated,syndromic,2025-12-10
ILI incidence,BE,TRUE,2025-12-07,2025-W49,137.34565732707443,149.6,162.947707525284,0.9180859446996953,extrapolated,syndromic,2025-12-17
ILI incidence,BE,TRUE,2025-12-14,2025-W50,193.13432618002685,222.311141004619,255.89569908307,0.8687568482049843,extrapolated,syndromic,2025-12-24
ILI incidence,BE,TRUE,2025-12-21,2025-W51,222.92209555725975,233.585163997158,244.758280704231,0.954350403692471,extrapolated,syndromic,2025-12-31
ILI incidence,BE,TRUE,2025-12-28,2025-W52,222.07321903315614,213.422379356944,205.108532261059,1.0405338920045668,extrapolated,syndromic,2026-01-07
ILI incidence,BE,TRUE,2026-01-04,2026-W01,59.131367503204615,65.0673888865142,71.5993097281138,0.9087711757780423,extrapolated,syndromic,2026-01-14
ILI incidence,BE,TRUE,2026-01-11,2026-W02,156.55777972636542,184.365984774308,217.113556421215,0.8491684619482052,extrapolated,syndromic,2026-01-21
ILI incidence,BE,TRUE,2026-01-18,2026-W03,467.94041538688896,441.371291306202,416.310731844434,1.0601967654082303,extrapolated,syndromic,2026-01-28
ILI incidence,BE,TRUE,2026-01-25,2026-W04,677.18138993230275,660.458927669465,644.149413470897,1.0253194582770584,extrapolated,syndromic,2026-02-04
ILI incidence,BE,TRUE,2026-02-01,2026-W05,695.051920663973,611.848444897229,538.605114802846,1.1359870674848558,extrapolated,syndromic,2026-02-11
ILI incidence,BE,TRUE,2026-02-08,2026-W06,629.3947010266248,584.431434444142,542.680294272113,1.076935058473109,extrapolated,syndromic,2026-02-18
ILI incidence,BE,TRUE,2026-02-15,2026-W07,428.69124831165885,379.046483622822,335.150851137445,1.1309727614786078,extrapolated,syndromic,2026-02-25
ILI incidence,BE,TRUE,2026-02-22,2026-W08,177.1794720142643,157.202739686379,139.478355387095,1.127076235234445,extrapolated,syndromic,2026-03-04
ILI incidence,BE,TRUE,2026-03-01,2026-W09,134.14493801298443,117.47871,102.883101723363,1.141865943309936,extrapolated,syndromic,2026-03-11
ILI incidence,BE,TRUE,2026-03-08,2026-W10,118.812942951972,112,105.577723170031,1.0608298477854654,extrapolated,syndromic,2026-03-18
ILI incidence,BE,TRUE,2026-03-15,2026-W11,66.68292848110035,80.820890867719,97.9563517895452,0.8250704460835683,extrapolated,syndromic,2026-03-25
ILI incidence,BE,TRUE,2026-03-22,2026-W12,68.78577311575296,74.5286534265639,80.7510031504583,0.9229439947352645,extrapolated,syndromic,2026-04-01
ILI incidence,BE,TRUE,2026-03-29,2026-W13,76.10997935112965,79.1503665116229,82.3122088894806,0.9615872004831865,extrapolated,syndromic,2026-04-08
ILI incidence,BE,TRUE,2026-04-05,2026-W14,62.24639133595151,63.1062515210252,63.9779896563223,0.9863744056357521,extrapolated,syndromic,2026-04-15
ILI incidence,BE,TRUE,2026-04-12,2026-W15,60.880976469394156,46.2429756446276,35.1244825638537,1.31654539139648,extrapolated,syndromic,2026-04-22
ILI incidence,BE,TRUE,2026-04-19,2026-W16,28.36098289313891,30.7342971022515,33.3062158645419,0.9227796164910921,extrapolated,syndromic,2026-04-29
ILI incidence,BE,TRUE,2026-04-26,2026-W17,27.375852658859486,29.9545372195291,32.7761224907738,0.913913390089418,extrapolated,syndromic,2026-05-06
ILI incidence,BE,TRUE,2026-05-03,2026-W18,20.358810189222314,26.320848983199,34.0288594842895,0.7734860757043842,extrapolated,syndromic,2026-05-13
ILI incidence,BE,TRUE,2026-05-10,2026-W19,28.198389836020574,27.9532344774033,27.7102104869318,1.0087701964799622,extrapolated,syndromic,2026-05-20
ILI incidence,BE,TRUE,2026-05-17,2026-W20,37.71104978000337,38.3187086043128,38.9361589684737,0.98414198060315,extrapolated,syndromic,2026-05-27
ILI incidence,BE,TRUE,2026-05-24,2026-W21,34.123348111485186,44.4631973533675,57.9361647756686,0.7674515136707956,extrapolated,syndromic,2026-06-03
ILI incidence,BE,TRUE,2026-05-31,2026-W22,38.02497546349126,45.0594129765181,53.3951875850071,0.8438852828221992,extrapolated,syndromic,2026-06-10
ILI incidence,BE,TRUE,2026-06-07,2026-W23,35.49440503664024,44.9149831913579,56.8358791476426,0.7902575602760048,extrapolated,syndromic,2026-06-17
ILI incidence,BE,TRUE,2026-08-02,2026-W31,14.758432475509842,15.0591823370127,15.3660609306383,0.9800288053645736,extrapolated,syndromic,2026-08-12
ILI incidence,BE,TRUE,2026-08-09,2026-W32,17.158355647628323,18.255181423757,19.422120374358,0.9399170158505636,extrapolated,syndromic,2026-08-19
ILI incidence,BE,TRUE,2026-08-16,2026-W33,39.32872094383911,40.9192750120012,42.5741551549258,0.9611294660598068,extrapolated,syndromic,2026-08-26
ILI incidence,BE,TRUE,2026-08-23,2026-W34,49.91123352374566,56.0459897723208,62.9347893809249,0.890540674301644,extrapolated,syndromic,2026-09-02
ILI incidence,BE,TRUE,2026-08-30,2026-W35,35.60164672661044,43.3506209479419,52.786219441009,0.8212488298463614,extrapolated,syndromic,2026-09-09
ILI incidence,BE,TRUE,2026-09-06,2026-W36,45.245554353962284,54.1967292182038,64.9187638408077,0.8348392053660136,extrapolated,syndromic,2026-09-16
ILI incidence,BE,TRUE,2026-09-13,2026-W37,58.189793937060145,70.2277582168813,84.7560661497319,0.82858680690554265,extrapolated,syndromic,2026-09-23
ILI incidence,BE,TRUE,2026-09-20,2026-W38,61.65567368168514,63.2615889934237,64.9093327993539,0.9746146858260942,extrapolated,syndromic,2026-09-30
ILI incidence,BE,TRUE,2026-09-27,2026-W39,63.2615889934237,63.2615889934237,64.9093327993539,0.9746146858260942,h1_nowcast,syndromic,2026-09-30
ILI incidence,CH,FALSE,2023-12-17,2023-W50,89.9549115610477,99.0298790154002,109.020361063324,0.9083613193858266,extrapolated,flu_archive,2023-12-27
ILI incidence,CH,FALSE,2023-12-24,2023-W51,98.13657808749441,108.558200726744,120.086548509172,0.9039996741887583,extrapolated,flu_archive,2024-01-03
ILI incidence,CH,FALSE,2023-12-31,2023-W52,95.49540183216608,101.711815226203,108.332895177416,0.9388820917195122,extrapolated,flu_archive,2024-01-10
ILI incidence,CH,FALSE,2024-01-07,2024-W01,70.16807885493249,70.0539514518311,69.9400096753615,1.0016291358408225,extrapolated,flu_archive,2024-01-17
ILI incidence,CH,FALSE,2024-01-14,2024-W02,89.94075054555246,93.0578589127369,96.2829980058585,0.966503545174971,extrapolated,flu_archive,2024-01-24
ILI incidence,CH,FALSE,2024-01-21,2024-W03,103.16499383366548,114.320352512936,126.681953955753,0.9024201864842201,extrapolated,flu_archive,2024-01-31
ILI incidence,CH,FALSE,2024-01-28,2024-W04,72.47128498080042,60.3740804166528,50.2961909275118,1.2003708293470081,extrapolated,flu_archive,2024-02-07
ILI incidence,CH,FALSE,2024-02-04,2024-W05,156.7136245975037,161.629534875061,166.699651105796,0.9695853218821842,extrapolated,flu_archive,2024-02-14
ILI incidence,CH,FALSE,2024-02-11,2024-W06,154.01269296638267,144.595450727248,135.754034088474,1.0651282055678128,extrapolated,flu_archive,2024-02-21
ILI incidence,CH,FALSE,2024-02-18,2024-W07,88.12903786442014,87.2963112435454,86.471453012499,1.0095390814229428,extrapolated,flu_archive,2024-02-28
ILI incidence,CH,FALSE,2024-02-25,2024-W08,110.03867799543781,100.978769492221,92.6647981774723,1.0897209239999177,extrapolated,flu_archive,2024-03-06
ILI incidence,CH,FALSE,2024-03-03,2024-W09,71.3682920612148,63.7980024538536,57.0307204999495,1.1186602921123903,extrapolated,flu_archive,2024-03-13
ILI incidence,CH,FALSE,2024-03-10,2024-W10,64.27469217164897,52.3085209569917,42.5701200933164,1.2287614139290213,extrapolated,flu_archive,2024-03-20
ILI incidence,CH,FALSE,2024-03-17,2024-W11,56.69492220101325,46.4716965184258,38.0919224060964,1.2199882175279309,extrapolated,flu_archive,2024-03-27
ILI incidence,CH,FALSE,2024-03-24,2024-W12,45.49217466197779,36.9070752762067,29.942121157423,1.2326139181043627,extrapolated,flu_archive,2024-04-03
ILI incidence,CH,FALSE,2024-03-31,2024-W13,44.52518450211581,39.6091766252757,35.2359432190053,1.1241128520127595,extrapolated,flu_archive,2024-04-10
ILI incidence,CH,FALSE,2024-04-07,2024-W14,42.62195939664983,43.3379155486267,44.0658982056918,0.9834796818694808,extrapolated,flu_archive,2024-04-17
ILI incidence,CH,FALSE,2024-04-14,2024-W15,29.47370197969772,24.4267015518296,20.2439364119632,1.2066181722145,extrapolated,flu_archive,2024-04-24
ILI incidence,CH,FALSE,2024-04-21,2024-W16,31.854780364672596,29.6241177682845,27.5496595331245,1.0752988701245385,extrapolated,flu_archive,2024-05-01
ILI incidence,CH,FALSE,2024-10-13,2024-W41,39.94712578181626,45.2615375915834,51.2829582869973,0.8825843731222381,extrapolated,syndromic,2024-10-23
ILI incidence,CH,FALSE,2024-10-20,2024-W42,45.248275862068965,48.6,52.2,0.9310344827586207,extrapolated,syndromic,2024-10-30
ILI incidence,CH,FALSE,2024-10-27,2024-W43,44.35089372322852,44.3500077445175,44.349121783505304,1.000019976968575,extrapolated,syndromic,2024-11-06
ILI incidence,CH,FALSE,2024-11-03,2024-W44,42.306761930584635,46.5918108452856,51.3108718035343,0.9080299984705454,extrapolated,syndromic,2024-11-13
ILI incidence,CH,FALSE,2024-11-10,2024-W45,53.08712185440189,58.0837928500265,63.5507609754708,0.9139747810800498,extrapolated,syndromic,2024-11-20
ILI incidence,CH,FALSE,2024-11-17,2024-W46,58.196746047172304,60.5880319365716,63.0775750068828,0.9605320421712542,extrapolated,syndromic,2024-11-27
ILI incidence,CH,FALSE,2024-11-24,2024-W47,56.67139336165218,67.1034270129052,79.4557827110574,0.8445379898518929,extrapolated,syndromic,2024-12-04
ILI incidence,CH,FALSE,2024-12-01,2024-W48,54.63431502449204,58.325,62.265,0.9367220750020075,extrapolated,syndromic,2024-12-11
ILI incidence,CH,FALSE,2024-12-08,2024-W49,56.73888827552879,61.8451152043241,67.4108779865845,0.9174352426715456,extrapolated,syndromic,2024-12-18
ILI incidence,CH,FALSE,2024-12-15,2024-W50,69.67934711511535,84.527464663408,102.539598578899,0.8243397266507574,extrapolated,syndromic,2024-12-25
ILI incidence,CH,FALSE,2024-12-22,2024-W51,95.19336945858934,104.72,115.200023513933,0.9090275922325182,extrapolated,syndromic,2025-01-01
ILI incidence,CH,FALSE,2024-12-29,2024-W52,69.98622160202925,73.3769159115155,76.9318826683095,0.953790721954366,extrapolated,syndromic,2025-01-08
ILI incidence,CH,FALSE,2025-01-05,2025-W01,104.8544952855768,116.925937996587,130.38711348661,0.8967599241208344,extrapolated,syndromic,2025-01-15
ILI incidence,CH,FALSE,2025-01-12,2025-W02,135.0323041532074,148.240281545944,162.740176957121,0.9109015629557938,extrapolated,syndromic,2025-01-22
ILI incidence,CH,FALSE,2025-01-19,2025-W03,170.01523935196082,162.46147719025,155.24332801837,1.046495712659715,extrapolated,syndromic,2025-01-29
ILI incidence,CH,FALSE,2025-01-26,2025-W04,243.16221679498156,251.327271496724,259.766497569172,0.9675122613908257,extrapolated,syndromic,2025-02-05
ILI incidence,CH,FALSE,2025-02-02,2025-W05,268.05880668755873,291.377156402001,316.723961887489,0.9199719360213988,extrapolated,syndromic,2025-02-12
ILI incidence,CH,FALSE,2025-02-09,2025-W06,354.6774040892473,315.75176395898,281.098190337832,1.1232792483633576,extrapolated,syndromic,2025-02-19
ILI incidence,CH,FALSE,2025-02-16,2025-W07,242.82687517359557,240.899488818646,238.987400680414,1.0080007905554358,extrapolated,syndromic,2025-02-26
ILI incidence,CH,FALSE,2025-03-16,2025-W11,125.32313069122279,140.9686341,158.5673426,0.8890142937919173,extrapolated,syndromic,2025-03-26
ILI incidence,CH,FALSE,2025-11-02,2025-W44,38.505922890083184,41.1779911908984,44.0354841866262,0.9351093090377411,extrapolated,syndromic,2025-11-12
ILI incidence,CH,FALSE,2025-11-09,2025-W45,29.435714887899948,32.781846485733,36.5083526290003,0.8979272995104369,extrapolated,syndromic,2025-11-19
ILI incidence,CH,FALSE,2025-11-16,2025-W46,33.79048700202382,36.6771897732211,39.8105019788648,0.9212943306440307,extrapolated,syndromic,2025-11-26
ILI incidence,CH,FALSE,2025-11-23,2025-W47,36.680669926389356,39.8105019788648,43.207391549547,0.9213817486115333,extrapolated,syndromic,2025-12-03
ILI incidence,CH,FALSE,2025-11-30,2025-W48,39.86019539281146,43.2070549391509,46.8349333995357,0.9225390494433635,extrapolated,syndromic,2025-12-10
ILI incidence,CH,FALSE,2025-12-07,2025-W49,43.30330918813271,46.8349333995357,50.6545810854584,0.92459423009582,extrapolated,syndromic,2025-12-17
ILI incidence,CH,FALSE,2025-12-14,2025-W50,140.00065061828676,156.547613361422,175.050295415957,0.8943007664707525,extrapolated,syndromic,2025-12-24
ILI incidence,CH,FALSE,2025-12-21,2025-W51,171.0523056307939,175.050295415957,179.141729848144,0.9771609080940815,extrapolated,syndromic,2025-12-31
ILI incidence,CH,FALSE,2025-12-28,2025-W52,185.9873695506951,179.141465529535,172.547548522225,1.0382150720991592,extrapolated,syndromic,2026-01-07
ILI incidence,CH,FALSE,2026-01-04,2026-W01,128.39943721029377,111.968899537014,97.6408832929436,1.1467419769348386,extrapolated,syndromic,2026-01-14
ILI incidence,CH,FALSE,2026-01-11,2026-W02,107.60571460604773,107.365316652572,107.125455763287,1.0022390652863595,extrapolated,syndromic,2026-01-21
ILI incidence,CH,FALSE,2026-01-18,2026-W03,155.35172047633256,158.405535833358,161.519381347798,0.9807215363973256,extrapolated,syndromic,2026-01-28
ILI incidence,CH,FALSE,2026-01-25,2026-W04,191.3818347653274,183.003481556518,174.991917612623,1.045782479860756,extrapolated,syndromic,2026-02-04
ILI incidence,CH,FALSE,2026-02-01,2026-W05,204.48143015229692,174.471781230859,148.866341668272,1.1720028804069436,extrapolated,syndromic,2026-02-11
ILI incidence,CH,FALSE,2026-02-08,2026-W06,141.31727271876693,132.57276979776,124.369363728287,1.0659600228187642,extrapolated,syndromic,2026-02-18
ILI incidence,CH,FALSE,2026-02-15,2026-W07,133.72596060470136,114.203118312111,97.5304434025617,1.170948417005878,extrapolated,syndromic,2026-02-25
ILI incidence,CH,FALSE,2026-02-22,2026-W08,116.02282999701819,99.6478794674914,85.5840172371497,1.1643281384113033,extrapolated,syndromic,2026-03-04
ILI incidence,CH,FALSE,2026-03-01,2026-W09,66.071357928813,57.105569678736,49.356426,1.157003744127178,extrapolated,syndromic,2026-03-11
ILI incidence,CH,FALSE,2026-03-08,2026-W10,56.0265530636657,46.5957090576108,38.7523412356694,1.2023972635418996,extrapolated,syndromic,2026-03-18
ILI incidence,CH,FALSE,2026-03-15,2026-W11,52.76652188920439,44.8546466637422,38.1290874458941,1.1763891996469047,extrapolated,syndromic,2026-03-25
ILI incidence,CH,FALSE,2026-03-22,2026-W12,47.55282839746157,41.4332362667079,36.1011768466012,1.1476976621223,extrapolated,syndromic,2026-04-01
ILI incidence,CH,FALSE,2026-03-29,2026-W13,44.901600284291604,39.6378403466013,34.9911445782548,1.132796335311483,extrapolated,syndromic,2026-04-08
ILI incidence,CH,FALSE,2026-04-05,2026-W14,20.530801856081144,21.0243510309287,21.5297648562512,0.9765248794542336,extrapolated,syndromic,2026-04-15
ILI incidence,CH,FALSE,2026-04-12,2026-W15,18.696336629207796,18.5713463803578,18.4471917263421,1.0067302739548376,extrapolated,syndromic,2026-04-22
ILI incidence,CH,FALSE,2026-04-19,2026-W16,21.74808430779591,21.5773486939793,21.4079534579823,1.007912724414759,extrapolated,syndromic,2026-04-29
ILI incidence,CH,FALSE,2026-04-26,2026-W17,10.836367161629429,11.5813953334159,12.3776461122326,0.9356702581737427,extrapolated,syndromic,2026-05-06
ILI incidence,CH,FALSE,2026-05-03,2026-W18,10.958963746232095,11.4332416036353,11.9280450774409,0.9585176388424784,extrapolated,syndromic,2026-05-13
ILI incidence,CH,FALSE,2026-05-10,2026-W19,11.289096980967345,11.9280450774409,12.6031567989303,0.9464331252669411,extrapolated,syndromic,2026-05-20
ILI incidence,CH,FALSE,2026-05-17,2026-W20,7.625464398418949,9.67947162115305,12.2867494973989,0.787797588223166,extrapolated,syndromic,2026-05-27
ILI incidence,CH,FALSE,2026-05-24,2026-W21,18.164129844722464,15.5662434587855,13.3399142975508,1.1668923136667717,extrapolated,syndromic,2026-06-03
ILI incidence,CH,FALSE,2026-05-31,2026-W22,15.465602511559394,14.2230765787268,13.0803767401319,1.0873598567760654,extrapolated,syndromic,2026-06-10
ILI incidence,CH,FALSE,2026-06-21,2026-W25,14.631293574873641,18.129504871993,22.4641071701315,0.8070431971629022,extrapolated,syndromic,2026-07-01
ILI incidence,CH,FALSE,2026-06-28,2026-W26,15.250262203501975,17.6195926505786,20.3570299991979,0.8655286479055561,extrapolated,syndromic,2026-07-08
ILI incidence,CH,FALSE,2026-07-05,2026-W27,9.973109371455177,12.544677690244,15.7793254331015,0.7950072228010501,extrapolated,syndromic,2026-07-15
ILI incidence,CH,FALSE,2026-07-12,2026-W28,10.987679815385505,13.7488407746091,17.2038706825861,0.7991713625542297,extrapolated,syndromic,2026-07-22
ILI incidence,CH,FALSE,2026-08-02,2026-W31,9.951752075011779,10.9246780138915,11.9927213627921,0.9109423694096448,extrapolated,syndromic,2026-08-12
ILI incidence,CH,FALSE,2026-08-09,2026-W32,10.019700387654735,10.8191972642997,11.6824879901652,0.9261038636125923,extrapolated,syndromic,2026-08-19
ILI incidence,CH,FALSE,2026-08-16,2026-W33,8.653072342587715,9.32179153776114,10.0421901069521,0.9282628030819456,extrapolated,syndromic,2026-08-26
ILI incidence,CH,FALSE,2026-08-23,2026-W34,9.035582806943093,10.6952163761734,12.6596873469269,0.8448246850874742,extrapolated,syndromic,2026-09-02
ILI incidence,CH,FALSE,2026-08-30,2026-W35,16.113667847149223,17.5039511212529,19.0141876921843,0.9205731743380141,extrapolated,syndromic,2026-09-09
ILI incidence,CH,FALSE,2026-09-06,2026-W36,15.623539945616779,18.1768379211426,21.1474120437207,0.8595301346360179,extrapolated,syndromic,2026-09-16
ILI incidence,CH,FALSE,2026-09-13,2026-W37,21.29963568659347,21.137847029034,20.9772872924805,1.0076539799600805,extrapolated,syndromic,2026-09-23
ILI incidence,CH,FALSE,2026-09-20,2026-W38,16.851940569689024,20.4345355619454,24.7787631285313,0.8246794021133453,extrapolated,syndromic,2026-09-30
ILI incidence,CH,FALSE,2026-09-27,2026-W39,20.4345355619454,20.4345355619454,24.7787631285313,0.8246794021133453,h1_nowcast,syndromic,2026-09-30
ILI incidence,CZ,TRUE,2023-12-10,2023-W49,36.22301951107417,43.3048188268832,51.7711488147987,0.8364662523097147,extrapolated,flu_archive,2023-12-20
ILI incidence,CZ,TRUE,2023-12-17,2023-W50,41.41198844882551,45.9606952114985,51.0090334574159,0.9010305057018592,extrapolated,flu_archive,2023-12-27
ILI incidence,CZ,TRUE,2023-12-24,2023-W51,45.709312957754165,50.9816172737383,56.8620513340053,0.8965842082318561,extrapolated,flu_archive,2024-01-03
ILI incidence,CZ,TRUE,2023-12-31,2023-W52,39.53707541529158,40.5673355059523,41.6244421916952,0.9746037032550597,extrapolated,flu_archive,2024-01-10
ILI incidence,CZ,TRUE,2024-01-07,2024-W01,40.08423859063999,44.1362646117058,48.5979008799082,0.9081928192901234,extrapolated,flu_archive,2024-01-17
ILI incidence,CZ,TRUE,2024-01-14,2024-W02,42.04031713405235,44.4285396812117,46.9524321596081,0.9462457563472583,extrapolated,flu_archive,2024-01-24
ILI incidence,CZ,TRUE,2024-01-21,2024-W03,70.24436287362353,73.2,76.28,0.9596224436287363,extrapolated,flu_archive,2024-01-31
ILI incidence,CZ,TRUE,2024-01-28,2024-W04,94.80814175271908,107.235144338414,121.291019618056,0.8841144602139237,extrapolated,flu_archive,2024-02-07
ILI incidence,CZ,TRUE,2024-02-04,2024-W05,191.92164765034534,195.77766589818,199.711157828164,0.9803040953106462,extrapolated,flu_archive,2024-02-14
ILI incidence,CZ,TRUE,2024-02-11,2024-W06,194.71465275535104,201.141270129993,207.78,0.9680492353931706,extrapolated,flu_archive,2024-02-21
ILI incidence,CZ,TRUE,2024-02-18,2024-W07,155.342765918252,151.322769429032,147.406803350741,1.026565707886449,extrapolated,flu_archive,2024-02-28
ILI incidence,CZ,TRUE,2024-02-25,2024-W08,109.2866784544995,86.3175784127308,68.1759611363792,1.2660999122558918,extrapolated,flu_archive,2024-03-06
ILI incidence,CZ,TRUE,2024-03-03,2024-W09,67.66997693279892,57.4187907240689,48.720535718351,1.1785336486446234,extrapolated,flu_archive,2024-03-13
ILI incidence,CZ,TRUE,2024-03-10,2024-W10,42.4951817104683,35.6706035033244,29.9420287918886,1.1913221963432115,extrapolated,flu_archive,2024-03-20
ILI incidence,CZ,TRUE,2024-03-17,2024-W11,29.458574523435466,27.0678314716466,24.8711118046325,1.0883241442630216,extrapolated,flu_archive,2024-03-27
ILI incidence,CZ,TRUE,2024-03-24,2024-W12,28.387093462514624,26.0743068553465,23.9499503140236,1.0886998308334281,extrapolated,flu_archive,2024-04-03
ILI incidence,CZ,TRUE,2024-03-31,2024-W13,19.664898802174413,14.8465481342257,11.20880375329,1.324543498218349,extrapolated,flu_archive,2024-04-10
ILI incidence,CZ,TRUE,2024-04-07,2024-W14,19.604330523938604,17.4743536444193,15.5757950988108,1.1218915974153674,extrapolated,flu_archive,2024-04-17
ILI incidence,CZ,TRUE,2024-04-14,2024-W15,14.675956021546149,13.5287336259713,12.4711898327973,1.08479894920634,extrapolated,flu_archive,2024-04-24
ILI incidence,CZ,TRUE,2024-04-21,2024-W16,13.437402204231061,12.9733244077434,12.5252741289202,1.0357716944325135,extrapolated,flu_archive,2024-05-01
ILI incidence,CZ,TRUE,2024-10-13,2024-W41,20.341080330511804,21.6567307548857,23.0574767597809,0.9392498138678158,extrapolated,syndromic,2024-10-23
ILI incidence,CZ,TRUE,2024-10-20,2024-W42,22.650943396226424,24.5,26.5,0.9245283018867925,extrapolated,syndromic,2024-10-30
ILI incidence,CZ,TRUE,2024-10-27,2024-W43,26.186164258874534,32.0111970392793,39.1319906862757,0.8180313977869317,extrapolated,syndromic,2024-11-06
ILI incidence,CZ,TRUE,2024-11-03,2024-W44,17.096621466628932,18.22,19.4171930780577,0.9383436589807317,extrapolated,syndromic,2024-11-13
ILI incidence,CZ,TRUE,2024-11-10,2024-W45,18.75566949842716,20.4771445051335,22.3566237995014,0.9159318816998738,extrapolated,syndromic,2024-11-20
ILI incidence,CZ,TRUE,2024-11-17,2024-W46,20.07537309249794,22.8924720424324,26.1048835206649,0.8769421255724232,extrapolated,syndromic,2024-11-27
ILI incidence,CZ,TRUE,2024-11-24,2024-W47,19.235388481675393,21.43,23.875,0.8975916230366492,extrapolated,syndromic,2024-12-04
ILI incidence,CZ,TRUE,2024-12-01,2024-W48,21.544902099241988,22.2513513577905,22.9809648225445,0.9682513997829089,extrapolated,syndromic,2024-12-11
ILI incidence,CZ,TRUE,2024-12-08,2024-W49,21.398911958236106,22.5094056811017,23.6775283297244,0.9506653468066489,extrapolated,syndromic,2024-12-18
ILI incidence,CZ,TRUE,2024-12-15,2024-W50,17.184690092525052,18.1050296511656,19.0746587168405,0.9491666362125347,extrapolated,syndromic,2024-12-25
ILI incidence,CZ,TRUE,2024-12-22,2024-W51,22.262521493784206,24.978979742234,28.0268984417217,0.8912502321359086,extrapolated,syndromic,2025-01-01
ILI incidence,CZ,TRUE,2024-12-29,2024-W52,21.137606061919218,22.435928720256,23.8139974823007,0.9421319850617721,extrapolated,syndromic,2025-01-08
ILI incidence,CZ,TRUE,2025-01-05,2025-W01,15.68329535961888,15.4,15.1218219488894,1.0183958025726543,extrapolated,syndromic,2025-01-15
ILI incidence,CZ,TRUE,2025-01-12,2025-W02,28.759023875431218,30.2625422497714,31.8446643872911,0.9503175125892955,extrapolated,syndromic,2025-01-22
ILI incidence,CZ,TRUE,2025-01-19,2025-W03,47.51263079125186,50.7733614283471,54.2578718080208,0.9357787125893391,extrapolated,syndromic,2025-01-29
ILI incidence,CZ,TRUE,2025-01-26,2025-W04,55.7063889520122,58.3018200363677,61.0181755360437,0.9554828462861621,extrapolated,syndromic,2025-02-05
ILI incidence,CZ,TRUE,2025-02-02,2025-W05,173.99108733027998,187.01184033593,201.00701112030401,0.9303747132680968,extrapolated,syndromic,2025-02-12
ILI incidence,CZ,TRUE,2025-02-09,2025-W06,204.0446174810261,180.006347821367,158.8,1.133541233132034,extrapolated,syndromic,2025-02-19
ILI incidence,CZ,TRUE,2025-02-16,2025-W07,206.30759089475117,202.73,199.214448299031,1.0176470719417496,extrapolated,syndromic,2025-02-26
ILI incidence,CZ,TRUE,2025-02-23,2025-W08,160.77199409693694,142.742838642838,126.735493319377,1.1263051486541504,extrapolated,syndromic,2025-03-05
ILI incidence,CZ,TRUE,2025-03-02,2025-W09,127.34922795180607,91.2826277000798,65.4304565001738,1.3951091369786992,extrapolated,syndromic,2025-03-12
ILI incidence,CZ,TRUE,2025-03-09,2025-W10,83.00224543495433,62.1985758367454,46.6091346787852,1.3344717996889985,extrapolated,syndromic,2025-03-19
ILI incidence,CZ,TRUE,2025-03-16,2025-W11,67.36444987461657,59.0767304998496,51.8086333822633,1.1402873738042767,extrapolated,syndromic,2025-03-26
ILI incidence,CZ,TRUE,2025-03-23,2025-W12,51.305899863525845,41.6710025782217,33.8454731423324,1.231213474339098,extrapolated,syndromic,2025-04-02
ILI incidence,CZ,TRUE,2025-03-30,2025-W13,36.44699009449039,29.6429698260827,24.1091420123299,1.2295323413385133,extrapolated,syndromic,2025-04-09
ILI incidence,CZ,TRUE,2025-04-06,2025-W14,26.0313069975892,22.9628139323461,20.2560257055238,1.1336287910655722,extrapolated,syndromic,2025-04-16
ILI incidence,CZ,TRUE,2025-04-13,2025-W15,22.518904345141834,22.5876718036281,22.6566492618228,0.9969555313586935,extrapolated,syndromic,2025-04-23
ILI incidence,CZ,TRUE,2025-04-20,2025-W16,11.132301107588596,8.63608679341052,6.69960274902006,1.289044607111027,extrapolated,syndromic,2025-04-30
ILI incidence,CZ,TRUE,2025-04-27,2025-W17,5.366151935661957,5.41622392895186,5.46676314801958,0.9907551840642613,extrapolated,syndromic,2025-05-07
ILI incidence,CZ,TRUE,2025-05-04,2025-W18,6.5507135774047045,6.47533783366495,6.40082940043682,1.011640434163586,extrapolated,syndromic,2025-05-14
ILI incidence,CZ,TRUE,2025-05-11,2025-W19,6.13704896773287,5.99634978480126,5.85887629880994,1.0234641386812082,extrapolated,syndromic,2025-05-21
ILI incidence,CZ,TRUE,2025-05-18,2025-W20,8.009589443257195,7.2602586738031,6.58103094845988,1.1032099272382507,extrapolated,syndromic,2025-05-28
ILI incidence,CZ,TRUE,2025-05-25,2025-W21,8.783321005928538,8,7.28653774088428,1.0979151257410678,extrapolated,syndromic,2025-06-04
ILI incidence,CZ,TRUE,2025-06-01,2025-W22,8.117815277610037,8.05922807110322,8.00106369520401,1.0072695804101741,extrapolated,syndromic,2025-06-11
ILI incidence,CZ,TRUE,2025-06-08,2025-W23,6.8316972245949525,6.92134170483331,7.01216248615367,0.9870481065577564,extrapolated,syndromic,2025-06-18
ILI incidence,CZ,TRUE,2025-06-15,2025-W24,6.436242774477985,7.08757859183752,7.80482838445257,0.9081017855506175,extrapolated,syndromic,2025-06-25
ILI incidence,CZ,TRUE,2025-06-22,2025-W25,6.80139872800386,6.83426168518569,6.867283429405,0.9951914400273747,extrapolated,syndromic,2025-07-02
ILI incidence,CZ,TRUE,2025-06-29,2025-W26,6.0704142853331415,6.91090603515681,7.8677698064467,0.87838182930748,extrapolated,syndromic,2025-07-09
ILI incidence,CZ,TRUE,2025-07-06,2025-W27,8.764624145920502,8.2383976349569,7.74376567228546,1.0638748618700722,extrapolated,syndromic,2025-07-16
ILI incidence,CZ,TRUE,2025-07-13,2025-W28,6.978601267671498,7.84153757437593,8.81117994449716,0.8899531758255828,extrapolated,syndromic,2025-07-23
ILI incidence,CZ,TRUE,2025-07-20,2025-W29,4.533184223083885,5.86909354367809,7.59868942652641,0.7723823430905808,extrapolated,syndromic,2025-07-30
ILI incidence,CZ,TRUE,2025-07-27,2025-W30,3.0106775306966305,3.51442898404336,4.10246894858452,0.8566619340911642,extrapolated,syndromic,2025-08-06
ILI incidence,CZ,TRUE,2025-08-03,2025-W31,5.015406665211482,5.35223331422264,5.71168069950849,0.9370680182950736,extrapolated,syndromic,2025-08-13
ILI incidence,CZ,TRUE,2025-08-10,2025-W32,5.055383814848879,5.54802416008595,6.08867164358272,0.9112043619454177,extrapolated,syndromic,2025-08-20
ILI incidence,CZ,TRUE,2025-08-17,2025-W33,4.493351518889257,4.88961439420445,5.32082318142815,0.9189582565478225,extrapolated,syndromic,2025-08-27
ILI incidence,CZ,TRUE,2025-08-24,2025-W34,3.8279305674490196,4.44165638478517,5.15377985386241,0.8618250120746714,extrapolated,syndromic,2025-09-03
ILI incidence,CZ,TRUE,2025-08-31,2025-W35,4.879577867280561,5.07962215846787,5.28786751120703,0.9606182733781041,extrapolated,syndromic,2025-09-10
ILI incidence,CZ,TRUE,2025-09-07,2025-W36,5.936261546527295,6.75796783901766,7.69341595804753,0.8784092626564192,extrapolated,syndromic,2025-09-17
ILI incidence,CZ,TRUE,2025-09-14,2025-W37,8.582733951065332,10.1617178723511,12.0311908426851,0.8446144696083322,extrapolated,syndromic,2025-09-24
ILI incidence,CZ,TRUE,2025-09-21,2025-W38,11.128262746172327,12.6975136239869,14.4880522601597,0.8764127431334194,extrapolated,syndromic,2025-10-01
ILI incidence,CZ,TRUE,2025-09-28,2025-W39,14.957084189563062,15.7647578913649,16.6160454954698,0.9487671356980218,extrapolated,syndromic,2025-10-08
ILI incidence,CZ,TRUE,2025-10-05,2025-W40,14.222222222222221,16,18,0.8888888888888888,extrapolated,syndromic,2025-10-15
ILI incidence,CZ,TRUE,2025-10-12,2025-W41,15.839063473889006,16.8662447618471,17.9600399250555,0.9390984002389392,extrapolated,syndromic,2025-10-22
ILI incidence,CZ,TRUE,2025-10-19,2025-W42,13.956982137703548,17.8947422528833,22.9434842817543,0.7799487659820706,extrapolated,syndromic,2025-10-29
ILI incidence,CZ,TRUE,2025-10-26,2025-W43,21.522510128741047,21.7027296216883,21.8844581888766,0.9916959987942188,extrapolated,syndromic,2025-11-05
ILI incidence,CZ,TRUE,2025-11-02,2025-W44,11.000000000000002,11,11,1,extrapolated,syndromic,2025-11-12
ILI incidence,CZ,TRUE,2025-11-09,2025-W45,12.4598233450227,14.0609501432497,15.8678268107174,0.8861295444536044,extrapolated,syndromic,2025-11-19
ILI incidence,CZ,TRUE,2025-11-16,2025-W46,11.685028000431643,12.2526635669753,12.8478737474945,0.9536724759118004,extrapolated,syndromic,2025-11-26
ILI incidence,CZ,TRUE,2025-11-23,2025-W47,10.176550358821315,11.3080916818024,12.5654502729606,0.8999352539030065,extrapolated,syndromic,2025-12-03
ILI incidence,CZ,TRUE,2025-11-30,2025-W48,15.305348777026328,17.7354049279828,20.5512852102825,0.8629827646549899,extrapolated,syndromic,2025-12-10
ILI incidence,CZ,TRUE,2025-12-07,2025-W49,30.256194276681253,34.9063124849635,40.2711140785142,0.8667828860385818,extrapolated,syndromic,2025-12-17
ILI incidence,CZ,TRUE,2025-12-14,2025-W50,55.97601341920753,68.1358957700886,82.9373156252559,0.8215348574573348,extrapolated,syndromic,2025-12-24
ILI incidence,CZ,TRUE,2025-12-21,2025-W51,60.5972412180448,77.8544822743744,100.026342592077,0.7783397878684529,extrapolated,syndromic,2025-12-31
ILI incidence,CZ,TRUE,2025-12-28,2025-W52,60.31645492630038,72.114135409344,86.2193995351938,0.8364026634157643,extrapolated,syndromic,2026-01-07
ILI incidence,CZ,TRUE,2026-01-04,2026-W01,36.19833930414632,34.5169003201576,32.9135653904218,1.0487134988481797,extrapolated,syndromic,2026-01-14
ILI incidence,CZ,TRUE,2026-01-11,2026-W02,56.79182886136522,61.009558610599,65.5405243410335,0.9308677222834215,extrapolated,syndromic,2026-01-21
ILI incidence,CZ,TRUE,2026-01-18,2026-W03,61.93536917530209,65.5398269316726,69.3540536115266,0.9450035508923723,extrapolated,syndromic,2026-01-28
ILI incidence,CZ,TRUE,2026-01-25,2026-W04,54.08854763554938,59.3883813332098,65.2075160372887,0.9107597550449361,extrapolated,syndromic,2026-02-04
ILI incidence,CZ,TRUE,2026-02-01,2026-W05,54.95241609568032,53.7613250097038,52.5960507681154,1.0221551661117267,extrapolated,syndromic,2026-02-11
ILI incidence,CZ,TRUE,2026-02-08,2026-W06,51.18584031050202,48.9535885950088,46.818687,1.0455993478631471,extrapolated,syndromic,2026-02-18
ILI incidence,CZ,TRUE,2026-02-15,2026-W07,42.770686115105455,40.5787954847932,38.4992337641066,1.0540156651799497,extrapolated,syndromic,2026-02-25
ILI incidence,CZ,TRUE,2026-02-22,2026-W08,31.584295439993674,27.1577723060871,23.3516241649435,1.1629928656892978,extrapolated,syndromic,2026-03-04
ILI incidence,CZ,TRUE,2026-03-01,2026-W09,23.238535213049158,21.0834329656353,19.1281912367192,1.1022178053700522,extrapolated,syndromic,2026-03-11
ILI incidence,CZ,TRUE,2026-03-08,2026-W10,18.915825589942507,18.3874125595431,17.8737607315754,1.02873775897986,extrapolated,syndromic,2026-03-18
ILI incidence,CZ,TRUE,2026-03-15,2026-W11,23.04964804091229,19.896272,17.174303,1.158490798724117,extrapolated,syndromic,2026-03-25
ILI incidence,CZ,TRUE,2026-03-22,2026-W12,18.90873790663231,18.09159,17.3097554339307,1.045167279748895,extrapolated,syndromic,2026-04-01
ILI incidence,CZ,TRUE,2026-03-29,2026-W13,16.238052953705754,17.7682370384915,19.4426171879167,0.9138809280025426,extrapolated,syndromic,2026-04-08
ILI incidence,CZ,TRUE,2026-04-05,2026-W14,11.33050291928095,11.2186012807468,11.1078047985147,1.0099746515393317,extrapolated,syndromic,2026-04-15
ILI incidence,CZ,TRUE,2026-04-12,2026-W15,7.69753286644383,7.79007840869697,7.88373660321669,0.9881200756400834,extrapolated,syndromic,2026-04-22
ILI incidence,CZ,TRUE,2026-04-19,2026-W16,11.693057184420715,10.9210097011552,10.199937536578,1.0706937823875255,extrapolated,syndromic,2026-04-29
ILI incidence,CZ,TRUE,2026-04-26,2026-W17,9.58370605664982,10.3859982592999,11.2554537049197,0.9227525190530732,extrapolated,syndromic,2026-05-06
ILI incidence,CZ,TRUE,2026-05-03,2026-W18,10.13463895517055,10.4468520462275,10.7686833402277,0.9701141463786979,extrapolated,syndromic,2026-05-13
ILI incidence,CZ,TRUE,2026-05-10,2026-W19,10.05604157112724,12.0577094407199,14.4578118465881,0.8339926932695143,extrapolated,syndromic,2026-05-20
ILI incidence,CZ,TRUE,2026-05-17,2026-W20,7.693605597434383,7.16927916621854,6.68068607264132,1.07313516729638,extrapolated,syndromic,2026-05-27
ILI incidence,CZ,TRUE,2026-05-24,2026-W21,5.871690639754913,6.94913297242521,8.22428360606936,0.8449529837829142,extrapolated,syndromic,2026-06-03
ILI incidence,CZ,TRUE,2026-05-31,2026-W22,6.392396227611403,6.93540002697365,7.52452942863324,0.9217054824162473,extrapolated,syndromic,2026-06-10
ILI incidence,CZ,TRUE,2026-06-07,2026-W23,5.361157791252719,6.27691674477856,7.34909983160095,0.8541068822861776,extrapolated,syndromic,2026-06-17
ILI incidence,CZ,TRUE,2026-09-06,2026-W36,5.085804086844565,5.60192218833386,6.17041704090052,0.9078676775332364,extrapolated,syndromic,2026-09-16
ILI incidence,CZ,TRUE,2026-09-13,2026-W37,5.592512573829249,6.22505393146239,6.92913890456968,0.898387810837079,extrapolated,syndromic,2026-09-23
ILI incidence,CZ,TRUE,2026-09-20,2026-W38,6.2010138052700645,6.92913890456968,7.74276069471354,0.8949183860610118,extrapolated,syndromic,2026-09-30
ILI incidence,CZ,TRUE,2026-09-27,2026-W39,6.92913890456968,6.92913890456968,7.74276069471354,0.8949183860610118,h1_nowcast,syndromic,2026-09-30
ILI incidence,DK,TRUE,2023-12-10,2023-W49,259.99960567884534,294.56090128993,333.71636984677,0.8826684211660976,extrapolated,flu_archive,2023-12-20
ILI incidence,DK,TRUE,2023-12-17,2023-W50,283.600450790862,305.611823520448,329.331587502903,0.9279760433479649,extrapolated,flu_archive,2023-12-27
ILI incidence,DK,TRUE,2023-12-24,2023-W51,312.03106995590804,336.012166139541,361.836325497139,0.9286302741381278,extrapolated,flu_archive,2024-01-03
ILI incidence,DK,TRUE,2023-12-31,2023-W52,355.6410576709506,387.940653418725,423.173723418043,0.9167408842998692,extrapolated,flu_archive,2024-01-10
ILI incidence,DK,TRUE,2024-01-07,2024-W01,217.49655348773575,209.780882899252,202.338925027937,1.0367796649620802,extrapolated,flu_archive,2024-01-17
ILI incidence,DK,TRUE,2024-01-14,2024-W02,215.64790821036857,202.769401486982,190.66,1.0635130676963285,extrapolated,flu_archive,2024-01-24
ILI incidence,DK,TRUE,2024-01-21,2024-W03,183.3811402653871,167.363248394839,152.744480008883,1.0957073433037046,extrapolated,flu_archive,2024-01-31
ILI incidence,DK,TRUE,2024-01-28,2024-W04,195.50680541423233,196.197930039631,196.891497819102,0.996477411228248,extrapolated,flu_archive,2024-02-07
ILI incidence,DK,TRUE,2024-02-04,2024-W05,186.06127606511237,174.561635757921,163.772738330664,1.065877248785288,extrapolated,flu_archive,2024-02-14
ILI incidence,DK,TRUE,2024-02-11,2024-W06,176.9989066724884,162.52,149.225500295734,1.0890899992154093,extrapolated,flu_archive,2024-02-21
ILI incidence,DK,TRUE,2024-02-18,2024-W07,178.05200073509116,149.573077897803,125.649279645601,1.1904013960102282,extrapolated,flu_archive,2024-02-28
ILI incidence,DK,TRUE,2024-02-25,2024-W08,157.70884784552294,145.041617049345,133.391822739678,1.0873351459661982,extrapolated,flu_archive,2024-03-06
ILI incidence,DK,TRUE,2024-03-03,2024-W09,154.27979950359955,143.844452758084,134.114943471844,1.0725460491901309,extrapolated,flu_archive,2024-03-13
ILI incidence,DK,TRUE,2024-03-10,2024-W10,142.06156912578567,133.353496166656,125.179209615266,1.0653006723441805,extrapolated,flu_archive,2024-03-20
ILI incidence,DK,TRUE,2024-03-17,2024-W11,121.69998466517065,103.619977919706,88.2259751603174,1.17448379268595,extrapolated,flu_archive,2024-03-27
ILI incidence,DK,TRUE,2024-03-24,2024-W12,102.86065876129247,88.6052797649931,76.3255426980317,1.1608863380840144,extrapolated,flu_archive,2024-04-03
ILI incidence,DK,TRUE,2024-03-31,2024-W13,159.52287583950343,151.515103627332,143.90930771771,1.0528513133044972,extrapolated,flu_archive,2024-04-10
ILI incidence,DK,TRUE,2024-04-07,2024-W14,140.86794657938466,132.989294343829,125.551289981378,1.0592427553994403,extrapolated,flu_archive,2024-04-17
ILI incidence,DK,TRUE,2024-04-14,2024-W15,134.86562228402317,133.07,131.298284915842,1.0134938174195771,extrapolated,flu_archive,2024-04-24
ILI incidence,DK,TRUE,2024-04-21,2024-W16,114.83454867250246,100.415384378783,87.8067579530898,1.1435951710280579,extrapolated,flu_archive,2024-05-01
ILI incidence,DK,TRUE,2024-10-13,2024-W41,145.72476549560696,146.310678954407,146.898948186984,0.9959954156252486,extrapolated,syndromic,2024-10-23
ILI incidence,DK,TRUE,2024-10-20,2024-W42,149.44757065215208,148.996642347059,148.547074628394,1.0030264326631113,extrapolated,syndromic,2024-10-30
ILI incidence,DK,TRUE,2024-10-27,2024-W43,141.75718444234963,140.877462494673,140.003199957807,1.0062445896745895,extrapolated,syndromic,2024-11-06
ILI incidence,DK,TRUE,2024-11-03,2024-W44,155.2616826163398,159.271932021031,163.385762038896,0.9748213677463179,extrapolated,syndromic,2024-11-13
ILI incidence,DK,TRUE,2024-11-10,2024-W45,173.9302016782906,175.410277935169,176.902949047369,0.9915622033423519,extrapolated,syndromic,2024-11-20
ILI incidence,DK,TRUE,2024-11-17,2024-W46,135.7071565829961,145.061064185762,155.059709985423,0.9355174480811232,extrapolated,syndromic,2024-11-27
ILI incidence,DK,TRUE,2024-11-24,2024-W47,165.4776662535455,162.926111676277,160.413900358484,1.0156608081480398,extrapolated,syndromic,2024-12-04
ILI incidence,DK,TRUE,2024-12-01,2024-W48,148.198304163909,153.684070165881,159.372899413402,0.9643049146469715,extrapolated,syndromic,2024-12-11
ILI incidence,DK,TRUE,2024-12-08,2024-W49,154.71914745349534,153.121323156191,151.54,1.0104350214873368,extrapolated,syndromic,2024-12-18
ILI incidence,DK,TRUE,2024-12-15,2024-W50,154.4532887705568,158.66,162.98128580088,0.9734860000665385,extrapolated,syndromic,2024-12-25
ILI incidence,DK,TRUE,2024-12-22,2024-W51,181.0596372583138,170.390075795177,160.349254914643,1.062618444257062,extrapolated,syndromic,2025-01-01
ILI incidence,DK,TRUE,2024-12-29,2024-W52,191.66577860066076,191.933870852056,192.202338097129,0.9986032051028572,extrapolated,syndromic,2025-01-08
ILI incidence,DK,TRUE,2025-01-05,2025-W01,133.32461864659572,132.576808163543,131.833192108528,1.0056405829451724,extrapolated,syndromic,2025-01-15
ILI incidence,DK,TRUE,2025-01-12,2025-W02,167.6027359723446,164.716955143099,161.880861635162,1.0175196343736348,extrapolated,syndromic,2025-01-22
ILI incidence,DK,TRUE,2025-01-19,2025-W03,162.54665040336243,163.311525613423,164.08,0.9953164652207641,extrapolated,syndromic,2025-01-29
ILI incidence,DK,TRUE,2025-01-26,2025-W04,177.5221487420105,173.238175074889,169.057582481682,1.0247288085623725,extrapolated,syndromic,2025-02-05
ILI incidence,DK,TRUE,2025-02-02,2025-W05,196.95330911438288,201.106677791083,205.347633071137,0.9793474352899658,extrapolated,syndromic,2025-02-12
ILI incidence,DK,TRUE,2025-02-09,2025-W06,209.9555942781811,207.755746539839,205.57894810432,1.0105886252244778,extrapolated,syndromic,2025-02-19
ILI incidence,DK,TRUE,2025-02-16,2025-W07,239.3069102995143,234.053755318555,228.915915174177,1.022444224292875,extrapolated,syndromic,2025-02-26
ILI incidence,DK,TRUE,2025-02-23,2025-W08,201.14406206047153,190.457399616731,180.338513089498,1.0561105132446735,extrapolated,syndromic,2025-03-05
ILI incidence,DK,TRUE,2025-03-02,2025-W09,229.82737944219934,214.598531684218,200.378779555307,1.0709643613982895,extrapolated,syndromic,2025-03-12
ILI incidence,DK,TRUE,2025-03-09,2025-W10,217.09886149045198,209.301286388001,201.783778058176,1.0372552660187462,extrapolated,syndromic,2025-03-19
ILI incidence,DK,TRUE,2025-03-16,2025-W11,201.9715381787606,196.530903233733,191.23682611003,1.0276833559277805,extrapolated,syndromic,2025-03-26
ILI incidence,DK,TRUE,2025-03-23,2025-W12,172.26649615424859,162.097767554907,152.529289402608,1.062732070606076,extrapolated,syndromic,2025-04-02
ILI incidence,DK,TRUE,2025-03-30,2025-W13,172.04774606832174,154.514484275426,138.768024554184,1.113473257054932,extrapolated,syndromic,2025-04-09
ILI incidence,DK,TRUE,2025-04-06,2025-W14,146.1811890144286,133.895816856581,122.642933010495,1.09175321863122,extrapolated,syndromic,2025-04-16
ILI incidence,DK,TRUE,2025-04-13,2025-W15,119.27244547074756,125.841725386347,132.772827669545,0.9477972834889933,extrapolated,syndromic,2025-04-23
ILI incidence,DK,TRUE,2025-04-20,2025-W16,118.46328782830076,114.49216918132,110.65417011592,1.0346846310570976,extrapolated,syndromic,2025-04-30
ILI incidence,DK,TRUE,2025-04-27,2025-W17,87.97330804945031,81.8347560280806,76.1245364379284,1.0750115515620682,extrapolated,syndromic,2025-05-07
ILI incidence,DK,TRUE,2025-05-04,2025-W18,82.2290330954065,74.9908632451469,68.3898297056161,1.09652068981521,extrapolated,syndromic,2025-05-14
ILI incidence,DK,TRUE,2025-05-11,2025-W19,95.05321100931361,89.2939895848208,83.8837161975815,1.0644973021282917,extrapolated,syndromic,2025-05-21
ILI incidence,DK,TRUE,2025-05-18,2025-W20,87.75813373810874,87.5,87.2426255422442,1.0029500998640988,extrapolated,syndromic,2025-05-28
ILI incidence,DK,TRUE,2025-05-25,2025-W21,110.23663578588882,103.251087517643,96.7082041063216,1.0676559292128733,extrapolated,syndromic,2025-06-04
ILI incidence,DK,TRUE,2025-06-01,2025-W22,81.01546619158411,81.533569341415,82.0549858200025,0.9936455235062586,extrapolated,syndromic,2025-06-11
ILI incidence,DK,TRUE,2025-06-08,2025-W23,67.34579118075779,79.6169688810645,94.1240962897701,0.8458723325848037,extrapolated,syndromic,2025-06-18
ILI incidence,DK,TRUE,2025-06-15,2025-W24,98.53193646814528,96.5752917368359,94.6575020076891,1.02026030360479,extrapolated,syndromic,2025-06-25
ILI incidence,DK,TRUE,2025-06-22,2025-W25,84.50640907454317,84.9984015620559,85.4932584075554,0.9942117442390549,extrapolated,syndromic,2025-07-02
ILI incidence,DK,TRUE,2025-06-29,2025-W26,70.61762907231673,72.7161201109536,74.8769704315019,0.9711413227846195,extrapolated,syndromic,2025-07-09
ILI incidence,DK,TRUE,2025-07-06,2025-W27,92.61235940405317,91.9045347778491,91.2021199663251,1.0077017377642465,extrapolated,syndromic,2025-07-16
ILI incidence,DK,TRUE,2025-07-13,2025-W28,91.12057028175806,91.4684725741376,91.8177031725699,0.996196478605265,extrapolated,syndromic,2025-07-23
ILI incidence,DK,TRUE,2025-07-20,2025-W29,108.19903512558471,118,128.688763109936,0.9169409756405474,extrapolated,syndromic,2025-07-30
ILI incidence,DK,TRUE,2025-07-27,2025-W30,92.84253605369518,104.904330258366,118.533152741451,0.8850210074744852,extrapolated,syndromic,2025-08-06
ILI incidence,DK,TRUE,2025-08-03,2025-W31,73.39333171751117,76.6290899118137,80.0075059041338,0.9577737619221856,extrapolated,syndromic,2025-08-13
ILI incidence,DK,TRUE,2025-08-10,2025-W32,71.66472794961267,60.3094093958246,50.7533477868011,1.1882843600616362,extrapolated,syndromic,2025-08-20
ILI incidence,DK,TRUE,2025-08-17,2025-W33,62.58694063116406,65.7825307347151,69.1412826098263,0.9514219038419477,extrapolated,syndromic,2025-08-27
ILI incidence,DK,TRUE,2025-08-24,2025-W34,88.81199149174961,88.3583826198882,87.9070905636411,1.0051337389663737,extrapolated,syndromic,2025-09-03
ILI incidence,DK,TRUE,2025-08-31,2025-W35,96.49726042222163,100.916886887459,105.538934623588,0.9562052833618809,extrapolated,syndromic,2025-09-10
ILI incidence,DK,TRUE,2025-09-07,2025-W36,87.10665834982288,83.9768672682379,80.9595313353171,1.0372696813229272,extrapolated,syndromic,2025-09-17
ILI incidence,DK,TRUE,2025-09-14,2025-W37,80.0930675573902,82.3309237297854,84.63130716454,0.9728187651611926,extrapolated,syndromic,2025-09-24
ILI incidence,DK,TRUE,2025-09-21,2025-W38,83.28643029742301,82.9406523638324,82.5963099867776,1.0041689801531075,extrapolated,syndromic,2025-10-01
ILI incidence,DK,TRUE,2025-09-28,2025-W39,94.26189773957232,96.2104754136506,98.1993339970143,0.9797467202432943,extrapolated,syndromic,2025-10-08
ILI incidence,DK,TRUE,2025-10-05,2025-W40,108.82014371037667,111.852484440585,114.9693232241,0.9728898222925119,extrapolated,syndromic,2025-10-15
ILI incidence,DK,TRUE,2025-10-12,2025-W41,129.06730043197376,123.946235243333,119.028361014591,1.0413168272403512,extrapolated,syndromic,2025-10-22
ILI incidence,DK,TRUE,2025-10-19,2025-W42,121.14903702778295,123.5,125.896584687687,0.980963862573141,extrapolated,syndromic,2025-10-29
ILI incidence,DK,TRUE,2025-10-26,2025-W43,119.86874312083694,113.470542605725,107.413857057449,1.0563864450471847,extrapolated,syndromic,2025-11-05
ILI incidence,DK,TRUE,2025-11-02,2025-W44,106.5634905941734,107.413857057449,108.271009363773,0.9920832703845577,extrapolated,syndromic,2025-11-12
ILI incidence,DK,TRUE,2025-11-09,2025-W45,108.65704347189856,105.905470391586,103.22357668202,1.0259814065330013,extrapolated,syndromic,2025-11-19
ILI incidence,DK,TRUE,2025-11-16,2025-W46,101.63541154470752,99.1495795707044,96.7245468841647,1.0250715331801334,extrapolated,syndromic,2025-11-26
ILI incidence,DK,TRUE,2025-11-23,2025-W47,103.88338573377678,112.816868425188,122.518588620932,0.9208143000589016,extrapolated,syndromic,2025-12-03
ILI incidence,DK,TRUE,2025-11-30,2025-W48,159.2105263157893,165,171,0.9649122807017544,extrapolated,syndromic,2025-12-10
ILI incidence,DK,TRUE,2026-01-25,2026-W04,169.51304347826095,171,172.5,0.991304347826087,extrapolated,syndromic,2026-02-04
ILI incidence,DK,TRUE,2026-02-01,2026-W05,160.6577125729176,162.08035,163.515585,0.9912226409488736,extrapolated,syndromic,2026-02-11
ILI incidence,DK,TRUE,2026-02-08,2026-W06,158.47961117842976,159.07691,159.67646,0.99624521986522,extrapolated,syndromic,2026-02-18
ILI incidence,DK,TRUE,2026-02-15,2026-W07,153.88166110742134,154.20182,154.522645,0.9979237670957547,extrapolated,syndromic,2026-02-25
ILI incidence,DK,TRUE,2026-02-22,2026-W08,146.836291781425,146.29685,145.75939,1.0036873096134664,extrapolated,syndromic,2026-03-04
ILI incidence,DK,TRUE,2026-03-01,2026-W09,144.95524047299062,145.0846175,145.21411,0.9991082650301683,extrapolated,syndromic,2026-03-11
ILI incidence,DK,TRUE,2026-03-08,2026-W10,140.0548652488537,138.791275,137.539085,1.0091042484396346,extrapolated,syndromic,2026-03-18
ILI incidence,DK,TRUE,2026-03-15,2026-W11,143.72254271162154,140.3384325,137.034005,1.0241139234017134,extrapolated,syndromic,2026-03-25
ILI incidence,DK,TRUE,2026-03-22,2026-W12,124.64852364751805,109.350764623339,95.9304560840419,1.1398962236512247,extrapolated,syndromic,2026-04-01
ILI incidence,DK,TRUE,2026-03-29,2026-W13,91.90853589461904,95.8684083791823,99.9988916774351,0.9586947092216138,extrapolated,syndromic,2026-04-08
ILI incidence,DK,TRUE,2026-04-05,2026-W14,78.91288553641904,72.0115575190585,65.7137852845013,1.0958363942556593,extrapolated,syndromic,2026-04-15
ILI incidence,DK,TRUE,2026-04-12,2026-W15,98.47200420545099,93.0468611550132,87.9206068837285,1.058305492341107,extrapolated,syndromic,2026-04-22
ILI incidence,DK,TRUE,2026-04-19,2026-W16,96.89981297216994,92.8014230098306,88.8763749742525,1.0441630077364787,extrapolated,syndromic,2026-04-29
ILI incidence,DK,TRUE,2026-04-26,2026-W17,84.10111048591935,82.7992502346569,81.5175423940348,1.0157230922692277,extrapolated,syndromic,2026-05-06
ILI incidence,DK,TRUE,2026-05-03,2026-W18,74.28293161265997,71.0067979591765,67.8751531065855,1.0461383099596595,extrapolated,syndromic,2026-05-13
ILI incidence,DK,TRUE,2026-05-10,2026-W19,66.17844271059403,66.7395167438954,67.3053476747294,0.9915930761762269,extrapolated,syndromic,2026-05-20
ILI incidence,DK,TRUE,2026-05-17,2026-W20,67.16043572450441,66.0904098020975,65.0374319447049,1.016190335717558,extrapolated,syndromic,2026-05-27
ILI incidence,DK,TRUE,2026-05-24,2026-W21,65.76728279572066,68.6453211357515,71.649305148685,0.9580737872237602,extrapolated,syndromic,2026-06-03
ILI incidence,DK,TRUE,2026-05-31,2026-W22,63.994764043630475,68.9644229299792,74.3200119750801,0.9279388027157924,extrapolated,syndromic,2026-06-10
ILI incidence,DK,TRUE,2026-06-07,2026-W23,72.06742603984867,67.6710874061698,63.542939194212,1.0649662773599529,extrapolated,syndromic,2026-06-17
ILI incidence,DK,TRUE,2026-08-02,2026-W31,87.95879947677413,89.5869302536466,91.2451979792083,0.981826246615854,extrapolated,syndromic,2026-08-12
ILI incidence,DK,TRUE,2026-08-09,2026-W32,68.68248402112285,68.0366544195496,67.3968976308662,1.0094923774116036,extrapolated,syndromic,2026-08-19
ILI incidence,DK,TRUE,2026-08-16,2026-W33,55.95162172697919,59.3450611592374,62.944311090369,0.9428185030738654,extrapolated,syndromic,2026-08-26
ILI incidence,DK,TRUE,2026-08-23,2026-W34,53.62948416994569,48.2843370691306,43.471930455597,1.1107014701923366,extrapolated,syndromic,2026-09-02
ILI incidence,DK,TRUE,2026-08-30,2026-W35,70.2511202344929,76.9686346607421,84.3284875994057,0.9127240017202031,extrapolated,syndromic,2026-09-09
ILI incidence,DK,TRUE,2026-09-06,2026-W36,83.85893782163916,83.3488233787203,82.8418119651461,1.0061202356822845,extrapolated,syndromic,2026-09-16
ILI incidence,DK,TRUE,2026-09-13,2026-W37,85.68637181148112,87.6940202353287,89.7487082537882,0.9771062106805,extrapolated,syndromic,2026-09-23
ILI incidence,DK,TRUE,2026-09-20,2026-W38,93.24688870296924,96.5105008089337,99.8883383236635,0.9661838651897006,extrapolated,syndromic,2026-09-30
ILI incidence,DK,TRUE,2026-09-27,2026-W39,96.5105008089337,96.5105008089337,99.8883383236635,0.9661838651897006,h1_nowcast,syndromic,2026-09-30
ILI incidence,EE,TRUE,2023-12-10,2023-W49,375.5469939185115,411.048598732409,449.906278724039,0.9136316121174555,extrapolated,flu_archive,2023-12-20
ILI incidence,EE,TRUE,2023-12-17,2023-W50,403.3184514436093,435.604530437072,470.475145032715,0.9258821322150436,extrapolated,flu_archive,2023-12-27
ILI incidence,EE,TRUE,2023-12-24,2023-W51,427.75693055454764,452.781421817614,479.26988740405,0.9447316297505985,extrapolated,flu_archive,2024-01-03
ILI incidence,EE,TRUE,2023-12-31,2023-W52,308.3573819464864,323.84,340.1,0.9521905321964127,extrapolated,flu_archive,2024-01-10
ILI incidence,EE,TRUE,2024-01-07,2024-W01,313.02461893664173,307.502250214306,302.077306916236,1.0179587912559558,extrapolated,flu_archive,2024-01-17
ILI incidence,EE,TRUE,2024-01-14,2024-W02,313.55179624217493,296.966795725452,281.259041792663,1.0558479963263487,extrapolated,flu_archive,2024-01-24
ILI incidence,EE,TRUE,2024-01-21,2024-W03,308.42371293014486,289.159090174503,271.097765590689,1.066622919390208,extrapolated,flu_archive,2024-01-31
ILI incidence,EE,TRUE,2024-01-28,2024-W04,288.54545801713317,267.368003691921,247.744843704864,1.0792071378504,extrapolated,flu_archive,2024-02-07
ILI incidence,EE,TRUE,2024-02-04,2024-W05,316.2401728936829,300.4,285.35324647175,1.0527302692865617,extrapolated,flu_archive,2024-02-14
ILI incidence,EE,TRUE,2024-02-11,2024-W06,292.1127865847144,282.267111046072,272.753284475582,1.0348807039621248,extrapolated,flu_archive,2024-02-21
ILI incidence,EE,TRUE,2024-02-18,2024-W07,290.5640535630035,279.205364153012,268.290707043405,1.040682203382621,extrapolated,flu_archive,2024-02-28
ILI incidence,EE,TRUE,2024-02-25,2024-W08,308.2457217375746,289.076680790504,271.099715207072,1.066311266943607,extrapolated,flu_archive,2024-03-06
ILI incidence,EE,TRUE,2024-03-03,2024-W09,290.8103631341532,277.738673065783,265.254544869012,1.0470647098730614,extrapolated,flu_archive,2024-03-13
ILI incidence,EE,TRUE,2024-03-10,2024-W10,245.69446431409486,219.990002570773,196.974731873568,1.1168437721848392,extrapolated,flu_archive,2024-03-20
ILI incidence,EE,TRUE,2024-03-17,2024-W11,178.12903805108934,158.182025433856,140.468693055989,1.126101638681914,extrapolated,flu_archive,2024-03-27
ILI incidence,EE,TRUE,2024-03-24,2024-W12,155.28476338960203,129.676116685949,108.290696857087,1.1974815976767117,extrapolated,flu_archive,2024-04-03
ILI incidence,EE,TRUE,2024-03-31,2024-W13,210.34575947907138,196.09129599632,182.802812192381,1.0726929944051093,extrapolated,flu_archive,2024-04-10
ILI incidence,EE,TRUE,2024-04-07,2024-W14,223.446364561576,217.1803239138,211.09,1.0288517879283718,extrapolated,flu_archive,2024-04-17
ILI incidence,EE,TRUE,2024-04-14,2024-W15,206.61958933332093,189.248401091257,173.337665761305,1.0917904095458508,extrapolated,flu_archive,2024-04-24
ILI incidence,EE,TRUE,2024-04-21,2024-W16,212.83842186887895,209.42456196371,206.065459274601,1.0163011438255292,extrapolated,flu_archive,2024-05-01
ILI incidence,EE,TRUE,2024-10-13,2024-W41,347.8086894789812,371.357166860175,396.5,0.9365880626990543,extrapolated,syndromic,2024-10-23
ILI incidence,EE,TRUE,2024-10-20,2024-W42,282.98950074945014,283.235677776591,283.482068957008,0.9991308403338401,extrapolated,syndromic,2024-10-30
ILI incidence,EE,TRUE,2024-10-27,2024-W43,285.19487260115045,297.287028402904,309.891887082519,0.9593249800816549,extrapolated,syndromic,2024-11-06
ILI incidence,EE,TRUE,2024-11-03,2024-W44,211.28107986960472,217.997505747657,224.927440457656,0.9691903544720964,extrapolated,syndromic,2024-11-13
ILI incidence,EE,TRUE,2024-11-10,2024-W45,222.68257543804117,223.999636846929,225.324488046964,0.9941202520351057,extrapolated,syndromic,2024-11-20
ILI incidence,EE,TRUE,2024-11-17,2024-W46,211.44414975735828,221.228051823113,231.464672678875,0.955774586517728,extrapolated,syndromic,2024-11-27
ILI incidence,EE,TRUE,2024-11-24,2024-W47,237.2786841107619,248.046422494052,259.302802283651,0.9565898259082999,extrapolated,syndromic,2024-12-04
ILI incidence,EE,TRUE,2024-12-01,2024-W48,281.2078959190021,290.306745369316,299.7,0.9686578090400935,extrapolated,syndromic,2024-12-11
ILI incidence,EE,TRUE,2024-12-08,2024-W49,267.2880826422698,277.571658970719,288.250883100064,0.9629516343037957,extrapolated,syndromic,2024-12-18
ILI incidence,EE,TRUE,2024-12-15,2024-W50,327.2331833443622,331.764950917848,336.359477766326,0.9863404269771465,extrapolated,syndromic,2024-12-25
ILI incidence,EE,TRUE,2024-12-22,2024-W51,337.11405991483196,337.212854697224,337.311678432455,0.9997070254558328,extrapolated,syndromic,2025-01-01
ILI incidence,EE,TRUE,2024-12-29,2024-W52,369.42975591304275,343.627970813223,319.628239023083,1.0750863936912871,extrapolated,syndromic,2025-01-08
ILI incidence,EE,TRUE,2025-01-05,2025-W01,257.98362588148996,270.375779483631,283.363185867317,0.9541669241756504,extrapolated,syndromic,2025-01-15
ILI incidence,EE,TRUE,2025-01-12,2025-W02,261.89528719625673,263.117619170613,264.345656079455,0.9953544275058075,extrapolated,syndromic,2025-01-22
ILI incidence,EE,TRUE,2025-01-19,2025-W03,282.7527579135519,284.726430856909,286.713880447101,0.9930681779790613,extrapolated,syndromic,2025-01-29
ILI incidence,EE,TRUE,2025-01-26,2025-W04,360.9391544083902,366.094686844998,371.323859157968,0.9859174890489723,extrapolated,syndromic,2025-02-05
ILI incidence,EE,TRUE,2025-02-02,2025-W05,396.9827946527265,400.954785964846,404.966518835532,0.9900936677871011,extrapolated,syndromic,2025-02-12
ILI incidence,EE,TRUE,2025-02-09,2025-W06,394.07753620335563,391.544504309576,389.027754111619,1.0064693332836991,extrapolated,syndromic,2025-02-19
ILI incidence,EE,TRUE,2025-02-16,2025-W07,369.8924111842362,342.204046167408,316.588298847306,1.0809118574924235,extrapolated,syndromic,2025-02-26
ILI incidence,EE,TRUE,2025-02-23,2025-W08,373.6816119459794,353.668735746791,334.727668277174,1.0565865008025948,extrapolated,syndromic,2025-03-05
ILI incidence,EE,TRUE,2025-03-02,2025-W09,368.14346235436415,347.621586061811,328.243686098142,1.059035103444077,extrapolated,syndromic,2025-03-12
ILI incidence,EE,TRUE,2025-03-09,2025-W10,343.00243561089417,326.023661695609,309.88534468015,1.0520783486296077,extrapolated,syndromic,2025-03-19
ILI incidence,EE,TRUE,2025-03-16,2025-W11,312.9555455905051,303.950834617324,295.205217374396,1.0296255510682126,extrapolated,syndromic,2025-03-26
ILI incidence,EE,TRUE,2025-03-23,2025-W12,360.0637964390376,337.435937048207,316.230103491895,1.0670582380429683,extrapolated,syndromic,2025-04-02
ILI incidence,EE,TRUE,2025-03-30,2025-W13,363.44402960876255,314.743721721816,272.569095356826,1.1547300375700271,extrapolated,syndromic,2025-04-09
ILI incidence,EE,TRUE,2025-04-06,2025-W14,320.09701185570833,291.97,266.314516358019,1.0963352805278221,extrapolated,syndromic,2025-04-16
ILI incidence,EE,TRUE,2025-04-13,2025-W15,247.16827134623958,267.056841348347,288.545759221054,0.9255268282898436,extrapolated,syndromic,2025-04-23
ILI incidence,EE,TRUE,2025-04-20,2025-W16,240.88869641470058,221.062482612106,202.868054607669,1.0896860180358294,extrapolated,syndromic,2025-04-30
ILI incidence,EE,TRUE,2025-04-27,2025-W17,237.62026844984277,211.083314203537,187.509953699737,1.1257179154422299,extrapolated,syndromic,2025-05-07
ILI incidence,EE,TRUE,2025-05-04,2025-W18,223.34883720930222,196,172,1.1395348837209303,extrapolated,syndromic,2025-05-14
ILI incidence,EE,TRUE,2025-05-11,2025-W19,201.22426685454877,177.458721292409,156.5,1.1339215418045303,extrapolated,syndromic,2025-05-21
ILI incidence,EE,TRUE,2025-05-18,2025-W20,221.19413334223867,203.527862684511,187.272556749203,1.0868002563615193,extrapolated,syndromic,2025-05-28
ILI incidence,EE,TRUE,2025-05-25,2025-W21,221.8125047035565,211.249392074671,201.189313972895,1.050003043914804,extrapolated,syndromic,2025-06-04
ILI incidence,EE,TRUE,2025-06-01,2025-W22,121.43135801422032,123.811733973245,126.238771600219,0.9807742296902247,extrapolated,syndromic,2025-06-11
ILI incidence,EE,TRUE,2025-06-08,2025-W23,184.95387421887312,150.369620170245,122.252225132554,1.2299949551609737,extrapolated,syndromic,2025-06-18
ILI incidence,EE,TRUE,2025-06-15,2025-W24,120.33735931792899,123.877217694208,127.521204974388,0.971424460105189,extrapolated,syndromic,2025-06-25
ILI incidence,EE,TRUE,2025-06-22,2025-W25,93.44988546316291,92.2747691392217,91.1144297020358,1.0127349689942686,extrapolated,syndromic,2025-07-02
ILI incidence,EE,TRUE,2025-06-29,2025-W26,126.22342918738293,120.030932245647,114.142238002192,1.0515908426759768,extrapolated,syndromic,2025-07-09
ILI incidence,EE,TRUE,2025-07-06,2025-W27,119.90657502339083,117.963787878727,116.052478756755,1.0164693519901293,extrapolated,syndromic,2025-07-16
ILI incidence,EE,TRUE,2025-07-13,2025-W28,87.24861856500624,83.3565275745343,79.6380596456909,1.0466920960328119,extrapolated,syndromic,2025-07-23
ILI incidence,EE,TRUE,2025-07-20,2025-W29,46.693229501631315,54.2984011589319,63.1422670884928,0.8599374660215102,extrapolated,syndromic,2025-07-30
ILI incidence,EE,TRUE,2025-07-27,2025-W30,88.9606735589663,79.0116562518703,70.1752985213825,1.1259183490013278,extrapolated,syndromic,2025-08-06
ILI incidence,EE,TRUE,2025-08-03,2025-W31,72.91604485583197,71.4542550215805,70.0217705277893,1.0204577016975411,extrapolated,syndromic,2025-08-13
ILI incidence,EE,TRUE,2025-08-10,2025-W32,86.29130999771434,90.1366215770101,94.1532878517237,0.9573390758160331,extrapolated,syndromic,2025-08-20
ILI incidence,EE,TRUE,2025-08-17,2025-W33,81.32021200818014,89.4182085948622,98.3226166147967,0.9094368282038329,extrapolated,syndromic,2025-08-27
ILI incidence,EE,TRUE,2025-08-24,2025-W34,87.62217881899748,89.3195276111095,91.049756125695,0.9809968901817058,extrapolated,syndromic,2025-09-03
ILI incidence,EE,TRUE,2025-08-31,2025-W35,123.12572333406096,130.017834499617,137.295739917033,0.9469910324834989,extrapolated,syndromic,2025-09-10
ILI incidence,EE,TRUE,2025-09-07,2025-W36,165.86728925412794,170.404126268197,175.06505580337,0.9733760143405884,extrapolated,syndromic,2025-09-17
ILI incidence,EE,TRUE,2025-09-14,2025-W37,208.98785225782294,211.154334058475,213.343274788399,0.9897398184587958,extrapolated,syndromic,2025-09-24
ILI incidence,EE,TRUE,2025-09-21,2025-W38,192.1814825646658,197.536963074769,203.041683621484,0.9728887169938117,extrapolated,syndromic,2025-10-01
ILI incidence,EE,TRUE,2025-09-28,2025-W39,214.34338699534362,215.317628683505,216.29629853192,0.9954753278023823,extrapolated,syndromic,2025-10-08
ILI incidence,EE,TRUE,2025-10-05,2025-W40,224.03127698476067,234.141009369721,244.706957914635,0.9568220346697297,extrapolated,syndromic,2025-10-15
ILI incidence,EE,TRUE,2025-10-12,2025-W41,258.115821445658,251.78734761983,245.614035072919,1.0251342010853666,extrapolated,syndromic,2025-10-22
ILI incidence,EE,TRUE,2025-10-19,2025-W42,240.38768550303143,245.066441807275,249.836262512379,0.9809082130146433,extrapolated,syndromic,2025-10-29
ILI incidence,EE,TRUE,2025-10-26,2025-W43,255.02170879966818,267,279.540907852676,0.9551374861410791,extrapolated,syndromic,2025-11-05
ILI incidence,EE,TRUE,2025-11-02,2025-W44,266.1564092079522,266.042390472739,265.928420582008,1.000428573563072,extrapolated,syndromic,2025-11-12
ILI incidence,EE,TRUE,2025-11-09,2025-W45,254.48300438682492,261.899816263094,269.532788344405,0.9716807289821909,extrapolated,syndromic,2025-11-19
ILI incidence,EE,TRUE,2025-11-16,2025-W46,198.86677481006396,212.545105395751,227.164250392443,0.9356450455059,extrapolated,syndromic,2025-11-26
ILI incidence,EE,TRUE,2025-11-23,2025-W47,284.2859262935225,282.17219836047,280.074186456112,1.007490914928309,extrapolated,syndromic,2025-12-03
ILI incidence,EE,TRUE,2025-11-30,2025-W48,230.01129404395232,233.32943790147,236.695449315687,0.9857791460547783,extrapolated,syndromic,2025-12-10
ILI incidence,EE,TRUE,2025-12-07,2025-W49,352.5284432636887,347.332360810208,342.212865858755,1.0149599721758154,extrapolated,syndromic,2025-12-17
ILI incidence,EE,TRUE,2025-12-14,2025-W50,362.1230495426195,365.203292512855,368.309736236585,0.9915656757937711,extrapolated,syndromic,2025-12-24
ILI incidence,EE,TRUE,2025-12-21,2025-W51,324.59256010319007,347.892883140142,372.865780106249,0.9330244331915067,extrapolated,syndromic,2025-12-31
ILI incidence,EE,TRUE,2025-12-28,2025-W52,359.14450534384076,361.543960552386,363.959446593123,0.9933633099419527,extrapolated,syndromic,2026-01-07
ILI incidence,EE,TRUE,2026-01-04,2026-W01,448.7683061764986,406.302812570271,367.855691300951,1.1045168585902496,extrapolated,syndromic,2026-01-14
ILI incidence,EE,TRUE,2026-01-11,2026-W02,381.0157123229704,344.78529876543,312,1.1050810857866347,extrapolated,syndromic,2026-01-21
ILI incidence,EE,TRUE,2026-01-18,2026-W03,373.424835467696,356.478998745524,340.302155820604,1.0475367042148505,extrapolated,syndromic,2026-01-28
ILI incidence,EE,TRUE,2026-01-25,2026-W04,210.69688421099522,233.175198557994,258.051624380512,0.9035990341768348,extrapolated,syndromic,2026-02-04
ILI incidence,EE,TRUE,2026-02-01,2026-W05,468.3822802158937,437.409574351076,408.485,1.0708093916571624,extrapolated,syndromic,2026-02-11
ILI incidence,EE,TRUE,2026-02-08,2026-W06,517.6431606079034,497.208919070033,477.581330182103,1.041097898195572,extrapolated,syndromic,2026-02-18
ILI incidence,EE,TRUE,2026-02-15,2026-W07,397.01725431112885,384.724627448757,372.812610430256,1.0319517545416546,extrapolated,syndromic,2026-02-25
ILI incidence,EE,TRUE,2026-02-22,2026-W08,244.17662904680722,234.886588235953,225.95,1.0395511760829963,extrapolated,syndromic,2026-03-04
ILI incidence,EE,TRUE,2026-03-01,2026-W09,383.99752771155534,345.426424691329,310.729643459222,1.1116622825097804,extrapolated,syndromic,2026-03-11
ILI incidence,EE,TRUE,2026-03-08,2026-W10,199.19251336898392,193,187,1.032085561497326,extrapolated,syndromic,2026-03-18
ILI incidence,EE,TRUE,2026-03-15,2026-W11,257.5650204726429,257.60954102061,257.654069264029,0.9998271781868372,extrapolated,syndromic,2026-03-25
ILI incidence,EE,TRUE,2026-03-22,2026-W12,281.2195896974432,270.897743104867,260.954748203225,1.0381023720399931,extrapolated,syndromic,2026-04-01
ILI incidence,EE,TRUE,2026-03-29,2026-W13,290.62765750313366,266.228705,243.878108418545,1.0916465882337285,extrapolated,syndromic,2026-04-08
ILI incidence,EE,TRUE,2026-04-05,2026-W14,230.80597124715794,225.965093097782,221.225746555801,1.0214231237356703,extrapolated,syndromic,2026-04-15
ILI incidence,EE,TRUE,2026-04-12,2026-W15,245.97698127037086,239.643724886429,233.473533095839,1.0264277997971496,extrapolated,syndromic,2026-04-22
ILI incidence,EE,TRUE,2026-04-19,2026-W16,194.43493411026168,186.106111611307,178.134062881102,1.044753084285323,extrapolated,syndromic,2026-04-29
ILI incidence,EE,TRUE,2026-04-26,2026-W17,155.21062655752215,144.86000158321,135.199634999931,1.0714526084577367,extrapolated,syndromic,2026-05-06
ILI incidence,EE,TRUE,2026-05-03,2026-W18,211.90321352775217,201.701152071589,191.990267961076,1.0505800851972444,extrapolated,syndromic,2026-05-13
ILI incidence,EE,TRUE,2026-05-10,2026-W19,205.43520499055492,196.975268272659,188.863716483598,1.0429492331300463,extrapolated,syndromic,2026-05-20
ILI incidence,EE,TRUE,2026-05-17,2026-W20,143.32246535954778,150.552330809712,158.146904990614,0.9519777248795813,extrapolated,syndromic,2026-05-27
ILI incidence,EE,TRUE,2026-05-24,2026-W21,176.6200667148597,160.447322789272,145.755484464886,1.1007978422103588,extrapolated,syndromic,2026-06-03
ILI incidence,EE,TRUE,2026-05-31,2026-W22,130.28176924350677,141.508708460767,153.703121215729,0.9206625561113583,extrapolated,syndromic,2026-06-10
ILI incidence,EE,TRUE,2026-06-07,2026-W23,153.05014646160785,149.755540373574,146.53185502313,1.0219998944934885,extrapolated,syndromic,2026-06-17
ILI incidence,EE,TRUE,2026-08-02,2026-W31,50.1212810458453,44.4144015663911,39.3573154025392,1.128491644110605,extrapolated,syndromic,2026-08-12
ILI incidence,EE,TRUE,2026-08-09,2026-W32,45.588538533953454,46.1778463198618,46.7747718903647,0.987238300768157,extrapolated,syndromic,2026-08-19
ILI incidence,EE,TRUE,2026-08-16,2026-W33,48.290063710517785,34.4541877451583,24.5825116383117,1.4015731285757493,extrapolated,syndromic,2026-08-26
ILI incidence,EE,TRUE,2026-08-23,2026-W34,9.313389277778484,10.2357447248564,11.2494460338306,0.9098887797740721,extrapolated,syndromic,2026-09-02
ILI incidence,EE,TRUE,2026-08-30,2026-W35,10.544242778152269,12.3994030251896,14.5809612521102,0.8503830996324142,extrapolated,syndromic,2026-09-09
ILI incidence,EE,TRUE,2026-09-06,2026-W36,98.48435907396458,99.1392949075433,99.7985861631418,0.9933937816060765,extrapolated,syndromic,2026-09-16
ILI incidence,EE,TRUE,2026-09-13,2026-W37,80.21026782273904,84.1934499979621,88.374434034115,0.952690118111094,extrapolated,syndromic,2026-09-23
ILI incidence,EE,TRUE,2026-09-20,2026-W38,162.56215111520032,168.012595903627,173.645785249676,0.9675593085202191,extrapolated,syndromic,2026-09-30
ILI incidence,EE,TRUE,2026-09-27,2026-W39,168.012595903627,168.012595903627,173.645785249676,0.9675593085202191,h1_nowcast,syndromic,2026-09-30
ILI incidence,ES,TRUE,2025-06-22,2025-W25,6.170959584784941,6.31236249265868,6.45700554205019,0.9775990513792274,extrapolated,syndromic,2025-07-02
ILI incidence,ES,TRUE,2025-06-29,2025-W26,5.670945800717232,5.93374756434097,6.20872803137517,0.9557106599540817,extrapolated,syndromic,2025-07-09
ILI incidence,ES,TRUE,2025-07-06,2025-W27,5.920576922189957,5.89901359693082,5.87752880742966,1.0036554120286068,extrapolated,syndromic,2025-07-16
ILI incidence,ES,TRUE,2025-07-13,2025-W28,6.18134166013842,6.67232759457479,7.20231269797296,0.9264145940862397,extrapolated,syndromic,2025-07-23
ILI incidence,ES,TRUE,2025-07-20,2025-W29,7.294472045859397,7.26577284876764,7.23718656511342,1.00394991664192,extrapolated,syndromic,2025-07-30
ILI incidence,ES,TRUE,2025-07-27,2025-W30,7.233341298901585,7.23672544319074,7.24011117076376,0.9995323652505929,extrapolated,syndromic,2025-08-06
ILI incidence,ES,TRUE,2025-08-03,2025-W31,6.790403724525968,7.32822138230521,7.90863559910412,0.9266100695213901,extrapolated,syndromic,2025-08-13
ILI incidence,ES,TRUE,2025-08-10,2025-W32,7.9588609713772795,7.78962219186729,7.623982138933,1.0217261858587554,extrapolated,syndromic,2025-08-20
ILI incidence,ES,TRUE,2025-08-17,2025-W33,7.1930943838985915,7.66869877299247,8.17574992516952,0.9379810834702682,extrapolated,syndromic,2025-08-27
ILI incidence,ES,TRUE,2025-08-24,2025-W34,5.836113961536806,6.32064755179018,6.84540873211995,0.9233411472031623,extrapolated,syndromic,2025-09-03
ILI incidence,ES,TRUE,2025-08-31,2025-W35,6.182828334348528,6.64122241784366,7.13360177869414,0.9309774534484018,extrapolated,syndromic,2025-09-10
ILI incidence,ES,TRUE,2025-09-07,2025-W36,6.900203198885931,7.3210143863901,7.76748888415117,0.942520098268559,extrapolated,syndromic,2025-09-17
ILI incidence,ES,TRUE,2025-09-14,2025-W37,7.55483109788172,7.8193179414983804,8.09306419668096,0.9661752027995966,extrapolated,syndromic,2025-09-24
ILI incidence,ES,TRUE,2025-09-21,2025-W38,10.190344282467931,10.7443014452284,11.3283722655521,0.948441770217971,extrapolated,syndromic,2025-10-01
ILI incidence,ES,TRUE,2025-09-28,2025-W39,11.451408486902254,13,14.7580099158367,0.8808775759155579,extrapolated,syndromic,2025-10-08
ILI incidence,ES,TRUE,2025-10-05,2025-W40,18.623334716642113,21.141429308337,24,0.880892887847375,extrapolated,syndromic,2025-10-15
ILI incidence,ES,TRUE,2025-10-12,2025-W41,17.150704950743236,19.0779625098924,21.2217896916877,0.898979906363175,extrapolated,syndromic,2025-10-22
ILI incidence,ES,TRUE,2025-10-19,2025-W42,16.97579227013332,18.4455474362757,20.0425532316687,0.9203192439140132,extrapolated,syndromic,2025-10-29
ILI incidence,ES,TRUE,2025-10-26,2025-W43,16.742912072687776,18.5663587982217,20.588394511527,0.9017875962997889,extrapolated,syndromic,2025-11-05
ILI incidence,ES,TRUE,2025-11-02,2025-W44,17.46511760059535,19.0959853054062,20.8791411042007,0.9145963049966771,extrapolated,syndromic,2025-11-12
ILI incidence,ES,TRUE,2025-11-09,2025-W45,23.485834036143068,26.3330285402593,29.5253892637993,0.8918774382611065,extrapolated,syndromic,2025-11-19
ILI incidence,ES,TRUE,2025-11-16,2025-W46,31.37675333113789,33.9848725633853,36.8097856065739,0.9232564657294801,extrapolated,syndromic,2025-11-26
ILI incidence,ES,TRUE,2025-11-23,2025-W47,41.077996818721424,47.0336206049948,53.8527104176217,0.8733751790811339,extrapolated,syndromic,2025-12-03
ILI incidence,ES,TRUE,2025-11-30,2025-W48,68.1822128730241,84.0187840652014,103.533689775385,0.8115115403254638,extrapolated,syndromic,2025-12-10
ILI incidence,ES,TRUE,2025-12-07,2025-W49,123.9441749009098,157.106019155024,199.140470090439,0.7889206000351149,extrapolated,syndromic,2025-12-17
ILI incidence,ES,TRUE,2025-12-14,2025-W50,222.63423758668748,203.661048625505,186.304780328722,1.093160617060706,extrapolated,syndromic,2025-12-24
ILI incidence,ES,TRUE,2025-12-21,2025-W51,203.3628554542351,185.97300877922,170.070192598073,1.0935073685647558,extrapolated,syndromic,2025-12-31
ILI incidence,ES,TRUE,2025-12-28,2025-W52,153.90684849470685,154.053950484377,154.201193072049,0.9990451267935184,extrapolated,syndromic,2026-01-07
ILI incidence,ES,TRUE,2026-01-04,2026-W01,83.42788118908582,68.2840109997484,55.8890636050786,1.221777689500303,extrapolated,syndromic,2026-01-14
ILI incidence,ES,TRUE,2026-01-11,2026-W02,78.7888327604042,60.8005283729311,46.9191396916518,1.295857698425557,extrapolated,syndromic,2026-01-21
ILI incidence,ES,TRUE,2026-01-18,2026-W03,51.260155540172,42.0571819958101,34.5064609888376,1.2188204988455658,extrapolated,syndromic,2026-01-28
ILI incidence,ES,TRUE,2026-01-25,2026-W04,39.07739296190114,30.5140850919585,23.8273159600764,1.2806345936355585,extrapolated,syndromic,2026-02-04
ILI incidence,ES,TRUE,2026-02-01,2026-W05,28.25889809338024,24.4709519711931,21.1907586912144,1.1547935743017381,extrapolated,syndromic,2026-02-11
ILI incidence,ES,TRUE,2026-02-08,2026-W06,22.59453349855052,20.1076153261469,17.8944253985255,1.1236804132198492,extrapolated,syndromic,2026-02-18
ILI incidence,ES,TRUE,2026-02-15,2026-W07,13.838199343778838,14.3296843174052,14.8386251372222,0.9657016189094002,extrapolated,syndromic,2026-02-25
ILI incidence,ES,TRUE,2026-02-22,2026-W08,14.136818368373774,13.7282019483312,13.3313963455728,1.0297647442527784,extrapolated,syndromic,2026-03-04
ILI incidence,ES,TRUE,2026-03-01,2026-W09,14.856444594892231,14.3015916027456,13.7674610547159,1.038796590446627,extrapolated,syndromic,2026-03-11
ILI incidence,ES,TRUE,2026-03-08,2026-W10,13.991086526149699,14.0332028331986,14.0754459197736,0.9969988100685566,extrapolated,syndromic,2026-03-18
ILI incidence,ES,TRUE,2026-03-15,2026-W11,13.900086213751548,13.4,12.9179054891299,1.037319866697877,extrapolated,syndromic,2026-03-25
ILI incidence,ES,TRUE,2026-03-22,2026-W12,12.734042401851925,12.507841296859599,12.2856583141795,1.0180847437718226,extrapolated,syndromic,2026-04-01
ILI incidence,ES,TRUE,2026-03-29,2026-W13,12.426302963080731,12.8653523619306,13.3199143694142,0.9658735037721125,extrapolated,syndromic,2026-04-08
ILI incidence,ES,TRUE,2026-04-05,2026-W14,9.592914260992712,9.02758120469688,8.49556455839341,1.0626228713402985,extrapolated,syndromic,2026-04-15
ILI incidence,ES,TRUE,2026-04-12,2026-W15,9.089336217425725,9.2249461891765,9.36257941807151,0.9852996463101448,extrapolated,syndromic,2026-04-22
ILI incidence,ES,TRUE,2026-04-19,2026-W16,9.540898997415367,9.17063245713243,8.81473535005387,1.040375245874669,extrapolated,syndromic,2026-04-29
ILI incidence,ES,TRUE,2026-04-26,2026-W17,8.169837230562383,7.90847818206295,7.6554802000456,1.0330479572027165,extrapolated,syndromic,2026-05-06
ILI incidence,ES,TRUE,2026-05-03,2026-W18,5.780617784175245,5.71406998295813,5.64828829533167,1.0116463048957378,extrapolated,syndromic,2026-05-13
ILI incidence,ES,TRUE,2026-05-10,2026-W19,5.874888099461987,6.15940481324071,6.45770047209021,0.9538077586381227,extrapolated,syndromic,2026-05-20
ILI incidence,ES,TRUE,2026-05-17,2026-W20,8.911098428933224,8.3630369758221,7.84868307950454,1.0655337833248364,extrapolated,syndromic,2026-05-27
ILI incidence,ES,TRUE,2026-05-24,2026-W21,8.224863310903938,8.29106723109762,8.35780404270643,0.9920150303515372,extrapolated,syndromic,2026-06-03
ILI incidence,ES,TRUE,2026-05-31,2026-W22,9.183633419694585,8.64371367495184,8.13553663132104,1.0624638627615992,extrapolated,syndromic,2026-06-10
ILI incidence,ES,TRUE,2026-06-07,2026-W23,9.265566379377052,8.87545244259156,8.50176371689872,1.0439542591556703,extrapolated,syndromic,2026-06-17
ILI incidence,ES,TRUE,2026-08-02,2026-W31,4.12331973811874,4.46342252597276,4.8315779300808,0.9238022423655944,extrapolated,syndromic,2026-08-12
ILI incidence,ES,TRUE,2026-08-09,2026-W32,5.028784190794707,5.697869983377,6.45597844642007,0.8825726465268093,extrapolated,syndromic,2026-08-19
ILI incidence,ES,TRUE,2026-08-16,2026-W33,6.665285782161881,7.29811136144997,7.99101961789394,0.9132891308522919,extrapolated,syndromic,2026-08-26
ILI incidence,ES,TRUE,2026-08-23,2026-W34,7.442309449617333,8.53494091966013,9.78798543586956,0.871981366909532,extrapolated,syndromic,2026-09-02
ILI incidence,ES,TRUE,2026-08-30,2026-W35,9.562071407916603,10.7913158111079,12.1785847403999,0.8860894792898204,extrapolated,syndromic,2026-09-09
ILI incidence,ES,TRUE,2026-09-06,2026-W36,12.23778651276993,12.9535132586879,13.7110992717444,0.9447465153565243,extrapolated,syndromic,2026-09-16
ILI incidence,ES,TRUE,2026-09-13,2026-W37,13.38451819568431,15.2078296534522,17.279522459239,0.8801070567387637,extrapolated,syndromic,2026-09-23
ILI incidence,ES,TRUE,2026-09-20,2026-W38,13.274993418473764,15.140971736867,17.2692383272731,0.8767596723102168,extrapolated,syndromic,2026-09-30
ILI incidence,ES,TRUE,2026-09-27,2026-W39,15.140971736867,15.140971736867,17.2692383272731,0.8767596723102168,h1_nowcast,syndromic,2026-09-30
ILI incidence,FI,TRUE,2023-12-10,2023-W49,2.0668763913594956,3.06095700795278,4.53314859258344,0.6752386217739978,extrapolated,flu_archive,2023-12-20
ILI incidence,FI,TRUE,2023-12-17,2023-W50,43.52851571337726,59.4116067278504,81.0902682100872,0.7326601334444706,extrapolated,flu_archive,2023-12-27
ILI incidence,FI,TRUE,2023-12-24,2023-W51,69.20695516693132,95.2268164371408,131.02941094403,0.7267590974504,extrapolated,flu_archive,2024-01-03
ILI incidence,FI,TRUE,2023-12-31,2023-W52,24.230548935719767,24.4325910025257,24.6363177607048,0.9917306327935076,extrapolated,flu_archive,2024-01-10
ILI incidence,FI,TRUE,2024-01-14,2024-W02,59.419298186601274,56.5937002515405,53.9024694991002,1.0499277821118238,extrapolated,flu_archive,2024-01-24
ILI incidence,FI,TRUE,2024-01-21,2024-W03,46.30163200383697,34.1172403905332,25.1392022589824,1.3571329765781603,extrapolated,flu_archive,2024-01-31
ILI incidence,FI,TRUE,2024-01-28,2024-W04,43.568147263959226,34.1688991224839,26.7974137199146,1.2750819717012896,extrapolated,flu_archive,2024-02-07
ILI incidence,FI,TRUE,2024-02-04,2024-W05,32.8780729228765,29.6612839613862,26.7592254662173,1.1084507658427059,extrapolated,flu_archive,2024-02-14
ILI incidence,FI,TRUE,2024-02-11,2024-W06,29.819340383307107,26.7095438579874,23.9240614960455,1.1164301622616344,extrapolated,flu_archive,2024-02-21
ILI incidence,FI,TRUE,2024-02-18,2024-W07,27.888816428814234,22.9932518421695,18.9570479488401,1.2129131025158566,extrapolated,flu_archive,2024-02-28
ILI incidence,FI,TRUE,2024-02-25,2024-W08,27.84315106386597,24.5878261098892,21.7131024941617,1.1323958018666593,extrapolated,flu_archive,2024-03-06
ILI incidence,FI,TRUE,2024-03-03,2024-W09,25.024971192477565,21.8700697483819,19.112907148635,1.1442565789864056,extrapolated,flu_archive,2024-03-13
ILI incidence,FI,TRUE,2024-03-10,2024-W10,19.771858384890812,17.3815208674691,15.2801654647261,1.137521770140116,extrapolated,flu_archive,2024-03-20
ILI incidence,FI,TRUE,2024-03-17,2024-W11,15.265379373867676,13.2008700399577,11.4155675757504,1.156391914143607,extrapolated,flu_archive,2024-03-27
ILI incidence,FI,TRUE,2024-03-24,2024-W12,12.333491930346877,10.5418992936638,9.01055770298978,1.169949701355989,extrapolated,flu_archive,2024-04-03
ILI incidence,FI,TRUE,2024-03-31,2024-W13,14.39037373006971,14.0630137094107,13.7431006519186,1.0232780844435887,extrapolated,flu_archive,2024-04-10
ILI incidence,FI,TRUE,2024-04-07,2024-W14,13.512304109244146,12.3465299652512,11.2813329947599,1.0944211974760498,extrapolated,flu_archive,2024-04-17
ILI incidence,FI,TRUE,2024-04-14,2024-W15,10.251839079613907,9.03080956150654,7.95520888524027,1.135207094091758,extrapolated,flu_archive,2024-04-24
ILI incidence,FI,TRUE,2024-04-21,2024-W16,8.56086434400085,7.39778416402925,6.39272021357433,1.1572200748471304,extrapolated,flu_archive,2024-05-01
ILI incidence,FI,TRUE,2024-12-29,2024-W52,26.32665191395465,34.480611585151,45.160037029086,0.7635204453650746,extrapolated,syndromic,2025-01-08
ILI incidence,FI,TRUE,2025-01-05,2025-W01,27.872996084997144,31.6391332252562,35.9141424263438,0.8809658560035172,extrapolated,syndromic,2025-01-15
ILI incidence,FI,TRUE,2025-01-12,2025-W02,25.0207353514733,23.3336548353204,21.7603295956612,1.072302454461577,extrapolated,syndromic,2025-01-22
ILI incidence,FI,TRUE,2025-01-19,2025-W03,36.31610069388596,32.8,29.62432583466,1.1071981918867673,extrapolated,syndromic,2025-01-29
ILI incidence,FI,TRUE,2025-01-26,2025-W04,36.58808905380335,39.72,43.12,0.9211502782931354,extrapolated,syndromic,2025-02-05
ILI incidence,FI,TRUE,2025-02-02,2025-W05,44.54221990001109,42.90589790706,41.3296885369334,1.038137460646916,extrapolated,syndromic,2025-02-12
ILI incidence,FI,TRUE,2025-02-09,2025-W06,48.429856056951024,51.9005406105513,55.6199488286703,0.9331281618115808,extrapolated,syndromic,2025-02-19
ILI incidence,FI,TRUE,2025-02-16,2025-W07,60.443887273678065,62.0269176218687,63.6514076642703,0.9744783328128424,extrapolated,syndromic,2025-02-26
ILI incidence,FI,TRUE,2025-02-23,2025-W08,92.11747491619032,94.8787446331872,97.7227848609579,0.9708968565333329,extrapolated,syndromic,2025-03-05
ILI incidence,FI,TRUE,2025-03-02,2025-W09,151.07106436123337,138.77103704762,127.472463404538,1.0886354067484019,extrapolated,syndromic,2025-03-12
ILI incidence,FI,TRUE,2025-03-09,2025-W10,110.80828708227465,106.49,102.34,1.0405511041625952,extrapolated,syndromic,2025-03-19
ILI incidence,FI,TRUE,2025-03-16,2025-W11,104.67225213399645,103.440893953319,102.22402139742,1.0119039785293529,extrapolated,syndromic,2025-03-26
ILI incidence,FI,TRUE,2025-03-23,2025-W12,123.78147483202989,106.01,90.79,1.1676396078863311,extrapolated,syndromic,2025-04-02
ILI incidence,FI,TRUE,2025-03-30,2025-W13,109.38482539140361,101.015347422021,93.2862522592054,1.082853528527864,extrapolated,syndromic,2025-04-09
ILI incidence,FI,TRUE,2025-04-06,2025-W14,93.1766055045871,81.25,70.85,1.146788990825688,extrapolated,syndromic,2025-04-16
ILI incidence,FI,TRUE,2025-04-13,2025-W15,81.99604225142077,71.3929878082882,62.1610332431145,1.1485167488942327,extrapolated,syndromic,2025-04-23
ILI incidence,FI,TRUE,2025-04-20,2025-W16,66.1222152860353,56.7806582658703,48.7588496416642,1.1645200549881618,extrapolated,syndromic,2025-04-30
ILI incidence,FI,TRUE,2025-04-27,2025-W17,47.94958187293603,41.4266177014183,35.7910243873912,1.1574582848769333,extrapolated,syndromic,2025-05-07
ILI incidence,FI,TRUE,2025-05-04,2025-W18,33.83737698355765,28.9467785959404,24.7630302871749,1.1689513868152204,extrapolated,syndromic,2025-05-14
ILI incidence,FI,TRUE,2025-05-11,2025-W19,27.001100325841943,23.9098176579808,21.1724475498783,1.1292892615109222,extrapolated,syndromic,2025-05-21
ILI incidence,FI,TRUE,2025-05-18,2025-W20,18.622996747915348,17.6070290286139,16.6464868898801,1.0577023936094132,extrapolated,syndromic,2025-05-28
ILI incidence,FI,TRUE,2025-05-25,2025-W21,20.179926232246906,19.2971056271764,18.4529061851254,1.0457488611052224,extrapolated,syndromic,2025-06-04
ILI incidence,FI,TRUE,2025-06-01,2025-W22,17.03434173598373,15.8497368799041,14.747511999922,1.0747397174511828,extrapolated,syndromic,2025-06-11
ILI incidence,FI,TRUE,2025-06-08,2025-W23,11.901111940634474,9.44487824128279,7.49557902132474,1.2600598585395926,extrapolated,syndromic,2025-06-18
ILI incidence,FI,TRUE,2025-06-15,2025-W24,9.664858192967616,9.00289339633144,8.3862678466078,1.0735280056638143,extrapolated,syndromic,2025-06-25
ILI incidence,FI,TRUE,2025-06-22,2025-W25,8.276926127944,7.98067910907917,7.69503533770377,1.037120527566107,extrapolated,syndromic,2025-07-02
ILI incidence,FI,TRUE,2025-06-29,2025-W26,6.974796010410484,6.72397378516076,6.48217143498485,1.0373026774439937,extrapolated,syndromic,2025-07-09
ILI incidence,FI,TRUE,2025-07-06,2025-W27,5.708001629330573,5.54278224996463,5.38234518235869,1.02980802274291,extrapolated,syndromic,2025-07-16
ILI incidence,FI,TRUE,2025-07-13,2025-W28,5.481167073218991,5.38234518235869,5.2853049861599,1.018360377774395,extrapolated,syndromic,2025-07-23
ILI incidence,FI,TRUE,2025-07-20,2025-W29,5.336492547419112,5.11666926903785,4.90590105318856,1.042962182393039,extrapolated,syndromic,2025-07-30
ILI incidence,FI,TRUE,2025-07-27,2025-W30,4.905929901532635,4.90551939702408,4.90510892686456,1.0000836821700885,extrapolated,syndromic,2025-08-06
ILI incidence,FI,TRUE,2025-08-03,2025-W31,5.19918436846721,5.28967737317564,5.38174542953079,0.9828925285373119,extrapolated,syndromic,2025-08-13
ILI incidence,FI,TRUE,2025-08-10,2025-W32,4.2377063461320015,4.62086734041167,5.0386726293984,0.9170802868697951,extrapolated,syndromic,2025-08-20
ILI incidence,FI,TRUE,2025-08-17,2025-W33,4.2293949379190146,4.59156288371093,4.98474368663358,0.9211231654744955,extrapolated,syndromic,2025-08-27
ILI incidence,FI,TRUE,2025-08-24,2025-W34,4.6762837529626635,4.98474368663358,5.31355044605475,0.938119198686576,extrapolated,syndromic,2025-09-03
ILI incidence,FI,TRUE,2025-08-31,2025-W35,4.988942877322761,5.39106646163019,5.82560239882129,0.925409269729939,extrapolated,syndromic,2025-09-10
ILI incidence,FI,TRUE,2025-09-07,2025-W36,6.018316537500255,5.84057864556955,5.6680898557808,1.030431555281861,extrapolated,syndromic,2025-09-17
ILI incidence,FI,TRUE,2025-09-14,2025-W37,5.468779479583732,5.73353073152057,6.01109896129749,0.9538240458917671,extrapolated,syndromic,2025-09-24
ILI incidence,FI,TRUE,2025-09-21,2025-W38,3.3784412952390395,3.68898458886672,4.02807274350857,0.9158187609227497,extrapolated,syndromic,2025-10-01
ILI incidence,FI,TRUE,2025-09-28,2025-W39,7.421974568848324,9.083218415095,11.1162947287117,0.817108455359179,extrapolated,syndromic,2025-10-08
ILI incidence,FI,TRUE,2025-10-05,2025-W40,7.4235074356139314,9.0729611900438,11.0889125484163,0.8182011671955683,extrapolated,syndromic,2025-10-15
ILI incidence,FI,TRUE,2025-10-12,2025-W41,6.718426738160008,7.58946391453734,8.57343017270729,0.8852307374821441,extrapolated,syndromic,2025-10-22
ILI incidence,FI,TRUE,2025-10-19,2025-W42,7.619498510067558,8.42793729026073,9.32215248480147,0.9040763175673602,extrapolated,syndromic,2025-10-29
ILI incidence,FI,TRUE,2025-10-26,2025-W43,6.2687861145390675,6.64001296739164,7.03322324315271,0.9440924506208608,extrapolated,syndromic,2025-11-05
ILI incidence,FI,TRUE,2025-11-02,2025-W44,6.589803039067878,7.03246778720148,7.50486818571469,0.9370541378178485,extrapolated,syndromic,2025-11-12
ILI incidence,FI,TRUE,2025-11-09,2025-W45,7.065200619745388,7.16659198132263,7.26943839120717,0.9858522207150227,extrapolated,syndromic,2025-11-19
ILI incidence,FI,TRUE,2025-11-16,2025-W46,7.166701486394006,7.26935376588712,7.37347638574604,0.9858787613316016,extrapolated,syndromic,2025-11-26
ILI incidence,FI,TRUE,2025-11-23,2025-W47,16.040867586635972,17.925139309158,20.0307506758807,0.8948810555932836,extrapolated,syndromic,2025-12-03
ILI incidence,FI,TRUE,2025-11-30,2025-W48,29.835296740773728,36.1220106845129,43.7334231071645,0.825958914672639,extrapolated,syndromic,2025-12-10
ILI incidence,FI,TRUE,2025-12-07,2025-W49,57.112213448379535,68.0514176434769,81.0859037615941,0.8392508991890781,extrapolated,syndromic,2025-12-17
ILI incidence,FI,TRUE,2025-12-14,2025-W50,90.40562733416955,99.0077283547017,108.428319818245,0.9131168731625211,extrapolated,syndromic,2025-12-24
ILI incidence,FI,TRUE,2025-12-21,2025-W51,102.01962885142206,103.021014194663,104.03222875035,0.99027979533041,extrapolated,syndromic,2025-12-31
ILI incidence,FI,TRUE,2025-12-28,2025-W52,91.26011401529061,94.9754414574087,98.8420250989202,0.9608811774380194,extrapolated,syndromic,2026-01-07
ILI incidence,FI,TRUE,2026-01-04,2026-W01,139.96313411161648,141.637954737096,143.332816526596,0.9881753402286245,extrapolated,syndromic,2026-01-14
ILI incidence,FI,TRUE,2026-01-11,2026-W02,137.77348594236926,119.427253063245,103.524046565814,1.1536184782665035,extrapolated,syndromic,2026-01-21
ILI incidence,FI,TRUE,2026-01-18,2026-W03,98.66476310269256,84.6389460605542,72.6069871853359,1.1657135124544646,extrapolated,syndromic,2026-01-28
ILI incidence,FI,TRUE,2026-01-25,2026-W04,82.6825429742566,71.4057156576519,61.6669014421696,1.1579261157562006,extrapolated,syndromic,2026-02-04
ILI incidence,FI,TRUE,2026-02-01,2026-W05,75.97217636925457,68.2603127064733,61.3312730194626,1.112977268298538,extrapolated,syndromic,2026-02-11
ILI incidence,FI,TRUE,2026-02-08,2026-W06,127.7810543484455,117.623761642566,108.273870281424,1.086354088357975,extrapolated,syndromic,2026-02-18
ILI incidence,FI,TRUE,2026-02-15,2026-W07,115.56738976594218,103.507065642095,92.7053268187104,1.1165169164929207,extrapolated,syndromic,2026-02-25
ILI incidence,FI,TRUE,2026-02-22,2026-W08,108.40294316635004,92.386413780274,78.7363258032784,1.1733645536254784,extrapolated,syndromic,2026-03-04
ILI incidence,FI,TRUE,2026-03-01,2026-W09,92.79796099815098,79.8454960072837,68.7008977791676,1.1622191061307428,extrapolated,syndromic,2026-03-11
ILI incidence,FI,TRUE,2026-03-08,2026-W10,85.06992387841137,68.6364704045204,55.377563007155,1.2394274265130139,extrapolated,syndromic,2026-03-18
ILI incidence,FI,TRUE,2026-03-15,2026-W11,55.044956577121475,44.5236130160325,36.0133287274742,1.2363092940660574,extrapolated,syndromic,2026-03-25
ILI incidence,FI,TRUE,2026-03-22,2026-W12,46.649249896987826,38.3541189693506,31.5340213436119,1.216277446869944,extrapolated,syndromic,2026-04-01
ILI incidence,FI,TRUE,2026-03-29,2026-W13,37.6493067270742,33.3532296507787,29.5473681946343,1.1288054296773387,extrapolated,syndromic,2026-04-08
ILI incidence,FI,TRUE,2026-04-05,2026-W14,22.76725425144139,20.2447961930221,18.0018094571529,1.1245978489666753,extrapolated,syndromic,2026-04-15
ILI incidence,FI,TRUE,2026-04-12,2026-W15,18.21417777700096,16.4325251893749,14.8251481568608,1.1084223250592093,extrapolated,syndromic,2026-04-22
ILI incidence,FI,TRUE,2026-04-19,2026-W16,16.08971474828074,15.029971256882,14.0400274036454,1.0705086838348739,extrapolated,syndromic,2026-04-29
ILI incidence,FI,TRUE,2026-04-26,2026-W17,15.98525837288197,14.5212055799816,13.1912419916721,1.1008217110374545,extrapolated,syndromic,2026-05-06
ILI incidence,FI,TRUE,2026-05-03,2026-W18,13.687231942169177,13.1912419916721,12.7132254365287,1.0375999432661616,extrapolated,syndromic,2026-05-13
ILI incidence,FI,TRUE,2026-05-10,2026-W19,12.985076395481421,12.7642863240504,12.5472504281173,1.0172974865829363,extrapolated,syndromic,2026-05-20
ILI incidence,FI,TRUE,2026-08-02,2026-W31,16.347648678787156,18.3394835249402,20.5740080772586,0.8913908974893267,extrapolated,syndromic,2026-08-12
ILI incidence,FI,TRUE,2026-08-09,2026-W32,13.071645834432642,13.443639969862,13.8262203496363,0.9723293589933012,extrapolated,syndromic,2026-08-19
ILI incidence,FI,TRUE,2026-08-16,2026-W33,12.825458290561372,14.2368253509826,15.8035051444161,0.9008650436016051,extrapolated,syndromic,2026-08-26
ILI incidence,FI,TRUE,2026-08-23,2026-W34,14.524506282637303,16.3230208954287,18.3442387622571,0.8898172939731349,extrapolated,syndromic,2026-09-02
ILI incidence,FI,TRUE,2026-08-30,2026-W35,15.122968454669252,16.7036009505164,18.4494390469979,0.9053717518438273,extrapolated,syndromic,2026-09-09
ILI incidence,FI,TRUE,2026-09-06,2026-W36,18.307558151971246,20.6691827417355,23.3354504005908,0.8857417528659401,extrapolated,syndromic,2026-09-16
ILI incidence,FI,TRUE,2026-09-13,2026-W37,20.638873653869812,23.3354504005908,26.3843489974721,0.8844429098033302,extrapolated,syndromic,2026-09-23
ILI incidence,FI,TRUE,2026-09-20,2026-W38,23.312871345420458,26.3843489974721,29.8604947329731,0.8835871352237675,extrapolated,syndromic,2026-09-30
ILI incidence,FI,TRUE,2026-09-27,2026-W39,26.3843489974721,26.3843489974721,29.8604947329731,0.8835871352237675,h1_nowcast,syndromic,2026-09-30
ILI incidence,FR,TRUE,2023-12-10,2023-W49,263.24414605581387,309.941953875183,364.923650577963,0.8493336986635411,extrapolated,flu_archive,2023-12-20
ILI incidence,FR,TRUE,2023-12-17,2023-W50,249.74121667506708,279.22155490676,312.181856733672,0.8944195470813954,extrapolated,flu_archive,2023-12-27
ILI incidence,FR,TRUE,2023-12-24,2023-W51,278.062249098601,302.703042383419,329.527406777488,0.9185974706735637,extrapolated,flu_archive,2024-01-03
ILI incidence,FR,TRUE,2023-12-31,2023-W52,218.04503068180082,222.397830420041,226.837524436504,0.9804278677988053,extrapolated,flu_archive,2024-01-10
ILI incidence,FR,TRUE,2024-01-07,2024-W01,189.17245049164836,195.917924275295,202.903926827521,0.9655698996985679,extrapolated,flu_archive,2024-01-17
ILI incidence,FR,TRUE,2024-01-14,2024-W02,227.02954311547145,217.27,207.93,1.044918963112586,extrapolated,flu_archive,2024-01-24
ILI incidence,FR,TRUE,2024-01-21,2024-W03,240.2797369721585,247.31307127667301,254.552281416006,0.9715610086106351,extrapolated,flu_archive,2024-01-31
ILI incidence,FR,TRUE,2024-01-28,2024-W04,243.92498291494914,254.130137367341,264.762247583561,0.9598428011800872,extrapolated,flu_archive,2024-02-07
ILI incidence,FR,TRUE,2024-02-04,2024-W05,364.4890230501876,376.322296906555,388.5397424699,0.9685554803591515,extrapolated,flu_archive,2024-02-14
ILI incidence,FR,TRUE,2024-02-11,2024-W06,318.4485968533166,293.453351592845,270.42,1.0851762132713743,extrapolated,flu_archive,2024-02-21
ILI incidence,FR,TRUE,2024-02-18,2024-W07,247.81192923981868,229.693312655408,212.899427563706,1.0788817766392385,extrapolated,flu_archive,2024-02-28
ILI incidence,FR,TRUE,2024-02-25,2024-W08,183.2862900677837,157.649445029222,135.598508261749,1.1626193167620071,extrapolated,flu_archive,2024-03-06
ILI incidence,FR,TRUE,2024-03-03,2024-W09,123.67362215356549,106.03319422887,90.9089430923015,1.166367033012501,extrapolated,flu_archive,2024-03-13
ILI incidence,FR,TRUE,2024-03-10,2024-W10,104.05007926099934,96.7232715221843,89.9123894993593,1.0757502059588075,extrapolated,flu_archive,2024-03-20
ILI incidence,FR,TRUE,2024-03-17,2024-W11,87.23391177967657,71.7924568607161,59.0843257736217,1.2150846425122104,extrapolated,flu_archive,2024-03-27
ILI incidence,FR,TRUE,2024-03-24,2024-W12,72.1518147289952,58.5941230825804,47.5839904056754,1.2313831308185497,extrapolated,flu_archive,2024-04-03
ILI incidence,FR,TRUE,2024-03-31,2024-W13,61.50067061987481,51.009542196004,42.3080491451592,1.2056699192390061,extrapolated,flu_archive,2024-04-10
ILI incidence,FR,TRUE,2024-04-07,2024-W14,56.951624769793504,51.2695474846122,46.1543724152198,1.110827529478131,extrapolated,flu_archive,2024-04-17
ILI incidence,FR,TRUE,2024-04-14,2024-W15,45.46715667810125,40.6805534416436,36.3978649475455,1.1176631788779388,extrapolated,flu_archive,2024-04-24
ILI incidence,FR,TRUE,2024-04-21,2024-W16,52.64535859621045,51.8891759926814,51.1438549759119,1.014573031640273,extrapolated,flu_archive,2024-05-01
ILI incidence,FR,TRUE,2024-10-13,2024-W41,128.92758651875096,129.494387811398,130.063680919133,0.9956229663522368,extrapolated,syndromic,2024-10-23
ILI incidence,FR,TRUE,2024-10-20,2024-W42,128.34141486306407,134.424464800196,140.795835514975,0.954747449088426,extrapolated,syndromic,2024-10-30
ILI incidence,FR,TRUE,2024-10-27,2024-W43,160.46871312627025,174.454974727561,189.660262204792,0.9198288175895667,extrapolated,syndromic,2024-11-06
ILI incidence,FR,TRUE,2024-11-03,2024-W44,81.35183632967933,81.1379592727328,80.9246445066645,1.0026359679102541,extrapolated,syndromic,2024-11-13
ILI incidence,FR,TRUE,2024-11-10,2024-W45,91.55110255555246,94.2299960270422,96.9872770878811,0.9715706931503965,extrapolated,syndromic,2024-11-20
ILI incidence,FR,TRUE,2024-11-17,2024-W46,92.7819156400456,105.846917597814,120.751656049262,0.876567005877191,extrapolated,syndromic,2024-11-27
ILI incidence,FR,TRUE,2024-11-24,2024-W47,122.32376295131206,140.335761070232,161,0.8716506898772174,extrapolated,syndromic,2024-12-04
ILI incidence,FR,TRUE,2024-12-01,2024-W48,166.07580975245958,177.003626006475,188.650494410587,0.9382621898739197,extrapolated,syndromic,2024-12-11
ILI incidence,FR,TRUE,2024-12-08,2024-W49,197.82380630402693,205.55579969555,213.59,0.96238494168992,extrapolated,syndromic,2024-12-18
ILI incidence,FR,TRUE,2024-12-15,2024-W50,237.38997935368278,250.118973766546,263.530504566176,0.9491082414853337,extrapolated,syndromic,2024-12-25
ILI incidence,FR,TRUE,2024-12-22,2024-W51,270.3602791818815,269.847122729321,269.334940271704,1.0019016561947005,extrapolated,syndromic,2025-01-01
ILI incidence,FR,TRUE,2024-12-29,2024-W52,187.04570122456596,189.894085309283,192.785845380943,0.9850001432110024,extrapolated,syndromic,2025-01-08
ILI incidence,FR,TRUE,2025-01-05,2025-W01,374.8753521924182,368.941590178896,363.101751469286,1.0160832017085546,extrapolated,syndromic,2025-01-15
ILI incidence,FR,TRUE,2025-01-12,2025-W02,410.94244742244086,381.940116173936,354.984629253935,1.0759342368616154,extrapolated,syndromic,2025-01-22
ILI incidence,FR,TRUE,2025-01-19,2025-W03,420.9562778814977,413.96,407.08,1.0169008548688219,extrapolated,syndromic,2025-01-29
ILI incidence,FR,TRUE,2025-01-26,2025-W04,594.2149709434427,581.09857410744,568.271701895306,1.0225717243518437,extrapolated,syndromic,2025-02-05
ILI incidence,FR,TRUE,2025-02-02,2025-W05,538.2165373687403,531.635011155425,525.133966466346,1.0123797832633543,extrapolated,syndromic,2025-02-12
ILI incidence,FR,TRUE,2025-02-09,2025-W06,444.0888517569542,436.875848162958,429.78,1.0165104196634511,extrapolated,syndromic,2025-02-19
ILI incidence,FR,TRUE,2025-02-16,2025-W07,357.78790481429087,319.782896909592,285.814863442545,1.1188462806234545,extrapolated,syndromic,2025-02-26
ILI incidence,FR,TRUE,2025-02-23,2025-W08,249.04333055143897,190.425528353687,145.604709704487,1.3078253357337577,extrapolated,syndromic,2025-03-05
ILI incidence,FR,TRUE,2025-03-02,2025-W09,184.41129420533886,156.599163109463,132.9815399445,1.1776007645483715,extrapolated,syndromic,2025-03-12
ILI incidence,FR,TRUE,2025-03-09,2025-W10,92.2373705314153,74.9182449154538,60.8510779185782,1.2311736698518008,extrapolated,syndromic,2025-03-19
ILI incidence,FR,TRUE,2025-03-16,2025-W11,100.51389632553958,87.144061355841,75.5526121979713,1.1534222156011829,extrapolated,syndromic,2025-03-26
ILI incidence,FR,TRUE,2025-03-23,2025-W12,81.61006582980764,77.8421464029639,74.2481910167422,1.048404618846691,extrapolated,syndromic,2025-04-02
ILI incidence,FR,TRUE,2025-03-30,2025-W13,63.85208943350589,56.2433096126459,49.5412116384718,1.1352832874392098,extrapolated,syndromic,2025-04-09
ILI incidence,FR,TRUE,2025-04-06,2025-W14,60.254022391762376,60.2753008059833,60.2965867345725,0.999646979543255,extrapolated,syndromic,2025-04-16
ILI incidence,FR,TRUE,2025-04-13,2025-W15,56.284801370656375,58.7597822801758,61.3435941769833,0.957879678693868,extrapolated,syndromic,2025-04-23
ILI incidence,FR,TRUE,2025-04-20,2025-W16,45.61029598954882,42.7897206413712,40.1435718151475,1.0659171246248003,extrapolated,syndromic,2025-04-30
ILI incidence,FR,TRUE,2025-04-27,2025-W17,50.13550712290513,47.7950127482256,45.563780535879,1.0489694267267755,extrapolated,syndromic,2025-05-07
ILI incidence,FR,TRUE,2025-05-04,2025-W18,53.759459734082796,54.0227740575957,54.2873780970639,0.9951258644505708,extrapolated,syndromic,2025-05-14
ILI incidence,FR,TRUE,2025-05-11,2025-W19,46.710604701003994,47.0756423429616,47.4435327092823,0.9922457214858976,extrapolated,syndromic,2025-05-21
ILI incidence,FR,TRUE,2025-05-18,2025-W20,52.41766097438224,53.5614641037831,54.7302261034294,0.9786450361553857,extrapolated,syndromic,2025-05-28
ILI incidence,FR,TRUE,2025-05-25,2025-W21,8.166666666666666,7,6,1.1666666666666667,extrapolated,syndromic,2025-06-04
ILI incidence,FR,TRUE,2025-06-01,2025-W22,40.910001839750855,40.3958147114551,39.8880902668801,1.012728722813701,extrapolated,syndromic,2025-06-11
ILI incidence,FR,TRUE,2025-06-15,2025-W24,5.142857142857142,6,7,0.8571428571428571,extrapolated,syndromic,2025-06-25
ILI incidence,FR,TRUE,2025-06-22,2025-W25,4,4,4,1,extrapolated,syndromic,2025-07-02
ILI incidence,FR,TRUE,2025-07-06,2025-W27,3.0000000000000004,3,3,1,extrapolated,syndromic,2025-07-16
ILI incidence,FR,TRUE,2025-07-13,2025-W28,4,4,4,1,extrapolated,syndromic,2025-07-23
ILI incidence,FR,TRUE,2025-07-20,2025-W29,3.2,4,5,0.8,extrapolated,syndromic,2025-07-30
ILI incidence,FR,TRUE,2025-07-27,2025-W30,4.166666666666666,5,6,0.8333333333333334,extrapolated,syndromic,2025-08-06
ILI incidence,FR,TRUE,2025-08-03,2025-W31,3.846153846153846,5,6.5,0.7692307692307693,extrapolated,syndromic,2025-08-13
ILI incidence,FR,TRUE,2025-08-24,2025-W34,4,2,1,2,extrapolated,syndromic,2025-09-03
ILI incidence,FR,TRUE,2025-08-31,2025-W35,4.999999999999999,5,5,1,extrapolated,syndromic,2025-09-10
ILI incidence,FR,TRUE,2025-09-07,2025-W36,6.999999999999999,7,7,1,extrapolated,syndromic,2025-09-17
ILI incidence,FR,TRUE,2025-09-14,2025-W37,8.100000000000001,9,10,0.9,extrapolated,syndromic,2025-09-24
ILI incidence,FR,TRUE,2025-09-21,2025-W38,10.083333333333336,11,12,0.9166666666666666,extrapolated,syndromic,2025-10-01
ILI incidence,FR,TRUE,2025-09-28,2025-W39,10.083333333333336,11,12,0.9166666666666666,extrapolated,syndromic,2025-10-08
ILI incidence,FR,TRUE,2025-10-05,2025-W40,136.16476885951127,152.55656700291,170.921643907213,0.8925526546288501,extrapolated,syndromic,2025-10-15
ILI incidence,FR,TRUE,2025-10-12,2025-W41,154.88999344082757,167.596425548671,181.345232398256,0.9241843490023991,extrapolated,syndromic,2025-10-22
ILI incidence,FR,TRUE,2025-10-19,2025-W42,128.9638543768235,130.51362845251,132.08202634878,0.9881255766615176,extrapolated,syndromic,2025-10-29
ILI incidence,FR,TRUE,2025-10-26,2025-W43,102.26177436364105,99.5360475732567,96.8829734097415,1.0273843181122726,extrapolated,syndromic,2025-11-05
ILI incidence,FR,TRUE,2025-11-02,2025-W44,65.36307432742169,73.6555168957221,83,0.8874158662135193,extrapolated,syndromic,2025-11-12
ILI incidence,FR,TRUE,2025-11-09,2025-W45,81.40224691909481,81.7702724718923,82.1399618953155,0.9954992744713669,extrapolated,syndromic,2025-11-19
ILI incidence,FR,TRUE,2025-11-16,2025-W46,69.45309631032275,70.3993620465241,71.3585202078451,0.9865586035342764,extrapolated,syndromic,2025-11-26
ILI incidence,FR,TRUE,2025-11-23,2025-W47,68.4010857643473,69.9107300482121,71.4536928947626,0.9784061147291159,extrapolated,syndromic,2025-12-03
ILI incidence,FR,TRUE,2025-11-30,2025-W48,121.78984600406012,153.055556205443,192.347753560478,0.7957231284082518,extrapolated,syndromic,2025-12-10
ILI incidence,FR,TRUE,2025-12-07,2025-W49,190.16756313310256,235.482070526492,291.594447685233,0.8075670589609014,extrapolated,syndromic,2025-12-17
ILI incidence,FR,TRUE,2025-12-14,2025-W50,305.1561526338466,351.173141719228,404.129408502952,0.8689621055297757,extrapolated,syndromic,2025-12-24
ILI incidence,FR,TRUE,2025-12-21,2025-W51,382.40799339197173,376.935670144024,371.541656769948,1.0145179235646673,extrapolated,syndromic,2025-12-31
ILI incidence,FR,TRUE,2025-12-28,2025-W52,319.8361086440156,321.758083643184,323.691608269795,0.9940266458035595,extrapolated,syndromic,2026-01-07
ILI incidence,FR,TRUE,2026-01-04,2026-W01,343.9715101312079,326.506867851533,309.928966830867,1.0534893565779955,extrapolated,syndromic,2026-01-14
ILI incidence,FR,TRUE,2026-01-11,2026-W02,301.57128794413495,272.536739721997,246.297567001985,1.1065344373450532,extrapolated,syndromic,2026-01-21
ILI incidence,FR,TRUE,2026-01-18,2026-W03,290.756367587912,269.340323957892,249.501707259457,1.079512949696191,extrapolated,syndromic,2026-01-28
ILI incidence,FR,TRUE,2026-01-25,2026-W04,275.5717990832607,264.960233572438,254.757292322026,1.0400496533677828,extrapolated,syndromic,2026-02-04
ILI incidence,FR,TRUE,2026-02-01,2026-W05,243.9329940961251,236.685230114386,229.652812494174,1.0306219529551393,extrapolated,syndromic,2026-02-11
ILI incidence,FR,TRUE,2026-02-08,2026-W06,226.46557116688865,210.560009126698,195.771556863993,1.0755393301233176,extrapolated,syndromic,2026-02-18
ILI incidence,FR,TRUE,2026-02-15,2026-W07,214.95560130568327,195.891772815266,178.518663498969,1.0973181681723565,extrapolated,syndromic,2026-02-25
ILI incidence,FR,TRUE,2026-02-22,2026-W08,103.84287284183765,93.551965796242,84.2808954031086,1.1100020395937968,extrapolated,syndromic,2026-03-04
ILI incidence,FR,TRUE,2026-03-01,2026-W09,56.86006994211606,58.7991247269549,60.8043055904714,0.9670223869174368,extrapolated,syndromic,2026-03-11
ILI incidence,FR,TRUE,2026-03-08,2026-W10,48.12420658392713,46.2689143431354,44.4851476306189,1.040098028387541,extrapolated,syndromic,2026-03-18
ILI incidence,FR,TRUE,2026-03-15,2026-W11,43.636753101328104,44.8351004427244,46.0663566567698,0.973272116498832,extrapolated,syndromic,2026-03-25
ILI incidence,FR,TRUE,2026-03-22,2026-W12,48.29453371633486,49.0066586928643,49.7292842777064,0.9854688118814119,extrapolated,syndromic,2026-04-01
ILI incidence,FR,TRUE,2026-03-29,2026-W13,49.447190157251725,51.1660269151871,52.9446122612836,0.9664066791665389,extrapolated,syndromic,2026-04-08
ILI incidence,FR,TRUE,2026-04-05,2026-W14,55.10469226656664,54.0555714553552,53.0264245235222,1.0194081901821699,extrapolated,syndromic,2026-04-15
ILI incidence,FR,TRUE,2026-04-12,2026-W15,53.163416845980585,51.1830875746448,49.2765252704374,1.038691086551738,extrapolated,syndromic,2026-04-22
ILI incidence,FR,TRUE,2026-04-19,2026-W16,52.66912370448058,52.8362764476712,53.0039596731936,0.9968364019111727,extrapolated,syndromic,2026-04-29
ILI incidence,FR,TRUE,2026-04-26,2026-W17,54.0238105206452,60.2089115674456,67.1021350993216,0.8972726646972863,extrapolated,syndromic,2026-05-06
ILI incidence,FR,TRUE,2026-05-03,2026-W18,55.236237556853965,56.7534735980352,58.3123852729395,0.9732661994941968,extrapolated,syndromic,2026-05-13
ILI incidence,FR,TRUE,2026-05-10,2026-W19,56.48481287981455,58.3123852729395,60.1990889737882,0.968658932668064,extrapolated,syndromic,2026-05-20
ILI incidence,FR,TRUE,2026-08-02,2026-W31,38.205149712625705,41.2912161424358,44.6265632603426,0.925260946077137,extrapolated,syndromic,2026-08-12
ILI incidence,FR,TRUE,2026-09-06,2026-W36,39.7273559295229,48.3037567138672,58.7316436767578,0.8224485760983856,extrapolated,syndromic,2026-09-16
ILI incidence,FR,TRUE,2026-09-13,2026-W37,53.12513670957541,58.151741027832,63.6539535522461,0.9135605533142891,extrapolated,syndromic,2026-09-23
ILI incidence,FR,TRUE,2026-09-20,2026-W38,60.3617348842537,63.6687965393066,67.1570434570312,0.9480583608485316,extrapolated,syndromic,2026-09-30
ILI incidence,FR,TRUE,2026-09-27,2026-W39,63.6687965393066,63.6687965393066,67.1570434570312,0.9480583608485316,h1_nowcast,syndromic,2026-09-30
ILI incidence,GB-ENG,FALSE,2024-02-18,2024-W07,7.5389626536710335,7.161401105784,6.80274835596263,1.0527217428977818,extrapolated,flu_archive,2024-02-28
ILI incidence,GB-ENG,FALSE,2024-02-25,2024-W08,6.689178360599614,6.62991256669434,6.57117186483145,1.0089391516568404,extrapolated,flu_archive,2024-03-06
ILI incidence,GB-ENG,FALSE,2024-03-03,2024-W09,6.339029260588697,5.46566856143961,4.71263526250627,1.1597902780477145,extrapolated,flu_archive,2024-03-13
ILI incidence,GB-ENG,FALSE,2024-03-10,2024-W10,5.430781264560475,4.91175337492819,4.44232975714793,1.105670592558991,extrapolated,flu_archive,2024-03-20
ILI incidence,GB-ENG,FALSE,2024-03-17,2024-W11,5.496455422494798,5.44047377727509,5.38506230762502,1.010289847449232,extrapolated,flu_archive,2024-03-27
ILI incidence,GB-ENG,FALSE,2024-03-24,2024-W12,5.3245674378173025,5.19309061259972,5.0648602775001,1.0253176451222683,extrapolated,flu_archive,2024-04-03
ILI incidence,GB-ENG,FALSE,2024-03-31,2024-W13,3.1535920799652395,2.93341829217158,2.72861633928941,1.075057071942736,extrapolated,flu_archive,2024-04-10
ILI incidence,GB-ENG,FALSE,2024-04-07,2024-W14,3.485934546302831,3.17840497687428,2.89800570344432,1.0967559425768907,extrapolated,flu_archive,2024-04-17
ILI incidence,GB-ENG,FALSE,2024-04-14,2024-W15,3.0680075120324664,3.02034110382974,2.97341526958651,1.0157817963481959,extrapolated,flu_archive,2024-04-24
ILI incidence,GB-ENG,FALSE,2024-04-21,2024-W16,3.2290422292402825,2.98597786409108,2.76121003438833,1.0814019313646819,extrapolated,flu_archive,2024-05-01
ILI incidence,GB-ENG,FALSE,2024-10-13,2024-W41,3.455498146654304,3.57119680202868,3.69076933557845,0.9676022740307532,extrapolated,syndromic,2024-10-23
ILI incidence,GB-ENG,FALSE,2024-10-20,2024-W42,3.6723573959624445,4.17659825924613,4.7500749895194,0.8792699627819364,extrapolated,syndromic,2024-10-30
ILI incidence,GB-ENG,FALSE,2024-10-27,2024-W43,3.813861986763559,3.95494523208626,4.10124746073344,0.9643273833027827,extrapolated,syndromic,2024-11-06
ILI incidence,GB-ENG,FALSE,2024-11-03,2024-W44,3.613159268929504,3.72,3.83,0.9712793733681463,extrapolated,syndromic,2024-11-13
ILI incidence,GB-ENG,FALSE,2024-11-10,2024-W45,3.6871883355321247,3.90581581031133,4.13740654283024,0.9440251447080452,extrapolated,syndromic,2024-11-20
ILI incidence,GB-ENG,FALSE,2024-11-17,2024-W46,3.8074458959648747,3.99040265097181,4.18215090955287,0.9541508035630495,extrapolated,syndromic,2024-11-27
ILI incidence,GB-ENG,FALSE,2024-11-24,2024-W47,4.570963890349554,4.56901732358772,4.56707158578062,1.0004260361964017,extrapolated,syndromic,2024-12-04
ILI incidence,GB-ENG,FALSE,2024-12-01,2024-W48,5.310247223639832,5.76404420298666,6.25662124092427,0.921271079234318,extrapolated,syndromic,2024-12-11
ILI incidence,GB-ENG,FALSE,2024-12-08,2024-W49,5.811041125972862,6.61795656353912,7.53691948266123,0.8780718141893123,extrapolated,syndromic,2024-12-18
ILI incidence,GB-ENG,FALSE,2024-12-15,2024-W50,9.577970451386248,11.6773074926543,14.2367854411437,0.8202207963960306,extrapolated,syndromic,2024-12-25
ILI incidence,GB-ENG,FALSE,2024-12-22,2024-W51,12.045096570169331,13.3826872760239,14.8688155121478,0.9000506640956211,extrapolated,syndromic,2025-01-01
ILI incidence,GB-ENG,FALSE,2024-12-29,2024-W52,11.454268621249161,12.47619048,13.58928571,0.918090232720554,extrapolated,syndromic,2025-01-08
ILI incidence,GB-ENG,FALSE,2025-01-05,2025-W01,12.432768577218729,14.1115778239203,16.0170783718639,0.8810332007058876,extrapolated,syndromic,2025-01-15
ILI incidence,GB-ENG,FALSE,2025-01-19,2025-W03,21.766183581062812,23.46666667,25.3,0.9275362320158101,extrapolated,syndromic,2025-01-29
ILI incidence,GB-ENG,FALSE,2025-01-26,2025-W04,21.760672147693896,22.5087743648532,23.2825953154928,0.96676397368275,extrapolated,syndromic,2025-02-05
ILI incidence,GB-ENG,FALSE,2025-02-02,2025-W05,12.430013046029048,12.4699569131735,12.51002914,0.9967967918876885,extrapolated,syndromic,2025-02-12
ILI incidence,GB-ENG,FALSE,2025-02-09,2025-W06,12.901086635859983,12.8963690369913,12.8916531632284,1.0003658083027205,extrapolated,syndromic,2025-02-19
ILI incidence,GB-ENG,FALSE,2025-02-16,2025-W07,10.79148700686492,10.6367816116512,10.4842940534504,1.0145443801388436,extrapolated,syndromic,2025-02-26
ILI incidence,GB-ENG,FALSE,2025-03-16,2025-W11,11.926426911903153,13.37219658,14.99322829,0.8918824099356124,extrapolated,syndromic,2025-03-26
ILI incidence,GB-ENG,FALSE,2025-11-02,2025-W44,6.631181117577639,6.77536292723796,6.92267968282546,0.9787196920358774,extrapolated,syndromic,2025-11-12
ILI incidence,GB-ENG,FALSE,2025-11-09,2025-W45,6.628438935240577,6.69309637702051,6.75838452307612,0.9903396816454157,extrapolated,syndromic,2025-11-19
ILI incidence,GB-ENG,FALSE,2025-11-16,2025-W46,8.232269639418963,7.9798642997597,7.73519782900039,1.0316302796861923,extrapolated,syndromic,2025-11-26
ILI incidence,GB-ENG,FALSE,2025-11-23,2025-W47,8.828731602295788,8.74041858305575,8.65298895111511,1.0101039805360403,extrapolated,syndromic,2025-12-03
ILI incidence,GB-ENG,FALSE,2025-11-30,2025-W48,14.048669692547294,13.8254492603172,13.6057755953224,1.0161456187084492,extrapolated,syndromic,2025-12-10
ILI incidence,GB-ENG,FALSE,2025-12-07,2025-W49,12.045849319143926,13.5431806817614,15.2266343467652,0.8894401988866674,extrapolated,syndromic,2025-12-17
ILI incidence,GB-ENG,FALSE,2025-12-14,2025-W50,11.890641392551291,9.40714282652906,7.44235178214634,1.2640013670270345,extrapolated,syndromic,2025-12-24
ILI incidence,GB-ENG,FALSE,2025-12-21,2025-W51,6.923918769841971,6.28698045897636,5.70863474940113,1.1013106872244545,extrapolated,syndromic,2025-12-31
ILI incidence,GB-ENG,FALSE,2025-12-28,2025-W52,9.219858517982209,8.78769979297531,8.37579747030206,1.0491776841708178,extrapolated,syndromic,2026-01-07
ILI incidence,GB-ENG,FALSE,2026-01-04,2026-W01,14.48736119261448,14.0948455658437,13.7129646236929,1.0278481679658822,extrapolated,syndromic,2026-01-14
ILI incidence,GB-ENG,FALSE,2026-01-11,2026-W02,12.485057015183813,11.4526385979793,10.5055932621221,1.0901467734594077,extrapolated,syndromic,2026-01-21
ILI incidence,GB-ENG,FALSE,2026-01-18,2026-W03,16.179627648675623,14.4138818809116,12.8408388244879,1.1225031384572677,extrapolated,syndromic,2026-01-28
ILI incidence,GB-ENG,FALSE,2026-01-25,2026-W04,8.970631887105288,8.86903180329417,8.76858242738862,1.0114556003478734,extrapolated,syndromic,2026-02-04
ILI incidence,GB-ENG,FALSE,2026-02-01,2026-W05,10.22095166164168,8.70124029473372,7.40748857572985,1.1746545682490503,extrapolated,syndromic,2026-02-11
ILI incidence,GB-ENG,FALSE,2026-02-08,2026-W06,6.953411704372789,5.63215193968468,4.56195272483944,1.2345923509943664,extrapolated,syndromic,2026-02-18
ILI incidence,GB-ENG,FALSE,2026-02-15,2026-W07,5.306123089523237,5.28754397788809,5.26902992003766,1.0035137507532501,extrapolated,syndromic,2026-02-25
ILI incidence,GB-ENG,FALSE,2026-02-22,2026-W08,4.649448156381427,4.26410250541679,3.91069425126204,1.0903696968999046,extrapolated,syndromic,2026-03-04
ILI incidence,GB-ENG,FALSE,2026-03-01,2026-W09,4.630470711256897,3.95085518772812,3.37098703085441,1.172017320614472,extrapolated,syndromic,2026-03-11
ILI incidence,GB-ENG,FALSE,2026-03-08,2026-W10,3.455351505663327,3.33043563999772,3.2100356603337,1.0375073651522937,extrapolated,syndromic,2026-03-18
ILI incidence,GB-ENG,FALSE,2026-03-15,2026-W11,2.9266642819481454,2.8121912,2.7021956,1.0407060095871667,extrapolated,syndromic,2026-03-25
ILI incidence,GB-ENG,FALSE,2026-03-22,2026-W12,3.571999168849483,3.1385823806155,2.75775522173005,1.1380931693591507,extrapolated,syndromic,2026-04-01
ILI incidence,GB-ENG,FALSE,2026-03-29,2026-W13,3.107467664816993,2.97803626089497,2.85399589885277,1.0434619972972143,extrapolated,syndromic,2026-04-08
ILI incidence,GB-ENG,FALSE,2026-04-05,2026-W14,2.6970454800944585,2.33827058300023,2.0272217727425,1.1534360050982146,extrapolated,syndromic,2026-04-15
ILI incidence,GB-ENG,FALSE,2026-04-12,2026-W15,5.900832444677055,6.96056005223216,8.21060362160169,0.8477525372092343,extrapolated,syndromic,2026-04-22
ILI incidence,GB-ENG,FALSE,2026-04-19,2026-W16,2.4289997724710832,2.18474117898409,1.96504506638673,1.1118020733241152,extrapolated,syndromic,2026-04-29
ILI incidence,GB-ENG,FALSE,2026-04-26,2026-W17,2.1459771672768815,2.35975185192179,2.59482201747483,0.9094079809829114,extrapolated,syndromic,2026-05-06
ILI incidence,GB-ENG,FALSE,2026-05-03,2026-W18,2.091207813493213,2.05147421481053,2.01249556685732,1.019368314939485,extrapolated,syndromic,2026-05-13
ILI incidence,GB-ENG,FALSE,2026-05-10,2026-W19,2.5957325733872114,2.85046421630953,3.13019389276241,0.9106350321941183,extrapolated,syndromic,2026-05-20
ILI incidence,GB-ENG,FALSE,2026-05-17,2026-W20,1.4733163942185177,1.64784714508506,1.84305300899424,0.8940855944150491,extrapolated,syndromic,2026-05-27
ILI incidence,GB-ENG,FALSE,2026-06-21,2026-W25,1.150835339508465,1.40399864342184,1.71285337098902,0.8196840822464309,extrapolated,syndromic,2026-07-01
ILI incidence,GB-ENG,FALSE,2026-06-28,2026-W26,1.4855511042167795,1.29042489784241,1.12092839636744,1.1512108195530173,extrapolated,syndromic,2026-07-08
ILI incidence,GB-ENG,FALSE,2026-07-05,2026-W27,1.0684141668904008,1.12132975189084,1.1768660987856,0.9528099696710888,extrapolated,syndromic,2026-07-15
ILI incidence,GB-ENG,FALSE,2026-08-02,2026-W31,0.999252521059645,1.02337962090277,1.04808927313838,0.9764240958581516,extrapolated,syndromic,2026-08-12
ILI incidence,GB-ENG,FALSE,2026-08-09,2026-W32,0.9458588331708083,1.05869128396697,1.18498363121511,0.8934227073511244,extrapolated,syndromic,2026-08-19
ILI incidence,GB-ENG,FALSE,2026-08-16,2026-W33,1.5114543408324737,1.13181464675166,0.84753099051344,1.3354256769607906,extrapolated,syndromic,2026-08-26
ILI incidence,GB-ENG,FALSE,2026-08-23,2026-W34,0.7599607090956476,0.98101781448683,1.26637593341604,0.7746655543591557,extrapolated,syndromic,2026-09-02
ILI incidence,GB-ENG,FALSE,2026-08-30,2026-W35,1.214900184707921,1.32623687163213,1.44777674891822,0.9160506774425651,extrapolated,syndromic,2026-09-09
ILI incidence,GB-ENG,FALSE,2026-09-06,2026-W36,1.5585206984665791,1.66314762768811,1.77479839324951,0.9370910149648172,extrapolated,syndromic,2026-09-16
ILI incidence,GB-ENG,FALSE,2026-09-13,2026-W37,1.5154740613054207,1.62256473988544,1.7372229603532101,0.9339991336261996,extrapolated,syndromic,2026-09-23
ILI incidence,GB-ENG,FALSE,2026-09-20,2026-W38,3.14706322759376,3.49244344131403,3.8757280387097,0.9011064260527236,extrapolated,syndromic,2026-09-30
ILI incidence,GB-ENG,FALSE,2026-09-27,2026-W39,3.49244344131403,3.49244344131403,3.8757280387097,0.9011064260527236,h1_nowcast,syndromic,2026-09-30
ILI incidence,GB-NIR,FALSE,2024-02-18,2024-W07,14.815166189621289,14.1000308495171,13.419415443116,1.0507187074791882,extrapolated,flu_archive,2024-02-28
ILI incidence,GB-NIR,FALSE,2024-02-25,2024-W08,7.259596112743518,6.58531010052961,5.97365314084236,1.1023924465090384,extrapolated,flu_archive,2024-03-06
ILI incidence,GB-NIR,FALSE,2024-03-03,2024-W09,9.317350830310907,8.01400825653845,6.89298165385529,1.1626330460427328,extrapolated,flu_archive,2024-03-13
ILI incidence,GB-NIR,FALSE,2024-03-10,2024-W10,8.368922454870287,7.33840635733872,6.4347839468975,1.140427777824133,extrapolated,flu_archive,2024-03-20
ILI incidence,GB-NIR,FALSE,2024-03-17,2024-W11,9.369485125004157,9.20207374225619,9.03765362004172,1.0181927886514544,extrapolated,flu_archive,2024-03-27
ILI incidence,GB-NIR,FALSE,2024-03-24,2024-W12,9.042551803464889,8.55520517776413,8.09412400663239,1.0569649255131162,extrapolated,flu_archive,2024-04-03
ILI incidence,GB-NIR,FALSE,2024-03-31,2024-W13,7.585095249064621,6.92307662674453,6.31883824869397,1.0956249162059892,extrapolated,flu_archive,2024-04-10
ILI incidence,GB-NIR,FALSE,2024-04-07,2024-W14,4.18569306239013,3.9252751454019,3.68105944163801,1.066343863128496,extrapolated,flu_archive,2024-04-17
ILI incidence,GB-NIR,FALSE,2024-04-14,2024-W15,4.558403408929149,4.77145446819482,4.99446312659823,0.9553488227361681,extrapolated,flu_archive,2024-04-24
ILI incidence,GB-NIR,FALSE,2024-04-21,2024-W16,4.040486787819086,3.75592361923611,3.4914016489459,1.0757638326630432,extrapolated,flu_archive,2024-05-01
ILI incidence,GB-NIR,FALSE,2024-10-13,2024-W41,3.2024461971787184,3.53427480358231,3.90048657124705,0.9061112604862382,extrapolated,syndromic,2024-10-23
ILI incidence,GB-NIR,FALSE,2024-10-20,2024-W42,3.687626501946441,4.0954059036499,4.54827773550209,0.9004300400748951,extrapolated,syndromic,2024-10-30
ILI incidence,GB-NIR,FALSE,2024-10-27,2024-W43,3.768866790976337,3.86425800200318,3.96206359476486,0.9753144818546293,extrapolated,syndromic,2024-11-06
ILI incidence,GB-NIR,FALSE,2024-11-03,2024-W44,3.892068694953046,4.36709741855276,4.90010361016001,0.8912255262313024,extrapolated,syndromic,2024-11-13
ILI incidence,GB-NIR,FALSE,2024-11-10,2024-W45,4.551810064084668,4.75938033047727,4.97641615340314,0.9563871235371966,extrapolated,syndromic,2024-11-20
ILI incidence,GB-NIR,FALSE,2024-11-17,2024-W46,4.623984955625333,5.01317306535279,5.43511806901628,0.9223669112049558,extrapolated,syndromic,2024-11-27
ILI incidence,GB-NIR,FALSE,2024-11-24,2024-W47,5.235959087365084,5.99182464525538,6.85680731656688,0.8738505208945282,extrapolated,syndromic,2024-12-04
ILI incidence,GB-NIR,FALSE,2024-12-01,2024-W48,7.339089287632029,8.31626631787078,9.42355144613136,0.8824981075775681,extrapolated,syndromic,2024-12-11
ILI incidence,GB-NIR,FALSE,2024-12-08,2024-W49,8.13009959783801,9.9191510088006,12.1018882427411,0.8196366393277726,extrapolated,syndromic,2024-12-18
ILI incidence,GB-NIR,FALSE,2024-12-15,2024-W50,17.257884448327115,21.0029597411001,25.5607411909072,0.8216882125691858,extrapolated,syndromic,2024-12-25
ILI incidence,GB-NIR,FALSE,2024-12-22,2024-W51,23.220581922963024,26.1383400452071,29.422726036131,0.8883724782370375,extrapolated,syndromic,2025-01-01
ILI incidence,GB-NIR,FALSE,2024-12-29,2024-W52,23.14037598849505,23.9877102335128,24.86607143,0.9646763181325261,extrapolated,syndromic,2025-01-08
ILI incidence,GB-NIR,FALSE,2025-01-05,2025-W01,38.15555502765126,41.1236946215447,44.32272727,0.9278241018661192,extrapolated,syndromic,2025-01-15
ILI incidence,GB-NIR,FALSE,2025-01-12,2025-W02,42.38923926463737,48.8844284601326,56.3748580377894,0.8671317349901654,extrapolated,syndromic,2025-01-22
ILI incidence,GB-NIR,FALSE,2025-01-19,2025-W03,50.67991588156608,55.08730159,59.87797619,0.919992710094299,extrapolated,syndromic,2025-01-29
ILI incidence,GB-NIR,FALSE,2025-01-26,2025-W04,27.515240441188723,33.079405810443,39.7687634644088,0.8317936724396154,extrapolated,syndromic,2025-02-05
ILI incidence,GB-NIR,FALSE,2025-02-02,2025-W05,15.048715198734824,13.2596624720323,11.6832996405569,1.1349244545610457,extrapolated,syndromic,2025-02-12
ILI incidence,GB-NIR,FALSE,2025-02-09,2025-W06,14.15992215299006,12.3553623616818,10.7807781313422,1.1460547848361633,extrapolated,syndromic,2025-02-19
ILI incidence,GB-NIR,FALSE,2025-02-16,2025-W07,10.241980319338845,8.74607153279633,7.46865009224391,1.171037794618201,extrapolated,syndromic,2025-02-26
ILI incidence,GB-NIR,FALSE,2025-03-16,2025-W11,14.851872784921854,16.68771166,18.75047844,0.8899885788727641,extrapolated,syndromic,2025-03-26
ILI incidence,GB-NIR,FALSE,2025-11-02,2025-W44,6.444044770701816,7.01132555493853,7.62854508100822,0.9190907939174012,extrapolated,syndromic,2025-11-12
ILI incidence,GB-NIR,FALSE,2025-11-09,2025-W45,6.072912860305028,6.59292905262217,7.15747360332225,0.9211251648293837,extrapolated,syndromic,2025-11-19
ILI incidence,GB-NIR,FALSE,2025-11-16,2025-W46,10.346006853908857,10.0308113833761,9.72521847603968,1.0314227292774263,extrapolated,syndromic,2025-11-26
ILI incidence,GB-NIR,FALSE,2025-11-23,2025-W47,15.751773635568993,17.121012612688,18.6092740833901,0.9200258180930085,extrapolated,syndromic,2025-12-03
ILI incidence,GB-NIR,FALSE,2025-11-30,2025-W48,18.815065858663036,20.3775927766883,22.0698822152327,0.9233213198855961,extrapolated,syndromic,2025-12-10
ILI incidence,GB-NIR,FALSE,2025-12-07,2025-W49,18.58738681783479,18.8459083639375,19.1080255413387,0.9862823515263714,extrapolated,syndromic,2025-12-17
ILI incidence,GB-NIR,FALSE,2025-12-14,2025-W50,49.501592563869664,47.3461557647092,45.2845726691277,1.045525064587547,extrapolated,syndromic,2025-12-24
ILI incidence,GB-NIR,FALSE,2025-12-21,2025-W51,45.16482151111554,41.3046928996173,37.7744801916645,1.0934549645697518,extrapolated,syndromic,2025-12-31
ILI incidence,GB-NIR,FALSE,2025-12-28,2025-W52,29.817490979774163,25.2072805772231,21.3098746145294,1.1828920175830782,extrapolated,syndromic,2026-01-07
ILI incidence,GB-NIR,FALSE,2026-01-04,2026-W01,23.772655351326804,26.2454935595308,28.9755570845361,0.9057804646502448,extrapolated,syndromic,2026-01-14
ILI incidence,GB-NIR,FALSE,2026-01-11,2026-W02,24.470011824488978,20.9722244692936,17.974417108792,1.1667818957553429,extrapolated,syndromic,2026-01-21
ILI incidence,GB-NIR,FALSE,2026-01-18,2026-W03,17.733213831076352,14.9330669001999,12.5750746125363,1.1875131846385134,extrapolated,syndromic,2026-01-28
ILI incidence,GB-NIR,FALSE,2026-01-25,2026-W04,13.697283594979845,12.6236254586826,11.6341257458891,1.0850514885609808,extrapolated,syndromic,2026-02-04
ILI incidence,GB-NIR,FALSE,2026-02-01,2026-W05,9.482031498287105,8.14891964156833,7.00323462717182,1.1635936928275075,extrapolated,syndromic,2026-02-11
ILI incidence,GB-NIR,FALSE,2026-02-08,2026-W06,7.03385801851582,6.71898898959572,6.418215,1.0468625606334037,extrapolated,syndromic,2026-02-18
ILI incidence,GB-NIR,FALSE,2026-02-15,2026-W07,5.423579546642764,5.55015320359546,5.67968079355432,0.9771945652111548,extrapolated,syndromic,2026-02-25
ILI incidence,GB-NIR,FALSE,2026-02-22,2026-W08,5.436355532014938,5.0294441855342,4.65299016343552,1.0809058280537447,extrapolated,syndromic,2026-03-04
ILI incidence,GB-NIR,FALSE,2026-03-01,2026-W09,4.894035166330626,4.5563912,4.2420416,1.0741033751295603,extrapolated,syndromic,2026-03-11
ILI incidence,GB-NIR,FALSE,2026-03-08,2026-W10,2.71288398322283,3.1767246988049,3.7198715,0.8539877516749973,extrapolated,syndromic,2026-03-18
ILI incidence,GB-NIR,FALSE,2026-03-15,2026-W11,3.528542393363508,3.93840219953793,4.39586949968303,0.8959324656525662,extrapolated,syndromic,2026-03-25
ILI incidence,GB-NIR,FALSE,2026-03-22,2026-W12,4.433415318511123,4.43753901914216,4.44166655539555,0.9990707235219232,extrapolated,syndromic,2026-04-01
ILI incidence,GB-NIR,FALSE,2026-03-29,2026-W13,4.475918120407509,4.41576605543091,4.35642237676157,1.0136221131784413,extrapolated,syndromic,2026-04-08
ILI incidence,GB-NIR,FALSE,2026-04-05,2026-W14,4.32483659117566,4.62394691021789,4.94374401847664,0.9353127696208485,extrapolated,syndromic,2026-04-15
ILI incidence,GB-NIR,FALSE,2026-04-12,2026-W15,2.991320096169674,3.10839368951339,3.23004928204735,0.9623363045232395,extrapolated,syndromic,2026-04-22
ILI incidence,GB-NIR,FALSE,2026-04-19,2026-W16,3.2157132624766467,3.16777757997172,3.12055646044852,1.0151322753238738,extrapolated,syndromic,2026-04-29
ILI incidence,GB-NIR,FALSE,2026-04-26,2026-W17,2.9825590969324667,3.08860323665379,3.19841774913346,0.9656659882814176,extrapolated,syndromic,2026-05-06
ILI incidence,GB-NIR,FALSE,2026-05-03,2026-W18,3.439576477803944,2.8789705564758,2.40973605865176,1.1947244372010497,extrapolated,syndromic,2026-05-13
ILI incidence,GB-NIR,FALSE,2026-05-10,2026-W19,2.668787774650591,2.69840187145384,2.72834457989785,0.9890253200916684,extrapolated,syndromic,2026-05-20
ILI incidence,GB-NIR,FALSE,2026-05-17,2026-W20,3.5725742782405416,3.37616520231284,3.19055408945108,1.0581751970529023,extrapolated,syndromic,2026-05-27
ILI incidence,GB-NIR,FALSE,2026-05-24,2026-W21,3.2305231314269487,3.3769447547448,3.53000285485072,0.9566407999088169,extrapolated,syndromic,2026-06-03
ILI incidence,GB-NIR,FALSE,2026-05-31,2026-W22,2.718251054654739,3.20571442196815,3.78059448836299,0.8479392412583862,extrapolated,syndromic,2026-06-10
ILI incidence,GB-NIR,FALSE,2026-06-07,2026-W23,3.050151112645718,3.43946789243683,3.87847649057705,0.8868090088448871,extrapolated,syndromic,2026-06-17
ILI incidence,GB-NIR,FALSE,2026-06-21,2026-W25,2.350261046769226,2.35643963632261,2.36263446873928,0.9973779979515935,extrapolated,syndromic,2026-07-01
ILI incidence,GB-NIR,FALSE,2026-06-28,2026-W26,1.5827360036463292,1.86697441076996,2.2022582682391,0.847754524387719,extrapolated,syndromic,2026-07-08
ILI incidence,GB-NIR,FALSE,2026-07-05,2026-W27,1.1372721367441903,1.44857732861764,1.84509600577422,0.785095910502393,extrapolated,syndromic,2026-07-15
ILI incidence,GB-NIR,FALSE,2026-07-12,2026-W28,0.8598694757446466,1.36086895930145,2.15377377221864,0.6318532507244692,extrapolated,syndromic,2026-07-22
ILI incidence,GB-NIR,FALSE,2026-08-02,2026-W31,1.3676261982462057,1.47742074559932,1.59602972093278,0.9256849833196461,extrapolated,syndromic,2026-08-12
ILI incidence,GB-NIR,FALSE,2026-08-09,2026-W32,2.2868230076016713,2.41852935002342,2.55782113328447,0.9455427975598173,extrapolated,syndromic,2026-08-19
ILI incidence,GB-NIR,FALSE,2026-08-16,2026-W33,1.9332899548332654,2.38153581145009,2.93371038681489,0.8117828611009241,extrapolated,syndromic,2026-08-26
ILI incidence,GB-NIR,FALSE,2026-08-23,2026-W34,1.6713849520715676,1.91841080713692,2.2019463681172,0.8712341203738216,extrapolated,syndromic,2026-09-02
ILI incidence,GB-NIR,FALSE,2026-08-30,2026-W35,1.9953046016852418,2.1203649873111,2.25326382529139,0.9410194063879299,extrapolated,syndromic,2026-09-09
ILI incidence,GB-NIR,FALSE,2026-09-06,2026-W36,2.1021860175856677,2.30246241994382,2.52181926380714,0.913016429443813,extrapolated,syndromic,2026-09-16
ILI incidence,GB-NIR,FALSE,2026-09-13,2026-W37,2.3482426974660116,2.61440102257322,2.91072669541681,0.8981952949034411,extrapolated,syndromic,2026-09-23
ILI incidence,GB-NIR,FALSE,2026-09-20,2026-W38,3.2540520845028973,3.98031867982369,4.86867953601721,0.8175355659328858,extrapolated,syndromic,2026-09-30
ILI incidence,GB-NIR,FALSE,2026-09-27,2026-W39,3.98031867982369,3.98031867982369,4.86867953601721,0.8175355659328858,h1_nowcast,syndromic,2026-09-30
ILI incidence,GB-SCT,FALSE,2024-02-18,2024-W07,10.960447637968164,11.5012176644728,12.0686683733022,0.952981497935208,extrapolated,flu_archive,2024-02-28
ILI incidence,GB-SCT,FALSE,2024-02-25,2024-W08,13.418622719993769,13.1331340427582,12.8537192962479,1.021738046402792,extrapolated,flu_archive,2024-03-06
ILI incidence,GB-SCT,FALSE,2024-03-03,2024-W09,5.951989463135535,4.90107754744468,4.03571969924359,1.2144246659061289,extrapolated,flu_archive,2024-03-13
ILI incidence,GB-SCT,FALSE,2024-03-10,2024-W10,8.76682258973442,7.72212447508357,6.80191777560439,1.1352863603820047,extrapolated,flu_archive,2024-03-20
ILI incidence,GB-SCT,FALSE,2024-03-17,2024-W11,7.812883602282774,7.21008462973464,6.65379429852847,1.0836049787907025,extrapolated,flu_archive,2024-03-27
ILI incidence,GB-SCT,FALSE,2024-03-24,2024-W12,6.813856764275724,6.14734187686178,5.54602385379543,1.1084232666354,extrapolated,flu_archive,2024-04-03
ILI incidence,GB-SCT,FALSE,2024-03-31,2024-W13,6.233416934981452,5.46299469279191,4.78779316781918,1.1410256252319024,extrapolated,flu_archive,2024-04-10
ILI incidence,GB-SCT,FALSE,2024-04-07,2024-W14,4.723118552779925,4.22357113918984,3.77685907487924,1.1182760742336892,extrapolated,flu_archive,2024-04-17
ILI incidence,GB-SCT,FALSE,2024-04-14,2024-W15,6.831843604989011,6.2412855812688,5.70177655684442,1.0946212148171173,extrapolated,flu_archive,2024-04-24
ILI incidence,GB-SCT,FALSE,2024-04-21,2024-W16,2.4896697127753873,2.94650639422323,3.48716935690242,0.8449564941235176,extrapolated,flu_archive,2024-05-01
ILI incidence,GB-SCT,FALSE,2024-10-13,2024-W41,1.5434486157250953,1.73163182601161,1.94275905935982,0.8913260847602065,extrapolated,syndromic,2024-10-23
ILI incidence,GB-SCT,FALSE,2024-10-20,2024-W42,1.7215643961223948,1.6803337241793,1.64009050778112,1.0245371924337425,extrapolated,syndromic,2024-10-30
ILI incidence,GB-SCT,FALSE,2024-10-27,2024-W43,2.335383477275396,2.46892144806619,2.61009516254381,0.9459124262963533,extrapolated,syndromic,2024-11-06
ILI incidence,GB-SCT,FALSE,2024-11-03,2024-W44,2.2639761627341666,2.80198476237723,3.46784508504388,0.8079901765109485,extrapolated,syndromic,2024-11-13
ILI incidence,GB-SCT,FALSE,2024-11-10,2024-W45,1.5364452507150026,1.91094506949903,2.37672709583585,0.8040237656427216,extrapolated,syndromic,2024-11-20
ILI incidence,GB-SCT,FALSE,2024-11-17,2024-W46,3.581412184666886,3.65825071253675,3.73673779663549,0.9789958278128561,extrapolated,syndromic,2024-11-27
ILI incidence,GB-SCT,FALSE,2024-11-24,2024-W47,2.771804554344427,3.24928185264562,3.80901046626256,0.8530514372237598,extrapolated,syndromic,2024-12-04
ILI incidence,GB-SCT,FALSE,2024-12-01,2024-W48,5.284055677700419,5.37868058499571,5.475,0.9824074127846046,extrapolated,syndromic,2024-12-11
ILI incidence,GB-SCT,FALSE,2024-12-08,2024-W49,4.358542503553669,6.00368085380761,8.269779121114,0.7259783805445664,extrapolated,syndromic,2024-12-18
ILI incidence,GB-SCT,FALSE,2024-12-15,2024-W50,13.577869020368299,17.9260948209572,23.6668121520318,0.7574359700750083,extrapolated,syndromic,2024-12-25
ILI incidence,GB-SCT,FALSE,2024-12-22,2024-W51,22.400770726102945,24.4207264121423,26.622828553027,0.9172851924242919,extrapolated,syndromic,2025-01-01
ILI incidence,GB-SCT,FALSE,2024-12-29,2024-W52,33.19925836098467,41.0668981401404,50.7990300420267,0.8084189423728213,extrapolated,syndromic,2025-01-08
ILI incidence,GB-SCT,FALSE,2025-01-05,2025-W01,31.720282899751794,37.1538928697599,43.5182674675451,0.8537539528077123,extrapolated,syndromic,2025-01-15
ILI incidence,GB-SCT,FALSE,2025-01-12,2025-W02,41.61861870416352,51.0484863904616,62.6149556111156,0.8152762529691758,extrapolated,syndromic,2025-01-22
ILI incidence,GB-SCT,FALSE,2025-01-19,2025-W03,44.73051741911805,48.74603175,53.12202381,0.9176237698388245,extrapolated,syndromic,2025-01-29
ILI incidence,GB-SCT,FALSE,2025-01-26,2025-W04,40.46634139067954,27.9311830397255,19.2790096457383,1.4487872330049796,extrapolated,syndromic,2025-02-05
ILI incidence,GB-SCT,FALSE,2025-02-02,2025-W05,14.718772997893085,11.419052306156,8.85907783137847,1.2889662472216028,extrapolated,syndromic,2025-02-12
ILI incidence,GB-SCT,FALSE,2025-02-09,2025-W06,12.586661543641224,11.1337896004977,9.8486219271365,1.1304921320839922,extrapolated,syndromic,2025-02-19
ILI incidence,GB-SCT,FALSE,2025-02-16,2025-W07,8.334010900510098,7.14010933484635,6.11724197654212,1.1672105439390226,extrapolated,syndromic,2025-02-26
ILI incidence,GB-SCT,FALSE,2025-03-16,2025-W11,12.26222688261186,13.76124819,15.44352046,0.8910693792676855,extrapolated,syndromic,2025-03-26
ILI incidence,GB-SCT,FALSE,2025-11-02,2025-W44,4.857646957933337,5.43091151963193,6.0718286424461,0.894444135275206,extrapolated,syndromic,2025-11-12
ILI incidence,GB-SCT,FALSE,2025-11-09,2025-W45,6.9366700488272945,7.2526940049874,7.58311552369035,0.95642668008014875,extrapolated,syndromic,2025-11-19
ILI incidence,GB-SCT,FALSE,2025-11-16,2025-W46,10.087276761705162,11.7787299590094,13.7538091523339,0.8563976588995096,extrapolated,syndromic,2025-11-26
ILI incidence,GB-SCT,FALSE,2025-11-23,2025-W47,15.168608795035123,15.579602999388,16.0017331120034,0.9736197254596911,extrapolated,syndromic,2025-12-03
ILI incidence,GB-SCT,FALSE,2025-11-30,2025-W48,9.115619019987335,10.0628544739819,11.1085204353657,0.9058681156083794,extrapolated,syndromic,2025-12-10
ILI incidence,GB-SCT,FALSE,2025-12-07,2025-W49,7.379009230721399,7.06479474641328,6.7639602077133,1.044476095284671,extrapolated,syndromic,2025-12-17
ILI incidence,GB-SCT,FALSE,2025-12-14,2025-W50,42.296579598344586,43.5753188441731,44.8927178131837,0.9706545062722016,extrapolated,syndromic,2025-12-24
ILI incidence,GB-SCT,FALSE,2025-12-21,2025-W51,44.19557087396067,39.0026250804059,34.4198464479837,1.1331434943891405,extrapolated,syndromic,2025-12-31
ILI incidence,GB-SCT,FALSE,2025-12-28,2025-W52,31.8308635579704,34.463457704319,37.3137824166878,0.9236120133697823,extrapolated,syndromic,2026-01-07
ILI incidence,GB-SCT,FALSE,2026-01-04,2026-W01,41.576108447616974,38.3885351396492,35.4453479460401,1.0830345126838543,extrapolated,syndromic,2026-01-14
ILI incidence,GB-SCT,FALSE,2026-01-11,2026-W02,16.733359189779407,14.2082820773861,12.0642410947513,1.177718678348329,extrapolated,syndromic,2026-01-21
ILI incidence,GB-SCT,FALSE,2026-01-18,2026-W03,6.1183090484487,6.27670316054876,6.4391978655658,0.9747647597714002,extrapolated,syndromic,2026-01-28
ILI incidence,GB-SCT,FALSE,2026-01-25,2026-W04,10.291558191813843,11.3957704500625,12.6184569654199,0.9031033256516151,extrapolated,syndromic,2026-02-04
ILI incidence,GB-SCT,FALSE,2026-02-01,2026-W05,8.148055271506847,7.67753806145411,7.23419131571204,1.0612849075167752,extrapolated,syndromic,2026-02-11
ILI incidence,GB-SCT,FALSE,2026-02-08,2026-W06,6.48750616736739,5.34926375678423,4.41072763577149,1.2127848732715,extrapolated,syndromic,2026-02-18
ILI incidence,GB-SCT,FALSE,2026-02-15,2026-W07,5.307386318608889,4.31113228311278,3.5018859466346,1.231088718710524,extrapolated,syndromic,2026-02-25
ILI incidence,GB-SCT,FALSE,2026-02-22,2026-W08,3.7944257410395315,3.93958486476911,4.09029717958477,0.9631537005262392,extrapolated,syndromic,2026-03-04
ILI incidence,GB-SCT,FALSE,2026-03-01,2026-W09,3.0008463637964256,2.92100763543468,2.84329304865623,1.0273325983106731,extrapolated,syndromic,2026-03-11
ILI incidence,GB-SCT,FALSE,2026-03-08,2026-W10,3.3733790806769277,3.31496927778242,3.25757083619436,1.0176200133394844,extrapolated,syndromic,2026-03-18
ILI incidence,GB-SCT,FALSE,2026-03-15,2026-W11,2.9655994148276252,2.9203858,2.87586151325747,1.015482069125122,extrapolated,syndromic,2026-03-25
ILI incidence,GB-SCT,FALSE,2026-03-22,2026-W12,2.412958763802567,2.64938887390229,2.90898523027208,0.9107605106865704,extrapolated,syndromic,2026-04-01
ILI incidence,GB-SCT,FALSE,2026-03-29,2026-W13,2.8722175004154207,2.90898523027208,2.9462236299017,0.9873606337103262,extrapolated,syndromic,2026-04-08
ILI incidence,GB-SCT,FALSE,2026-04-05,2026-W14,2.9441856664701076,2.95252813759949,2.9608942474638,0.9971744651564385,extrapolated,syndromic,2026-04-15
ILI incidence,GB-SCT,FALSE,2026-04-12,2026-W15,2.1515334123452923,2.5756878937603,3.08346042315548,0.8353238051696646,extrapolated,syndromic,2026-04-22
ILI incidence,GB-SCT,FALSE,2026-04-19,2026-W16,3.4654696556233846,3.6382750571118,3.81969738783378,0.9525034806946139,extrapolated,syndromic,2026-04-29
ILI incidence,GB-SCT,FALSE,2026-04-26,2026-W17,3.309036651089479,3.46652012963792,3.63149855267649,0.9545701531625347,extrapolated,syndromic,2026-05-06
ILI incidence,GB-SCT,FALSE,2026-05-03,2026-W18,4.82518667906129,5.71644657621008,6.77233102720519,0.8440884760721962,extrapolated,syndromic,2026-05-13
ILI incidence,GB-SCT,FALSE,2026-05-10,2026-W19,5.868288093187668,9.61108913524868,15.7410530803572,0.6105747236976208,extrapolated,syndromic,2026-05-20
ILI incidence,GB-SCT,FALSE,2026-05-17,2026-W20,0.7186013002559145,0.545632869566541,0.414298204366445,1.3170051518831374,extrapolated,syndromic,2026-05-27
ILI incidence,GB-SCT,FALSE,2026-05-24,2026-W21,0.582791212795359,0.60674443337312,0.631682151938239,0.9605217299735308,extrapolated,syndromic,2026-06-03
ILI incidence,GB-SCT,FALSE,2026-05-31,2026-W22,0.8383675596628495,0.634989719979271,0.48094888671683,1.3202852475945872,extrapolated,syndromic,2026-06-10
ILI incidence,GB-SCT,FALSE,2026-09-06,2026-W36,1.749802085179778,1.82205009460449,1.89728116989136,0.9603479566019316,extrapolated,syndromic,2026-09-16
ILI incidence,GB-SCT,FALSE,2026-09-13,2026-W37,1.639833828039648,1.8708024024963401,2.13430261611938,0.8765403689088196,extrapolated,syndromic,2026-09-23
ILI incidence,GB-SCT,FALSE,2026-09-20,2026-W38,3.6991464004166863,3.90036695943966,4.11253320943852,0.9484098390957854,extrapolated,syndromic,2026-09-30
ILI incidence,GB-SCT,FALSE,2026-09-27,2026-W39,3.90036695943966,3.90036695943966,4.11253320943852,0.9484098390957854,h1_nowcast,syndromic,2026-09-30
ILI incidence,GB-WLS,FALSE,2024-02-18,2024-W07,12.340799538356793,10.5691649414211,9.051864687678,1.1676229490934116,extrapolated,flu_archive,2024-02-28
ILI incidence,GB-WLS,FALSE,2024-02-25,2024-W08,10.323452912534098,9.051864687678,7.93690396209877,1.1404780416776519,extrapolated,flu_archive,2024-03-06
ILI incidence,GB-WLS,FALSE,2024-03-03,2024-W09,9.577160530252447,7.93690396209877,6.5775700746157,1.2066620153130774,extrapolated,flu_archive,2024-03-13
ILI incidence,GB-WLS,FALSE,2024-03-10,2024-W10,6.280822178293326,5.39785333823763,4.63901378418588,1.1635777752242489,extrapolated,flu_archive,2024-03-20
ILI incidence,GB-WLS,FALSE,2024-03-17,2024-W11,5.8953782762351326,5.45262054494084,5.04311503249247,1.081200906544854,extrapolated,flu_archive,2024-03-27
ILI incidence,GB-WLS,FALSE,2024-03-24,2024-W12,4.600336928686947,3.91726311902296,3.33561445205652,1.1743752688827194,extrapolated,flu_archive,2024-04-03
ILI incidence,GB-WLS,FALSE,2024-03-31,2024-W13,5.079801252948525,4.3869581047588,3.78861306861919,1.1579324743124757,extrapolated,flu_archive,2024-04-10
ILI incidence,GB-WLS,FALSE,2024-04-07,2024-W14,4.471305014301835,3.78861306861919,3.21015652875413,1.1801957426946905,extrapolated,flu_archive,2024-04-17
ILI incidence,GB-WLS,FALSE,2024-04-21,2024-W16,3.3627534731127526,2.92338506335809,2.54142335945738,1.150294401945791,extrapolated,flu_archive,2024-05-01
ILI incidence,GB-WLS,FALSE,2024-11-03,2024-W44,3.4968491379396864,3.98966630204423,4.55193706499037,0.8764765955859432,extrapolated,syndromic,2024-11-13
ILI incidence,GB-WLS,FALSE,2024-11-10,2024-W45,3.522943707048199,3.59089976965118,3.66016667535258,0.9810754777459069,extrapolated,syndromic,2024-11-20
ILI incidence,GB-WLS,FALSE,2024-11-17,2024-W46,3.201219033780855,3.57059693484483,3.98259610997804,0.8965500985397483,extrapolated,syndromic,2024-11-27
ILI incidence,GB-WLS,FALSE,2024-11-24,2024-W47,3.5363373235249003,3.98917509716759,4.5,0.8864833549261311,extrapolated,syndromic,2024-12-04
ILI incidence,GB-WLS,FALSE,2024-12-01,2024-W48,4.111266527305544,4.58705560196279,5.11790684348752,0.8962757123646686,extrapolated,syndromic,2024-12-11
ILI incidence,GB-WLS,FALSE,2024-12-08,2024-W49,3.6799449083326796,4.11864886192139,4.60965282643107,0.8934835262008592,extrapolated,syndromic,2024-12-18
ILI incidence,GB-WLS,FALSE,2024-12-15,2024-W50,8.560520098434507,7.46188366204191,6.50424356763444,1.1472331231832633,extrapolated,syndromic,2024-12-25
ILI incidence,GB-WLS,FALSE,2024-12-22,2024-W51,3.272423653910425,5.31094635620827,8.61934583708824,0.6161658270347808,extrapolated,syndromic,2025-01-01
ILI incidence,GB-WLS,FALSE,2024-12-29,2024-W52,9.491358018567903,10.33333333,11.25,0.9185185182222223,extrapolated,syndromic,2025-01-08
ILI incidence,GB-WLS,FALSE,2025-01-05,2025-W01,11.480083851236895,12.33333333,13.25,0.9308176098113208,extrapolated,syndromic,2025-01-15
ILI incidence,GB-WLS,FALSE,2025-11-02,2025-W44,5.437194410602663,6.18715292415497,7.0405540828613304,0.8787877845035269,extrapolated,syndromic,2025-11-12
ILI incidence,GB-WLS,FALSE,2025-11-09,2025-W45,7.335970989766902,7.66216925240099,8.00287211254425,0.957427426634843,extrapolated,syndromic,2025-11-19
ILI incidence,GB-WLS,FALSE,2025-11-16,2025-W46,7.794762628932288,8.10366685408634,8.42481286579125,0.9618809323339494,extrapolated,syndromic,2025-11-26
ILI incidence,GB-WLS,FALSE,2025-11-23,2025-W47,10.917549844506748,12.4122203941977,14.1115192793606,0.8795807275232028,extrapolated,syndromic,2025-12-03
ILI incidence,GB-WLS,FALSE,2025-11-30,2025-W48,13.76538158359301,12.8203031980538,11.940110275325,1.0737173193909084,extrapolated,syndromic,2025-12-10
ILI incidence,GB-WLS,FALSE,2025-12-07,2025-W49,11.48777211498398,11.940110275325,12.4102595316081,0.9621160818526269,extrapolated,syndromic,2025-12-17
ILI incidence,GB-WLS,FALSE,2025-12-14,2025-W50,11.514077796027772,10.9973272194099,10.5037683532499,1.0469887424742466,extrapolated,syndromic,2025-12-24
ILI incidence,GB-WLS,FALSE,2025-12-21,2025-W51,12.118768091584835,11.8453756708827,11.5781508255589,1.0230800971027167,extrapolated,syndromic,2025-12-31
ILI incidence,GB-WLS,FALSE,2025-12-28,2025-W52,11.927346000240904,11.5781508255589,11.2391789872351,1.0301598398520735,extrapolated,syndromic,2026-01-07
ILI incidence,GB-WLS,FALSE,2026-01-04,2026-W01,11.73435052813263,11.3440485343813,10.9667285668581,1.03440588186558,extrapolated,syndromic,2026-01-14
ILI incidence,GB-WLS,FALSE,2026-01-18,2026-W03,15.691765362815788,13.9127536901628,12.3354326787107,1.1278691272965515,extrapolated,syndromic,2026-01-28
ILI incidence,GB-WLS,FALSE,2026-01-25,2026-W04,3.0913645028610595,3.16841373870858,3.24738335137973,0.9756820787303729,extrapolated,syndromic,2026-02-04
ILI incidence,GB-WLS,FALSE,2026-02-01,2026-W05,1.5292669622204398,1.53621335634009,1.54319130308754,0.9954782360855139,extrapolated,syndromic,2026-02-11
ILI incidence,GB-WLS,FALSE,2026-02-08,2026-W06,3.9445603170184698,3.65642993562742,3.38934603597538,1.078801012589787,extrapolated,syndromic,2026-02-18
ILI incidence,GB-WLS,FALSE,2026-02-15,2026-W07,4.378548200663595,4.91531973247122,5.5178947370636,0.8907962124494884,extrapolated,syndromic,2026-02-25
ILI incidence,GB-WLS,FALSE,2026-02-22,2026-W08,4.193864294644008,3.8193227424234,3.47823038275749,1.098064912938716,extrapolated,syndromic,2026-03-04
ILI incidence,GB-WLS,FALSE,2026-03-01,2026-W09,3.1162266529927547,2.85188938275749,2.60997480516184,1.0926884723627244,extrapolated,syndromic,2026-03-11
ILI incidence,GB-WLS,FALSE,2026-03-08,2026-W10,2.9620184811167025,2.80979280516183,2.66539039451325,1.0541768331370274,extrapolated,syndromic,2026-03-18
ILI incidence,GB-WLS,FALSE,2026-03-15,2026-W11,3.9335810516329572,3.7466927,3.5686836,1.0498808860499709,extrapolated,syndromic,2026-03-25
ILI incidence,GB-WLS,FALSE,2026-03-22,2026-W12,4.630197085430066,4.0081015,3.4695883,1.1552095388377925,extrapolated,syndromic,2026-04-01
ILI incidence,GB-WLS,FALSE,2026-03-29,2026-W13,4.393695276193637,3.795955,3.2795343,1.1574676928977385,extrapolated,syndromic,2026-04-08
ILI incidence,GB-WLS,FALSE,2026-04-05,2026-W14,2.577428433979589,2.32503629047012,2.09735939928948,1.1085540662500522,extrapolated,syndromic,2026-04-15
ILI incidence,GB-WLS,FALSE,2026-04-12,2026-W15,2.23629847895352,2.51295485500155,2.82383687271967,0.8899079402491455,extrapolated,syndromic,2026-04-22
ILI incidence,GB-WLS,FALSE,2026-04-19,2026-W16,2.5193853849472845,3.05089005196282,3.69452413464741,0.8257870136376804,extrapolated,syndromic,2026-04-29
ILI incidence,GB-WLS,FALSE,2026-04-26,2026-W17,2.6162904109971215,2.74527651093581,2.88062177265083,0.9530152611495152,extrapolated,syndromic,2026-05-06
ILI incidence,GB-WLS,FALSE,2026-05-03,2026-W18,4.208550617275651,5.44053669508347,7.0331670502066,0.7735543114852722,extrapolated,syndromic,2026-05-13
ILI incidence,GB-WLS,FALSE,2026-05-10,2026-W19,6.343849127165308,7.34604518903093,8.5065673595863,0.863573387302042,extrapolated,syndromic,2026-05-20
ILI incidence,GB-WLS,FALSE,2026-05-17,2026-W20,1.859665849458255,2.09247074620359,2.35441965286038,0.8887416241456578,extrapolated,syndromic,2026-05-27
ILI incidence,GB-WLS,FALSE,2026-05-24,2026-W21,2.911373318845009,3.83988967102061,5.0645352109843,0.7581919191108402,extrapolated,syndromic,2026-06-03
ILI incidence,GB-WLS,FALSE,2026-08-02,2026-W31,0.5467870530433521,0.55812539952222,0.569698861481894,0.9796849480626146,extrapolated,syndromic,2026-08-12
ILI incidence,GB-WLS,FALSE,2026-08-09,2026-W32,0.4799550314653781,0.52496991215363,0.574206728962003,0.9142524559101237,extrapolated,syndromic,2026-08-19
ILI incidence,GB-WLS,FALSE,2026-08-16,2026-W33,0.9951449701312906,1.11111416820963,1.24059783433694,0.895628008897408,extrapolated,syndromic,2026-08-26
ILI incidence,GB-WLS,FALSE,2026-08-23,2026-W34,1.1075886436111653,1.23542525109998,1.37801661280961,0.8965242070493595,extrapolated,syndromic,2026-09-02
ILI incidence,GB-WLS,FALSE,2026-08-30,2026-W35,1.1614301097964927,1.33760647738323,1.54050689167261,0.868289836685456,extrapolated,syndromic,2026-09-09
ILI incidence,GB-WLS,FALSE,2026-09-06,2026-W36,1.4834144630574395,1.46029872006693,1.43754318495312,1.015829461926427,extrapolated,syndromic,2026-09-16
ILI incidence,GB-WLS,FALSE,2026-09-13,2026-W37,2.1499328033126255,1.99895134882798,1.85857273716855,1.0755303297267182,extrapolated,syndromic,2026-09-23
ILI incidence,GB-WLS,FALSE,2026-09-20,2026-W38,1.2446643243760636,1.69265321054316,2.3018856048584,0.7353333314959772,extrapolated,syndromic,2026-09-30
ILI incidence,GB-WLS,FALSE,2026-09-27,2026-W39,1.69265321054316,1.69265321054316,2.3018856048584,0.7353333314959772,h1_nowcast,syndromic,2026-09-30
ILI incidence,GR,TRUE,2023-12-10,2023-W49,902.0985347170888,922.873224826212,944.126341329483,0.9774891181689273,extrapolated,flu_archive,2023-12-20
ILI incidence,GR,TRUE,2023-12-17,2023-W50,1092.7574172430004,1083.31668875914,1073.95752215983,1.0087146524943444,extrapolated,flu_archive,2023-12-27
ILI incidence,GR,TRUE,2023-12-24,2023-W51,1355.3731909116711,1475.8212459228,1606.9731676278,0.9183857426203293,extrapolated,flu_archive,2024-01-03
ILI incidence,GR,TRUE,2023-12-31,2023-W52,2058.1274034398934,1779.4,1538.42,1.1566412293131914,extrapolated,flu_archive,2024-01-10
ILI incidence,GR,TRUE,2024-01-07,2024-W01,2302.384427784441,2123.4851664883,1958.48668792248,1.0842479448971116,extrapolated,flu_archive,2024-01-17
ILI incidence,GR,TRUE,2024-01-14,2024-W02,1229.8952263224407,1065.95972684019,923.875558605769,1.1537914569889063,extrapolated,flu_archive,2024-01-24
ILI incidence,GR,TRUE,2024-01-21,2024-W03,1063.7666757775842,867.660025477147,707.705869109598,1.2260178463247673,extrapolated,flu_archive,2024-01-31
ILI incidence,GR,TRUE,2024-01-28,2024-W04,789.4524334290128,557.767242832623,394.076050694802,1.4153797010734712,extrapolated,flu_archive,2024-02-07
ILI incidence,GR,TRUE,2024-02-04,2024-W05,923.7290879786724,817.951731494539,724.287070486149,1.129319802637815,extrapolated,flu_archive,2024-02-14
ILI incidence,GR,TRUE,2024-02-11,2024-W06,902.6865831931018,871.159912213334,840.734322164171,1.036189304096499,extrapolated,flu_archive,2024-02-21
ILI incidence,GR,TRUE,2024-02-18,2024-W07,961.6581614174138,916.425347579903,873.320116629687,1.0493578816397444,extrapolated,flu_archive,2024-02-28
ILI incidence,GR,TRUE,2024-02-25,2024-W08,835.5043040415794,643.456241832743,495.552127201146,1.2984632826963172,extrapolated,flu_archive,2024-03-06
ILI incidence,GR,TRUE,2024-03-03,2024-W09,743.8444412993712,627.633305440785,529.577885142769,1.185157694550597,extrapolated,flu_archive,2024-03-13
ILI incidence,GR,TRUE,2024-03-10,2024-W10,677.9409817049086,600.408261407981,531.742570659148,1.1291333335672467,extrapolated,flu_archive,2024-03-20
ILI incidence,GR,TRUE,2024-03-17,2024-W11,652.0890557822789,583.729176863282,522.535609055294,1.1171088950638626,extrapolated,flu_archive,2024-03-27
ILI incidence,GR,TRUE,2024-03-24,2024-W12,552.9498165647694,491.72367201496,437.276878256372,1.1245133151693107,extrapolated,flu_archive,2024-04-03
ILI incidence,GR,TRUE,2024-03-31,2024-W13,860.5557329010843,846.995033834515,833.648025238119,1.0160103643172231,extrapolated,flu_archive,2024-04-10
ILI incidence,GR,TRUE,2024-04-07,2024-W14,886.7702692618885,867.513043501172,848.674010317331,1.0221981973700325,extrapolated,flu_archive,2024-04-17
ILI incidence,GR,TRUE,2024-04-14,2024-W15,900.3024054144068,858.703618527366,819.026918108234,1.0484437074556427,extrapolated,flu_archive,2024-04-24
ILI incidence,GR,TRUE,2024-04-21,2024-W16,815.2344347918337,761.26255797171,710.863841659987,1.0708978476019169,extrapolated,flu_archive,2024-05-01
ILI incidence,GR,TRUE,2024-10-13,2024-W41,604.715541774842,628.169187978789,652.532474306497,0.9626634883519001,extrapolated,syndromic,2024-10-23
ILI incidence,GR,TRUE,2024-10-20,2024-W42,673.2311491338355,708.294962474884,745.185,0.9504954641798802,extrapolated,syndromic,2024-10-30
ILI incidence,GR,TRUE,2024-10-27,2024-W43,710.2947230399245,712.237624755808,714.185840979817,0.9972721158664583,extrapolated,syndromic,2024-11-06
ILI incidence,GR,TRUE,2024-11-03,2024-W44,609.7771930550667,608.810051686748,607.844444259739,1.0015885765447523,extrapolated,syndromic,2024-11-13
ILI incidence,GR,TRUE,2024-11-10,2024-W45,728.4538214579431,728.956004707144,729.458534152642,0.9993110925131862,extrapolated,syndromic,2024-11-20
ILI incidence,GR,TRUE,2024-11-17,2024-W46,684.9803063657777,685.774767495563,686.570150065689,0.998841513033956,extrapolated,syndromic,2024-11-27
ILI incidence,GR,TRUE,2024-11-24,2024-W47,685.72780963844275,695.90999387029,706.243370564035,0.9853685328253172,extrapolated,syndromic,2024-12-04
ILI incidence,GR,TRUE,2024-12-01,2024-W48,677.67370780275,710.175574340577,744.236260877291,0.9542340405497524,extrapolated,syndromic,2024-12-11
ILI incidence,GR,TRUE,2024-12-08,2024-W49,717.1527834322324,739.92,763.41,0.9692301646559516,extrapolated,syndromic,2024-12-18
ILI incidence,GR,TRUE,2024-12-15,2024-W50,779.4830429674139,758.25,737.595343076675,1.028002694319042,extrapolated,syndromic,2024-12-25
ILI incidence,GR,TRUE,2024-12-22,2024-W51,696.7753376869564,717.282956438126,738.394159162631,0.9714093042820843,extrapolated,syndromic,2025-01-01
ILI incidence,GR,TRUE,2024-12-29,2024-W52,812.9662965425787,782.3809524,752.946287295775,1.0390926492378896,extrapolated,syndromic,2025-01-08
ILI incidence,GR,TRUE,2025-01-05,2025-W01,1337.0533740005762,1401.31683722554,1468.66902733753,0.9541406614708222,extrapolated,syndromic,2025-01-15
ILI incidence,GR,TRUE,2025-01-12,2025-W02,1657.130052188671,1676.23112670313,1695.5523716545,0.9886047489453148,extrapolated,syndromic,2025-01-22
ILI incidence,GR,TRUE,2025-01-19,2025-W03,1294.3071149296518,1304.46988589247,1314.71245392389,0.9922092713118751,extrapolated,syndromic,2025-01-29
ILI incidence,GR,TRUE,2025-01-26,2025-W04,1358.241018997748,1375.57088320834,1393.12186001188,0.9874016930554874,extrapolated,syndromic,2025-02-05
ILI incidence,GR,TRUE,2025-02-02,2025-W05,1426.3513044971094,1348.75416062557,1275.37849902003,1.0575324593145643,extrapolated,syndromic,2025-02-12
ILI incidence,GR,TRUE,2025-02-09,2025-W06,1199.489505226868,1175.23785668079,1151.47653544032,1.0206355236161053,extrapolated,syndromic,2025-02-19
ILI incidence,GR,TRUE,2025-02-16,2025-W07,1111.9195169809252,1027.916262896,950.259283509101,1.0817218844736025,extrapolated,syndromic,2025-02-26
ILI incidence,GR,TRUE,2025-02-23,2025-W08,1414.4282531449344,1337.31927120243,1264.41396313521,1.0576593664676446,extrapolated,syndromic,2025-03-05
ILI incidence,GR,TRUE,2025-03-02,2025-W09,1241.1407117767112,1168.30180159092,1099.73759352932,1.0623459709525442,extrapolated,syndromic,2025-03-12
ILI incidence,GR,TRUE,2025-03-09,2025-W10,1272.02978410589,1191.21888101572,1115.54182159796,1.0678388366554972,extrapolated,syndromic,2025-03-19
ILI incidence,GR,TRUE,2025-03-16,2025-W11,981.0653756931367,997.316437374128,1013.83669314993,0.9837052102301854,extrapolated,syndromic,2025-03-26
ILI incidence,GR,TRUE,2025-03-23,2025-W12,1157.1456470763,1054.87872372795,961.650008869224,1.096946616751297,extrapolated,syndromic,2025-04-02
ILI incidence,GR,TRUE,2025-03-30,2025-W13,864.6962087699258,850.481262954125,836.5,1.016714002336073,extrapolated,syndromic,2025-04-09
ILI incidence,GR,TRUE,2025-04-06,2025-W14,777.021888194211,731.624354471375,688.879173403502,1.062050331492364,extrapolated,syndromic,2025-04-16
ILI incidence,GR,TRUE,2025-04-13,2025-W15,751.766790646053,749.121775357797,746.486066287856,1.0035308215236325,extrapolated,syndromic,2025-04-23
ILI incidence,GR,TRUE,2025-04-20,2025-W16,669.7629210826492,627.931693922733,588.713109999137,1.0666174801571064,extrapolated,syndromic,2025-04-30
ILI incidence,GR,TRUE,2025-04-27,2025-W17,619.9427257216947,585.809347223594,553.555315767332,1.0582670431256755,extrapolated,syndromic,2025-05-07
ILI incidence,GR,TRUE,2025-05-04,2025-W18,649.1419530303131,555.5,475.366364104941,1.1685723726918316,extrapolated,syndromic,2025-05-14
ILI incidence,GR,TRUE,2025-05-11,2025-W19,476.0113663518897,507.177989665896,540.385233178201,0.9385489434694557,extrapolated,syndromic,2025-05-21
ILI incidence,GR,TRUE,2025-05-18,2025-W20,510.5086391343181,464,421.728416516286,1.1002341360653405,extrapolated,syndromic,2025-05-28
ILI incidence,GR,TRUE,2025-05-25,2025-W21,457.22378689260574,489.916118693539,524.946011638974,0.9332695321637637,extrapolated,syndromic,2025-06-04
ILI incidence,GR,TRUE,2025-06-01,2025-W22,367.49575511107093,370.13368681408,372.790553929466,0.9928730299430047,extrapolated,syndromic,2025-06-11
ILI incidence,GR,TRUE,2025-06-08,2025-W23,343.69995562729423,363.770756377197,385.013617338766,0.9448256892615884,extrapolated,syndromic,2025-06-18
ILI incidence,GR,TRUE,2025-06-15,2025-W24,295.95381945297004,313.849728360641,332.827777570551,0.9429793710475769,extrapolated,syndromic,2025-06-25
ILI incidence,GR,TRUE,2025-06-22,2025-W25,337.57241682950564,334.268473892941,330.99686783695,1.009884099742003,extrapolated,syndromic,2025-07-02
ILI incidence,GR,TRUE,2025-06-29,2025-W26,299.90141555419495,294.712514368067,289.613391669545,1.0176066537155857,extrapolated,syndromic,2025-07-09
ILI incidence,GR,TRUE,2025-07-06,2025-W27,271.9499928773886,274.111998023582,276.291191132175,0.9921126942206763,extrapolated,syndromic,2025-07-16
ILI incidence,GR,TRUE,2025-07-13,2025-W28,253.21590295194915,249.773730218463,246.378349779572,1.0137811639777956,extrapolated,syndromic,2025-07-23
ILI incidence,GR,TRUE,2025-07-20,2025-W29,336.5160785540282,307.590099883333,281.150517243558,1.094040668674533,extrapolated,syndromic,2025-07-30
ILI incidence,GR,TRUE,2025-07-27,2025-W30,252.65323122085766,252.500090575223,252.347042752693,1.0006064973889153,extrapolated,syndromic,2025-08-06
ILI incidence,GR,TRUE,2025-08-03,2025-W31,311.48774293932354,302.078216236508,292.952935687122,1.0311493056998478,extrapolated,syndromic,2025-08-13
ILI incidence,GR,TRUE,2025-08-10,2025-W32,392.62886455891686,391.299665888319,389.974967062907,1.0033968816906094,extrapolated,syndromic,2025-08-20
ILI incidence,GR,TRUE,2025-08-17,2025-W33,380.47689821651227,378.224763766161,375.985960242355,1.0059544870302148,extrapolated,syndromic,2025-08-27
ILI incidence,GR,TRUE,2025-08-24,2025-W34,458.4461461299808,449.37539636815,440.484119161463,1.0201852389675548,extrapolated,syndromic,2025-09-03
ILI incidence,GR,TRUE,2025-08-31,2025-W35,304.2142250635088,302.32804444327,300.45355846792,1.0062388543005063,extrapolated,syndromic,2025-09-10
ILI incidence,GR,TRUE,2025-09-07,2025-W36,315.74723698967847,319.537957322776,323.374187351479,0.9881368699829669,extrapolated,syndromic,2025-09-17
ILI incidence,GR,TRUE,2025-09-14,2025-W37,296.39585738189163,308.465797975878,321.027255108689,0.960871057105235,extrapolated,syndromic,2025-09-24
ILI incidence,GR,TRUE,2025-09-21,2025-W38,305.7774996031476,311.523717178388,317.377918553826,0.9815544780112193,extrapolated,syndromic,2025-10-01
ILI incidence,GR,TRUE,2025-09-28,2025-W39,385.84058929561,432.84748773007,485.581229222855,0.8914007825690002,extrapolated,syndromic,2025-10-08
ILI incidence,GR,TRUE,2025-10-05,2025-W40,519.4348056102845,568.098291258365,621.320837658331,0.9143396725586185,extrapolated,syndromic,2025-10-15
ILI incidence,GR,TRUE,2025-10-12,2025-W41,610.1894511111341,652.287473818868,697.289911725314,0.9354609364774891,extrapolated,syndromic,2025-10-22
ILI incidence,GR,TRUE,2025-10-19,2025-W42,662.6855524079317,684,706,0.9688385269121813,extrapolated,syndromic,2025-10-29
ILI incidence,GR,TRUE,2025-10-26,2025-W43,519.0822182820604,559.066402968239,602.130514048948,0.9284804372541593,extrapolated,syndromic,2025-11-05
ILI incidence,GR,TRUE,2025-11-02,2025-W44,591.1990276350376,605.225797824166,619.585366737145,0.9768239056571021,extrapolated,syndromic,2025-11-12
ILI incidence,GR,TRUE,2025-11-09,2025-W45,600.6472274391082,581.446131753972,562.858844072382,1.0330230001310947,extrapolated,syndromic,2025-11-19
ILI incidence,GR,TRUE,2025-11-16,2025-W46,518.6956909577959,545.303164350913,573.275518256259,0.951206090240117,extrapolated,syndromic,2025-11-26
ILI incidence,GR,TRUE,2025-11-23,2025-W47,591.0208881922175,599.727065197519,608.561490661652,0.9854831013797343,extrapolated,syndromic,2025-12-03
ILI incidence,GR,TRUE,2025-11-30,2025-W48,556.3619152486962,527.42379971081,499.990845665708,1.0548669126303236,extrapolated,syndromic,2025-12-10
ILI incidence,GR,TRUE,2025-12-07,2025-W49,660.7975051946963,665.56909072774,670.375131639807,0.992830818618956,extrapolated,syndromic,2025-12-17
ILI incidence,GR,TRUE,2025-12-14,2025-W50,810.0119225429995,826.025358058536,842.355369305706,0.9806138693451558,extrapolated,syndromic,2025-12-24
ILI incidence,GR,TRUE,2025-12-21,2025-W51,806.6179361140554,851.187022620077,898.218741536123,0.9476389027069141,extrapolated,syndromic,2025-12-31
ILI incidence,GR,TRUE,2025-12-28,2025-W52,878.9051870590009,872.494494559084,866.130561344394,1.0073475449299607,extrapolated,syndromic,2026-01-07
ILI incidence,GR,TRUE,2026-01-04,2026-W01,1478.9739950777032,1503.24391089202,1527.91209524628,0.9838549714797017,extrapolated,syndromic,2026-01-14
ILI incidence,GR,TRUE,2026-01-11,2026-W02,1586.599315456897,1462.91625007568,1348.87487589719,1.084545554384825,extrapolated,syndromic,2026-01-21
ILI incidence,GR,TRUE,2026-01-18,2026-W03,1248.585807059704,1171.19913430197,1098.60884565068,1.0660747352787756,extrapolated,syndromic,2026-01-28
ILI incidence,GR,TRUE,2026-01-25,2026-W04,1142.5641571958886,1071.27295424258,1004.43002282529,1.0665481217190942,extrapolated,syndromic,2026-02-04
ILI incidence,GR,TRUE,2026-02-01,2026-W05,1012.5636598457058,956.31962916298,903.199738831016,1.058813004530665,extrapolated,syndromic,2026-02-11
ILI incidence,GR,TRUE,2026-02-08,2026-W06,935.2137169911226,859.524169383708,789.960395503658,1.0880598246139896,extrapolated,syndromic,2026-02-18
ILI incidence,GR,TRUE,2026-02-15,2026-W07,636.1650881262433,653.054281252966,670.391856175225,0.9741381480658569,extrapolated,syndromic,2026-02-25
ILI incidence,GR,TRUE,2026-02-22,2026-W08,764.3250201527626,735.974699499259,708.675948086543,1.0385207815877255,extrapolated,syndromic,2026-03-04
ILI incidence,GR,TRUE,2026-03-01,2026-W09,706.8362315850219,690.223,674.00024,1.0240693682839044,extrapolated,syndromic,2026-03-11
ILI incidence,GR,TRUE,2026-03-08,2026-W10,681.5023255813953,663,645,1.027906976744186,extrapolated,syndromic,2026-03-18
ILI incidence,GR,TRUE,2026-03-15,2026-W11,688.8011418095222,675.5,662.455710803951,1.0196908094885597,extrapolated,syndromic,2026-03-25
ILI incidence,GR,TRUE,2026-03-22,2026-W12,733.7534226880813,690.361229963008,649.535134146337,1.0628543302285371,extrapolated,syndromic,2026-04-01
ILI incidence,GR,TRUE,2026-03-29,2026-W13,716.9889129563627,666.274008901326,619.146331157372,1.0761171880900242,extrapolated,syndromic,2026-04-08
ILI incidence,GR,TRUE,2026-04-05,2026-W14,577.332855522866,565.154609399136,553.233250922162,1.0215485212739883,extrapolated,syndromic,2026-04-15
ILI incidence,GR,TRUE,2026-04-12,2026-W15,558.1570093474878,536.439304120922,515.566627645064,1.0404849254328143,extrapolated,syndromic,2026-04-22
ILI incidence,GR,TRUE,2026-04-19,2026-W16,707.9085718087535,642.571641950249,583.26503093988,1.101680381755103,extrapolated,syndromic,2026-04-29
ILI incidence,GR,TRUE,2026-04-26,2026-W17,546.934479060082,522.495064371656,499.147709176973,1.046774441243414,extrapolated,syndromic,2026-05-06
ILI incidence,GR,TRUE,2026-05-03,2026-W18,470.5847893398306,443.289240010301,417.576927177314,1.0615750324300577,extrapolated,syndromic,2026-05-13
ILI incidence,GR,TRUE,2026-05-10,2026-W19,508.8655632679132,412.49670899305,334.378168248168,1.233623328802089,extrapolated,syndromic,2026-05-20
ILI incidence,GR,TRUE,2026-05-17,2026-W20,451.67238713279824,426.42408614254,402.587154811032,1.0592093688202662,extrapolated,syndromic,2026-05-27
ILI incidence,GR,TRUE,2026-05-24,2026-W21,383.76997348634615,427.113468809692,475.352236605187,0.898519951983395,extrapolated,syndromic,2026-06-03
ILI incidence,GR,TRUE,2026-05-31,2026-W22,546.7545995689949,475.54396479416,413.607974455846,1.1497456387773923,extrapolated,syndromic,2026-06-10
ILI incidence,GR,TRUE,2026-06-07,2026-W23,385.36463699148646,414.53766741159,445.919166440896,0.9296251397315405,extrapolated,syndromic,2026-06-17
ILI incidence,GR,TRUE,2026-08-02,2026-W31,221.95531061836112,224.605492843496,227.287318672052,0.9882007238933309,extrapolated,syndromic,2026-08-12
ILI incidence,GR,TRUE,2026-08-09,2026-W32,263.5902195983438,268.487387072411,273.475537623565,0.9817601581680768,extrapolated,syndromic,2026-08-19
ILI incidence,GR,TRUE,2026-08-16,2026-W33,311.59462948955803,324.664941877912,338.283508471446,0.9597421504374531,extrapolated,syndromic,2026-08-26
ILI incidence,GR,TRUE,2026-08-23,2026-W34,361.5043124443581,362.720283565032,363.940344777346,0.9966476340701924,extrapolated,syndromic,2026-09-02
ILI incidence,GR,TRUE,2026-08-30,2026-W35,282.0890145699907,284.658452920183,287.251295277956,0.9909736095175339,extrapolated,syndromic,2026-09-09
ILI incidence,GR,TRUE,2026-09-06,2026-W36,225.67580911586512,248.95362704471,274.632485694983,0.9064973738074348,extrapolated,syndromic,2026-09-16
ILI incidence,GR,TRUE,2026-09-13,2026-W37,239.88968721043244,271.470243495717,307.20825876511,0.8836684423359917,extrapolated,syndromic,2026-09-23
ILI incidence,GR,TRUE,2026-09-20,2026-W38,271.53174824923974,310.93171011779,356.048708779468,0.873284195254243,extrapolated,syndromic,2026-09-30
ILI incidence,GR,TRUE,2026-09-27,2026-W39,310.93171011779,310.93171011779,356.048708779468,0.873284195254243,h1_nowcast,syndromic,2026-09-30
ILI incidence,HR,TRUE,2023-12-10,2023-W49,0.17639669437828143,0.192485326199468,0.210041355552054,0.9164163204601147,extrapolated,flu_archive,2023-12-20
ILI incidence,HR,TRUE,2023-12-17,2023-W50,0.12386596942118273,0.2,0.322929697211569,0.6193298471059137,extrapolated,flu_archive,2023-12-27
ILI incidence,HR,TRUE,2023-12-24,2023-W51,0.23665445921887704,0.391238420192514,0.646797452876918,0.6048855301645173,extrapolated,flu_archive,2024-01-03
ILI incidence,HR,TRUE,2023-12-31,2023-W52,10.944011830840672,13.7165416618242,17.1914575814294,0.7978696161657123,extrapolated,flu_archive,2024-01-10
ILI incidence,HR,TRUE,2024-01-07,2024-W01,17.07293872249062,21.3775530649069,26.7674934275312,0.7986385846244168,extrapolated,flu_archive,2024-01-17
ILI incidence,HR,TRUE,2024-01-14,2024-W02,23.799456858760614,30.5821468168325,39.2978591686652,0.7782140672237352,extrapolated,flu_archive,2024-01-24
ILI incidence,HR,TRUE,2024-01-21,2024-W03,49.1478585025868,66.8185263479154,90.8425229366214,0.7355423890476164,extrapolated,flu_archive,2024-01-31
ILI incidence,HR,TRUE,2024-01-28,2024-W04,52.900032351441226,60.1199147268588,68.3251783808465,0.8799086391220039,extrapolated,flu_archive,2024-02-07
ILI incidence,HR,TRUE,2024-02-04,2024-W05,86.0552780898615,94.6615309050156,104.12848150841,0.9090839464260333,extrapolated,flu_archive,2024-02-14
ILI incidence,HR,TRUE,2024-02-11,2024-W06,86.72841233413847,82.699350094648,78.8574623011412,1.0487193942259438,extrapolated,flu_archive,2024-02-21
ILI incidence,HR,TRUE,2024-02-18,2024-W07,91.72467405399036,88.21,84.83,1.0398443946716962,extrapolated,flu_archive,2024-02-28
ILI incidence,HR,TRUE,2024-02-25,2024-W08,21.447821997029852,16.0536049640583,12.0160561001358,1.3360128173733201,extrapolated,flu_archive,2024-03-06
ILI incidence,HR,TRUE,2024-03-03,2024-W09,9.290908401953745,7.81225460856858,6.56892947693543,1.1892736306575775,extrapolated,flu_archive,2024-03-13
ILI incidence,HR,TRUE,2024-03-10,2024-W10,4.525589340966271,3.74557431604226,3.1,1.208249779368471,extrapolated,flu_archive,2024-03-20
ILI incidence,HR,TRUE,2024-03-17,2024-W11,3.659799943694199,3.87417686758757,4.10111116243155,0.9446651685711852,extrapolated,flu_archive,2024-03-27
ILI incidence,HR,TRUE,2024-03-24,2024-W12,3.569435219875142,3.43890289404612,3.31314406515338,1.0379575492099582,extrapolated,flu_archive,2024-04-03
ILI incidence,HR,TRUE,2024-03-31,2024-W13,0.8530918788791846,0.631220066437126,0.467052590860869,1.3514967667209905,extrapolated,flu_archive,2024-04-10
ILI incidence,HR,TRUE,2024-04-07,2024-W14,1.2629118225271314,1.19543966138525,1.1315722590618,1.0564412937945327,extrapolated,flu_archive,2024-04-17
ILI incidence,HR,TRUE,2024-04-14,2024-W15,0.5080563710587795,0.47,0.434794272020738,1.0809710022527224,extrapolated,flu_archive,2024-04-24
ILI incidence,HR,TRUE,2024-04-21,2024-W16,0.6608708006668896,0.6241146155838,0.589402728933171,1.0588933253048525,extrapolated,flu_archive,2024-05-01
ILI incidence,HR,TRUE,2024-10-13,2024-W41,0.46577672619203486,0.597851098713837,0.76737611850099,0.779084837669555,extrapolated,syndromic,2024-10-23
ILI incidence,HR,TRUE,2024-10-20,2024-W42,0.48986520196349437,0.566866072961952,0.655970547381832,0.8641639098347911,extrapolated,syndromic,2024-10-30
ILI incidence,HR,TRUE,2024-10-27,2024-W43,0.6683930148261179,1,1.4961257491001,0.6683930148261179,extrapolated,syndromic,2024-11-06
ILI incidence,HR,TRUE,2024-11-03,2024-W44,0.5652713865233485,0.648462209674822,0.743896201721125,0.8717106071714026,extrapolated,syndromic,2024-11-13
ILI incidence,HR,TRUE,2024-11-10,2024-W45,0.4970117607781859,0.491900985884641,0.486842765119738,1.0103898447862503,extrapolated,syndromic,2024-11-20
ILI incidence,HR,TRUE,2024-11-17,2024-W46,0.5009989375241011,0.488305462116898,0.475933592816705,1.02599494863763,extrapolated,syndromic,2024-11-27
ILI incidence,HR,TRUE,2024-11-24,2024-W47,0.979714556714224,0.87207516235325,0.776261905655531,1.1234290334224342,extrapolated,syndromic,2024-12-04
ILI incidence,HR,TRUE,2024-12-01,2024-W48,1.0563532603438441,0.9,0.766788943062801,1.1737258448264933,extrapolated,syndromic,2024-12-11
ILI incidence,HR,TRUE,2024-12-08,2024-W49,0.7772037835700951,1.00115590541142,1.28964007655241,0.7763064467473796,extrapolated,syndromic,2024-12-18
ILI incidence,HR,TRUE,2024-12-15,2024-W50,1.0116449839654391,1.22573794278305,1.48513908356348,0.8253354560180206,extrapolated,syndromic,2024-12-25
ILI incidence,HR,TRUE,2024-12-22,2024-W51,3.00040652154034,4.33483594465421,6.26275224112611,0.6921614935025372,extrapolated,syndromic,2025-01-01
ILI incidence,HR,TRUE,2024-12-29,2024-W52,2.1782521038319875,2.75347796765364,3.48060764179517,0.7910911688493268,extrapolated,syndromic,2025-01-08
ILI incidence,HR,TRUE,2025-01-05,2025-W01,13.2588098392526,16.6010836016268,20.7858759639423,0.798671349257787,extrapolated,syndromic,2025-01-15
ILI incidence,HR,TRUE,2025-01-12,2025-W02,32.72986537471599,48.0169767937391,70.4442268250694,0.6816311138310487,extrapolated,syndromic,2025-01-22
ILI incidence,HR,TRUE,2025-01-19,2025-W03,96.05074560919606,98.0229029125911,100.035553440736,0.9798806478404977,extrapolated,syndromic,2025-01-29
ILI incidence,HR,TRUE,2025-01-26,2025-W04,161.91219767021596,186.560644922865,214.961409546958,0.8678797060181683,extrapolated,syndromic,2025-02-05
ILI incidence,HR,TRUE,2025-02-02,2025-W05,175.25511084695958,171.076088697843,166.996716858714,1.024427856522355,extrapolated,syndromic,2025-02-12
ILI incidence,HR,TRUE,2025-02-09,2025-W06,138.0518630289617,131.684654872132,125.61111417348,1.0483519371563244,extrapolated,syndromic,2025-02-19
ILI incidence,HR,TRUE,2025-02-16,2025-W07,137.03544637525476,119.481297485106,104.175823309481,1.146919637295845,extrapolated,syndromic,2025-02-26
ILI incidence,HR,TRUE,2025-02-23,2025-W08,126.30305310384429,105.352982572213,87.8779306129314,1.1988559793954696,extrapolated,syndromic,2025-03-05
ILI incidence,HR,TRUE,2025-03-02,2025-W09,97.89818316397275,81.2804695228715,67.4835273990017,1.2044490360187352,extrapolated,syndromic,2025-03-12
ILI incidence,HR,TRUE,2025-03-09,2025-W10,57.16025305454629,40.9219907705974,29.2967444883568,1.3968101741427528,extrapolated,syndromic,2025-03-19
ILI incidence,HR,TRUE,2025-03-16,2025-W11,40.04233107420694,28.2752373499288,19.9660965220328,1.4161625092179022,extrapolated,syndromic,2025-03-26
ILI incidence,HR,TRUE,2025-03-23,2025-W12,23.64309250944544,14.1317751145413,8.44674053566324,1.6730447744754444,extrapolated,syndromic,2025-04-02
ILI incidence,HR,TRUE,2025-03-30,2025-W13,11.86700234823699,7.70453022002461,5.00208765190741,1.540262937433073,extrapolated,syndromic,2025-04-09
ILI incidence,HR,TRUE,2025-04-06,2025-W14,5.730762245397794,3.9831169980387,2.76843120351149,1.4387632219238453,extrapolated,syndromic,2025-04-16
ILI incidence,HR,TRUE,2025-04-13,2025-W15,5.985705430999055,3.88385606624824,2.52006018625871,1.5411759161253311,extrapolated,syndromic,2025-04-23
ILI incidence,HR,TRUE,2025-04-20,2025-W16,1.6724897734160455,1.57826840305538,1.489355087054,1.0596992059007593,extrapolated,syndromic,2025-04-30
ILI incidence,HR,TRUE,2025-04-27,2025-W17,1.9830381402155925,1.49091865322938,1.1209257076143,1.3300780266718544,extrapolated,syndromic,2025-05-07
ILI incidence,HR,TRUE,2025-05-04,2025-W18,2.2718688538654286,1.80530590811059,1.43455878463839,1.2584398265461492,extrapolated,syndromic,2025-05-14
ILI incidence,HR,TRUE,2025-05-11,2025-W19,0.7832312219087274,0.806507102695299,0.830474690619222,0.9711398936118666,extrapolated,syndromic,2025-05-21
ILI incidence,HR,TRUE,2025-05-18,2025-W20,0.8085820128380435,0.820232782685213,0.832051427201713,0.9857957764026107,extrapolated,syndromic,2025-05-28
ILI incidence,HR,TRUE,2025-05-25,2025-W21,0.6145895219785121,0.642669647796431,0.672032733114557,0.9563070608450248,extrapolated,syndromic,2025-06-04
ILI incidence,HR,TRUE,2025-06-01,2025-W22,0.8694481272539137,0.882771399384109,0.896298835022961,0.9849074492677372,extrapolated,syndromic,2025-06-11
ILI incidence,HR,TRUE,2025-06-15,2025-W24,0.9947330467837245,1,1.00529484089556,0.9947330467837245,extrapolated,syndromic,2025-06-25
ILI incidence,HR,TRUE,2025-06-22,2025-W25,0.9210190735812096,0.990915352204305,1.06611607012241,0.9294629168196756,extrapolated,syndromic,2025-07-02
ILI incidence,HR,TRUE,2025-06-29,2025-W26,0.9719763511917607,1.04614838670389,1.12598052993908,0.9290998901734926,extrapolated,syndromic,2025-07-09
ILI incidence,HR,TRUE,2025-07-06,2025-W27,0.0969642715465795,0.113798495119142,0.133555352758572,0.8520698928844547,extrapolated,syndromic,2025-07-16
ILI incidence,HR,TRUE,2025-07-13,2025-W28,0.14290758222964528,0.142694421017277,0.142481577756565,1.0014938300379832,extrapolated,syndromic,2025-07-23
ILI incidence,HR,TRUE,2025-07-20,2025-W29,2.9953858079022653e-4,5.45300828964099e-4,9.9270348842701e-4,0.5493088674727601,extrapolated,syndromic,2025-07-30
ILI incidence,HR,TRUE,2025-07-27,2025-W30,4.800896820823635e-4,8.09953546781218e-4,0.0013664629181323,0.592737304491419,extrapolated,syndromic,2025-08-06
ILI incidence,HR,TRUE,2025-08-03,2025-W31,0.23732463909850152,0.288407086528957,0.350484668916311,0.8228807480244538,extrapolated,syndromic,2025-08-13
ILI incidence,HR,TRUE,2025-08-10,2025-W32,0.1694311028700991,0.200720249984039,0.237787620284476,0.8441156429586552,extrapolated,syndromic,2025-08-20
ILI incidence,HR,TRUE,2025-08-17,2025-W33,0.226456972932465,0.280492328955475,0.347421170494624,0.8073553161891017,extrapolated,syndromic,2025-08-27
ILI incidence,HR,TRUE,2025-08-24,2025-W34,0.07749872124717518,0.0877530206566953,0.099364125116517,0.8831459095905467,extrapolated,syndromic,2025-09-03
ILI incidence,HR,TRUE,2025-08-31,2025-W35,0.5821334326172216,0.607576666034272,0.634131943684556,0.9581234190853287,extrapolated,syndromic,2025-09-10
ILI incidence,HR,TRUE,2025-09-07,2025-W36,0.6646358789951174,0.756322056392424,0.860656294767781,0.8787736300662181,extrapolated,syndromic,2025-09-17
ILI incidence,HR,TRUE,2025-09-14,2025-W37,0.9016590881908845,1.06052843163866,1.24739002694536,0.8501979402831276,extrapolated,syndromic,2025-09-24
ILI incidence,HR,TRUE,2025-09-21,2025-W38,1.0245236473346422,1.20477034478293,1.41672823994299,0.850389164848871,extrapolated,syndromic,2025-10-01
ILI incidence,HR,TRUE,2025-09-28,2025-W39,1.0625196539110642,1.39856564340211,1.84089381472136,0.7597209747884338,extrapolated,syndromic,2025-10-08
ILI incidence,HR,TRUE,2025-10-05,2025-W40,1.011480171477585,1.70622725264953,2.87816955762091,0.5928167950118597,extrapolated,syndromic,2025-10-15
ILI incidence,HR,TRUE,2025-10-12,2025-W41,1.2141911849125837,1.39376451331623,1.59989591648986,0.8711594916587585,extrapolated,syndromic,2025-10-22
ILI incidence,HR,TRUE,2025-10-19,2025-W42,2.1321667282410255,3.24908990559877,4.95110681300833,0.6562350658770373,extrapolated,syndromic,2025-10-29
ILI incidence,HR,TRUE,2025-10-26,2025-W43,4.558245228306324,5.89995525291667,7.63659483922784,0.7725897965163271,extrapolated,syndromic,2025-11-05
ILI incidence,HR,TRUE,2025-11-02,2025-W44,7.80320013237215,9,10.3803566006164,0.8670222369302387,extrapolated,syndromic,2025-11-12
ILI incidence,HR,TRUE,2025-11-09,2025-W45,11.535708485852277,14.0383735907023,17.0839904036954,0.8217268482933409,extrapolated,syndromic,2025-11-19
ILI incidence,HR,TRUE,2025-11-16,2025-W46,14.3518306392104,16.8573397888399,19.8002548873472,0.8513698376485099,extrapolated,syndromic,2025-11-26
ILI incidence,HR,TRUE,2025-11-23,2025-W47,20.09890646888543,26.6534662676188,35.3455679381789,0.7540822745934368,extrapolated,syndromic,2025-12-03
ILI incidence,HR,TRUE,2025-11-30,2025-W48,34.49343415611554,42.31762286027,51.9165820497623,0.8151080288703973,extrapolated,syndromic,2025-12-10
ILI incidence,HR,TRUE,2025-12-07,2025-W49,81.02042526320194,99.843621856506,123.039946939807,0.8114732193874483,extrapolated,syndromic,2025-12-17
ILI incidence,HR,TRUE,2025-12-14,2025-W50,187.96596970015406,220.536969896401,258.751917534178,0.8523104756016764,extrapolated,syndromic,2025-12-24
ILI incidence,HR,TRUE,2025-12-21,2025-W51,245.182205944715,212.852182175582,184.785234647587,1.151889557526189,extrapolated,syndromic,2025-12-31
ILI incidence,HR,TRUE,2025-12-28,2025-W52,219.28236937869502,184.785234647587,155.715131319086,1.1866877231662962,extrapolated,syndromic,2026-01-07
ILI incidence,HR,TRUE,2026-01-04,2026-W01,97.82985672049934,83.2395306630387,70.8252030338616,1.175281214841584,extrapolated,syndromic,2026-01-14
ILI incidence,HR,TRUE,2026-01-11,2026-W02,60.621831290313935,44.2427189898086,32.2889979063355,1.3702103458939379,extrapolated,syndromic,2026-01-21
ILI incidence,HR,TRUE,2026-01-18,2026-W03,42.05747058268694,26.7971030649156,17.073892526654,1.5694782559444325,extrapolated,syndromic,2026-01-28
ILI incidence,HR,TRUE,2026-01-25,2026-W04,16.9415393644992,16.8612488815852,16.7813389167285,1.0047618348722487,extrapolated,syndromic,2026-02-04
ILI incidence,HR,TRUE,2026-02-01,2026-W05,31.255446593448294,18.083100655217,10.462129482906,1.7284340329340073,extrapolated,syndromic,2026-02-11
ILI incidence,HR,TRUE,2026-02-08,2026-W06,15.0686329197268,17.1874010768562,19.6040846804352,0.8767255068026287,extrapolated,syndromic,2026-02-18
ILI incidence,HR,TRUE,2026-02-15,2026-W07,5.370634789371359,4.46404253903785,3.71048797244172,1.2030877265181503,extrapolated,syndromic,2026-02-25
ILI incidence,HR,TRUE,2026-02-22,2026-W08,1.7280015746744382,2.03413227367257,2.39449672236317,0.8495030520087954,extrapolated,syndromic,2026-03-04
ILI incidence,HR,TRUE,2026-03-01,2026-W09,2.173810986224741,2.10086236321523,2.03036174586615,1.0347231804837835,extrapolated,syndromic,2026-03-11
ILI incidence,HR,TRUE,2026-03-08,2026-W10,2.0028226685780712,1.59754507316722,1.2742767,1.2536877376532272,extrapolated,syndromic,2026-03-18
ILI incidence,HR,TRUE,2026-03-15,2026-W11,1.625755041452866,1.34539837312371,1.11338838647323,1.2083818993167292,extrapolated,syndromic,2026-03-25
ILI incidence,HR,TRUE,2026-03-22,2026-W12,0.7437708522872002,0.765731441806804,0.78834044002724,0.9713207681954578,extrapolated,syndromic,2026-04-01
ILI incidence,HR,TRUE,2026-03-29,2026-W13,0.7772374011974984,0.69527287001362,0.621952009813462,1.1178882920921,extrapolated,syndromic,2026-04-08
ILI incidence,HR,TRUE,2026-04-05,2026-W14,0.32137098882688026,0.340484001019468,0.36073372824787,0.9438651680097742,extrapolated,syndromic,2026-04-15
ILI incidence,HR,TRUE,2026-04-12,2026-W15,0.3886286552000164,0.434724954863301,0.486288861750643,0.8939644500560601,extrapolated,syndromic,2026-04-22
ILI incidence,HR,TRUE,2026-04-19,2026-W16,0.33533008561932015,0.362762552382341,0.392439196643824,0.9243790005807769,extrapolated,syndromic,2026-04-29
ILI incidence,HR,TRUE,2026-04-26,2026-W17,0.3770520780916217,0.332799688342312,0.293740941891393,1.1329700456443708,extrapolated,syndromic,2026-05-06
ILI incidence,HR,TRUE,2026-05-03,2026-W18,0.14919804182250257,0.206884734148617,0.286875703601148,0.7211650605178301,extrapolated,syndromic,2026-05-13
ILI incidence,HR,TRUE,2026-05-10,2026-W19,0.19820236187384813,0.289831427668125,0.42382066323513,0.6838539335382295,extrapolated,syndromic,2026-05-20
ILI incidence,HR,TRUE,2026-05-17,2026-W20,0.09292169571458331,0.0929216957145833,0.0929216957145833,1,extrapolated,syndromic,2026-05-27
ILI incidence,HR,TRUE,2026-05-24,2026-W21,1.3173525910807269,1.63011733826728,2.01713842938558,0.8081335988248528,extrapolated,syndromic,2026-06-03
ILI incidence,HR,TRUE,2026-05-31,2026-W22,0.3842478282710623,0.89357247507207,2.07801244264458,0.43001305321101263,extrapolated,syndromic,2026-06-10
ILI incidence,HR,TRUE,2026-06-07,2026-W23,0.4164579219981,1.00217516774809,2.41166037143002,0.4155540222912231,extrapolated,syndromic,2026-06-17
ILI incidence,HR,TRUE,2026-08-02,2026-W31,0.16935109974710327,0.185309775426789,0.202772305110551,0.9138810910383375,extrapolated,syndromic,2026-08-12
ILI incidence,HR,TRUE,2026-08-09,2026-W32,0.20899104221243914,0.221180067454316,0.234079995588366,0.9448909416559681,extrapolated,syndromic,2026-08-19
ILI incidence,HR,TRUE,2026-08-16,2026-W33,0.20244377998748392,0.234079995588366,0.27066005356172,0.8648487004565952,extrapolated,syndromic,2026-08-26
ILI incidence,HR,TRUE,2026-08-23,2026-W34,0.31840261914585155,0.421987282728824,0.559270734840551,0.7545313145146657,extrapolated,syndromic,2026-09-02
ILI incidence,HR,TRUE,2026-08-30,2026-W35,0.2381229497567455,0.304089680457775,0.388331044342324,0.7830681705419152,extrapolated,syndromic,2026-09-09
ILI incidence,HR,TRUE,2026-09-06,2026-W36,0.5095557227232722,0.605080098683502,0.718512047840681,0.8421293706931261,extrapolated,syndromic,2026-09-16
ILI incidence,HR,TRUE,2026-09-13,2026-W37,1.838773841976245,2.66196489335977,3.85368604431748,0.6907581112594827,extrapolated,syndromic,2026-09-23
ILI incidence,HR,TRUE,2026-09-20,2026-W38,2.1318781140392042,2.75759974355111,3.5669751922287,0.7730919322228648,extrapolated,syndromic,2026-09-30
ILI incidence,HR,TRUE,2026-09-27,2026-W39,2.75759974355111,2.75759974355111,3.5669751922287,0.7730919322228648,h1_nowcast,syndromic,2026-09-30
ILI incidence,HU,TRUE,2023-12-10,2023-W49,343.88436614414894,383.583063092429,427.864656777372,0.8965056052573566,extrapolated,flu_archive,2023-12-20
ILI incidence,HU,TRUE,2023-12-17,2023-W50,400.75056032813785,421.903516539193,444.172996595157,0.9498630483467648,extrapolated,flu_archive,2023-12-27
ILI incidence,HU,TRUE,2023-12-24,2023-W51,462.2751829245944,517.479074848663,579.275294884062,0.8933214991539263,extrapolated,flu_archive,2024-01-03
ILI incidence,HU,TRUE,2023-12-31,2023-W52,380.02308759453257,392.134168645456,404.631221730738,0.9691149560040669,extrapolated,flu_archive,2024-01-10
ILI incidence,HU,TRUE,2024-01-14,2024-W02,234.65419291719894,237.759354632634,240.905606725186,0.9869398967698535,extrapolated,flu_archive,2024-01-24
ILI incidence,HU,TRUE,2024-01-21,2024-W03,322.1190146914349,306.706301832579,292.031054652044,1.0502523514083821,extrapolated,flu_archive,2024-01-31
ILI incidence,HU,TRUE,2024-01-28,2024-W04,368.54327999780384,369.24950944121,369.957092212851,0.9980873923313412,extrapolated,flu_archive,2024-02-07
ILI incidence,HU,TRUE,2024-02-04,2024-W05,509.8208115264673,529.184354589692,549.283345856451,0.9634087007764266,extrapolated,flu_archive,2024-02-14
ILI incidence,HU,TRUE,2024-02-11,2024-W06,663.5374833264937,662.544224950354,661.552453396326,1.0014991578505021,extrapolated,flu_archive,2024-02-21
ILI incidence,HU,TRUE,2024-02-18,2024-W07,650.6996919672807,600.619622558499,554.393886236007,1.083380674769587,extrapolated,flu_archive,2024-02-28
ILI incidence,HU,TRUE,2024-02-25,2024-W08,534.0140966215984,535.57664810176,537.143771684313,0.9970824876594231,extrapolated,flu_archive,2024-03-06
ILI incidence,HU,TRUE,2024-03-03,2024-W09,471.95093363342187,398.856616474317,337.082923600926,1.1832596330110308,extrapolated,flu_archive,2024-03-13
ILI incidence,HU,TRUE,2024-03-10,2024-W10,390.46297666617284,329.242010440575,277.619922801615,1.185945184041596,extrapolated,flu_archive,2024-03-20
ILI incidence,HU,TRUE,2024-03-17,2024-W11,262.7679328619278,207.333893813547,163.594328484804,1.2673660250563386,extrapolated,flu_archive,2024-03-27
ILI incidence,HU,TRUE,2024-03-24,2024-W12,241.09755159735565,175.788924769009,128.171131837339,1.371517300729632,extrapolated,flu_archive,2024-04-03
ILI incidence,HU,TRUE,2024-03-31,2024-W13,166.90975465455358,129.773825773785,100.90030921692,1.2861588510575468,extrapolated,flu_archive,2024-04-10
ILI incidence,HU,TRUE,2024-04-07,2024-W14,104.33089378243331,83.9868857927914,67.6098586855878,1.2422283883680805,extrapolated,flu_archive,2024-04-17
ILI incidence,HU,TRUE,2024-04-14,2024-W15,102.56371715074594,79.6128089422629,61.7976758619377,1.2882816033425921,extrapolated,flu_archive,2024-04-24
ILI incidence,HU,TRUE,2024-04-21,2024-W16,92.33408172332418,77.5206832555152,65.0838370863863,1.1910896272544806,extrapolated,flu_archive,2024-05-01
ILI incidence,HU,TRUE,2024-10-13,2024-W41,224.18643972220497,214.844726923386,205.892277623839,1.0434812291304238,extrapolated,syndromic,2024-10-23
ILI incidence,HU,TRUE,2024-10-20,2024-W42,231.83896773239493,221.6666667,211.940691448408,1.0458900798384891,extrapolated,syndromic,2024-10-30
ILI incidence,HU,TRUE,2024-10-27,2024-W43,216.8031110693759,232.971626538247,250.345940628631,0.9305987784473108,extrapolated,syndromic,2024-11-06
ILI incidence,HU,TRUE,2024-11-03,2024-W44,169.3938374771957,157.834439363726,147.063852028356,1.0732374896129695,extrapolated,syndromic,2024-11-13
ILI incidence,HU,TRUE,2024-11-10,2024-W45,187.98614633796421,203.544439249259,220.390382782842,0.9235631640506661,extrapolated,syndromic,2024-11-20
ILI incidence,HU,TRUE,2024-11-17,2024-W46,191.3972455627309,201.569726654378,212.282860101056,0.9495336861318994,extrapolated,syndromic,2024-11-27
ILI incidence,HU,TRUE,2024-11-24,2024-W47,212.64216816479217,221.86,231.477415908656,0.9584520335562621,extrapolated,syndromic,2024-12-04
ILI incidence,HU,TRUE,2024-12-01,2024-W48,244.26913790645912,253.590044984269,263.266622489779,0.9632441917095446,extrapolated,syndromic,2024-12-11
ILI incidence,HU,TRUE,2024-12-08,2024-W49,244.9008470796933,254.007452761244,263.452686373356,0.9641482736724629,extrapolated,syndromic,2024-12-18
ILI incidence,HU,TRUE,2024-12-15,2024-W50,274.1156742511152,304.481999412489,338.21228289666,0.9002688985885318,extrapolated,syndromic,2024-12-25
ILI incidence,HU,TRUE,2024-12-22,2024-W51,303.39114690474855,324.667458984685,347.43584313179,0.93446737117889,extrapolated,syndromic,2025-01-01
ILI incidence,HU,TRUE,2024-12-29,2024-W52,283.8474054150123,322.4761905,366.361965815215,0.8802119777429351,extrapolated,syndromic,2025-01-08
ILI incidence,HU,TRUE,2025-01-05,2025-W01,213.67140181729687,226.123651930421,239.30158892331,0.9449316778372409,extrapolated,syndromic,2025-01-15
ILI incidence,HU,TRUE,2025-01-12,2025-W02,457.6414271927187,482.563818280263,508.843441341605,0.9483542069598976,extrapolated,syndromic,2025-01-22
ILI incidence,HU,TRUE,2025-01-19,2025-W03,574.7894089768511,592.653777939599,611.073368820937,0.9698569896494121,extrapolated,syndromic,2025-01-29
ILI incidence,HU,TRUE,2025-01-26,2025-W04,762.1210471986517,747.163748500295,732.5,1.0200187692836793,extrapolated,syndromic,2025-02-05
ILI incidence,HU,TRUE,2025-02-02,2025-W05,849.2460752695639,874.214772683963,899.917575169585,0.9714387148392135,extrapolated,syndromic,2025-02-12
ILI incidence,HU,TRUE,2025-02-09,2025-W06,896.1590515579635,833.608083481929,775.42310780473,1.0750364221694713,extrapolated,syndromic,2025-02-19
ILI incidence,HU,TRUE,2025-02-16,2025-W07,912.433356696001,848.037338481162,788.186142232216,1.075935357198037,extrapolated,syndromic,2025-02-26
ILI incidence,HU,TRUE,2025-02-23,2025-W08,972.0681783641896,862.765794385773,765.753712064458,1.1266883604909628,extrapolated,syndromic,2025-03-05
ILI incidence,HU,TRUE,2025-03-02,2025-W09,915.4144944570946,801.371840623905,701.536659986811,1.1423092852182108,extrapolated,syndromic,2025-03-12
ILI incidence,HU,TRUE,2025-03-09,2025-W10,744.4643536818378,630.820557652692,534.524687433616,1.1801523343690934,extrapolated,syndromic,2025-03-19
ILI incidence,HU,TRUE,2025-03-16,2025-W11,586.1472555198843,514.130521754772,450.962093416928,1.1400748073063491,extrapolated,syndromic,2025-03-26
ILI incidence,HU,TRUE,2025-03-23,2025-W12,443.5204635878479,332.416034673273,249.14390468934,1.3342330613617293,extrapolated,syndromic,2025-04-02
ILI incidence,HU,TRUE,2025-03-30,2025-W13,286.981984713748,235.716014943573,193.608110126841,1.2174903974278002,extrapolated,syndromic,2025-04-09
ILI incidence,HU,TRUE,2025-04-06,2025-W14,226.98670121547946,186.517443207198,153.263413381761,1.216973047198193,extrapolated,syndromic,2025-04-16
ILI incidence,HU,TRUE,2025-04-13,2025-W15,205.52412485299374,180.641021690152,158.770551829875,1.137748906256316,extrapolated,syndromic,2025-04-23
ILI incidence,HU,TRUE,2025-04-20,2025-W16,110.39066509542226,95.7873266984669,83.1158318333143,1.1524558508969123,extrapolated,syndromic,2025-04-30
ILI incidence,HU,TRUE,2025-04-27,2025-W17,94.24657362709544,83.1557179712128,73.3700246617761,1.13337454027782,extrapolated,syndromic,2025-05-07
ILI incidence,HU,TRUE,2025-05-04,2025-W18,57.10728115625864,53.5076146502995,50.134847388916,1.067273911002852,extrapolated,syndromic,2025-05-14
ILI incidence,HU,TRUE,2025-05-11,2025-W19,55.229040039697765,53.8476961673318,52.5009013454717,1.0256527942824787,extrapolated,syndromic,2025-05-21
ILI incidence,HU,TRUE,2025-05-18,2025-W20,53.273048927331665,53.2448065456257,53.216579136446,1.0005304250975495,extrapolated,syndromic,2025-05-28
ILI incidence,HU,TRUE,2025-05-25,2025-W21,54.69512297811796,56.5835912909821,58.5372630877129,0.9666251598780182,extrapolated,syndromic,2025-06-04
ILI incidence,HU,TRUE,2025-06-01,2025-W22,50.33526466724869,50.1209869788856,49.9076214726285,1.0042752088751439,extrapolated,syndromic,2025-06-11
ILI incidence,HU,TRUE,2025-06-08,2025-W23,50.27512926556187,55.315267541505,60.8606853505239,0.9088834150144652,extrapolated,syndromic,2025-06-18
ILI incidence,HU,TRUE,2025-06-15,2025-W24,45.1097020536482,45.8618516284235,46.6265423851858,0.9835996683939134,extrapolated,syndromic,2025-06-25
ILI incidence,HU,TRUE,2025-06-22,2025-W25,48.79420494017118,49.6126413745682,50.4448056317255,0.9835034698471721,extrapolated,syndromic,2025-07-02
ILI incidence,HU,TRUE,2025-06-29,2025-W26,49.10041762446688,50.8300217200052,52.6205525952337,0.9659727846455439,extrapolated,syndromic,2025-07-09
ILI incidence,HU,TRUE,2025-07-06,2025-W27,48.702345887137774,50.5271811239299,52.4203913759452,0.9638840878077827,extrapolated,syndromic,2025-07-16
ILI incidence,HU,TRUE,2025-07-13,2025-W28,40.02380952380953,41,42,0.9761904761904762,extrapolated,syndromic,2025-07-23
ILI incidence,HU,TRUE,2025-07-20,2025-W29,41.08888888888889,43,45,0.9555555555555556,extrapolated,syndromic,2025-07-30
ILI incidence,HU,TRUE,2025-07-27,2025-W30,43.02222222222222,44,45,0.9777777777777777,extrapolated,syndromic,2025-08-06
ILI incidence,HU,TRUE,2025-08-03,2025-W31,43,43,43,1,extrapolated,syndromic,2025-08-13
ILI incidence,HU,TRUE,2025-08-10,2025-W32,48.09090909090911,46,44,1.0454545454545454,extrapolated,syndromic,2025-08-20
ILI incidence,HU,TRUE,2025-08-24,2025-W34,55.07843137254906,53,51,1.0392156862745099,extrapolated,syndromic,2025-09-03
ILI incidence,HU,TRUE,2025-08-31,2025-W35,54.12755102040817,51.5,49,1.0510204081632653,extrapolated,syndromic,2025-09-10
ILI incidence,HU,TRUE,2025-09-07,2025-W36,62.038135593220346,60.5,59,1.0254237288135593,extrapolated,syndromic,2025-09-17
ILI incidence,HU,TRUE,2025-09-14,2025-W37,70.59541984732824,68,65.5,1.0381679389312977,extrapolated,syndromic,2025-09-24
ILI incidence,HU,TRUE,2025-09-21,2025-W38,72.55839416058394,70.5,68.5,1.0291970802919708,extrapolated,syndromic,2025-10-01
ILI incidence,HU,TRUE,2025-09-28,2025-W39,76.05555555555563,74,72,1.0277777777777777,extrapolated,syndromic,2025-10-08
ILI incidence,HU,TRUE,2025-10-12,2025-W41,286.3389948065223,301.107635659738,316.638005640342,0.9509522871419156,extrapolated,syndromic,2025-10-22
ILI incidence,HU,TRUE,2025-10-19,2025-W42,274.05439330132356,276.385045000924,278.735517354663,0.9915673740610951,extrapolated,syndromic,2025-10-29
ILI incidence,HU,TRUE,2025-10-26,2025-W43,178.58295202194276,185.019257410436,191.68753358105,0.9652127812067941,extrapolated,syndromic,2025-11-05
ILI incidence,HU,TRUE,2025-11-02,2025-W44,180.21859217587493,183.667583690851,187.182581394904,0.9812215555643112,extrapolated,syndromic,2025-11-12
ILI incidence,HU,TRUE,2025-11-09,2025-W45,206.67591724590173,209.727636710164,212.824417020473,0.9854491305383861,extrapolated,syndromic,2025-11-19
ILI incidence,HU,TRUE,2025-11-16,2025-W46,204.70813318469052,209.855557526008,215.132414816263,0.975471584350681,extrapolated,syndromic,2025-11-26
ILI incidence,HU,TRUE,2025-11-23,2025-W47,209.59719742637301,215.132414816263,220.813810837974,0.9742706491041007,extrapolated,syndromic,2025-12-03
ILI incidence,HU,TRUE,2025-11-30,2025-W48,295.9400822563818,307.698995126327,319.925137818028,0.9617843637574514,extrapolated,syndromic,2025-12-10
ILI incidence,HU,TRUE,2025-12-07,2025-W49,268.10789497905904,333.267448812872,414.263043044351,0.8044826938066797,extrapolated,syndromic,2025-12-17
ILI incidence,HU,TRUE,2025-12-14,2025-W50,430.856015875253,443.163247238533,455.822029788865,0.972228673203453,extrapolated,syndromic,2025-12-24
ILI incidence,HU,TRUE,2025-12-21,2025-W51,441.8193080016616,456.051746297039,470.742657764963,0.9687920539479578,extrapolated,syndromic,2025-12-31
ILI incidence,HU,TRUE,2025-12-28,2025-W52,420.74767623035984,436.243943291424,452.310942661646,0.9644779777476199,extrapolated,syndromic,2026-01-07
ILI incidence,HU,TRUE,2026-01-04,2026-W01,273.0650188558588,221.124574457838,179.063864108388,1.2348922299810894,extrapolated,syndromic,2026-01-14
ILI incidence,HU,TRUE,2026-01-11,2026-W02,465.1237363547,448.331599899112,432.145701794104,1.0374547242696395,extrapolated,syndromic,2026-01-21
ILI incidence,HU,TRUE,2026-01-18,2026-W03,454.40771818593817,473,492.352992799415,0.9606928502873965,extrapolated,syndromic,2026-01-28
ILI incidence,HU,TRUE,2026-01-25,2026-W04,652.0959100068743,649.884154624588,647.679900994415,1.0034033071379684,extrapolated,syndromic,2026-02-04
ILI incidence,HU,TRUE,2026-02-01,2026-W05,827.8785429310127,821.186307824153,814.548170037617,1.0081494723464046,extrapolated,syndromic,2026-02-11
ILI incidence,HU,TRUE,2026-02-08,2026-W06,867.8239325212412,828.458671271532,790.879053094325,1.0475162643771843,extrapolated,syndromic,2026-02-18
ILI incidence,HU,TRUE,2026-02-15,2026-W07,687.8890376324945,627.299405301618,572.046540014778,1.0965880595753845,extrapolated,syndromic,2026-02-25
ILI incidence,HU,TRUE,2026-02-22,2026-W08,580.1969703077173,497.979107286179,427.412075526726,1.1651030370924567,extrapolated,syndromic,2026-03-04
ILI incidence,HU,TRUE,2026-03-01,2026-W09,449.38271580103753,394.504629054612,346.328189476747,1.1391063189244075,extrapolated,syndromic,2026-03-11
ILI incidence,HU,TRUE,2026-03-08,2026-W10,402.8654466971862,352.252250441832,307.997742071439,1.1436845220772052,extrapolated,syndromic,2026-03-18
ILI incidence,HU,TRUE,2026-03-15,2026-W11,358.0303255803933,293.605504373707,240.773437442193,1.219426476162672,extrapolated,syndromic,2026-03-25
ILI incidence,HU,TRUE,2026-03-22,2026-W12,267.7753747474935,228.839919972412,195.565813407456,1.170142756472627,extrapolated,syndromic,2026-04-01
ILI incidence,HU,TRUE,2026-03-29,2026-W13,255.71343077399177,220.137232157744,189.510581573259,1.1616091847232586,extrapolated,syndromic,2026-04-08
ILI incidence,HU,TRUE,2026-04-05,2026-W14,127.50646460457354,110,94.8971492349416,1.1591496782233945,extrapolated,syndromic,2026-04-15
ILI incidence,HU,TRUE,2026-04-12,2026-W15,100.7403722241415,91.6050551707764,83.2981449996077,1.0997250319464835,extrapolated,syndromic,2026-04-22
ILI incidence,HU,TRUE,2026-04-19,2026-W16,116.58881399635169,109.699086540698,103.216502298755,1.0628056957712002,extrapolated,syndromic,2026-04-29
ILI incidence,HU,TRUE,2026-04-26,2026-W17,117.66494314762957,117.303886181536,116.94393712515,1.003077962528325,extrapolated,syndromic,2026-05-06
ILI incidence,HU,TRUE,2026-05-03,2026-W18,79.64510353727833,70.7533600009695,62.8543090421583,1.125672385540235,extrapolated,syndromic,2026-05-13
ILI incidence,HU,TRUE,2026-05-10,2026-W19,78.3466041437594,74.9704275799798,71.739740004707,1.0450334441560678,extrapolated,syndromic,2026-05-20
ILI incidence,HU,TRUE,2026-05-17,2026-W20,110.8126028951899,109.117722805725,107.448765927543,1.0155325830294546,extrapolated,syndromic,2026-05-27
ILI incidence,HU,TRUE,2026-05-24,2026-W21,104.37313779318924,116.665827580417,130.406305806318,0.894633329723268,extrapolated,syndromic,2026-06-03
ILI incidence,HU,TRUE,2026-05-31,2026-W22,118.5522864124076,113.37542111187,108.424615849067,1.0456612663465166,extrapolated,syndromic,2026-06-10
ILI incidence,HU,TRUE,2026-06-07,2026-W23,73.00829667700572,93.1563823754519,118.864731438319,0.7837176027591699,extrapolated,syndromic,2026-06-17
ILI incidence,HU,TRUE,2026-08-02,2026-W31,24.60307742090227,25.6620891978334,26.7666849447896,0.9587324411209458,extrapolated,syndromic,2026-08-12
ILI incidence,HU,TRUE,2026-08-09,2026-W32,16.717586698751177,17.6083250128682,18.546523212107,0.949413796402209,extrapolated,syndromic,2026-08-19
ILI incidence,HU,TRUE,2026-08-16,2026-W33,17.395081755737316,18.5474378993589,19.7761331312578,0.9378697936677597,extrapolated,syndromic,2026-08-26
ILI incidence,HU,TRUE,2026-08-23,2026-W34,20.011767830918977,21.0696867789331,22.1835324451674,0.9497895265784441,extrapolated,syndromic,2026-09-02
ILI incidence,HU,TRUE,2026-08-30,2026-W35,29.10018276670447,40.0632599601539,55.1565195140745,0.7263558381331657,extrapolated,syndromic,2026-09-09
ILI incidence,HU,TRUE,2026-09-06,2026-W36,39.86295317988165,42.803400441895,45.9607465889876,0.9313034190822064,extrapolated,syndromic,2026-09-16
ILI incidence,HU,TRUE,2026-09-13,2026-W37,82.52811183296504,102.193079159659,126.543855132292,0.8075704588960396,extrapolated,syndromic,2026-09-23
ILI incidence,HU,TRUE,2026-09-20,2026-W38,103.71402003433543,120.249816400418,139.42202162781,0.8624879699523178,extrapolated,syndromic,2026-09-30
ILI incidence,HU,TRUE,2026-09-27,2026-W39,120.249816400418,120.249816400418,139.42202162781,0.8624879699523178,h1_nowcast,syndromic,2026-09-30
ILI incidence,IE,TRUE,2023-12-10,2023-W49,7.3129989946969545,8.59725574414943,10.10704450854,0.8506201527939384,extrapolated,flu_archive,2023-12-20
ILI incidence,IE,TRUE,2023-12-17,2023-W50,9.418143336937915,9.87514220457106,10.3543161397888,0.9537223000777033,extrapolated,flu_archive,2023-12-27
ILI incidence,IE,TRUE,2023-12-24,2023-W51,11.074252752901725,12.1751972603428,13.3855919343558,0.9095748114876885,extrapolated,flu_archive,2024-01-03
ILI incidence,IE,TRUE,2023-12-31,2023-W52,10.131531606461218,10.1999005758313,10.2687309084142,0.9932970945293249,extrapolated,flu_archive,2024-01-10
ILI incidence,IE,TRUE,2024-01-07,2024-W01,14.75755160443624,17.6811420543598,21.183919441791,0.834649230183484,extrapolated,flu_archive,2024-01-17
ILI incidence,IE,TRUE,2024-01-14,2024-W02,17.235553265846374,20.043919441791,23.3098816378076,0.8598893702351816,extrapolated,flu_archive,2024-01-24
ILI incidence,IE,TRUE,2024-01-21,2024-W03,17.683806250683208,19.9973972640529,22.613677828601,0.8843053932059155,extrapolated,flu_archive,2024-01-31
ILI incidence,IE,TRUE,2024-01-28,2024-W04,14.005443365695792,14.71,15.45,0.9521035598705503,extrapolated,flu_archive,2024-02-07
ILI incidence,IE,TRUE,2024-02-04,2024-W05,12.378660292448409,12.8649834404045,13.3704128727767,0.962197918854002,extrapolated,flu_archive,2024-02-14
ILI incidence,IE,TRUE,2024-02-11,2024-W06,10.729491817413244,9.97935670546395,9.28166607977317,1.0751686841235544,extrapolated,flu_archive,2024-02-21
ILI incidence,IE,TRUE,2024-02-18,2024-W07,7.633456229340456,6.55786877949082,5.63383631699113,1.164014786818157,extrapolated,flu_archive,2024-02-28
ILI incidence,IE,TRUE,2024-02-25,2024-W08,7.837326234132373,8.40700532018738,9.01809320452299,0.9322375727909843,extrapolated,flu_archive,2024-03-06
ILI incidence,IE,TRUE,2024-03-03,2024-W09,5.430014375945243,5.33877769605484,5.24907400137978,1.0170894322791943,extrapolated,flu_archive,2024-03-13
ILI incidence,IE,TRUE,2024-03-10,2024-W10,6.868895547560131,7.36696218101076,7.90114384483843,0.9323918568858061,extrapolated,flu_archive,2024-03-20
ILI incidence,IE,TRUE,2024-03-17,2024-W11,5.512629734367594,4.94159356967026,4.42970926481204,1.1155570883453771,extrapolated,flu_archive,2024-03-27
ILI incidence,IE,TRUE,2024-03-24,2024-W12,4.860475605132451,4.33167386105554,3.86040378820922,1.122077922077922,extrapolated,flu_archive,2024-04-03
ILI incidence,IE,TRUE,2024-03-31,2024-W13,3.7272786251680725,3.16787539264081,2.69242938682821,1.1765862488868073,extrapolated,flu_archive,2024-04-10
ILI incidence,IE,TRUE,2024-04-07,2024-W14,3.192140566964734,3.11504458381953,3.03981060846892,1.0247495601012142,extrapolated,flu_archive,2024-04-17
ILI incidence,IE,TRUE,2024-04-14,2024-W15,2.248787548489226,2.59737610781875,3,0.8657920359395833,extrapolated,flu_archive,2024-04-24
ILI incidence,IE,TRUE,2024-04-21,2024-W16,2.660871603558593,2.45853102702862,2.27157702866188,1.0823014126344062,extrapolated,flu_archive,2024-05-01
ILI incidence,IE,TRUE,2024-10-13,2024-W41,7.669767002714936,8.62841984554403,9.70689579026644,0.888895897511968,extrapolated,syndromic,2024-10-23
ILI incidence,IE,TRUE,2024-10-20,2024-W42,7.609291351405965,8.10605965187167,8.63525919106264,0.9387164267473657,extrapolated,syndromic,2024-10-30
ILI incidence,IE,TRUE,2024-10-27,2024-W43,8.31432034862165,8.9087328338905,9.54564142080428,0.9332775495289748,extrapolated,syndromic,2024-11-06
ILI incidence,IE,TRUE,2024-11-03,2024-W44,4.397309610331305,4.60085753790896,4.81382753545499,0.9557586980469375,extrapolated,syndromic,2024-11-13
ILI incidence,IE,TRUE,2024-11-10,2024-W45,4.6342933935154775,4.76029451491436,4.88972146226893,0.9735308139015115,extrapolated,syndromic,2024-11-20
ILI incidence,IE,TRUE,2024-11-17,2024-W46,6.056210938865631,7.50330447608504,9.29617191824284,0.8071391689046251,extrapolated,syndromic,2024-11-27
ILI incidence,IE,TRUE,2024-11-24,2024-W47,9.687922629994949,12.1484983458432,15.234020511478,0.7974584474722198,extrapolated,syndromic,2024-12-04
ILI incidence,IE,TRUE,2024-12-01,2024-W48,10.865079359206348,12.33333333,14,0.8809523807142857,extrapolated,syndromic,2024-12-11
ILI incidence,IE,TRUE,2024-12-08,2024-W49,14.126377534450105,15.7511103090752,17.5627102817844,0.8968496351848299,extrapolated,syndromic,2024-12-18
ILI incidence,IE,TRUE,2024-12-15,2024-W50,23.935052967520214,27.1,30.6834499592122,0.8832122866243622,extrapolated,syndromic,2024-12-25
ILI incidence,IE,TRUE,2024-12-22,2024-W51,45.1293246565312,32.0679247165406,22.7867756376206,1.4073041849587957,extrapolated,syndromic,2025-01-01
ILI incidence,IE,TRUE,2024-12-29,2024-W52,31.404831975130072,26.8640136839681,22.9797513893381,1.1690297788178934,extrapolated,syndromic,2025-01-08
ILI incidence,IE,TRUE,2025-01-05,2025-W01,77.54227009882663,77.2318774516632,76.92272727,1.0040189706298124,extrapolated,syndromic,2025-01-15
ILI incidence,IE,TRUE,2025-01-12,2025-W02,82.95045146592575,77.0719263381612,71.61,1.076273234718073,extrapolated,syndromic,2025-01-22
ILI incidence,IE,TRUE,2025-01-19,2025-W03,45.54725936709752,44.7734622579503,44.012811098185,1.017282494364389,extrapolated,syndromic,2025-01-29
ILI incidence,IE,TRUE,2025-01-26,2025-W04,32.70461677658988,27.7572943997164,23.5583678492766,1.178235036370261,extrapolated,syndromic,2025-02-05
ILI incidence,IE,TRUE,2025-02-02,2025-W05,27.47896410459119,26.1274735646075,24.8424530222814,1.0517267977189513,extrapolated,syndromic,2025-02-12
ILI incidence,IE,TRUE,2025-02-09,2025-W06,23.397861680826853,21.5154969168879,19.7845689446034,1.0874887887186768,extrapolated,syndromic,2025-02-19
ILI incidence,IE,TRUE,2025-02-16,2025-W07,23.13826455305941,21.5119801752695,20,1.075599008763475,extrapolated,syndromic,2025-02-26
ILI incidence,IE,TRUE,2025-02-23,2025-W08,19.250873856149873,17.7844402480066,16.4297120898684,1.0824559889259175,extrapolated,syndromic,2025-03-05
ILI incidence,IE,TRUE,2025-03-02,2025-W09,14.589189559830157,13.4583587754217,12.4151804447511,1.0840244195654551,extrapolated,syndromic,2025-03-12
ILI incidence,IE,TRUE,2025-03-09,2025-W10,15.041616516049343,12.8628433980548,10.9996648369771,1.1693850302433155,extrapolated,syndromic,2025-03-19
ILI incidence,IE,TRUE,2025-03-16,2025-W11,12.672356475104126,11.3842639240083,10.2271006458893,1.113146757637915,extrapolated,syndromic,2025-03-26
ILI incidence,IE,TRUE,2025-03-23,2025-W12,10.0682822264268,9.68063600722954,9.30791483561026,1.0400434660396032,extrapolated,syndromic,2025-04-02
ILI incidence,IE,TRUE,2025-03-30,2025-W13,12.173497464456585,11.5288260807625,10.918294531916,1.0559182157123361,extrapolated,syndromic,2025-04-09
ILI incidence,IE,TRUE,2025-04-06,2025-W14,10.58854374256257,9.76746343056292,9.01005314676965,1.08406279868225,extrapolated,syndromic,2025-04-16
ILI incidence,IE,TRUE,2025-04-13,2025-W15,8.916245999037121,7.93004225412731,7.05292004718529,1.1243629873972647,extrapolated,syndromic,2025-04-23
ILI incidence,IE,TRUE,2025-04-20,2025-W16,6.28809347408145,6.12630092989655,5.96867130527729,1.0264094999635662,extrapolated,syndromic,2025-04-30
ILI incidence,IE,TRUE,2025-04-27,2025-W17,6.374048711691411,6,5.64790161298392,1.0623414519485685,extrapolated,syndromic,2025-05-07
ILI incidence,IE,TRUE,2025-05-04,2025-W18,5.04331952275669,5.00069087701202,4.95842254978967,1.0085245512656325,extrapolated,syndromic,2025-05-14
ILI incidence,IE,TRUE,2025-05-11,2025-W19,3.4397324606184227,3.44060776356669,3.44148328925183,0.9997455964153961,extrapolated,syndromic,2025-05-21
ILI incidence,IE,TRUE,2025-05-18,2025-W20,2.5664393032380723,2.77499162758643,3.00049119550927,0.9248457824971,extrapolated,syndromic,2025-05-28
ILI incidence,IE,TRUE,2025-05-25,2025-W21,5.062500000000001,4.5,4,1.125,extrapolated,syndromic,2025-06-04
ILI incidence,IE,TRUE,2025-06-01,2025-W22,3.1555575832379903,3.62566315174635,4.16580364743097,0.8703394251388393,extrapolated,syndromic,2025-06-11
ILI incidence,IE,TRUE,2025-06-08,2025-W23,2.725516922833202,1.97759034499025,1.43490709591092,1.378200965502104,extrapolated,syndromic,2025-06-18
ILI incidence,IE,TRUE,2025-06-15,2025-W24,3.0273123129174775,2.86520880351984,2.71178545164903,1.0565765082106748,extrapolated,syndromic,2025-06-25
ILI incidence,IE,TRUE,2025-06-22,2025-W25,2.993365772883763,3.03762857652619,3.08254589282592,0.9854285003820163,extrapolated,syndromic,2025-07-02
ILI incidence,IE,TRUE,2025-06-29,2025-W26,3.928019606523155,3.0836749056449,2.42082572803676,1.2738111917480723,extrapolated,syndromic,2025-07-09
ILI incidence,IE,TRUE,2025-07-06,2025-W27,5.420656314282976,5.70920155014023,6.01310624586889,0.9494596164939796,extrapolated,syndromic,2025-07-16
ILI incidence,IE,TRUE,2025-07-13,2025-W28,2.508156199594883,3.14281979921575,3.93807861405837,0.7980591824643466,extrapolated,syndromic,2025-07-23
ILI incidence,IE,TRUE,2025-07-20,2025-W29,3.1459692468337694,3.07211779404718,3,1.0240392646823933,extrapolated,syndromic,2025-07-30
ILI incidence,IE,TRUE,2025-07-27,2025-W30,3.6730243732618786,2.91363583870212,2.31124897029485,1.2606326173205054,extrapolated,syndromic,2025-08-06
ILI incidence,IE,TRUE,2025-08-03,2025-W31,3.3065997820745254,3.10311191902724,2.9121466813766,1.0655754185982036,extrapolated,syndromic,2025-08-13
ILI incidence,IE,TRUE,2025-08-10,2025-W32,2.2588355435775522,2.07006801320096,1.89707550488199,1.0911890474964152,extrapolated,syndromic,2025-08-20
ILI incidence,IE,TRUE,2025-08-17,2025-W33,1.425460080023806,1.71911465421044,2.07326408907342,0.8291826705872014,extrapolated,syndromic,2025-08-27
ILI incidence,IE,TRUE,2025-08-24,2025-W34,3.1038225712317944,3.00961678350469,2.91827028629359,1.0313015890406494,extrapolated,syndromic,2025-09-03
ILI incidence,IE,TRUE,2025-08-31,2025-W35,1.5977316561413801,1.92837294338719,2.32743852479488,0.8285387230827675,extrapolated,syndromic,2025-09-10
ILI incidence,IE,TRUE,2025-09-07,2025-W36,2.317620514322392,2.25714414935454,2.19824586444644,1.0267933109124405,extrapolated,syndromic,2025-09-17
ILI incidence,IE,TRUE,2025-09-14,2025-W37,2.823980196946484,2.86478565683692,2.90618074039351,0.9857561909411783,extrapolated,syndromic,2025-09-24
ILI incidence,IE,TRUE,2025-09-21,2025-W38,3.11304979084963,3.48211143637512,3.89492647723606,0.8940121095292448,extrapolated,syndromic,2025-10-01
ILI incidence,IE,TRUE,2025-09-28,2025-W39,4.429177197176893,4.68715878832732,4.96016675986617,0.9449599207535079,extrapolated,syndromic,2025-10-08
ILI incidence,IE,TRUE,2025-10-05,2025-W40,7.18475759920795,7.46545881672454,7.75712674709502,0.9624000045532701,extrapolated,syndromic,2025-10-15
ILI incidence,IE,TRUE,2025-10-12,2025-W41,6.566480220128069,7.3889040282826,8.3143329316396,0.888694750262484,extrapolated,syndromic,2025-10-22
ILI incidence,IE,TRUE,2025-10-19,2025-W42,6.447837404963496,7.32571963404489,8.32312677663351,0.8801643697908389,extrapolated,syndromic,2025-10-29
ILI incidence,IE,TRUE,2025-10-26,2025-W43,6.37049460419395,6.87633342652688,7.42233756255629,0.9264377116470888,extrapolated,syndromic,2025-11-05
ILI incidence,IE,TRUE,2025-11-02,2025-W44,6.721552029873451,7.13786176035067,7.57995627846618,0.9416758485307558,extrapolated,syndromic,2025-11-12
ILI incidence,IE,TRUE,2025-11-09,2025-W45,10.823571694532836,12.0784869406997,13.4789005786643,0.8961032741660466,extrapolated,syndromic,2025-11-19
ILI incidence,IE,TRUE,2025-11-16,2025-W46,14.016496118585668,15.4360493883039,16.9993712196169,0.9080364908139096,extrapolated,syndromic,2025-11-26
ILI incidence,IE,TRUE,2025-11-23,2025-W47,21.20483729536097,22.5591687588143,24,0.9399653649505959,extrapolated,syndromic,2025-12-03
ILI incidence,IE,TRUE,2025-11-30,2025-W48,47.84830739411609,44.9626999862168,42.2511160823035,1.0641778053538573,extrapolated,syndromic,2025-12-10
ILI incidence,IE,TRUE,2025-12-07,2025-W49,58.94098929284147,62.8675962325718,67.0557909441418,0.9375416402878788,extrapolated,syndromic,2025-12-17
ILI incidence,IE,TRUE,2025-12-14,2025-W50,113.12131645571228,100.918174649544,90.0314661612265,1.1209211507099284,extrapolated,syndromic,2025-12-24
ILI incidence,IE,TRUE,2025-12-21,2025-W51,110.87266384341633,95.0419182096934,81.4715359390586,1.166565931453478,extrapolated,syndromic,2025-12-31
ILI incidence,IE,TRUE,2025-12-28,2025-W52,93.72518135825581,77.7917827796605,64.5670819766819,1.2048211007546326,extrapolated,syndromic,2026-01-07
ILI incidence,IE,TRUE,2026-01-04,2026-W01,63.072136748351596,51.4284011419559,41.9342134320042,1.2264067197861337,extrapolated,syndromic,2026-01-14
ILI incidence,IE,TRUE,2026-01-11,2026-W02,61.830115487608076,50.8022020077606,41.7412082847325,1.2170755015336319,extrapolated,syndromic,2026-01-21
ILI incidence,IE,TRUE,2026-01-18,2026-W03,32.398138677664605,27.8846790955885,24,1.161861628982854,extrapolated,syndromic,2026-01-28
ILI incidence,IE,TRUE,2026-01-25,2026-W04,27.995186334545618,24.3434527185577,21.1680566501317,1.1500088610357269,extrapolated,syndromic,2026-02-04
ILI incidence,IE,TRUE,2026-02-01,2026-W05,20.30253928523603,19.7194445083991,19.1530963815254,1.0295695335935333,extrapolated,syndromic,2026-02-11
ILI incidence,IE,TRUE,2026-02-08,2026-W06,11.677696312261347,10.0767344284097,8.69525752558592,1.1588770543895641,extrapolated,syndromic,2026-02-18
ILI incidence,IE,TRUE,2026-02-15,2026-W07,10.697132231508135,9.63644010715498,8.68092269302472,1.1100709507409894,extrapolated,syndromic,2026-02-25
ILI incidence,IE,TRUE,2026-02-22,2026-W08,6.577871458685922,6.18355829042521,5.81288238471065,1.0637680037513801,extrapolated,syndromic,2026-03-04
ILI incidence,IE,TRUE,2026-03-01,2026-W09,6.268475416327384,6.34420366621615,6.42084677457533,0.988063395522431,extrapolated,syndromic,2026-03-11
ILI incidence,IE,TRUE,2026-03-08,2026-W10,5.221734505107978,5.54912355252145,5.89703903387396,0.9410016655216282,extrapolated,syndromic,2026-03-18
ILI incidence,IE,TRUE,2026-03-15,2026-W11,5.772627559000908,5.285166,4.83886745889258,1.092232024311234,extrapolated,syndromic,2026-03-25
ILI incidence,IE,TRUE,2026-03-22,2026-W12,3.379356363306242,3.81220997457904,4.30050676160753,0.8864559890039645,extrapolated,syndromic,2026-04-01
ILI incidence,IE,TRUE,2026-03-29,2026-W13,4.596086831374137,4.19768494639811,3.83381767048755,1.0949099063086865,extrapolated,syndromic,2026-04-08
ILI incidence,IE,TRUE,2026-04-05,2026-W14,4.641932095292542,4.58339829854867,4.52560260078835,1.0127708291820083,extrapolated,syndromic,2026-04-15
ILI incidence,IE,TRUE,2026-04-12,2026-W15,3.0425947911399334,3.05462384204957,3.06670045041451,0.9960620189157021,extrapolated,syndromic,2026-04-22
ILI incidence,IE,TRUE,2026-04-19,2026-W16,2.7616541662058673,3.36558233872766,4.10157963200638,0.820557599921889,extrapolated,syndromic,2026-04-29
ILI incidence,IE,TRUE,2026-04-26,2026-W17,4.163413487229377,3.81795906927613,3.50116833203811,1.0904814356793888,extrapolated,syndromic,2026-05-06
ILI incidence,IE,TRUE,2026-05-03,2026-W18,2.2103461133628066,2.2325031160048,2.25488222538524,0.9900752646286807,extrapolated,syndromic,2026-05-13
ILI incidence,IE,TRUE,2026-05-10,2026-W19,1.9330783295180858,2.23124663821427,2.57540601667373,0.8663669432193221,extrapolated,syndromic,2026-05-20
ILI incidence,IE,TRUE,2026-05-17,2026-W20,3.119136162521427,3.31631271225105,3.52595380015327,0.9405434388014082,extrapolated,syndromic,2026-05-27
ILI incidence,IE,TRUE,2026-05-24,2026-W21,4.855236400158662,4.74250001598796,4.63238131945765,1.0237715094972368,extrapolated,syndromic,2026-06-03
ILI incidence,IE,TRUE,2026-05-31,2026-W22,2.235533314582278,3.57264453227169,5.70950514166495,0.6257362842535019,extrapolated,syndromic,2026-06-10
ILI incidence,IE,TRUE,2026-06-07,2026-W23,4.844986980180931,4.88862129322118,4.93264858012953,0.9910743110535571,extrapolated,syndromic,2026-06-17
ILI incidence,IE,TRUE,2026-08-02,2026-W31,0.6000224766280398,0.67120193352050594,0.750825265902402,0.8939522469502963,extrapolated,syndromic,2026-08-12
ILI incidence,IE,TRUE,2026-08-09,2026-W32,0.6911879691833925,0.776503977039951,0.872350870156535,0.8901280477895491,extrapolated,syndromic,2026-08-19
ILI incidence,IE,TRUE,2026-08-16,2026-W33,1.0697781018494308,1.22455961077109,1.40173577841931,0.873602307670269,extrapolated,syndromic,2026-08-26
ILI incidence,IE,TRUE,2026-08-23,2026-W34,1.627939916515095,1.82612259353562,2.04843169750383,0.8914735091049847,extrapolated,syndromic,2026-09-02
ILI incidence,IE,TRUE,2026-08-30,2026-W35,0.8837115379931437,1.02740624485941,1.19446623314802,0.8601383750729202,extrapolated,syndromic,2026-09-09
ILI incidence,IE,TRUE,2026-09-06,2026-W36,1.2376068810704672,1.44224777299118,1.68072646533676,0.858109753571473,extrapolated,syndromic,2026-09-16
ILI incidence,IE,TRUE,2026-09-13,2026-W37,2.3967908202617876,3.32518458792437,4.61319045879944,0.7207993291457846,extrapolated,syndromic,2026-09-23
ILI incidence,IE,TRUE,2026-09-20,2026-W38,4.6249889430739435,5.64935847587416,6.90061134886068,0.8186750695366857,extrapolated,syndromic,2026-09-30
ILI incidence,IE,TRUE,2026-09-27,2026-W39,5.64935847587416,5.64935847587416,6.90061134886068,0.8186750695366857,h1_nowcast,syndromic,2026-09-30
ILI incidence,IS,TRUE,2023-12-10,2023-W49,0.5317495144943745,0.508533133092456,0.486330387529795,1.0456536258723925,extrapolated,flu_archive,2023-12-20
ILI incidence,IS,TRUE,2023-12-17,2023-W50,6.291168788683474,6.29574770486861,6.30032995373709,0.9992726970012481,extrapolated,flu_archive,2023-12-27
ILI incidence,IS,TRUE,2023-12-24,2023-W51,5.2826627893632425,5.21279524868786,5.14385176344336,1.0134030855504959,extrapolated,flu_archive,2024-01-03
ILI incidence,IS,TRUE,2023-12-31,2023-W52,7.933936788337679,8.28380560114426,8.64910284367499,0.9577647243727865,extrapolated,flu_archive,2024-01-10
ILI incidence,IS,TRUE,2024-01-07,2024-W01,7.870667414331638,8.35542440451494,8.87003773688133,0.9419829602047076,extrapolated,flu_archive,2024-01-17
ILI incidence,IS,TRUE,2024-01-14,2024-W02,7.560695893170796,8.73668164358009,10.095579457205,0.8653967492024349,extrapolated,flu_archive,2024-01-24
ILI incidence,IS,TRUE,2024-01-21,2024-W03,6.12713938676404,6.44547994612822,6.78036015072313,0.9506102630021512,extrapolated,flu_archive,2024-01-31
ILI incidence,IS,TRUE,2024-01-28,2024-W04,7.540220737716195,7.87879657731044,8.23257536694347,0.9570269601109794,extrapolated,flu_archive,2024-02-07
ILI incidence,IS,TRUE,2024-02-04,2024-W05,7.2774536678085875,7.38812193636956,7.5004731377564,0.9850207847793923,extrapolated,flu_archive,2024-02-14
ILI incidence,IS,TRUE,2024-02-11,2024-W06,7.019837479822337,6.98518055730204,6.95069473593359,1.004961492725348,extrapolated,flu_archive,2024-02-21
ILI incidence,IS,TRUE,2024-02-18,2024-W07,12.31920520734356,13.160831915104101,14.0599570980742,0.9360506453399312,extrapolated,flu_archive,2024-02-28
ILI incidence,IS,TRUE,2024-02-25,2024-W08,12.067829226777002,11.9138253911673,11.7617868784783,1.012926480836615,extrapolated,flu_archive,2024-03-06
ILI incidence,IS,TRUE,2024-03-03,2024-W09,8.6283165643532609,8.45951530381335,8.29401641000365,1.019954010895142,extrapolated,flu_archive,2024-03-13
ILI incidence,IS,TRUE,2024-03-10,2024-W10,10.425616907914268,10.293898681123,10.1638445948255,1.0127957570665447,extrapolated,flu_archive,2024-03-20
ILI incidence,IS,TRUE,2024-03-17,2024-W11,8.305874969015727,7.40397020493085,6.6,1.1218136674137653,extrapolated,flu_archive,2024-03-27
ILI incidence,IS,TRUE,2024-03-24,2024-W12,6.790797251959943,6.71634862375767,6.64271618812242,1.0110846878821813,extrapolated,flu_archive,2024-04-03
ILI incidence,IS,TRUE,2024-03-31,2024-W13,3.317149469546903,2.58523983449848,2.01482178094032,1.28311092273975,extrapolated,flu_archive,2024-04-10
ILI incidence,IS,TRUE,2024-04-07,2024-W14,2.515182097414018,2.47973918072107,2.44479571110394,1.0142930018481386,extrapolated,flu_archive,2024-04-17
ILI incidence,IS,TRUE,2024-04-21,2024-W16,3.908150008446617,3.86618684314547,3.82467425093857,1.0108538896343167,extrapolated,flu_archive,2024-05-01
ILI incidence,IS,TRUE,2024-11-03,2024-W44,1.3855866255638147,1.52768123900995,1.68434793246746,0.906986739237419,extrapolated,syndromic,2024-11-13
ILI incidence,IS,TRUE,2024-11-10,2024-W45,1.8472345034723583,2.41355580333108,3.15349870568304,0.7653581081170319,extrapolated,syndromic,2024-11-20
ILI incidence,IS,TRUE,2024-11-17,2024-W46,2.199470752089137,2.81,3.59,0.7827298050139276,extrapolated,syndromic,2024-11-27
ILI incidence,IS,TRUE,2024-11-24,2024-W47,1.6908599536732738,2.02366686826097,2.42197917385208,0.8355426380658728,extrapolated,syndromic,2024-12-04
ILI incidence,IS,TRUE,2024-12-01,2024-W48,2.7687337104536796,3.25476114212834,3.82610651660421,0.8506718587168459,extrapolated,syndromic,2024-12-11
ILI incidence,IS,TRUE,2024-12-08,2024-W49,2.637536929578015,2.99964476667448,3.41146644254842,0.8792830934117872,extrapolated,syndromic,2024-12-18
ILI incidence,IS,TRUE,2024-12-15,2024-W50,5.75767388622379,6.83533806481705,8.11470871459511,0.8423393007962213,extrapolated,syndromic,2024-12-25
ILI incidence,IS,TRUE,2024-12-22,2024-W51,8.353359041071032,10.2,12.4548698898809,0.8189567687324542,extrapolated,syndromic,2025-01-01
ILI incidence,IS,TRUE,2024-12-29,2024-W52,7.145087764983597,8.53549357073834,10.1964668444185,0.8371030574586363,extrapolated,syndromic,2025-01-08
ILI incidence,IS,TRUE,2025-01-05,2025-W01,7.435675321284035,9.02165598780469,10.9459159048162,0.8242029325143239,extrapolated,syndromic,2025-01-15
ILI incidence,IS,TRUE,2025-01-12,2025-W02,12.339881927256652,14.3227419127816,16.6242219422724,0.8615586318876945,extrapolated,syndromic,2025-01-22
ILI incidence,IS,TRUE,2025-01-19,2025-W03,11.098162733299924,12.4,13.85454545,0.8950131236532196,extrapolated,syndromic,2025-01-29
ILI incidence,IS,TRUE,2025-01-26,2025-W04,10.28704013438898,10.6541082511234,11.034274304734,0.9655468005315494,extrapolated,syndromic,2025-02-05
ILI incidence,IS,TRUE,2025-02-02,2025-W05,12.385540755048861,12.8,13.2283283580664,0.9676203714881924,extrapolated,syndromic,2025-02-12
ILI incidence,IS,TRUE,2025-02-09,2025-W06,13.016901887733027,12.4059703433529,11.8237120850694,1.0492449625036757,extrapolated,syndromic,2025-02-19
ILI incidence,IS,TRUE,2025-02-16,2025-W07,6.5867583722091885,5.97768528280298,5.42493276981324,1.1018911268477838,extrapolated,syndromic,2025-02-26
ILI incidence,IS,TRUE,2025-02-23,2025-W08,6.036320099700495,6.05175257159864,6.06722449819517,0.997449916909926,extrapolated,syndromic,2025-03-05
ILI incidence,IS,TRUE,2025-03-02,2025-W09,7.319008121463697,7.01859815658387,6.73051857110811,1.0428019895394673,extrapolated,syndromic,2025-03-12
ILI incidence,IS,TRUE,2025-03-09,2025-W10,6.773161694293186,6.35543916537577,5.96347891987057,1.065726776395431,extrapolated,syndromic,2025-03-19
ILI incidence,IS,TRUE,2025-03-16,2025-W11,6.964628645136859,6.76847925043184,6.57785413950468,1.028979832462736,extrapolated,syndromic,2025-03-26
ILI incidence,IS,TRUE,2025-03-23,2025-W12,5.525283217580448,5.12701087002504,4.75744670928666,1.07768119819755,extrapolated,syndromic,2025-04-02
ILI incidence,IS,TRUE,2025-03-30,2025-W13,5.5520908031220095,5.53738117427685,5.522710516909,1.0026564233853887,extrapolated,syndromic,2025-04-09
ILI incidence,IS,TRUE,2025-04-06,2025-W14,4.8277940000677075,3.89655766668679,3.14494811700803,1.2389894909916064,extrapolated,syndromic,2025-04-16
ILI incidence,IS,TRUE,2025-04-13,2025-W15,3.503958873472504,2.89666041853463,2.39461759777731,1.2096546944377746,extrapolated,syndromic,2025-04-23
ILI incidence,IS,TRUE,2025-04-20,2025-W16,5.062486701716267,3.97076548866567,3.11447308308643,1.2749397354658327,extrapolated,syndromic,2025-04-30
ILI incidence,IS,TRUE,2025-04-27,2025-W17,4.203116281848751,3.04144251879224,2.20083670658012,1.3819482879846807,extrapolated,syndromic,2025-05-07
ILI incidence,IS,TRUE,2025-05-04,2025-W18,0.8790689645736334,0.860878525628189,0.843064498639443,1.0211300879321745,extrapolated,syndromic,2025-05-14
ILI incidence,IS,TRUE,2025-05-11,2025-W19,1.3583851987694553,1.35166732642343,1.344982677208,1.0049700634281078,extrapolated,syndromic,2025-05-21
ILI incidence,IS,TRUE,2025-05-18,2025-W20,1.8864331917127526,1.37238045362243,0.998407003099263,1.37457013959465,extrapolated,syndromic,2025-05-28
ILI incidence,IS,TRUE,2025-05-25,2025-W21,0.2701830074019323,0.997335168187543,3.68149517346945,0.27090492346012013,extrapolated,syndromic,2025-06-04
ILI incidence,IS,TRUE,2025-06-01,2025-W22,0.8105176410921872,0.830183783783434,0.850327099516629,0.9763110975239464,extrapolated,syndromic,2025-06-11
ILI incidence,IS,TRUE,2025-06-08,2025-W23,1.0186290340236093,0.67636320732374,0.449100872782165,1.5060385056339178,extrapolated,syndromic,2025-06-18
ILI incidence,IS,TRUE,2025-06-15,2025-W24,1.4614557688521803,1.78839053501708,2.18846219906514,0.8171905074627466,extrapolated,syndromic,2025-06-25
ILI incidence,IS,TRUE,2025-06-22,2025-W25,0.7101677353829374,0.90014830557813,1.140951540974,0.7889452560007038,extrapolated,syndromic,2025-07-02
ILI incidence,IS,TRUE,2025-06-29,2025-W26,0.6427858229889538,0.724126089584963,0.815759425401361,0.887671128321547,extrapolated,syndromic,2025-07-09
ILI incidence,IS,TRUE,2025-07-06,2025-W27,0.6171171967368618,0.768857408792871,0.957908348983751,0.8026419329245382,extrapolated,syndromic,2025-07-16
ILI incidence,IS,TRUE,2025-07-13,2025-W28,0.5532371035107276,0.665950636076891,0.801627813602737,0.8307479166471591,extrapolated,syndromic,2025-07-23
ILI incidence,IS,TRUE,2025-07-20,2025-W29,0.7053618480129609,0.652283855739886,0.603199945754756,1.0813725371339575,extrapolated,syndromic,2025-07-30
ILI incidence,IS,TRUE,2025-07-27,2025-W30,0.6539694580190254,0.753154731668725,0.867383090875915,0.8683069102813176,extrapolated,syndromic,2025-08-06
ILI incidence,IS,TRUE,2025-08-03,2025-W31,0.7853052411003729,0.868990230215148,0.961592996821548,0.9036985846272909,extrapolated,syndromic,2025-08-13
ILI incidence,IS,TRUE,2025-08-10,2025-W32,0.09344255164977724,0.262681815429296,0.738440196023855,0.35572523928641897,extrapolated,syndromic,2025-08-20
ILI incidence,IS,TRUE,2025-08-17,2025-W33,0.6343797602224016,0.914025395073013,1.31694369086663,0.6940504756672837,extrapolated,syndromic,2025-08-27
ILI incidence,IS,TRUE,2025-08-24,2025-W34,0.8654371468088382,0.981041067976797,1.11208720425961,0.8821619961268604,extrapolated,syndromic,2025-09-03
ILI incidence,IS,TRUE,2025-08-31,2025-W35,0.43633966845348565,0.609165045749421,0.850443083201939,0.7162913753803485,extrapolated,syndromic,2025-09-10
ILI incidence,IS,TRUE,2025-09-07,2025-W36,0.646665666402423,0.705173480323364,0.768974855457863,0.917030609412436,extrapolated,syndromic,2025-09-17
ILI incidence,IS,TRUE,2025-09-14,2025-W37,0.6187455913797939,0.631082192666682,0.643664762140547,0.9804516726501837,extrapolated,syndromic,2025-09-24
ILI incidence,IS,TRUE,2025-09-21,2025-W38,0.2556905746452922,0.498398093098195,0.971489307138176,0.5130247851789348,extrapolated,syndromic,2025-10-01
ILI incidence,IS,TRUE,2025-09-28,2025-W39,1.5004660716841278,1.44131131455734,1.38448868966384,1.0410423178735368,extrapolated,syndromic,2025-10-08
ILI incidence,IS,TRUE,2025-10-05,2025-W40,1.31913275497645,1.51429025490061,1.73832009510513,0.8711227921512515,extrapolated,syndromic,2025-10-15
ILI incidence,IS,TRUE,2025-10-12,2025-W41,2.2058936948634424,2.53072966242485,2.90340039467472,0.8716433555174116,extrapolated,syndromic,2025-10-22
ILI incidence,IS,TRUE,2025-10-19,2025-W42,3.3901639703883575,4.01651620779312,4.75859061342593,0.8440558421774894,extrapolated,syndromic,2025-10-29
ILI incidence,IS,TRUE,2025-10-26,2025-W43,3.1768285280509714,2.97195589171992,2.78029542493048,1.0689352883405303,extrapolated,syndromic,2025-11-05
ILI incidence,IS,TRUE,2025-11-02,2025-W44,2.192874541983219,2.44826459602339,2.73339829405865,0.8956852725579619,extrapolated,syndromic,2025-11-12
ILI incidence,IS,TRUE,2025-11-09,2025-W45,2.779591077209926,2.92765365527934,3.08360319456557,0.9494261973910684,extrapolated,syndromic,2025-11-19
ILI incidence,IS,TRUE,2025-11-16,2025-W46,10.431793925775006,10.198543524009,9.97050850037557,1.022870952231257,extrapolated,syndromic,2025-11-26
ILI incidence,IS,TRUE,2025-11-23,2025-W47,21.996859707444006,25.0332330690538,28.4887373117854,0.8787063040065975,extrapolated,syndromic,2025-12-03
ILI incidence,IS,TRUE,2025-11-30,2025-W48,33.0370858685906,28.3577039163272,24.3411109141021,1.1650127233879894,extrapolated,syndromic,2025-12-10
ILI incidence,IS,TRUE,2025-12-07,2025-W49,24.274219079189734,26.9729307510549,29.9716745131019,0.8999474066510325,extrapolated,syndromic,2025-12-17
ILI incidence,IS,TRUE,2025-12-14,2025-W50,41.8907911570673,41.8301224534228,41.7695416137575,1.0014503592169024,extrapolated,syndromic,2025-12-24
ILI incidence,IS,TRUE,2025-12-21,2025-W51,43.62980595190702,39.5011772209891,35.7632349674887,1.1045191313620943,extrapolated,syndromic,2025-12-31
ILI incidence,IS,TRUE,2025-12-28,2025-W52,46.31148568986781,40.6756878022849,35.7257288023245,1.1385544582547,extrapolated,syndromic,2026-01-07
ILI incidence,IS,TRUE,2026-01-04,2026-W01,7.294383376911938,6.67739533968185,6.11259461129132,1.0923995069699564,extrapolated,syndromic,2026-01-14
ILI incidence,IS,TRUE,2026-01-11,2026-W02,10.790825196336533,10.1654317250916,9.57628358140592,1.0615215849319268,extrapolated,syndromic,2026-01-21
ILI incidence,IS,TRUE,2026-01-18,2026-W03,4.471344662203515,4.90850459076832,5.38840530931477,0.9109382663332953,extrapolated,syndromic,2026-01-28
ILI incidence,IS,TRUE,2026-01-25,2026-W04,4.280879831510119,4.42592843651813,4.57589170828691,0.9672275304292718,extrapolated,syndromic,2026-02-04
ILI incidence,IS,TRUE,2026-02-01,2026-W05,4.464867993403203,3.73022005976331,3.11645085920103,1.1969449313632474,extrapolated,syndromic,2026-02-11
ILI incidence,IS,TRUE,2026-02-08,2026-W06,2.620395608282243,2.55253676853305,2.48643522913864,1.0265848627865963,extrapolated,syndromic,2026-02-18
ILI incidence,IS,TRUE,2026-02-15,2026-W07,2.593893095041283,2.5187133141703,2.44571249721368,1.0298484867047077,extrapolated,syndromic,2026-02-25
ILI incidence,IS,TRUE,2026-02-22,2026-W08,2.661332333352889,2.7255251,2.7912662306895,0.9764475599042873,extrapolated,syndromic,2026-03-04
ILI incidence,IS,TRUE,2026-03-01,2026-W09,1.6068699904078148,1.62196889767673,1.63720968138996,0.9906910007395687,extrapolated,syndromic,2026-03-11
ILI incidence,IS,TRUE,2026-03-08,2026-W10,2.069466178631137,2.3867397350821,2.75265506720568,0.867068222065675,extrapolated,syndromic,2026-03-18
ILI incidence,IS,TRUE,2026-03-15,2026-W11,1.8637337989802072,2.0297180704288,2.21048491349969,0.9182229917214428,extrapolated,syndromic,2026-03-25
ILI incidence,IS,TRUE,2026-03-22,2026-W12,2.001417750351637,1.88437621508621,1.7741791884072,1.0621115541198187,extrapolated,syndromic,2026-04-01
ILI incidence,IS,TRUE,2026-03-29,2026-W13,1.4441274918324611,1.92978273668842,2.57876221585891,0.7483368279636693,extrapolated,syndromic,2026-04-08
ILI incidence,IS,TRUE,2026-04-05,2026-W14,1.301796778247543,1.55835764996735,1.86548208275714,0.8353645764660108,extrapolated,syndromic,2026-04-15
ILI incidence,IS,TRUE,2026-04-12,2026-W15,3.1321304773813363,2.9871507388197,2.84888180772448,1.0485344568245394,extrapolated,syndromic,2026-04-22
ILI incidence,IS,TRUE,2026-04-19,2026-W16,2.6393917586415174,2.8479314305748,3.07294792699905,0.926775037595904,extrapolated,syndromic,2026-04-29
ILI incidence,IS,TRUE,2026-04-26,2026-W17,1.6279825255422387,1.91811335312637,2.25994983221104,0.8487415631035352,extrapolated,syndromic,2026-05-06
ILI incidence,IS,TRUE,2026-05-03,2026-W18,1.9450718858166074,1.77810284846265,1.62546678236708,1.0939029131516882,extrapolated,syndromic,2026-05-13
ILI incidence,IS,TRUE,2026-05-10,2026-W19,1.5034605053220629,1.77090365271673,2.0859209377992,0.8489792784692807,extrapolated,syndromic,2026-05-20
ILI incidence,IS,TRUE,2026-05-17,2026-W20,0.400042573348961,0.764302550680625,1.46024055411558,0.5234086592969184,extrapolated,syndromic,2026-05-27
ILI incidence,IS,TRUE,2026-05-24,2026-W21,8.356767350146317,2.46076314689238,0.724604983169439,3.396006381475525,extrapolated,syndromic,2026-06-03
ILI incidence,IS,TRUE,2026-05-31,2026-W22,0.3402174659495889,0.723439629224907,1.53832459974474,0.47027761848503896,extrapolated,syndromic,2026-06-10
ILI incidence,IS,TRUE,2026-08-02,2026-W31,0.10920880564261913,0.124240869509578,0.141342024259554,0.8790087036069879,extrapolated,syndromic,2026-08-12
ILI incidence,IS,TRUE,2026-08-09,2026-W32,0.16239569022668995,0.301,0.557902736664557,0.539520565537176,extrapolated,syndromic,2026-08-19
ILI incidence,IS,TRUE,2026-08-16,2026-W33,0.44835867450696876,0.433018944287208,0.418204033451111,1.0354250787919024,extrapolated,syndromic,2026-08-26
ILI incidence,IS,TRUE,2026-08-23,2026-W34,0.4323405468830319,0.494769216894185,0.566212398422843,0.873822647247465,extrapolated,syndromic,2026-09-02
ILI incidence,IS,TRUE,2026-08-30,2026-W35,0.36532035742829655,0.509672556283971,0.711063890492397,0.7167746289732605,extrapolated,syndromic,2026-09-09
ILI incidence,IS,TRUE,2026-09-06,2026-W36,0.47992208227410693,0.590034517459634,0.725410946177265,0.8133796719900201,extrapolated,syndromic,2026-09-16
ILI incidence,IS,TRUE,2026-09-13,2026-W37,0.40162118262330604,0.539625747219804,0.725051266371212,0.7442587472752944,extrapolated,syndromic,2026-09-23
ILI incidence,IS,TRUE,2026-09-20,2026-W38,0.4425813378340581,0.5469651222229,0.675968052318743,0.8091582440126718,extrapolated,syndromic,2026-09-30
ILI incidence,IS,TRUE,2026-09-27,2026-W39,0.5469651222229,0.5469651222229,0.675968052318743,0.8091582440126718,h1_nowcast,syndromic,2026-09-30
ILI incidence,IT,TRUE,2023-12-10,2023-W49,1322.366539923953,1242.08,1166.668,1.064638783269962,extrapolated,flu_archive,2023-12-20
ILI incidence,IT,TRUE,2023-12-17,2023-W50,1535.8861485798113,1461.98954655376,1391.64835636344,1.0505452328303184,extrapolated,flu_archive,2023-12-27
ILI incidence,IT,TRUE,2023-12-24,2023-W51,1895.1962406189305,1867.95720426456,1841.10966567998,1.0145822593216707,extrapolated,flu_archive,2024-01-03
ILI incidence,IT,TRUE,2023-12-31,2023-W52,1871.9245379280007,1689.11267749842,1524.15419504246,1.1082295236220272,extrapolated,flu_archive,2024-01-10
ILI incidence,IT,TRUE,2024-01-07,2024-W01,1733.7214889360341,1399.61287049578,1129.89093101661,1.2387150229062287,extrapolated,flu_archive,2024-01-17
ILI incidence,IT,TRUE,2024-01-14,2024-W02,1428.1404270542048,1136.529467507,904.462338606369,1.2565802012919731,extrapolated,flu_archive,2024-01-24
ILI incidence,IT,TRUE,2024-01-21,2024-W03,1192.569665081281,903.806856101318,684.963618523765,1.3194961479110443,extrapolated,flu_archive,2024-01-31
ILI incidence,IT,TRUE,2024-01-28,2024-W04,1200.637993066235,952.31843575419,755.357075417217,1.2607526516226548,extrapolated,flu_archive,2024-02-07
ILI incidence,IT,TRUE,2024-02-04,2024-W05,812.1664668747039,679.137117490229,567.897399319852,1.195879957019709,extrapolated,flu_archive,2024-02-14
ILI incidence,IT,TRUE,2024-02-11,2024-W06,805.0759381454727,717.265020784298,639.031780313546,1.1224246475384467,extrapolated,flu_archive,2024-02-21
ILI incidence,IT,TRUE,2024-02-18,2024-W07,679.329853727469,584.388138744649,502.71527864053,1.162463453119991,extrapolated,flu_archive,2024-02-28
ILI incidence,IT,TRUE,2024-02-25,2024-W08,602.3007229792643,526.138495068106,459.607145452591,1.1447569957816892,extrapolated,flu_archive,2024-03-06
ILI incidence,IT,TRUE,2024-03-03,2024-W09,656.7089354088389,605.787654320988,558.814814814815,1.084057971014493,extrapolated,flu_archive,2024-03-13
ILI incidence,IT,TRUE,2024-03-10,2024-W10,609.3772126278195,566.774502422514,527.150228035329,1.075166949153875,extrapolated,flu_archive,2024-03-20
ILI incidence,IT,TRUE,2024-03-17,2024-W11,514.2710120434931,475.518329175884,439.685838958197,1.0814956658658588,extrapolated,flu_archive,2024-03-27
ILI incidence,IT,TRUE,2024-03-24,2024-W12,505.43521830268395,465.753245590975,429.186724476764,1.0851995624021,extrapolated,flu_archive,2024-04-03
ILI incidence,IT,TRUE,2024-03-31,2024-W13,497.0265673465913,472.989496693659,450.11490065181,1.0508194596729066,extrapolated,flu_archive,2024-04-10
ILI incidence,IT,TRUE,2024-04-07,2024-W14,482.5208946144205,445.106172839506,410.592592592593,1.084057971014491,extrapolated,flu_archive,2024-04-17
ILI incidence,IT,TRUE,2024-04-14,2024-W15,440.0180993134625,428.980130658165,418.21905232221,1.0257307223958423,extrapolated,flu_archive,2024-04-24
ILI incidence,IT,TRUE,2024-04-21,2024-W16,475.91087640219973,495.787416778319,516.494105984636,0.9599091471395553,extrapolated,flu_archive,2024-05-01
ILI incidence,IT,TRUE,2024-11-10,2024-W45,616.8917007157432,694.40124112255,781.649490685443,0.8883793175808464,extrapolated,syndromic,2024-11-20
ILI incidence,IT,TRUE,2024-11-17,2024-W46,711.1021747314197,760.219944230352,812.730412227867,0.9353900540603954,extrapolated,syndromic,2024-11-27
ILI incidence,IT,TRUE,2024-11-24,2024-W47,843.0460681143448,854.467026694796,866.042707893417,0.986633821758308,extrapolated,syndromic,2024-12-04
ILI incidence,IT,TRUE,2024-12-01,2024-W48,817.5531505457116,848.406757686216,880.42474792884,0.9636334731412936,extrapolated,syndromic,2024-12-11
ILI incidence,IT,TRUE,2024-12-08,2024-W49,871.3413800199654,897.063552233431,923.54504812708706,0.9713262542554264,extrapolated,syndromic,2024-12-18
ILI incidence,IT,TRUE,2024-12-15,2024-W50,955.8448579447925,993.717051106837,1033.08980474476,0.9618883533095648,extrapolated,syndromic,2024-12-25
ILI incidence,IT,TRUE,2024-12-22,2024-W51,979.0245365331776,964.981529542756,951.139953709547,1.0145526173926618,extrapolated,syndromic,2025-01-01
ILI incidence,IT,TRUE,2024-12-29,2024-W52,1076.000287105563,1057.26493387304,1038.8558012419,1.0177205850986564,extrapolated,syndromic,2025-01-08
ILI incidence,IT,TRUE,2025-01-05,2025-W01,1082.147034558739,1127.38056559926,1174.50484925015,0.9598773187858901,extrapolated,syndromic,2025-01-15
ILI incidence,IT,TRUE,2025-01-12,2025-W02,1469.157204635217,1501.47823820406,1534.51032516301,0.9784738581309702,extrapolated,syndromic,2025-01-22
ILI incidence,IT,TRUE,2025-01-19,2025-W03,1477.0046650884137,1534.50954058798,1594.25327882399,0.9625255666526962,extrapolated,syndromic,2025-01-29
ILI incidence,IT,TRUE,2025-01-26,2025-W04,1579.0140625312417,1559.69735289187,1540.61695227605,1.0123849089078445,extrapolated,syndromic,2025-02-05
ILI incidence,IT,TRUE,2025-02-02,2025-W05,1628.6991869403253,1538.81619023045,1453.89356506268,1.0584104828637224,extrapolated,syndromic,2025-02-12
ILI incidence,IT,TRUE,2025-02-09,2025-W06,1544.8015814368034,1318.20280853756,1124.84261106215,1.171899780088191,extrapolated,syndromic,2025-02-19
ILI incidence,IT,TRUE,2025-02-16,2025-W07,1361.4963748113685,1174.76793825772,1013.64919825769,1.158949210710144,extrapolated,syndromic,2025-02-26
ILI incidence,IT,TRUE,2025-02-23,2025-W08,1141.767825728689,1001.5,878.464279162773,1.1400577391200097,extrapolated,syndromic,2025-03-05
ILI incidence,IT,TRUE,2025-03-02,2025-W09,1013.818319576519,874.120987759871,753.673006778433,1.1598146409625198,extrapolated,syndromic,2025-03-12
ILI incidence,IT,TRUE,2025-03-09,2025-W10,779.078132995763,716.660438605776,659.24348600016,1.08709521417342,extrapolated,syndromic,2025-03-19
ILI incidence,IT,TRUE,2025-03-16,2025-W11,765.2236933095377,680.529011515572,605.208306490618,1.1244541824974466,extrapolated,syndromic,2025-03-26
ILI incidence,IT,TRUE,2025-03-23,2025-W12,668.6434317221144,599.884708965966,538.196663540604,1.1146198956707354,extrapolated,syndromic,2025-04-02
ILI incidence,IT,TRUE,2025-03-30,2025-W13,1097.9449230769242,944.5,812.5,1.1624615384615384,extrapolated,syndromic,2025-04-09
ILI incidence,IT,TRUE,2025-04-06,2025-W14,616.445031449803,572.174153988455,531.082652612901,1.0773730815220302,extrapolated,syndromic,2025-04-16
ILI incidence,IT,TRUE,2025-04-13,2025-W15,638.0588729376868,641.853112973601,645.66991559435,0.994088616290515,extrapolated,syndromic,2025-04-23
ILI incidence,IT,TRUE,2025-04-20,2025-W16,531.4474463788611,495.647330866192,462.258833434395,1.0722290089812543,extrapolated,syndromic,2025-04-30
ILI incidence,IT,TRUE,2025-04-27,2025-W17,402.9155918757349,392.656987536383,382.659576769862,1.0261261219460702,extrapolated,syndromic,2025-05-07
ILI incidence,IT,TRUE,2025-05-04,2025-W18,514.4337645825153,469.209173615484,427.960339624271,1.09638471178761,extrapolated,syndromic,2025-05-14
ILI incidence,IT,TRUE,2025-05-11,2025-W19,474.4739283251351,438.210339624271,404.718342336464,1.0827538408426356,extrapolated,syndromic,2025-05-21
ILI incidence,IT,TRUE,2025-05-18,2025-W20,406.042556267342,388.436684672928,371.59419787603,1.0453249455808695,extrapolated,syndromic,2025-05-28
ILI incidence,IT,TRUE,2025-05-25,2025-W21,496.05980271270005,448.5,405.5,1.1060419235511714,extrapolated,syndromic,2025-06-04
ILI incidence,IT,TRUE,2025-06-01,2025-W22,368.1727544480173,357.228844317939,346.610241173476,1.0306355724184977,extrapolated,syndromic,2025-06-11
ILI incidence,IT,TRUE,2025-06-15,2025-W24,426.0382775119619,422,418,1.0095693779904307,extrapolated,syndromic,2025-06-25
ILI incidence,IT,TRUE,2025-06-22,2025-W25,409.03990024937616,405,401,1.0099750623441397,extrapolated,syndromic,2025-07-02
ILI incidence,IT,TRUE,2025-07-06,2025-W27,384.03249336870033,380.5,377,1.009283819628647,extrapolated,syndromic,2025-07-16
ILI incidence,IT,TRUE,2025-07-13,2025-W28,377.0242587601081,374,371,1.0080862533692723,extrapolated,syndromic,2025-07-23
ILI incidence,IT,TRUE,2025-07-20,2025-W29,206.00000000000003,206,206,1,extrapolated,syndromic,2025-07-30
ILI incidence,IT,TRUE,2025-07-27,2025-W30,212.04368932038827,209,206,1.0145631067961165,extrapolated,syndromic,2025-08-06
ILI incidence,IT,TRUE,2025-08-03,2025-W31,202.0761904761906,206,210,0.9809523809523809,extrapolated,syndromic,2025-08-13
ILI incidence,IT,TRUE,2025-08-10,2025-W32,205.07511737089192,209,213,0.9812206572769953,extrapolated,syndromic,2025-08-20
ILI incidence,IT,TRUE,2025-08-24,2025-W34,210.06881720430084,221,232.5,0.9505376344086022,extrapolated,syndromic,2025-09-03
ILI incidence,IT,TRUE,2025-08-31,2025-W35,217.93996247654783,241,266.5,0.9043151969981238,extrapolated,syndromic,2025-09-10
ILI incidence,IT,TRUE,2025-09-07,2025-W36,214.86522633744875,228.5,243,0.9403292181069959,extrapolated,syndromic,2025-09-17
ILI incidence,IT,TRUE,2025-09-14,2025-W37,229.54110898661582,245,261.5,0.9369024856596558,extrapolated,syndromic,2025-09-24
ILI incidence,IT,TRUE,2025-09-21,2025-W38,241.49555160142353,260.5,281,0.9270462633451957,extrapolated,syndromic,2025-10-01
ILI incidence,IT,TRUE,2025-09-28,2025-W39,255.69314381270894,276.5,299,0.9247491638795987,extrapolated,syndromic,2025-10-08
ILI incidence,IT,TRUE,2025-10-12,2025-W41,300.46854082998647,335,373.5,0.8969210174029452,extrapolated,syndromic,2025-10-22
ILI incidence,IT,TRUE,2025-10-19,2025-W42,295.99999999999994,296,296,1,extrapolated,syndromic,2025-10-29
ILI incidence,IT,TRUE,2025-10-26,2025-W43,329.78612303290424,339.5,349.5,0.9713876967095851,extrapolated,syndromic,2025-11-05
ILI incidence,IT,TRUE,2025-11-02,2025-W44,385.2246294184718,411,438.5,0.9372862029646523,extrapolated,syndromic,2025-11-12
ILI incidence,IT,TRUE,2025-11-09,2025-W45,458.48257839721225,513,574,0.8937282229965157,extrapolated,syndromic,2025-11-19
ILI incidence,IT,TRUE,2025-11-16,2025-W46,780.656198098609,827.029653118406,876.157838499291,0.9439276997566636,extrapolated,syndromic,2025-11-26
ILI incidence,IT,TRUE,2025-11-23,2025-W47,577.9882005899705,626,678,0.9233038348082596,extrapolated,syndromic,2025-12-03
ILI incidence,IT,TRUE,2025-11-30,2025-W48,646.1177266576461,691,739,0.9350473612990527,extrapolated,syndromic,2025-12-10
ILI incidence,IT,TRUE,2026-01-25,2026-W04,616.7308695652168,595.5,575,1.0356521739130435,extrapolated,syndromic,2026-02-04
ILI incidence,IT,TRUE,2026-02-01,2026-W05,759.942352965593,737.2392,715.2143,1.0307948261101603,extrapolated,syndromic,2026-02-11
ILI incidence,IT,TRUE,2026-02-08,2026-W06,676.9699115149232,657.71222,639.00235,1.0292798140726713,extrapolated,syndromic,2026-02-18
ILI incidence,IT,TRUE,2026-02-15,2026-W07,602.3801289701584,580.786315,559.966585,1.0371803078214032,extrapolated,syndromic,2026-02-25
ILI incidence,IT,TRUE,2026-02-22,2026-W08,505.9843438163393,496.8858,487.950865,1.0183111367166036,extrapolated,syndromic,2026-03-04
ILI incidence,IT,TRUE,2026-03-01,2026-W09,501.9038969608034,489.62095,477.6386,1.025086645007334,extrapolated,syndromic,2026-03-11
ILI incidence,IT,TRUE,2026-03-08,2026-W10,489.51492386569083,467.9068,447.2525,1.0461804014510818,extrapolated,syndromic,2026-03-18
ILI incidence,IT,TRUE,2026-03-15,2026-W11,495.3405684761799,469.06897,444.19075,1.0560079650465481,extrapolated,syndromic,2026-03-25
ILI incidence,IT,TRUE,2026-03-22,2026-W12,450.91038285592913,427.86078,405.989425,1.0538717356985345,extrapolated,syndromic,2026-04-01
ILI incidence,IT,TRUE,2026-03-29,2026-W13,425.35783955482464,404.59648,384.848465,1.0513137424102756,extrapolated,syndromic,2026-04-08
ILI incidence,IT,TRUE,2026-04-12,2026-W15,236.25452488687807,228.5,221,1.0339366515837105,extrapolated,syndromic,2026-04-22
ILI incidence,IT,TRUE,2026-04-26,2026-W17,180.56055900621118,170.5,161,1.0590062111801242,extrapolated,syndromic,2026-05-06
ILI incidence,LT,TRUE,2023-12-10,2023-W49,18.315485355120316,27.4024003711541,40.9976329615041,0.6683898164775602,extrapolated,flu_archive,2023-12-20
ILI incidence,LT,TRUE,2023-12-17,2023-W50,30.044476376424356,42.0560247804751,58.8696969844289,0.7143917318208546,extrapolated,flu_archive,2023-12-27
ILI incidence,LT,TRUE,2023-12-24,2023-W51,39.04308447848577,50.4113496340015,65.0897388325428,0.7744899662863208,extrapolated,flu_archive,2024-01-03
ILI incidence,LT,TRUE,2023-12-31,2023-W52,34.545447415163906,38.2037391728127,42.2494364957519,0.9042425731915742,extrapolated,flu_archive,2024-01-10
ILI incidence,LT,TRUE,2024-01-07,2024-W01,27.875492792429185,32.5843044931473,38.0885427643633,0.855488347105631,extrapolated,flu_archive,2024-01-17
ILI incidence,LT,TRUE,2024-01-14,2024-W02,45.513846153846174,51.6,58.5,0.882051282051282,extrapolated,flu_archive,2024-01-24
ILI incidence,LT,TRUE,2024-01-21,2024-W03,82.12434548392893,95.64,111.38,0.8586819895852038,extrapolated,flu_archive,2024-01-31
ILI incidence,LT,TRUE,2024-01-28,2024-W04,175.23952605871952,180.69,186.31,0.9698352208684451,extrapolated,flu_archive,2024-02-07
ILI incidence,LT,TRUE,2024-02-04,2024-W05,224.6549947530821,226.288008451012,227.932892500369,0.9927834722259125,extrapolated,flu_archive,2024-02-14
ILI incidence,LT,TRUE,2024-02-11,2024-W06,195.94935961702723,202.663334158206,209.607355147241,0.9668712914002607,extrapolated,flu_archive,2024-02-21
ILI incidence,LT,TRUE,2024-02-18,2024-W07,145.18642976467018,135.3316328064,126.145748385246,1.0728196117486302,extrapolated,flu_archive,2024-02-28
ILI incidence,LT,TRUE,2024-02-25,2024-W08,124.57091615953422,102.289773544438,83.9939055948863,1.217823755425722,extrapolated,flu_archive,2024-03-06
ILI incidence,LT,TRUE,2024-03-03,2024-W09,80.76266895553275,60.4008800925035,45.1726814273274,1.3371107975884677,extrapolated,flu_archive,2024-03-13
ILI incidence,LT,TRUE,2024-03-10,2024-W10,55.43867871629847,41.6330456353297,31.2653643450537,1.331602765790772,extrapolated,flu_archive,2024-03-20
ILI incidence,LT,TRUE,2024-03-17,2024-W11,34.768945480670276,27.6720575081288,22.0237558587706,1.2564640511626837,extrapolated,flu_archive,2024-03-27
ILI incidence,LT,TRUE,2024-03-24,2024-W12,27.323499330130083,20.6773054371851,15.6477380505643,1.3214245643918752,extrapolated,flu_archive,2024-04-03
ILI incidence,LT,TRUE,2024-03-31,2024-W13,20.52400407768982,15.2948871952696,11.3980475462054,1.3418865935825584,extrapolated,flu_archive,2024-04-10
ILI incidence,LT,TRUE,2024-04-07,2024-W14,11.519971668068383,8.84,6.78348890532498,1.3031642158448402,extrapolated,flu_archive,2024-04-17
ILI incidence,LT,TRUE,2024-04-14,2024-W15,9.586449989294245,9.6456953936786,9.70530694172871,0.9938578400036165,extrapolated,flu_archive,2024-04-24
ILI incidence,LT,TRUE,2024-04-21,2024-W16,5.729369443963012,5.55709468184236,5.39,1.0310008686163934,extrapolated,flu_archive,2024-05-01
ILI incidence,LT,TRUE,2024-10-13,2024-W41,2.6673550398288803,3.08966335501447,3.57883352788749,0.8633157510509389,extrapolated,syndromic,2024-10-23
ILI incidence,LT,TRUE,2024-10-20,2024-W42,3.32675478149052,3.71697940836626,4.15297694891377,0.8950156608354047,extrapolated,syndromic,2024-10-30
ILI incidence,LT,TRUE,2024-10-27,2024-W43,3.370135262253976,4.07181759873207,4.91959439819503,0.827673435888535,extrapolated,syndromic,2024-11-06
ILI incidence,LT,TRUE,2024-11-03,2024-W44,4.8558905718523935,5.75333012692625,6.81662962943791,0.8440138953831737,extrapolated,syndromic,2024-11-13
ILI incidence,LT,TRUE,2024-11-10,2024-W45,5.701032933108276,7.56872316638215,10.0482791524758,0.753235758236005,extrapolated,syndromic,2024-11-20
ILI incidence,LT,TRUE,2024-11-17,2024-W46,8.435561728395065,11.69,16.2,0.721604938271605,extrapolated,syndromic,2024-11-27
ILI incidence,LT,TRUE,2024-11-24,2024-W47,12.102602298651428,15.7030498750866,20.3746078152906,0.7707166693683243,extrapolated,syndromic,2024-12-04
ILI incidence,LT,TRUE,2024-12-01,2024-W48,16.641308267489077,22.1976265048441,29.6091277517632,0.749688632875119,extrapolated,syndromic,2024-12-11
ILI incidence,LT,TRUE,2024-12-08,2024-W49,22.318741001298086,29.6577097712017,39.4099178274292,0.7525443189470447,extrapolated,syndromic,2024-12-18
ILI incidence,LT,TRUE,2024-12-15,2024-W50,62.88578409305482,70.0791308830313,78.0953065330932,0.897353938336038,extrapolated,syndromic,2024-12-25
ILI incidence,LT,TRUE,2024-12-22,2024-W51,63.50862906185808,69.7106957640777,76.5184381350528,0.9110313469943069,extrapolated,syndromic,2025-01-01
ILI incidence,LT,TRUE,2024-12-29,2024-W52,122.85050977666847,152.573835890979,189.488634933678,0.8051872659507028,extrapolated,syndromic,2025-01-08
ILI incidence,LT,TRUE,2025-01-05,2025-W01,141.16459002941434,150.6666667,160.808347544939,0.9369331194569682,extrapolated,syndromic,2025-01-15
ILI incidence,LT,TRUE,2025-01-12,2025-W02,196.45595138693892,210.867213077156,226.335630134964,0.9316571719239072,extrapolated,syndromic,2025-01-22
ILI incidence,LT,TRUE,2025-01-19,2025-W03,303.93144144801477,309.102444406938,314.361425337057,0.9832709088766843,extrapolated,syndromic,2025-01-29
ILI incidence,LT,TRUE,2025-01-26,2025-W04,397.0115541282927,402.22899383385,407.515,0.9870286831990234,extrapolated,syndromic,2025-02-05
ILI incidence,LT,TRUE,2025-02-02,2025-W05,399.70722253262437,349.385356023714,305.398852265808,1.1440296956965044,extrapolated,syndromic,2025-02-12
ILI incidence,LT,TRUE,2025-02-09,2025-W06,300.459592890518,245.149507099977,200.021175071153,1.2256177727821598,extrapolated,syndromic,2025-02-19
ILI incidence,LT,TRUE,2025-02-16,2025-W07,284.09597601754854,242.284373708073,206.626361154398,1.172572426647102,extrapolated,syndromic,2025-02-26
ILI incidence,LT,TRUE,2025-02-23,2025-W08,311.1707438901524,271.080693511465,236.155692132156,1.1478897292882717,extrapolated,syndromic,2025-03-05
ILI incidence,LT,TRUE,2025-03-02,2025-W09,311.8208247223868,263.867636274001,223.288901678765,1.1817319817068859,extrapolated,syndromic,2025-03-12
ILI incidence,LT,TRUE,2025-03-09,2025-W10,277.245754736282,260.3,244.39,1.0651008633741152,extrapolated,syndromic,2025-03-19
ILI incidence,LT,TRUE,2025-03-16,2025-W11,253.72107889014183,214.76485057875001,181.789945265383,1.1813901493024224,extrapolated,syndromic,2025-03-26
ILI incidence,LT,TRUE,2025-03-23,2025-W12,225.74190005437111,191.461722689901,162.387183090757,1.1790445467786361,extrapolated,syndromic,2025-04-02
ILI incidence,LT,TRUE,2025-03-30,2025-W13,199.94851112167666,183.368044098106,168.162490471877,1.0904217913493137,extrapolated,syndromic,2025-04-09
ILI incidence,LT,TRUE,2025-04-06,2025-W14,181.34197371963535,153.001422828246,129.09,1.1852306362092029,extrapolated,syndromic,2025-04-16
ILI incidence,LT,TRUE,2025-04-13,2025-W15,151.0296803977994,129.999051847274,111.89690289139,1.1617752456781971,extrapolated,syndromic,2025-04-23
ILI incidence,LT,TRUE,2025-04-20,2025-W16,98.57495001305523,85.5856664929136,74.307989079032,1.1517693797619388,extrapolated,syndromic,2025-04-30
ILI incidence,LT,TRUE,2025-04-27,2025-W17,49.567301775603894,34.9624325792394,24.6608479394674,1.4177303499481568,extrapolated,syndromic,2025-05-07
ILI incidence,LT,TRUE,2025-05-04,2025-W18,27.672004146232116,21.1882481217178,16.2236842729227,1.3060071784730762,extrapolated,syndromic,2025-05-14
ILI incidence,LT,TRUE,2025-05-11,2025-W19,16.312050109490766,14.7166824915714,13.2773466304957,1.1084053840825245,extrapolated,syndromic,2025-05-21
ILI incidence,LT,TRUE,2025-05-18,2025-W20,12.844420733668949,10.7961055120723,9.07443758224699,1.1897272325938457,extrapolated,syndromic,2025-05-28
ILI incidence,LT,TRUE,2025-05-25,2025-W21,12.809383647797612,12.6535249039432,12.4995625782697,1.0123174170863516,extrapolated,syndromic,2025-06-04
ILI incidence,LT,TRUE,2025-06-01,2025-W22,9.73392914982032,8.26822144987625,7.0232158968874,1.177270010101871,extrapolated,syndromic,2025-06-11
ILI incidence,LT,TRUE,2025-06-08,2025-W23,4.602295742972667,3.13861378765657,2.14043100622324,1.4663466276330062,extrapolated,syndromic,2025-06-18
ILI incidence,LT,TRUE,2025-06-15,2025-W24,3.6423908171581663,3.21917034509748,2.84512514745477,1.1314688030427513,extrapolated,syndromic,2025-06-25
ILI incidence,LT,TRUE,2025-06-22,2025-W25,3.7547916538980832,3.02072931990436,2.43017628279237,1.2430083123161013,extrapolated,syndromic,2025-07-02
ILI incidence,LT,TRUE,2025-06-29,2025-W26,2.810940323556439,3.1766079312855098,3.58984424697389,0.884887396984779,extrapolated,syndromic,2025-07-09
ILI incidence,LT,TRUE,2025-07-06,2025-W27,3.7706412649915864,3.55110973635338,3.34435961243635,1.0618205420099585,extrapolated,syndromic,2025-07-16
ILI incidence,LT,TRUE,2025-07-13,2025-W28,3.28685340614675,3.30844430899455,3.3301770396114,0.9934740014244451,extrapolated,syndromic,2025-07-23
ILI incidence,LT,TRUE,2025-07-20,2025-W29,1.7652437332059991,1.98749406059858,2.23772647743124,0.888175601729524,extrapolated,syndromic,2025-07-30
ILI incidence,LT,TRUE,2025-07-27,2025-W30,2.12163176311901,1.95390225309527,1.79943290867701,1.0858433474643019,extrapolated,syndromic,2025-08-06
ILI incidence,LT,TRUE,2025-08-03,2025-W31,2.1701464433211806,2.36869770728371,2.58541484412659,0.9161770354435742,extrapolated,syndromic,2025-08-13
ILI incidence,LT,TRUE,2025-08-10,2025-W32,1.8347284510861435,1.86438810046983,1.89452721851878,0.9840914832184284,extrapolated,syndromic,2025-08-20
ILI incidence,LT,TRUE,2025-08-17,2025-W33,1.435318946907903,1.5729413170069,1.72375930247241,0.91250635442594,extrapolated,syndromic,2025-08-27
ILI incidence,LT,TRUE,2025-08-24,2025-W34,2.227312036349396,2.50455001031324,2.81629634814942,0.8893062734534214,extrapolated,syndromic,2025-09-03
ILI incidence,LT,TRUE,2025-08-31,2025-W35,2.7767359527620497,2.86171003778206,2.94928451234138,0.9703065356384365,extrapolated,syndromic,2025-09-10
ILI incidence,LT,TRUE,2025-09-07,2025-W36,2.4416696628199785,3.02119900303438,3.7382794056564,0.8081790244097314,extrapolated,syndromic,2025-09-17
ILI incidence,LT,TRUE,2025-09-14,2025-W37,4.036196337379331,4.30385664681011,4.58926684629978,0.9378091950090482,extrapolated,syndromic,2025-09-24
ILI incidence,LT,TRUE,2025-09-21,2025-W38,5.349837578535471,6.03082864087515,6.79850435862328,0.8870816760197552,extrapolated,syndromic,2025-10-01
ILI incidence,LT,TRUE,2025-09-28,2025-W39,5.699510381303215,6.35939480181105,7.09568007419862,0.8962347139825458,extrapolated,syndromic,2025-10-08
ILI incidence,LT,TRUE,2025-10-05,2025-W40,8.41217416695256,9.70970829377232,11.2073803132282,0.8663673420908041,extrapolated,syndromic,2025-10-15
ILI incidence,LT,TRUE,2025-10-12,2025-W41,6.666753392670017,7.66119162315923,8.80396403312264,0.8701979692711119,extrapolated,syndromic,2025-10-22
ILI incidence,LT,TRUE,2025-10-19,2025-W42,8.979321198312613,10.0859849107978,11.3290402886977,0.8902770802977882,extrapolated,syndromic,2025-10-29
ILI incidence,LT,TRUE,2025-10-26,2025-W43,9.711541075783067,10.998180264629701,12.4552805975273,0.8830134478715098,extrapolated,syndromic,2025-11-05
ILI incidence,LT,TRUE,2025-11-02,2025-W44,10.993571637685541,12.4552805975273,14.1113388692849,0.8826434339719375,extrapolated,syndromic,2025-11-12
ILI incidence,LT,TRUE,2025-11-09,2025-W45,12.88963844998352,14.476181381784,16.2580066315652,0.8904032154642038,extrapolated,syndromic,2025-11-19
ILI incidence,LT,TRUE,2025-11-16,2025-W46,14.297465002907428,16.1533330991384,18.2501002911117,0.8851092783860217,extrapolated,syndromic,2025-11-26
ILI incidence,LT,TRUE,2025-11-23,2025-W47,19.71592816396458,24.6424549801782,30.8,0.8000797071486428,extrapolated,syndromic,2025-12-03
ILI incidence,LT,TRUE,2025-11-30,2025-W48,48.479224939430104,67.9207852510727,95.1589691230853,0.7137612552655881,extrapolated,syndromic,2025-12-10
ILI incidence,LT,TRUE,2025-12-07,2025-W49,216.4652679669742,252.32201597971,294.118314434529,0.8578929077056067,extrapolated,syndromic,2025-12-17
ILI incidence,LT,TRUE,2025-12-14,2025-W50,502.2969751370433,489.794676991964,477.603564194688,1.0255255900734999,extrapolated,syndromic,2025-12-24
ILI incidence,LT,TRUE,2025-12-21,2025-W51,537.8328782077062,460.975971438853,395.1020007407,1.1667264923352922,extrapolated,syndromic,2025-12-31
ILI incidence,LT,TRUE,2025-12-28,2025-W52,473.58678101029926,395.101938707926,329.623942707486,1.1986445385690516,extrapolated,syndromic,2026-01-07
ILI incidence,LT,TRUE,2026-01-04,2026-W01,307.11690177103674,247.492177924954,199.443201532758,1.240915589114749,extrapolated,syndromic,2026-01-14
ILI incidence,LT,TRUE,2026-01-11,2026-W02,218.02255504610613,191.539357901862,168.273074396817,1.138265040847706,extrapolated,syndromic,2026-01-21
ILI incidence,LT,TRUE,2026-01-18,2026-W03,262.4278596242395,225,192.910158519328,1.1663460427743977,extrapolated,syndromic,2026-01-28
ILI incidence,LT,TRUE,2026-01-25,2026-W04,414.4901879921531,379.770799032689,347.959647721884,1.0914219551579467,extrapolated,syndromic,2026-02-04
ILI incidence,LT,TRUE,2026-02-01,2026-W05,428.232131473972,373.703679109959,326.118545331079,1.1459136085946018,extrapolated,syndromic,2026-02-11
ILI incidence,LT,TRUE,2026-02-08,2026-W06,334.8941407847841,278.293590419588,231.259114558221,1.2033843117976903,extrapolated,syndromic,2026-02-18
ILI incidence,LT,TRUE,2026-02-15,2026-W07,288.59278419168527,269.78064,252.19478,1.0697312608928702,extrapolated,syndromic,2026-02-25
ILI incidence,LT,TRUE,2026-02-22,2026-W08,115.05025503500892,77.7124040151569,52.4919978315327,1.4804619223022588,extrapolated,syndromic,2026-03-04
ILI incidence,LT,TRUE,2026-03-01,2026-W09,73.80334252295582,57.6319332934109,45.0039201693753,1.2805980696016974,extrapolated,syndromic,2026-03-11
ILI incidence,LT,TRUE,2026-03-08,2026-W10,51.935584247687174,47.4250978307374,43.3063368177123,1.0951075827623575,extrapolated,syndromic,2026-03-18
ILI incidence,LT,TRUE,2026-03-15,2026-W11,29.368942669946406,25.8532851332698,22.7584751583898,1.1359849442171048,extrapolated,syndromic,2026-03-25
ILI incidence,LT,TRUE,2026-03-22,2026-W12,17.290007038780978,15.5530642654114,13.9906136244738,1.1116784926577061,extrapolated,syndromic,2026-04-01
ILI incidence,LT,TRUE,2026-03-29,2026-W13,15.396107735814075,14.408711674511,13.4846401234417,1.0685277132062942,extrapolated,syndromic,2026-04-08
ILI incidence,LT,TRUE,2026-04-05,2026-W14,8.30560055616866,7.85514270746958,7.42911563557976,1.0573455970788066,extrapolated,syndromic,2026-04-15
ILI incidence,LT,TRUE,2026-04-12,2026-W15,5.12611135719896,3.7537755749985,2.74883436694495,1.3655881271487595,extrapolated,syndromic,2026-04-22
ILI incidence,LT,TRUE,2026-04-19,2026-W16,3.677203161621702,4.71111254547146,6.03572346715552,0.7805381693027903,extrapolated,syndromic,2026-04-29
ILI incidence,LT,TRUE,2026-04-26,2026-W17,3.6008442402984273,3.76640128583694,3.93957019501029,0.9560437051248182,extrapolated,syndromic,2026-05-06
ILI incidence,LT,TRUE,2026-05-03,2026-W18,3.0433098174443507,3.12191445524534,3.20254934611107,0.9748216554528202,extrapolated,syndromic,2026-05-13
ILI incidence,LT,TRUE,2026-05-10,2026-W19,3.0702586371971514,3.14694898308318,3.2255549360392,0.9756302544787707,extrapolated,syndromic,2026-05-20
ILI incidence,LT,TRUE,2026-05-17,2026-W20,1.4732089580597663,2.11937461896614,3.04895564946439,0.6951149385654234,extrapolated,syndromic,2026-05-27
ILI incidence,LT,TRUE,2026-05-24,2026-W21,0.2312176317160451,0.77732718675157,2.61328494189044,0.29745213554449007,extrapolated,syndromic,2026-06-03
ILI incidence,LT,TRUE,2026-05-31,2026-W22,0.2042091562635184,0.747500747066865,2.7362013392998,0.2731892336761125,extrapolated,syndromic,2026-06-10
ILI incidence,LT,TRUE,2026-06-07,2026-W23,0.1625570367025399,0.686002902889062,2.89498376888699,0.23696260761862709,extrapolated,syndromic,2026-06-17
ILI incidence,LT,TRUE,2026-08-02,2026-W31,1.0714104765984185,1.20924156058597,1.3648038578929,0.8860185685970289,extrapolated,syndromic,2026-08-12
ILI incidence,LT,TRUE,2026-08-09,2026-W32,1.282091152152997,1.36540133133902,1.45412499921838,0.9389848411057848,extrapolated,syndromic,2026-08-19
ILI incidence,LT,TRUE,2026-08-16,2026-W33,0.8790748846437013,0.957403615555967,1.04271171784319,0.9181863013262385,extrapolated,syndromic,2026-08-26
ILI incidence,LT,TRUE,2026-08-23,2026-W34,1.0010853675313125,1.14040393923108,1.29911113157199,0.8778340139777986,extrapolated,syndromic,2026-09-02
ILI incidence,LT,TRUE,2026-08-30,2026-W35,1.5708737735187124,1.87536919360151,2.23888747243617,0.8376344129349611,extrapolated,syndromic,2026-09-09
ILI incidence,LT,TRUE,2026-09-06,2026-W36,1.777520926161976,2.12374265368281,2.53740070943092,0.8369756679697296,extrapolated,syndromic,2026-09-16
ILI incidence,LT,TRUE,2026-09-13,2026-W37,2.5022388637668107,3.03425169927,3.67937829910585,0.8246642374358117,extrapolated,syndromic,2026-09-23
ILI incidence,LT,TRUE,2026-09-20,2026-W38,3.1630693320403456,3.9986451428269,5.05495178884976,0.7910352679618297,extrapolated,syndromic,2026-09-30
ILI incidence,LT,TRUE,2026-09-27,2026-W39,3.9986451428269,3.9986451428269,5.05495178884976,0.7910352679618297,h1_nowcast,syndromic,2026-09-30
ILI incidence,LU,TRUE,2023-12-10,2023-W49,7.619216083005801,7.37132965881525,7.13150806421196,1.0336284545209709,extrapolated,flu_archive,2023-12-20
ILI incidence,LU,TRUE,2024-02-11,2024-W06,8689.205960858766,7777.11550143499,6960.76555154906,1.1172787596192286,extrapolated,flu_archive,2024-02-21
ILI incidence,LU,TRUE,2024-02-18,2024-W07,8937.361943465712,9652.56531878351,10425.0021228582,0.9259053576228037,extrapolated,flu_archive,2024-02-28
ILI incidence,LU,TRUE,2024-02-25,2024-W08,6571.007183637775,5429.9893622988,4487.1027607605,1.2101326071209686,extrapolated,flu_archive,2024-03-06
ILI incidence,LU,TRUE,2024-03-03,2024-W09,5720.529187196031,5217.09331129235,4757.96237167222,1.096497387695558,extrapolated,flu_archive,2024-03-13
ILI incidence,LU,TRUE,2024-03-10,2024-W10,3798.417008674766,3825.11604069596,3852.00273992411,0.9930200726625964,extrapolated,flu_archive,2024-03-20
ILI incidence,LU,TRUE,2024-03-17,2024-W11,3229.4392535199186,3144.66062493402,3062.10758887384,1.0269595478487221,extrapolated,flu_archive,2024-03-27
ILI incidence,LU,TRUE,2024-03-24,2024-W12,2917.6871236343727,2668.35134458816,2440.32296694527,1.0934418848372065,extrapolated,flu_archive,2024-04-03
ILI incidence,LU,TRUE,2024-03-31,2024-W13,2932.3630815027973,2706.75417255348,2498.50306629864,1.0833503504813984,extrapolated,flu_archive,2024-04-10
ILI incidence,LU,TRUE,2024-04-07,2024-W14,1503.4452826267207,1238.26330828494,1019.85488821109,1.2141563693016724,extrapolated,flu_archive,2024-04-17
ILI incidence,LU,TRUE,2024-04-14,2024-W15,1310.7289463078282,1397.06129406267,1489.08,0.9382043235169837,extrapolated,flu_archive,2024-04-24
ILI incidence,LU,TRUE,2024-04-21,2024-W16,1341.6364271932448,1288.34449651785,1237.16940600686,1.0413646589242493,extrapolated,flu_archive,2024-05-01
ILI incidence,LU,TRUE,2024-10-13,2024-W41,2359.7419503153883,2802.7024464898,3328.81356052938,0.8419523639660033,extrapolated,syndromic,2024-10-23
ILI incidence,LU,TRUE,2024-10-20,2024-W42,3159.3174897951358,3013.41301912822,2874.24674892054,1.0484183448271953,extrapolated,syndromic,2024-10-30
ILI incidence,LU,TRUE,2024-10-27,2024-W43,2788.5231294888954,3301.60799700411,3909.09985669707,0.8445954613688865,extrapolated,syndromic,2024-11-06
ILI incidence,LU,TRUE,2024-11-03,2024-W44,2432.913132249126,2491.34,2551.17,0.9765480152243873,extrapolated,syndromic,2024-11-13
ILI incidence,LU,TRUE,2024-11-10,2024-W45,2569.2962990463943,2607.38868011562,2646.04581873969,0.9853906011943201,extrapolated,syndromic,2024-11-20
ILI incidence,LU,TRUE,2024-11-17,2024-W46,3354.8375345661216,3678.22075983033,4032.77590006949,0.9120816159824178,extrapolated,syndromic,2024-11-27
ILI incidence,LU,TRUE,2024-11-24,2024-W47,2733.876643392837,2978.77876611284,3245.61935114705,0.9177843868413267,extrapolated,syndromic,2024-12-04
ILI incidence,LU,TRUE,2024-12-01,2024-W48,3002.9123958299697,3033.64883283648,3064.69987394572,0.9898681624999506,extrapolated,syndromic,2024-12-11
ILI incidence,LU,TRUE,2024-12-08,2024-W49,2457.92765588561,2564.67760309104,2676.06379384134,0.9583768552130024,extrapolated,syndromic,2024-12-18
ILI incidence,LU,TRUE,2024-12-15,2024-W50,3410.5138826090006,3624.85839626922,3852.67406768385,0.9408681691177713,extrapolated,syndromic,2024-12-25
ILI incidence,LU,TRUE,2024-12-22,2024-W51,3340.7090252707562,3042,2770,1.0981949458483755,extrapolated,syndromic,2025-01-01
ILI incidence,LU,TRUE,2024-12-29,2024-W52,7707.0479390463615,6836.1,6063.57500038886,1.1274042127889237,extrapolated,syndromic,2025-01-08
ILI incidence,LU,TRUE,2025-01-05,2025-W01,6497.706952252109,5425.07768854979,4529.51604975041,1.1977168485469276,extrapolated,syndromic,2025-01-15
ILI incidence,LU,TRUE,2025-01-12,2025-W02,7814.136152090912,8077.85389362431,8350.47179326167,0.9673529943712468,extrapolated,syndromic,2025-01-22
ILI incidence,LU,TRUE,2025-01-19,2025-W03,12066.231453495506,11866.0666462457,11669.2223413595,1.0168686737751598,extrapolated,syndromic,2025-01-29
ILI incidence,LU,TRUE,2025-01-26,2025-W04,13552.423574525148,12624.0971037666,11759.36,1.0735360686097373,extrapolated,syndromic,2025-02-05
ILI incidence,LU,TRUE,2025-02-02,2025-W05,15914.703474297023,17052.6771873206,18272.0211987996,0.9332671521003322,extrapolated,syndromic,2025-02-12
ILI incidence,LU,TRUE,2025-02-09,2025-W06,22033.23474554963,20492.61,19059.71,1.0751795279151677,extrapolated,syndromic,2025-02-19
ILI incidence,LU,TRUE,2025-02-16,2025-W07,17272.681323969977,16271.59,15328.52,1.0615238783652956,extrapolated,syndromic,2025-02-26
ILI incidence,LU,TRUE,2025-02-23,2025-W08,13706.243339560913,13180.41,12674.75,1.0398950669638454,extrapolated,syndromic,2025-03-05
ILI incidence,LU,TRUE,2025-03-02,2025-W09,8836.231279521879,8534.30019972694,8242.68600436636,1.0353785398601991,extrapolated,syndromic,2025-03-12
ILI incidence,LU,TRUE,2025-03-09,2025-W10,9433.774022998845,8186.24072037378,7103.68267975566,1.1523939186787207,extrapolated,syndromic,2025-03-19
ILI incidence,LU,TRUE,2025-03-16,2025-W11,9885.702298946186,9684.22809065238,9486.86,1.0208043642103266,extrapolated,syndromic,2025-03-26
ILI incidence,LU,TRUE,2025-03-23,2025-W12,4400.246550278559,4855.74656275236,5358.39853796118,0.9061936189240462,extrapolated,syndromic,2025-04-02
ILI incidence,LU,TRUE,2025-03-30,2025-W13,5264.1546263672635,4832.56613962584,4436.36198999237,1.0893083455604469,extrapolated,syndromic,2025-04-09
ILI incidence,LU,TRUE,2025-04-06,2025-W14,3664.1833415385026,3818.68590305777,3979.70316083838,0.959540384980198,extrapolated,syndromic,2025-04-16
ILI incidence,LU,TRUE,2025-04-13,2025-W15,4632.9312580214355,4280.00291127012,3953.96000939238,1.082459838011322,extrapolated,syndromic,2025-04-23
ILI incidence,LU,TRUE,2025-04-20,2025-W16,4379.940312219718,4364.19902140308,4348.51430401414,1.0036069140613062,extrapolated,syndromic,2025-04-30
ILI incidence,LU,TRUE,2025-04-27,2025-W17,4153.545201471387,3980.48685461617,3814.63902069955,1.0434766784004128,extrapolated,syndromic,2025-05-07
ILI incidence,LU,TRUE,2025-05-04,2025-W18,2800.9780893529737,2923.03858309608,3050.41820596392,0.9582419149548747,extrapolated,syndromic,2025-05-14
ILI incidence,LU,TRUE,2025-05-11,2025-W19,1239.9033953183707,1542.68335092324,1919.40108415033,0.8037316242353518,extrapolated,syndromic,2025-05-21
ILI incidence,LU,TRUE,2025-05-18,2025-W20,1871.139335773812,2059.24062570179,2266.25130126242,0.9086550218657066,extrapolated,syndromic,2025-05-28
ILI incidence,LU,TRUE,2025-05-25,2025-W21,2059.451215833976,2113.47836867397,2168.92285697768,0.9744368555454435,extrapolated,syndromic,2025-06-04
ILI incidence,LU,TRUE,2025-06-01,2025-W22,1275.6060895749024,1141.80869581399,1022.04521324519,1.1171802196387457,extrapolated,syndromic,2025-06-11
ILI incidence,LU,TRUE,2025-06-08,2025-W23,2104.464645174824,2430.21011208841,2806.37700540041,0.8659599574155116,extrapolated,syndromic,2025-06-18
ILI incidence,LU,TRUE,2025-06-15,2025-W24,1667.2622717860647,1827,2002.04194414129,0.9125682932600253,extrapolated,syndromic,2025-06-25
ILI incidence,LU,TRUE,2025-06-22,2025-W25,1399.455524514268,1782.73488864922,2270.98584237626,0.7850048447610948,extrapolated,syndromic,2025-07-02
ILI incidence,LU,TRUE,2025-06-29,2025-W26,2414.574572507476,2687.13026962559,2990.45188670218,0.8985699725097105,extrapolated,syndromic,2025-07-09
ILI incidence,LU,TRUE,2025-07-06,2025-W27,1492.2002893434737,1827.71082202545,2238.65849162828,0.8164312818861761,extrapolated,syndromic,2025-07-16
ILI incidence,LU,TRUE,2025-07-13,2025-W28,1738.6948538488703,1920.3666156367,2121.02079343504,0.9053973546985477,extrapolated,syndromic,2025-07-23
ILI incidence,LU,TRUE,2025-07-20,2025-W29,982.8240102276764,1164.44839636082,1379.63669352479,0.8440253885867647,extrapolated,syndromic,2025-07-30
ILI incidence,LU,TRUE,2025-07-27,2025-W30,1194.1781581185965,1173.40846098481,1153,1.0177003130830964,extrapolated,syndromic,2025-08-06
ILI incidence,LU,TRUE,2025-08-03,2025-W31,1235.7218234407862,1596.67855613475,2063.07144800758,0.7739327485127813,extrapolated,syndromic,2025-08-13
ILI incidence,LU,TRUE,2025-08-10,2025-W32,932.0844405825685,1010.4941883347,1095.5,0.9224045534775901,extrapolated,syndromic,2025-08-20
ILI incidence,LU,TRUE,2025-08-17,2025-W33,1187.6831203962224,1887.39458229982,2999.33395374543,0.6292712353497445,extrapolated,syndromic,2025-08-27
ILI incidence,LU,TRUE,2025-08-24,2025-W34,1444.3927144765826,2134.6156398344,3154.67108367189,0.6766523619159076,extrapolated,syndromic,2025-09-03
ILI incidence,LU,TRUE,2025-08-31,2025-W35,954.8264311955825,1113.56604584941,1298.69607496725,0.8574493042011323,extrapolated,syndromic,2025-09-10
ILI incidence,LU,TRUE,2025-09-07,2025-W36,257.3839112080558,453.447826801358,798.864741256752,0.5676152712510586,extrapolated,syndromic,2025-09-17
ILI incidence,LU,TRUE,2025-09-14,2025-W37,1656.6283534100728,1866.48772738403,2102.93179475291,0.8875645572724523,extrapolated,syndromic,2025-09-24
ILI incidence,LU,TRUE,2025-09-21,2025-W38,1332.2431867769676,1380.4976923865,1430.5,0.9650455731468017,extrapolated,syndromic,2025-10-01
ILI incidence,LU,TRUE,2025-09-28,2025-W39,1521.50636447958,1744.54326957829,2000.27505009609,0.8721516920857884,extrapolated,syndromic,2025-10-08
ILI incidence,LU,TRUE,2025-10-05,2025-W40,2072.5148615763474,2418.95051840881,2823.29536882537,0.8567826608291474,extrapolated,syndromic,2025-10-15
ILI incidence,LU,TRUE,2025-10-12,2025-W41,3834.9048888622037,3739.46551742064,3646.40134794239,1.0255221958852019,extrapolated,syndromic,2025-10-22
ILI incidence,LU,TRUE,2025-10-19,2025-W42,2710.6082378458527,2667.96874655293,2626,1.0159820055418622,extrapolated,syndromic,2025-10-29
ILI incidence,LU,TRUE,2025-10-26,2025-W43,2372.347131003308,2701.69397389648,3076.76319084957,0.8780961700047107,extrapolated,syndromic,2025-11-05
ILI incidence,LU,TRUE,2025-11-02,2025-W44,3224.6319818851803,3330.79667546272,3440.45663368619,0.9681263361526584,extrapolated,syndromic,2025-11-12
ILI incidence,LU,TRUE,2025-11-09,2025-W45,2582.070665750409,2733.85597565473,2894.56388423474,0.9444794051859396,extrapolated,syndromic,2025-11-19
ILI incidence,LU,TRUE,2025-11-16,2025-W46,2297.0960687197316,2515.03982335034,2753.66163356134,0.9133438156298138,extrapolated,syndromic,2025-11-26
ILI incidence,LU,TRUE,2025-11-23,2025-W47,2502.504467367159,2477.78297556036,2453.30569996381,1.0099772627589423,extrapolated,syndromic,2025-12-03
ILI incidence,LU,TRUE,2025-11-30,2025-W48,2779.2899826809185,2807.50692633477,2836.01034456095,0.9899494660585969,extrapolated,syndromic,2025-12-10
ILI incidence,LU,TRUE,2025-12-07,2025-W49,4584.9580304368665,4493.0354804731,4402.95586017973,1.0204588969669328,extrapolated,syndromic,2025-12-17
ILI incidence,LU,TRUE,2025-12-14,2025-W50,4763.559599225143,4616.6971542483,4474.36253710593,1.0318111498480482,extrapolated,syndromic,2025-12-24
ILI incidence,LU,TRUE,2025-12-21,2025-W51,5203.719600424566,4750.63767343598,4337.0050727614,1.095372865314916,extrapolated,syndromic,2025-12-31
ILI incidence,LU,TRUE,2025-12-28,2025-W52,5013.385730721061,4757.23977455997,4514.18093245348,1.0538433983359161,extrapolated,syndromic,2026-01-07
ILI incidence,LU,TRUE,2026-01-04,2026-W01,3747.466926120533,3118.00365093255,2594.27153298271,1.2018802239053556,extrapolated,syndromic,2026-01-14
ILI incidence,LU,TRUE,2026-01-11,2026-W02,5137.297175945195,4248.96758050383,3514.24589270542,1.2090695159731093,extrapolated,syndromic,2026-01-21
ILI incidence,LU,TRUE,2026-01-18,2026-W03,6653.3593749889615,5182.86125866459,4037.3665862008,1.2837232260203826,extrapolated,syndromic,2026-01-28
ILI incidence,LU,TRUE,2026-01-25,2026-W04,7543.086726529183,6825.5736631233,6176.31183622348,1.1051212833995787,extrapolated,syndromic,2026-02-04
ILI incidence,LU,TRUE,2026-02-01,2026-W05,8279.502001772795,7695.70618975604,7153.07439340777,1.075859940286425,extrapolated,syndromic,2026-02-11
ILI incidence,LU,TRUE,2026-02-08,2026-W06,8296.190490811803,7848.43010169663,7424.83614972903,1.057050949465472,extrapolated,syndromic,2026-02-18
ILI incidence,LU,TRUE,2026-02-15,2026-W07,6967.676809216194,6351.98769669975,5790.70310001417,1.0969285744738333,extrapolated,syndromic,2026-02-25
ILI incidence,LU,TRUE,2026-02-22,2026-W08,6658.068192701683,5790.85150154048,5036.59021540996,1.1497563339226566,extrapolated,syndromic,2026-03-04
ILI incidence,LU,TRUE,2026-03-01,2026-W09,3204.004900992645,2929.42491715053,2678.37616058693,1.0937317021626216,extrapolated,syndromic,2026-03-11
ILI incidence,LU,TRUE,2026-03-08,2026-W10,2411.8197703452097,2371.30415790765,2331.46915803964,1.0170857931920936,extrapolated,syndromic,2026-03-18
ILI incidence,LU,TRUE,2026-03-15,2026-W11,1858.178604317224,2056.27735,2275.49522435529,0.9036614658607335,extrapolated,syndromic,2026-03-25
ILI incidence,LU,TRUE,2026-03-22,2026-W12,2030.148351193243,2124.77089833155,2223.8036780628,0.9554669413005382,extrapolated,syndromic,2026-04-01
ILI incidence,LU,TRUE,2026-03-29,2026-W13,1347.0138206312315,1794.102,2389.5834898677,0.7508011365191225,extrapolated,syndromic,2026-04-08
ILI incidence,LU,TRUE,2026-04-05,2026-W14,1195.5021211588255,1361.11771751998,1549.67641475282,0.8783238259047029,extrapolated,syndromic,2026-04-15
ILI incidence,LU,TRUE,2026-04-12,2026-W15,1940.0487299758875,1933.04682506129,1926.07019099256,1.0036222117456348,extrapolated,syndromic,2026-04-22
ILI incidence,LU,TRUE,2026-04-19,2026-W16,2978.532633585942,2648.90354150023,2355.75393502567,1.1244398245996627,extrapolated,syndromic,2026-04-29
ILI incidence,LU,TRUE,2026-04-26,2026-W17,1200.7956450573458,1327.24044969219,1467,0.904731049551595,extrapolated,syndromic,2026-05-06
ILI incidence,LU,TRUE,2026-05-03,2026-W18,1481.9863504589146,1869.20534152855,2357.59837310035,0.792842989228254,extrapolated,syndromic,2026-05-13
ILI incidence,LU,TRUE,2026-05-10,2026-W19,2175.180854127547,2560.28121492386,3013.56086646928,0.8495866944023309,extrapolated,syndromic,2026-05-20
ILI incidence,LU,TRUE,2026-05-17,2026-W20,1944.252203183911,1888.89283049825,1835.10972458453,1.0293078420288446,extrapolated,syndromic,2026-05-27
ILI incidence,LU,TRUE,2026-05-24,2026-W21,2967.1419907339714,2419.23083409903,1972.49671466101,1.2264815531085915,extrapolated,syndromic,2026-06-03
ILI incidence,LU,TRUE,2026-05-31,2026-W22,2015.105647075026,2104.30114991392,2197.44475231684,0.9576127671447869,extrapolated,syndromic,2026-06-10
ILI incidence,LU,TRUE,2026-06-07,2026-W23,2449.931766036249,2333.05384739648,2221.75177705377,1.0500965371074467,extrapolated,syndromic,2026-06-17
ILI incidence,LU,TRUE,2026-08-02,2026-W31,24.33807508780307,21.0550688789559,18.2149132130726,1.1559247432397843,extrapolated,syndromic,2026-08-12
ILI incidence,LU,TRUE,2026-08-09,2026-W32,2.180171750655936,2.3844315437429,2.60782839016494,0.9143360631916769,extrapolated,syndromic,2026-08-19
ILI incidence,LU,TRUE,2026-08-16,2026-W33,103.3805673445717,139.060931543802,187.05587692681,0.7434192062204646,extrapolated,syndromic,2026-08-26
ILI incidence,LU,TRUE,2026-08-23,2026-W34,1.1969684097047006,1.33139292738675,1.48091387602516,0.8990346764528057,extrapolated,syndromic,2026-09-02
ILI incidence,LU,TRUE,2026-08-30,2026-W35,2775.3368125102506,2434.54473444647,2135.59955581036,1.1399818509152453,extrapolated,syndromic,2026-09-09
ILI incidence,LU,TRUE,2026-09-06,2026-W36,712.5829344286523,898.75,1133.55445867877,0.7928600104908505,extrapolated,syndromic,2026-09-16
ILI incidence,LU,TRUE,2026-09-13,2026-W37,191.42302366320112,378.663489294607,749.053250653104,0.5055227902214536,extrapolated,syndromic,2026-09-23
ILI incidence,LU,TRUE,2026-09-20,2026-W38,144.07385895112233,237.084534336,390.140701654886,0.6076898240310293,extrapolated,syndromic,2026-09-30
ILI incidence,LU,TRUE,2026-09-27,2026-W39,237.084534336,237.084534336,390.140701654886,0.6076898240310293,h1_nowcast,syndromic,2026-09-30
ILI incidence,LV,TRUE,2023-12-10,2023-W49,21.717887523646766,24.0496448759054,26.6317531126086,0.903044000678997,extrapolated,flu_archive,2023-12-20
ILI incidence,LV,TRUE,2023-12-17,2023-W50,36.389413935519435,44.9279442054682,55.4699829490631,0.8099505681608838,extrapolated,flu_archive,2023-12-27
ILI incidence,LV,TRUE,2023-12-24,2023-W51,47.72427822239834,56.9321281348345,67.9165266545612,0.8382661914441557,extrapolated,flu_archive,2024-01-03
ILI incidence,LV,TRUE,2023-12-31,2023-W52,19.420907828325195,21.0265794352062,22.7650039150185,0.9236361001165729,extrapolated,flu_archive,2024-01-10
ILI incidence,LV,TRUE,2024-01-28,2024-W04,10.907596204710865,9.21188853045911,7.77979755621633,1.1840781799133693,extrapolated,flu_archive,2024-02-07
ILI incidence,LV,TRUE,2024-02-04,2024-W05,9.031906598148119,7.50513259445427,6.23644793579786,1.203430650222225,extrapolated,flu_archive,2024-02-14
ILI incidence,LV,TRUE,2024-02-11,2024-W06,32.26770291199308,20.6306732351159,13.1904238518303,1.5640644657717495,extrapolated,flu_archive,2024-02-21
ILI incidence,LV,TRUE,2024-02-18,2024-W07,563.6361935500082,534.116341223428,506.142560088434,1.0552685811090583,extrapolated,flu_archive,2024-02-28
ILI incidence,LV,TRUE,2024-02-25,2024-W08,925.6235828712385,856.132817791016,791.859039962194,1.081168206189691,extrapolated,flu_archive,2024-03-06
ILI incidence,LV,TRUE,2024-03-03,2024-W09,428.63397572055294,411.079075281468,394.243143815639,1.0427044369190148,extrapolated,flu_archive,2024-03-13
ILI incidence,LV,TRUE,2024-03-10,2024-W10,353.2779482975367,275.082978512404,214.195778230473,1.2842595721770802,extrapolated,flu_archive,2024-03-20
ILI incidence,LV,TRUE,2024-03-17,2024-W11,257.3955703147542,205.768173783747,164.495998476285,1.2509007859751198,extrapolated,flu_archive,2024-03-27
ILI incidence,LV,TRUE,2024-03-24,2024-W12,218.44355880989858,170.556355825935,133.166986800184,1.2807705567585865,extrapolated,flu_archive,2024-04-03
ILI incidence,LV,TRUE,2024-03-31,2024-W13,162.79409208621414,123.759209994276,94.0841394311528,1.3154099165124244,extrapolated,flu_archive,2024-04-10
ILI incidence,LV,TRUE,2024-04-07,2024-W14,108.6638269115072,91.5935979577322,77.204967147667,1.1863692368723453,extrapolated,flu_archive,2024-04-17
ILI incidence,LV,TRUE,2024-04-14,2024-W15,52.13031073453992,40.2,31.000007044448,1.2967738988691517,extrapolated,flu_archive,2024-04-24
ILI incidence,LV,TRUE,2024-04-21,2024-W16,49.769523349240266,37.194112255687,27.7961670796223,1.3381021976571168,extrapolated,flu_archive,2024-05-01
ILI incidence,LV,TRUE,2024-10-13,2024-W41,9.45486905995298,10.2796708932156,11.176424866676,0.9197637899276547,extrapolated,syndromic,2024-10-23
ILI incidence,LV,TRUE,2024-10-20,2024-W42,21.460060260103873,21.7925721986087,22.1302362283895,0.9847419599910265,extrapolated,syndromic,2024-10-30
ILI incidence,LV,TRUE,2024-10-27,2024-W43,25.773195876288653,50,97,0.5154639175257731,extrapolated,syndromic,2024-11-06
ILI incidence,LV,TRUE,2024-11-03,2024-W44,40.60462466192224,61.072041741977,91.8563910783164,0.664864371711569,extrapolated,syndromic,2024-11-13
ILI incidence,LV,TRUE,2024-11-10,2024-W45,38.69408394413302,63.9913532096594,105.827373805144,0.6046767571449357,extrapolated,syndromic,2024-11-20
ILI incidence,LV,TRUE,2024-11-17,2024-W46,27.19855975793293,34.0000202397727,42.50230109952,0.799957163734758,extrapolated,syndromic,2024-11-27
ILI incidence,LV,TRUE,2024-11-24,2024-W47,30.25771520625005,37.3841139006703,46.1889459469037,0.8093736095135197,extrapolated,syndromic,2024-12-04
ILI incidence,LV,TRUE,2024-12-01,2024-W48,36.05487801187167,38.2411539072962,40.56,0.9428292383455671,extrapolated,syndromic,2024-12-11
ILI incidence,LV,TRUE,2024-12-08,2024-W49,48.03735134196107,66.6328159526925,92.4266646214333,0.7209263281933974,extrapolated,syndromic,2024-12-18
ILI incidence,LV,TRUE,2024-12-15,2024-W50,57.13832748479004,67.0211280775324,78.6132847514781,0.8525420135974188,extrapolated,syndromic,2024-12-25
ILI incidence,LV,TRUE,2024-12-22,2024-W51,63.06397199236149,77.1,94.26,0.8179503500954804,extrapolated,syndromic,2025-01-01
ILI incidence,LV,TRUE,2024-12-29,2024-W52,56.310633688947064,60.6463664052355,65.3159362133054,0.9285079556569431,extrapolated,syndromic,2025-01-08
ILI incidence,LV,TRUE,2025-01-05,2025-W01,83.40185343562695,92.112287671309,101.732433879192,0.9054367831275226,extrapolated,syndromic,2025-01-15
ILI incidence,LV,TRUE,2025-01-12,2025-W02,138.90391260367852,161.567980415704,187.93,0.8597242612446336,extrapolated,syndromic,2025-01-22
ILI incidence,LV,TRUE,2025-01-19,2025-W03,147.52663137546526,164.120308209031,182.580428465656,0.8988932142850272,extrapolated,syndromic,2025-01-29
ILI incidence,LV,TRUE,2025-01-26,2025-W04,218.72885684502626,263.182591070427,316.67095618581,0.8310916613268502,extrapolated,syndromic,2025-02-05
ILI incidence,LV,TRUE,2025-02-02,2025-W05,357.45972354163416,388.788235805432,422.862443922566,0.9194201125996102,extrapolated,syndromic,2025-02-12
ILI incidence,LV,TRUE,2025-02-09,2025-W06,437.92942967976273,430.33,422.862443922566,1.017659539608586,extrapolated,syndromic,2025-02-19
ILI incidence,LV,TRUE,2025-02-16,2025-W07,370.0746525973404,340.701132647097,313.659044120789,1.0862149172267903,extrapolated,syndromic,2025-02-26
ILI incidence,LV,TRUE,2025-02-23,2025-W08,419.1097982447693,403.668001928317,388.795147389121,1.0382537041397553,extrapolated,syndromic,2025-03-05
ILI incidence,LV,TRUE,2025-03-02,2025-W09,403.347601474133,359.817714336054,320.985638880327,1.120977610061255,extrapolated,syndromic,2025-03-12
ILI incidence,LV,TRUE,2025-03-09,2025-W10,360.1455954176781,312.92871596339,271.902204331913,1.1508870137051026,extrapolated,syndromic,2025-03-19
ILI incidence,LV,TRUE,2025-03-16,2025-W11,321.85155590116017,280.029375960078,243.641672574894,1.149349259511419,extrapolated,syndromic,2025-03-26
ILI incidence,LV,TRUE,2025-03-23,2025-W12,294.6507507812742,260.760680844077,230.768570906312,1.1299661813563915,extrapolated,syndromic,2025-04-02
ILI incidence,LV,TRUE,2025-03-30,2025-W13,390.20012783827724,304.45683388361,237.554929087184,1.2816270959036704,extrapolated,syndromic,2025-04-09
ILI incidence,LV,TRUE,2025-04-06,2025-W14,207.98690426880765,148.383442788903,105.860732776865,1.4016853926532709,extrapolated,syndromic,2025-04-16
ILI incidence,LV,TRUE,2025-04-13,2025-W15,142.7992779736404,106.216902192142,79.0062139766395,1.3444120005997013,extrapolated,syndromic,2025-04-23
ILI incidence,LV,TRUE,2025-04-20,2025-W16,91.09732374857526,77.2310860030528,65.4754761146781,1.1795421825995605,extrapolated,syndromic,2025-04-30
ILI incidence,LV,TRUE,2025-04-27,2025-W17,40.62269297153272,35.6855796808239,31.3485026226311,1.138350373872779,extrapolated,syndromic,2025-05-07
ILI incidence,LV,TRUE,2025-05-04,2025-W18,34.53931419835963,31.4710266193159,28.6753092660053,1.0974956303827883,extrapolated,syndromic,2025-05-14
ILI incidence,LV,TRUE,2025-05-11,2025-W19,44.00496154822225,35.5383433405452,28.7007147138729,1.238238967037543,extrapolated,syndromic,2025-05-21
ILI incidence,LV,TRUE,2025-05-18,2025-W20,26.708748854774925,29.0321766212013,31.5577223009434,0.919970596874585,extrapolated,syndromic,2025-05-28
ILI incidence,LV,TRUE,2025-05-25,2025-W21,66.69444444444443,49,36,1.3611111111111112,extrapolated,syndromic,2025-06-04
ILI incidence,LV,TRUE,2025-06-01,2025-W22,22.461800902261647,22.1954254127249,21.9322088818903,1.0120013689570475,extrapolated,syndromic,2025-06-11
ILI incidence,LV,TRUE,2025-06-08,2025-W23,36.60321424698329,48.0859007624466,63.1707870389123,0.761204712121544,extrapolated,syndromic,2025-06-18
ILI incidence,LV,TRUE,2025-06-15,2025-W24,22.51399787771692,22.8945734571235,23.2815822685321,0.98337703997328,extrapolated,syndromic,2025-06-25
ILI incidence,LV,TRUE,2025-06-22,2025-W25,22.39174852325084,22.2897750877797,22.1882660457672,1.0045748974617088,extrapolated,syndromic,2025-07-02
ILI incidence,LV,TRUE,2025-06-29,2025-W26,22.749597958228613,23.2041061409752,23.667694822136,0.980412596805701,extrapolated,syndromic,2025-07-09
ILI incidence,LV,TRUE,2025-07-06,2025-W27,22.240759679937277,22.8401582518246,23.4557108873838,0.9737568117839359,extrapolated,syndromic,2025-07-16
ILI incidence,LV,TRUE,2025-07-13,2025-W28,22.083087417760524,22.8175283236334,23.5763953178523,0.9678124249280687,extrapolated,syndromic,2025-07-23
ILI incidence,LV,TRUE,2025-08-10,2025-W32,0.25,1,4,0.25,extrapolated,syndromic,2025-08-20
ILI incidence,LV,TRUE,2025-10-12,2025-W41,7.111111111111107,8,9,0.8888888888888888,extrapolated,syndromic,2025-10-22
ILI incidence,LV,TRUE,2025-10-19,2025-W42,6.200710840626245,7.74659804509493,9.67788739302152,0.8004430854073387,extrapolated,syndromic,2025-10-29
ILI incidence,LV,TRUE,2025-10-26,2025-W43,5.310057042105858,6.15843623528275,7.14235959487975,0.8622411338260874,extrapolated,syndromic,2025-11-05
ILI incidence,LV,TRUE,2025-11-02,2025-W44,7.3530072250640455,8.48641123924767,9.79451991780164,0.866444839611131,extrapolated,syndromic,2025-11-12
ILI incidence,LV,TRUE,2025-11-09,2025-W45,6.491244734923334,7.72661436012228,9.19709114476223,0.8401150144654824,extrapolated,syndromic,2025-11-19
ILI incidence,LV,TRUE,2025-11-16,2025-W46,30.19790843403163,34.7109637142036,39.8984917978938,0.8699818501920406,extrapolated,syndromic,2025-11-26
ILI incidence,LV,TRUE,2025-11-23,2025-W47,32.55349878744301,37.9857880063321,44.3245778244453,0.8569915354136252,extrapolated,syndromic,2025-12-03
ILI incidence,LV,TRUE,2025-11-30,2025-W48,127.85774920511678,157.98108594248,195.201492836591,0.809323144238096,extrapolated,syndromic,2025-12-10
ILI incidence,LV,TRUE,2025-12-07,2025-W49,153.09486036622943,217.723683390609,309.63549132725,0.7031612637728906,extrapolated,syndromic,2025-12-17
ILI incidence,LV,TRUE,2025-12-14,2025-W50,215.6533233908083,264.574853972196,324.594364018006,0.8150938010664888,extrapolated,syndromic,2025-12-24
ILI incidence,LV,TRUE,2025-12-21,2025-W51,355.87315044118037,324.594364018006,296.064766396779,1.0963626910707513,extrapolated,syndromic,2025-12-31
ILI incidence,LV,TRUE,2025-12-28,2025-W52,308.84084592515364,359.832813152334,419.243941109077,0.8582898352697107,extrapolated,syndromic,2026-01-07
ILI incidence,LV,TRUE,2026-01-04,2026-W01,330.9538694609028,271.793983854791,223.209264118863,1.2176644411589286,extrapolated,syndromic,2026-01-14
ILI incidence,LV,TRUE,2026-01-11,2026-W02,266.48723072511933,218.345891438196,178.901361157965,1.2204820020648282,extrapolated,syndromic,2026-01-21
ILI incidence,LV,TRUE,2026-01-18,2026-W03,107.32156655234392,139.541328917433,181.434012767101,0.7691023683445516,extrapolated,syndromic,2026-01-28
ILI incidence,LV,TRUE,2026-01-25,2026-W04,411.22702407822135,388.598584903099,367.215312581128,1.0582308841417032,extrapolated,syndromic,2026-02-04
ILI incidence,LV,TRUE,2026-02-01,2026-W05,382.0572384374122,365.644018010177,349.935911313792,1.0448885244084003,extrapolated,syndromic,2026-02-11
ILI incidence,LV,TRUE,2026-02-08,2026-W06,449.61732857584894,349.405745068441,271.529513939179,1.2868057692863022,extrapolated,syndromic,2026-02-18
ILI incidence,LV,TRUE,2026-02-15,2026-W07,306.84851471725307,287.621903838653,269.6,1.066846824327348,extrapolated,syndromic,2026-02-25
ILI incidence,LV,TRUE,2026-02-22,2026-W08,255.9439015260909,226.331126591116,200.144557297771,1.1308382783269253,extrapolated,syndromic,2026-03-04
ILI incidence,LV,TRUE,2026-03-01,2026-W09,246.90733658644103,211.57734,181.30271631602,1.1669838395096617,extrapolated,syndromic,2026-03-11
ILI incidence,LV,TRUE,2026-03-08,2026-W10,126.3327707282793,80.2002007479608,50.913727,1.5752176372387903,extrapolated,syndromic,2026-03-18
ILI incidence,LV,TRUE,2026-03-15,2026-W11,90.20865690407618,79.8332568273981,70.6511893026679,1.129963382292044,extrapolated,syndromic,2026-03-25
ILI incidence,LV,TRUE,2026-03-22,2026-W12,25.378862369786873,25.6096483428463,25.8425329980525,0.9909883193252088,extrapolated,syndromic,2026-04-01
ILI incidence,LV,TRUE,2026-03-29,2026-W13,30.20997567919779,28.1659681420269,26.2602581942476,1.0725701146455884,extrapolated,syndromic,2026-04-08
ILI incidence,LV,TRUE,2026-04-05,2026-W14,16.248120014721778,11.0246248557863,7.48039484572347,1.4738025309037075,extrapolated,syndromic,2026-04-15
ILI incidence,LV,TRUE,2026-04-12,2026-W15,8.568936492376963,7.11723502877622,5.91147273642448,1.2039698643829047,extrapolated,syndromic,2026-04-22
ILI incidence,LV,TRUE,2026-04-19,2026-W16,7.714488282875871,8.61961537598356,9.63093940978738,0.894992171503429,extrapolated,syndromic,2026-04-29
ILI incidence,LV,TRUE,2026-04-26,2026-W17,4.52407233151622,5.84983288417046,7.56410204459601,0.7733677903446228,extrapolated,syndromic,2026-05-06
ILI incidence,LV,TRUE,2026-05-03,2026-W18,0.14239008504657702,0.558455783476876,2.19027091666358,0.254971099341248,extrapolated,syndromic,2026-05-13
ILI incidence,LV,TRUE,2026-05-10,2026-W19,6.467691155586248,2.69712962022066,1.12474575753181,2.3979904811015746,extrapolated,syndromic,2026-05-20
ILI incidence,LV,TRUE,2026-05-17,2026-W20,5.6700421447760965,2.80688837023666,1.38951741835438,2.0200454727374972,extrapolated,syndromic,2026-05-27
ILI incidence,LV,TRUE,2026-05-31,2026-W22,2.7035156712197552,3.2157315709516,3.82499337677199,0.8407155919484071,extrapolated,syndromic,2026-06-10
ILI incidence,LV,TRUE,2026-09-06,2026-W36,8.748091206667018,8.71560668945312,8.68324279785156,1.003727166492404,extrapolated,syndromic,2026-09-16
ILI incidence,LV,TRUE,2026-09-13,2026-W37,8.481858258241521,8.70364379882812,8.93122863769531,0.9745180816548977,extrapolated,syndromic,2026-09-23
ILI incidence,LV,TRUE,2026-09-20,2026-W38,8.101217983678056,8.925048828125,9.83265686035156,0.9076945280287031,extrapolated,syndromic,2026-09-30
ILI incidence,LV,TRUE,2026-09-27,2026-W39,8.925048828125,8.925048828125,9.83265686035156,0.9076945280287031,h1_nowcast,syndromic,2026-09-30
ILI incidence,MT,TRUE,2023-12-10,2023-W49,3.248305024050021,3.44051560257333,3.64409977631714,0.9441332053894639,extrapolated,flu_archive,2023-12-20
ILI incidence,MT,TRUE,2024-02-11,2024-W06,7693.731783584446,7571.35153030555,7450.91791707259,1.0161635941468374,extrapolated,flu_archive,2024-02-21
ILI incidence,MT,TRUE,2024-02-18,2024-W07,9308.701600684304,8224.08873390468,7265.85064217398,1.1318824372976637,extrapolated,flu_archive,2024-02-28
ILI incidence,MT,TRUE,2024-02-25,2024-W08,8665.23816846629,7616.18108008337,6694.12809167906,1.137740565429341,extrapolated,flu_archive,2024-03-06
ILI incidence,MT,TRUE,2024-03-03,2024-W09,7811.788799558527,7405.83161617537,7020.97091132857,1.0548158808386194,extrapolated,flu_archive,2024-03-13
ILI incidence,MT,TRUE,2024-03-10,2024-W10,9526.435072781673,9375.55414383938,9227.06288685146,1.0160930145170592,extrapolated,flu_archive,2024-03-20
ILI incidence,MT,TRUE,2024-03-17,2024-W11,9670.719470237453,8929.66568870166,8245.39782767765,1.0829878527785646,extrapolated,flu_archive,2024-03-27
ILI incidence,MT,TRUE,2024-03-24,2024-W12,8354.56004455138,7293.92329612768,6367.93760127329,1.1454137513328078,extrapolated,flu_archive,2024-04-03
ILI incidence,MT,TRUE,2024-03-31,2024-W13,5182.2779142305835,4404.46412900979,3743.39326929251,1.1765966897307105,extrapolated,flu_archive,2024-04-10
ILI incidence,MT,TRUE,2024-04-07,2024-W14,2688.084267257571,1781.14402176977,1180.19887431684,1.5091897310957767,extrapolated,flu_archive,2024-04-17
ILI incidence,MT,TRUE,2024-04-14,2024-W15,2477.3354317595044,2478.03381755124,2478.73240022496,0.9997181693862328,extrapolated,flu_archive,2024-04-24
ILI incidence,MT,TRUE,2024-04-21,2024-W16,2726.634928430801,2491.70390109811,2277.01488967598,1.0942852909726384,extrapolated,flu_archive,2024-05-01
ILI incidence,MT,TRUE,2024-10-13,2024-W41,4839.1912714311,4696.54356356001,4558.10076667911,1.0303729127475532,extrapolated,syndromic,2024-10-23
ILI incidence,MT,TRUE,2024-10-20,2024-W42,5159.819550276922,5273.20099919574,5389.07388271486,0.9784985535472477,extrapolated,syndromic,2024-10-30
ILI incidence,MT,TRUE,2024-10-27,2024-W43,5788.002295410678,5505,5235.83500027789,1.0514082280491697,extrapolated,syndromic,2024-11-06
ILI incidence,MT,TRUE,2024-11-03,2024-W44,5598.4972958755225,5720.98055177928,5846.14348174269,0.9785905134976093,extrapolated,syndromic,2024-11-13
ILI incidence,MT,TRUE,2024-11-10,2024-W45,3738.1135381674503,3829.50841676314,3923.13785130483,0.9761340442037872,extrapolated,syndromic,2024-11-20
ILI incidence,MT,TRUE,2024-11-17,2024-W46,4457.991697814606,4573.9653680951,4692.95606781621,0.9746448298254621,extrapolated,syndromic,2024-11-27
ILI incidence,MT,TRUE,2024-11-24,2024-W47,3797.2772966221482,3866.4624616046,3936.90815793089,0.9821063399245478,extrapolated,syndromic,2024-12-04
ILI incidence,MT,TRUE,2024-12-01,2024-W48,4500.646776585392,4509.13252031552,4517.63426348977,0.9981180983943392,extrapolated,syndromic,2024-12-11
ILI incidence,MT,TRUE,2024-12-08,2024-W49,4119.2301753521815,4148.04143950252,4177.0542192047,0.9930542487170053,extrapolated,syndromic,2024-12-18
ILI incidence,MT,TRUE,2024-12-15,2024-W50,4895.044572905462,4941.89571618807,4989.19527819173,0.9905196009844691,extrapolated,syndromic,2024-12-25
ILI incidence,MT,TRUE,2024-12-22,2024-W51,4783.138081522615,5063.66829934823,5360.65156573151,0.9445994087208027,extrapolated,syndromic,2025-01-01
ILI incidence,MT,TRUE,2024-12-29,2024-W52,5251.21283888614,4965,4694.38694570775,1.0576460904100975,extrapolated,syndromic,2025-01-08
ILI incidence,MT,TRUE,2025-01-05,2025-W01,8432.248063268209,8121.23434832075,7821.69201445218,1.0382963600861685,extrapolated,syndromic,2025-01-15
ILI incidence,MT,TRUE,2025-01-12,2025-W02,9360.701731619965,9298.45985955778,9236.63185076662,1.00669378294925,extrapolated,syndromic,2025-01-22
ILI incidence,MT,TRUE,2025-01-19,2025-W03,8918.758162301065,8699.67334387257,8485.97023406229,1.0251831085799106,extrapolated,syndromic,2025-01-29
ILI incidence,MT,TRUE,2025-01-26,2025-W04,8408.04964571236,8492.93977469941,8578.68697926321,0.9900046236946198,extrapolated,syndromic,2025-02-05
ILI incidence,MT,TRUE,2025-02-02,2025-W05,7578.456708267698,7706.85138493055,7837.4213320515,0.9833401904033182,extrapolated,syndromic,2025-02-12
ILI incidence,MT,TRUE,2025-02-09,2025-W06,7470.231453978517,7074.44152243705,6699.62144582908,1.0559464560257084,extrapolated,syndromic,2025-02-19
ILI incidence,MT,TRUE,2025-02-16,2025-W07,9131.1138391477,8242.89210795752,7441.071429,1.1077560787593832,extrapolated,syndromic,2025-02-26
ILI incidence,MT,TRUE,2025-02-23,2025-W08,6291.599840674857,5978.50973862834,5681,1.0523692551713324,extrapolated,syndromic,2025-03-05
ILI incidence,MT,TRUE,2025-03-02,2025-W09,4003.5763742841423,3685.7534151401,3393.16075608672,1.0862301199636715,extrapolated,syndromic,2025-03-12
ILI incidence,MT,TRUE,2025-03-09,2025-W10,5581.93562325854,5141,4734.89534524069,1.0857684542420791,extrapolated,syndromic,2025-03-19
ILI incidence,MT,TRUE,2025-03-16,2025-W11,4344.202816721154,4132.35950878185,3930.84665478589,1.0512644912643982,extrapolated,syndromic,2025-03-26
ILI incidence,MT,TRUE,2025-03-23,2025-W12,1296.6301480762381,1700.20599489869,2229.39473478869,0.7626312058460305,extrapolated,syndromic,2025-04-02
ILI incidence,MT,TRUE,2025-03-30,2025-W13,4168.249227103501,4018.94874224545,3874.99597859224,1.0371491388503342,extrapolated,syndromic,2025-04-09
ILI incidence,MT,TRUE,2025-04-06,2025-W14,4537.875504181931,4533.83332557373,4529.79474759492,1.0008915587137703,extrapolated,syndromic,2025-04-16
ILI incidence,MT,TRUE,2025-04-13,2025-W15,3973.901198048988,4260.49999505096,4567.76837248521,0.9327311824117138,extrapolated,syndromic,2025-04-23
ILI incidence,MT,TRUE,2025-04-20,2025-W16,4126.120614959024,4118.64855138242,4111.19001909569,1.0018142027617518,extrapolated,syndromic,2025-04-30
ILI incidence,MT,TRUE,2025-04-27,2025-W17,3932.4544468051254,3839.96850647699,3749.65770874086,1.0240850778260655,extrapolated,syndromic,2025-05-07
ILI incidence,MT,TRUE,2025-05-04,2025-W18,5637.695843264263,5605.25744350984,5573.0056891169,1.005787138250356,extrapolated,syndromic,2025-05-14
ILI incidence,MT,TRUE,2025-05-11,2025-W19,4087.87931293571,3535.55891961845,3057.86348303825,1.1562186929632219,extrapolated,syndromic,2025-05-21
ILI incidence,MT,TRUE,2025-05-18,2025-W20,3425.6243839701183,3229.70993267027,3045,1.0606600764105978,extrapolated,syndromic,2025-05-28
ILI incidence,MT,TRUE,2025-05-25,2025-W21,3007.6838612147535,3146.5,3291.72303567881,0.9558823649180853,extrapolated,syndromic,2025-06-04
ILI incidence,MT,TRUE,2025-06-01,2025-W22,2248.3065027139364,2192.95560539836,2138.96738787308,1.0252403182168028,extrapolated,syndromic,2025-06-11
ILI incidence,MT,TRUE,2025-06-08,2025-W23,3199.5318817749253,3361.50677461347,3531.68157508835,0.951814795061012,extrapolated,syndromic,2025-06-18
ILI incidence,MT,TRUE,2025-06-15,2025-W24,3551.550025556425,3108.45035294929,2720.63282995338,1.1425468070245095,extrapolated,syndromic,2025-06-25
ILI incidence,MT,TRUE,2025-06-22,2025-W25,2839.8426873175235,2833.66223847918,2827.49524036753,1.0021810816950651,extrapolated,syndromic,2025-07-02
ILI incidence,MT,TRUE,2025-06-29,2025-W26,3591.009330336869,3478.51330966142,3369.54146659278,1.032340258800504,extrapolated,syndromic,2025-07-09
ILI incidence,MT,TRUE,2025-07-06,2025-W27,3928.8463423173616,3776.78736082571,3630.61355066367,1.0402614621804955,extrapolated,syndromic,2025-07-16
ILI incidence,MT,TRUE,2025-07-13,2025-W28,3359.8163933834817,3484.66447350364,3614.15180806055,0.9641721373551276,extrapolated,syndromic,2025-07-23
ILI incidence,MT,TRUE,2025-07-20,2025-W29,4239.93250157053,4473.35692990167,4719.6322618077,0.9478189574431584,extrapolated,syndromic,2025-07-30
ILI incidence,MT,TRUE,2025-07-27,2025-W30,4092.5371549296947,4239.74998464557,4392.25821337984,0.965277945574854,extrapolated,syndromic,2025-08-06
ILI incidence,MT,TRUE,2025-08-03,2025-W31,4486.085422571407,4605.79731380674,4728.70373558556,0.9740084326167665,extrapolated,syndromic,2025-08-13
ILI incidence,MT,TRUE,2025-08-10,2025-W32,4207.470658470832,4234.9950112861,4262.69942239752,0.9935007354809366,extrapolated,syndromic,2025-08-20
ILI incidence,MT,TRUE,2025-08-17,2025-W33,11153.784336054512,9987.49317897144,8943.15480689008,1.1167751643163741,extrapolated,syndromic,2025-08-27
ILI incidence,MT,TRUE,2025-08-24,2025-W34,5766.942447134741,6078.23028159249,6406.32080079518,0.9487864361769137,extrapolated,syndromic,2025-09-03
ILI incidence,MT,TRUE,2025-08-31,2025-W35,5298.112571761654,5457.59456017911,5621.87722134277,0.9707779706500915,extrapolated,syndromic,2025-09-10
ILI incidence,MT,TRUE,2025-09-07,2025-W36,9153.09345057254,8922.31689260391,8697.35889422886,1.0258650931979272,extrapolated,syndromic,2025-09-17
ILI incidence,MT,TRUE,2025-09-14,2025-W37,9543.757035108913,9061.84413186123,8604.26546569253,1.0531804449773414,extrapolated,syndromic,2025-09-24
ILI incidence,MT,TRUE,2025-09-21,2025-W38,9662.025925605878,8947.06039013137,8285.0005,1.0799106638715796,extrapolated,syndromic,2025-10-01
ILI incidence,MT,TRUE,2025-09-28,2025-W39,6986.807541380805,6868.04296725064,6751.29720127925,1.0172923458249281,extrapolated,syndromic,2025-10-08
ILI incidence,MT,TRUE,2025-10-05,2025-W40,12320.267363953639,12234.1060512521,12148.5473043543,1.0070427142237108,extrapolated,syndromic,2025-10-15
ILI incidence,MT,TRUE,2025-10-12,2025-W41,12016.77147363159,12498,12998.5,0.9614955571796746,extrapolated,syndromic,2025-10-22
ILI incidence,MT,TRUE,2025-10-19,2025-W42,8988.8215833432,9484.14183434757,10006.756224943,0.9477738461048195,extrapolated,syndromic,2025-10-29
ILI incidence,MT,TRUE,2025-10-26,2025-W43,8529.932068118032,8279.3086524873,8036.04896448779,1.03027105597222,extrapolated,syndromic,2025-11-05
ILI incidence,MT,TRUE,2025-11-02,2025-W44,7778.860259707671,6198.8587485945,4939.77890103795,1.2548858709631703,extrapolated,syndromic,2025-11-12
ILI incidence,MT,TRUE,2025-11-09,2025-W45,5724.178428837256,5506.73576903867,5297.55303874579,1.0394866703104126,extrapolated,syndromic,2025-11-19
ILI incidence,MT,TRUE,2025-11-16,2025-W46,6501.6162831302,6219.26230737964,5949.17047755562,1.0453999142977988,extrapolated,syndromic,2025-11-26
ILI incidence,MT,TRUE,2025-11-23,2025-W47,7165.802807590585,7314.80454539785,7466.90454287897,0.9796301135754877,extrapolated,syndromic,2025-12-03
ILI incidence,MT,TRUE,2025-11-30,2025-W48,8226.049392865185,7892.66588689043,7572.79367373047,1.0422396577724777,extrapolated,syndromic,2025-12-10
ILI incidence,MT,TRUE,2025-12-07,2025-W49,8912.868916706415,8831.66653020375,8751.20395347898,1.0091944579457302,extrapolated,syndromic,2025-12-17
ILI incidence,MT,TRUE,2025-12-14,2025-W50,11445.491873371226,11044.5282538113,10657.6113721277,1.0363042775884552,extrapolated,syndromic,2025-12-24
ILI incidence,MT,TRUE,2025-12-21,2025-W51,12222.913296359893,12159.2507932914,12095.9198735532,1.0052357257984708,extrapolated,syndromic,2025-12-31
ILI incidence,MT,TRUE,2025-12-28,2025-W52,9647.345960013614,8877.3494728885,8168.80974212338,1.0867372056802176,extrapolated,syndromic,2026-01-07
ILI incidence,MT,TRUE,2026-01-04,2026-W01,13751.204959780429,11874.9349708032,10254.6708432638,1.1580025485268244,extrapolated,syndromic,2026-01-14
ILI incidence,MT,TRUE,2026-01-11,2026-W02,9641.7045645508515,8944.51855455066,8297.74565659781,1.0779456161612497,extrapolated,syndromic,2026-01-21
ILI incidence,MT,TRUE,2026-01-18,2026-W03,8048.1398426508285,7873.13395491108,7701.93355034414,1.0222282370326723,extrapolated,syndromic,2026-01-28
ILI incidence,MT,TRUE,2026-01-25,2026-W04,13548.204710560696,12177,10944.573998385,1.1126061189587515,extrapolated,syndromic,2026-02-04
ILI incidence,MT,TRUE,2026-02-01,2026-W05,10435.057076854233,9999.50266780602,9582.12809638057,1.0435576071648536,extrapolated,syndromic,2026-02-11
ILI incidence,MT,TRUE,2026-02-08,2026-W06,8471.3964606559,8697.55172920751,8929.74451539051,0.973997824262182,extrapolated,syndromic,2026-02-18
ILI incidence,MT,TRUE,2026-02-15,2026-W07,7455.177980501972,7080.05431819719,6723.80582726846,1.0529831616320566,extrapolated,syndromic,2026-02-25
ILI incidence,MT,TRUE,2026-02-22,2026-W08,5995.766836421308,5994.6630937199,5993.55955420317,1.0001841208895565,extrapolated,syndromic,2026-03-04
ILI incidence,MT,TRUE,2026-03-01,2026-W09,6028.853464326248,5898.29241489349,5770.55879985267,1.022135397882798,extrapolated,syndromic,2026-03-11
ILI incidence,MT,TRUE,2026-03-08,2026-W10,5134.589997415754,4904,4683.7656,1.0470207988205047,extrapolated,syndromic,2026-03-18
ILI incidence,MT,TRUE,2026-03-15,2026-W11,4332.705805998891,4417.4785,4503.90983642226,0.9808097098828875,extrapolated,syndromic,2026-03-25
ILI incidence,MT,TRUE,2026-03-22,2026-W12,3572.9982484876155,3889.95616510482,4235.03117384454,0.9185188976008263,extrapolated,syndromic,2026-04-01
ILI incidence,MT,TRUE,2026-03-29,2026-W13,4677.709026054234,4132.407,3650.67333571488,1.1319574829038452,extrapolated,syndromic,2026-04-08
ILI incidence,MT,TRUE,2026-04-05,2026-W14,4699.395954920719,4478.09484170576,4267.21510672323,1.049418585589997,extrapolated,syndromic,2026-04-15
ILI incidence,MT,TRUE,2026-04-12,2026-W15,3837.1323529411757,3727.5,3621,1.0294117647058822,extrapolated,syndromic,2026-04-22
ILI incidence,MT,TRUE,2026-04-19,2026-W16,2050.9929927109847,2616.14724280035,3337.0306092393,0.7839746017183581,extrapolated,syndromic,2026-04-29
ILI incidence,MT,TRUE,2026-04-26,2026-W17,2887.915504666632,2848.85586468206,2810.32451421055,1.0137106409870726,extrapolated,syndromic,2026-05-06
ILI incidence,MT,TRUE,2026-05-03,2026-W18,4581.652185206335,4265.09675349223,3970.41276406509,1.0742199884340058,extrapolated,syndromic,2026-05-13
ILI incidence,MT,TRUE,2026-05-10,2026-W19,3690.9668516683487,3945.39608878729,4217.36388404084,0.935512371535518,extrapolated,syndromic,2026-05-20
ILI incidence,MT,TRUE,2026-05-17,2026-W20,1530.9104317990755,1525.24325671773,1519.59706057332,1.0037155876981492,extrapolated,syndromic,2026-05-27
ILI incidence,MT,TRUE,2026-05-24,2026-W21,664.4393802810997,1087.5049239978,1779.94711755212,0.6109759741027564,extrapolated,syndromic,2026-06-03
ILI incidence,MT,TRUE,2026-05-31,2026-W22,1742.026908499219,1490.2540925413,1274.86966446999,1.1689462335436878,extrapolated,syndromic,2026-06-10
ILI incidence,MT,TRUE,2026-06-07,2026-W23,607.8812081243332,944.561787757074,1467.71599280686,0.643558966711737,extrapolated,syndromic,2026-06-17
ILI incidence,MT,TRUE,2026-08-02,2026-W31,2002.2968013296368,2061.08166524144,2121.59237730065,0.971478634300054,extrapolated,syndromic,2026-08-12
ILI incidence,MT,TRUE,2026-08-09,2026-W32,3624.747035943756,3766.61270916042,3914.03073376537,0.9623360073968732,extrapolated,syndromic,2026-08-19
ILI incidence,MT,TRUE,2026-08-16,2026-W33,4097.839132587663,4273.21304169742,4456.09237183551,0.9589597084445626,extrapolated,syndromic,2026-08-26
ILI incidence,MT,TRUE,2026-08-23,2026-W34,3566.5348986823105,4221.96563656795,4997.84646519126,0.8447569700215635,extrapolated,syndromic,2026-09-02
ILI incidence,MT,TRUE,2026-08-30,2026-W35,7064.475022411905,7126.25675896079,7188.57880217916,0.9913304082860609,extrapolated,syndromic,2026-09-09
ILI incidence,MT,TRUE,2026-09-06,2026-W36,6310.757262485255,6141.7498273146,5977.2685546875,1.0275177986604116,extrapolated,syndromic,2026-09-16
ILI incidence,MT,TRUE,2026-09-13,2026-W37,5753.151574301511,5944.21363387134,6141.62086097858,0.9678574709224584,extrapolated,syndromic,2026-09-23
ILI incidence,MT,TRUE,2026-09-20,2026-W38,7425.409738872297,7425.40973887229,7425.40973887229,1,extrapolated,syndromic,2026-09-30
ILI incidence,MT,TRUE,2026-09-27,2026-W39,7425.40973887229,7425.40973887229,7425.40973887229,1,h1_nowcast,syndromic,2026-09-30
ILI incidence,NL,TRUE,2023-12-10,2023-W49,51.81428335339288,57.5015322310919,63.8130259637527,0.9010939594645476,extrapolated,flu_archive,2023-12-20
ILI incidence,NL,TRUE,2023-12-17,2023-W50,59.67638131009334,69.50281865041,80.9472976461251,0.8586181462691123,extrapolated,flu_archive,2023-12-27
ILI incidence,NL,TRUE,2023-12-24,2023-W51,63.449288370735516,69.0791506286225,75.2085511769562,0.9185012814046637,extrapolated,flu_archive,2024-01-03
ILI incidence,NL,TRUE,2023-12-31,2023-W52,48.29972581473603,48.88,49.4672456146956,0.9881285968644848,extrapolated,flu_archive,2024-01-10
ILI incidence,NL,TRUE,2024-01-07,2024-W01,46.38607491072671,46.6301247710031,46.8754586445187,0.9947662619074067,extrapolated,flu_archive,2024-01-17
ILI incidence,NL,TRUE,2024-01-14,2024-W02,54.20301934962016,56.6560041468202,59.22,0.9567038863022662,extrapolated,flu_archive,2024-01-24
ILI incidence,NL,TRUE,2024-01-21,2024-W03,64.3839442635849,73.4693569704124,83.8368396870463,0.8763373863407237,extrapolated,flu_archive,2024-01-31
ILI incidence,NL,TRUE,2024-01-28,2024-W04,52.40325123475405,52.4674800096691,52.5317875074769,0.9987758364818893,extrapolated,flu_archive,2024-02-07
ILI incidence,NL,TRUE,2024-02-04,2024-W05,71.84432217393166,74.4115480631128,77.0705090896946,0.9654996306889929,extrapolated,flu_archive,2024-02-14
ILI incidence,NL,TRUE,2024-02-11,2024-W06,71.91249593089985,70.12,68.372183948733,1.0255632619922974,extrapolated,flu_archive,2024-02-21
ILI incidence,NL,TRUE,2024-02-18,2024-W07,59.120406787246054,55.3606528849763,51.84,1.067913828799697,extrapolated,flu_archive,2024-02-28
ILI incidence,NL,TRUE,2024-02-25,2024-W08,45.16729772461999,45.524078952449,45.8836784326629,0.9921628018394029,extrapolated,flu_archive,2024-03-06
ILI incidence,NL,TRUE,2024-03-03,2024-W09,44.63265899801551,41.4047138807299,38.410221797929,1.0779608120607718,extrapolated,flu_archive,2024-03-13
ILI incidence,NL,TRUE,2024-03-10,2024-W10,42.76502165852518,42.2358329384836,41.713192577137,1.0125293780949545,extrapolated,flu_archive,2024-03-20
ILI incidence,NL,TRUE,2024-03-17,2024-W11,30.839418952476056,27.1140588825053,23.8387172669133,1.1373958832985522,extrapolated,flu_archive,2024-03-27
ILI incidence,NL,TRUE,2024-03-24,2024-W12,26.93794805425848,22.1055446635895,18.1400269942499,1.2186059409171004,extrapolated,flu_archive,2024-04-03
ILI incidence,NL,TRUE,2024-03-31,2024-W13,24.66491472779872,23.3703437092187,22.1437199809757,1.0553937517859162,extrapolated,flu_archive,2024-04-10
ILI incidence,NL,TRUE,2024-04-07,2024-W14,17.87898778453613,15.3345990508125,13.1523065445889,1.1659246991259822,extrapolated,flu_archive,2024-04-17
ILI incidence,NL,TRUE,2024-04-14,2024-W15,19.94669267082262,19.4579395639153,18.9811623571461,1.025118440999463,extrapolated,flu_archive,2024-04-24
ILI incidence,NL,TRUE,2024-04-21,2024-W16,17.171395652886304,16.4962356809325,15.8476222400204,1.0409281235436154,extrapolated,flu_archive,2024-05-01
ILI incidence,NL,TRUE,2024-10-13,2024-W41,20.784879346008708,22.8249169237372,25.0651843536223,0.9106223437945172,extrapolated,syndromic,2024-10-23
ILI incidence,NL,TRUE,2024-10-20,2024-W42,16.53133224602683,17.0694209199103,17.6250241786229,0.9684764540983448,extrapolated,syndromic,2024-10-30
ILI incidence,NL,TRUE,2024-10-27,2024-W43,17.592471513761456,18.7,19.8772525921932,0.9407738777412544,extrapolated,syndromic,2024-11-06
ILI incidence,NL,TRUE,2024-11-03,2024-W44,11.061211069508301,11.3603752312061,11.6676306584156,0.9736659964473693,extrapolated,syndromic,2024-11-13
ILI incidence,NL,TRUE,2024-11-10,2024-W45,16.80713188467573,17.2570013763624,17.718912337167,0.9739311899051669,extrapolated,syndromic,2024-11-20
ILI incidence,NL,TRUE,2024-11-17,2024-W46,13.857507118786971,15.101435597242,16.4570261550485,0.9176284618475468,extrapolated,syndromic,2024-11-27
ILI incidence,NL,TRUE,2024-11-24,2024-W47,21.706728150070564,22.1050942741256,22.5107712912686,0.9819785376567549,extrapolated,syndromic,2024-12-04
ILI incidence,NL,TRUE,2024-12-01,2024-W48,16.276062481732737,18.3047684855388,20.5863395821459,0.8891706275657739,extrapolated,syndromic,2024-12-11
ILI incidence,NL,TRUE,2024-12-08,2024-W49,23.971827807066248,26,28.19976872188,0.9219933771948556,extrapolated,syndromic,2024-12-18
ILI incidence,NL,TRUE,2024-12-15,2024-W50,25.03703703703704,26,27,0.9629629629629629,extrapolated,syndromic,2024-12-25
ILI incidence,NL,TRUE,2024-12-22,2024-W51,29.705595390704755,28.8776654006593,28.0728107962239,1.0286702535872774,extrapolated,syndromic,2025-01-01
ILI incidence,NL,TRUE,2024-12-29,2024-W52,30.18558945443235,33.8888919640121,38.0465321136821,0.8907222309448055,extrapolated,syndromic,2025-01-08
ILI incidence,NL,TRUE,2025-01-05,2025-W01,33.13664166514068,34.560723958592,36.046007697833,0.9587947782819153,extrapolated,syndromic,2025-01-15
ILI incidence,NL,TRUE,2025-01-12,2025-W02,46.85019113466187,49.7114219474663,52.7473936005079,0.9424431911075059,extrapolated,syndromic,2025-01-22
ILI incidence,NL,TRUE,2025-01-19,2025-W03,55.45050961361401,59.2769992268201,63.3675445333282,0.9354473123957537,extrapolated,syndromic,2025-01-29
ILI incidence,NL,TRUE,2025-01-26,2025-W04,74.5631998619471,75.8137598353579,77.0852939655913,0.9835048416524041,extrapolated,syndromic,2025-02-05
ILI incidence,NL,TRUE,2025-02-02,2025-W05,108.79981635248478,113.821665511673,119.075307056392,0.9558796724980859,extrapolated,syndromic,2025-02-12
ILI incidence,NL,TRUE,2025-02-09,2025-W06,118.45253740388368,115.096670667573,111.83587864894,1.0291569401342913,extrapolated,syndromic,2025-02-19
ILI incidence,NL,TRUE,2025-02-16,2025-W07,93.9372078311258,90.6462386347462,87.470564309287,1.0363056343643826,extrapolated,syndromic,2025-02-26
ILI incidence,NL,TRUE,2025-02-23,2025-W08,95.4717714992093,85.7813654838996,77.0745378317748,1.1129663296992918,extrapolated,syndromic,2025-03-05
ILI incidence,NL,TRUE,2025-03-02,2025-W09,60.20450000000002,52.05,45,1.1566666666666665,extrapolated,syndromic,2025-03-12
ILI incidence,NL,TRUE,2025-03-09,2025-W10,39.747850082475324,34.1927583388618,29.4140367439716,1.1624639839980344,extrapolated,syndromic,2025-03-19
ILI incidence,NL,TRUE,2025-03-16,2025-W11,46.46400691116602,40.9118641834393,36.0231659349626,1.1357098445290155,extrapolated,syndromic,2025-03-26
ILI incidence,NL,TRUE,2025-03-23,2025-W12,30.442666402696688,28.1337755459539,26,1.0820682902289962,extrapolated,syndromic,2025-04-02
ILI incidence,NL,TRUE,2025-03-30,2025-W13,29.71980815574908,25.4610161823822,21.8125009973904,1.1672671641563843,extrapolated,syndromic,2025-04-09
ILI incidence,NL,TRUE,2025-04-06,2025-W14,19.686772845454044,17.7550457553531,16.0128657068076,1.1087987672190893,extrapolated,syndromic,2025-04-16
ILI incidence,NL,TRUE,2025-04-13,2025-W15,18.78699939433777,15.6047634700522,12.961550583201,1.2039272130200975,extrapolated,syndromic,2025-04-23
ILI incidence,NL,TRUE,2025-04-20,2025-W16,17.445964681392436,15.3674905713508,13.5366413249959,1.1352513671891542,extrapolated,syndromic,2025-04-30
ILI incidence,NL,TRUE,2025-04-27,2025-W17,9.498155563203275,7.62214470558469,6.11667070793683,1.2461263765097566,extrapolated,syndromic,2025-05-07
ILI incidence,NL,TRUE,2025-05-04,2025-W18,12.742985722552865,10.4294939926135,8.53601717134858,1.2218220492363154,extrapolated,syndromic,2025-05-14
ILI incidence,NL,TRUE,2025-05-11,2025-W19,11.925497074759939,10.4684415569573,9.1894088728068,1.1391855234492179,extrapolated,syndromic,2025-05-21
ILI incidence,NL,TRUE,2025-05-18,2025-W20,11.976411568941874,11.4539204807126,10.9542239445666,1.0456167902605145,extrapolated,syndromic,2025-05-28
ILI incidence,NL,TRUE,2025-05-25,2025-W21,28.483399905057503,18.0123894509106,11.3907108987248,1.5813226769654125,extrapolated,syndromic,2025-06-04
ILI incidence,NL,TRUE,2025-06-01,2025-W22,6.794309737499708,6.62100293673858,6.45211678330595,1.0261753094534187,extrapolated,syndromic,2025-06-11
ILI incidence,NL,TRUE,2025-06-08,2025-W23,10.89204708601298,10.3571385544552,9.84849938575215,1.05164636243354,extrapolated,syndromic,2025-06-18
ILI incidence,NL,TRUE,2025-06-15,2025-W24,9.109317630446206,11.3126529462397,14.0489246147625,0.8052326606089446,extrapolated,syndromic,2025-06-25
ILI incidence,NL,TRUE,2025-06-22,2025-W25,9.51639154924206,10.2826261808191,11.1105559946078,0.9254825938332418,extrapolated,syndromic,2025-07-02
ILI incidence,NL,TRUE,2025-06-29,2025-W26,9.15003036332452,9.030128230729,8.91179729744431,1.0132780099608667,extrapolated,syndromic,2025-07-09
ILI incidence,NL,TRUE,2025-07-06,2025-W27,10.92819439934524,12.3258249201925,13.9022014443979,0.8866095754323411,extrapolated,syndromic,2025-07-16
ILI incidence,NL,TRUE,2025-07-13,2025-W28,13.750961003427287,13.8736092851859,13.9973514978352,0.9911595981090824,extrapolated,syndromic,2025-07-23
ILI incidence,NL,TRUE,2025-07-20,2025-W29,9.65208925969474,9.71150123200627,9.77127890570731,0.9938823081115692,extrapolated,syndromic,2025-07-30
ILI incidence,NL,TRUE,2025-07-27,2025-W30,7.1604751731306715,6.72011790239707,6.30684186876008,1.0655282060715816,extrapolated,syndromic,2025-08-06
ILI incidence,NL,TRUE,2025-08-03,2025-W31,9.103404703481885,8.65402466197117,8.22682779568839,1.05192728921671,extrapolated,syndromic,2025-08-13
ILI incidence,NL,TRUE,2025-08-10,2025-W32,6.856929675372383,7.27668426018022,7.72213458926556,0.9423151301060518,extrapolated,syndromic,2025-08-20
ILI incidence,NL,TRUE,2025-08-17,2025-W33,3.0475122266536334,4.30812287814734,6.0901881117624,0.7073874893661766,extrapolated,syndromic,2025-08-27
ILI incidence,NL,TRUE,2025-08-24,2025-W34,3.5522119840788506,4.44115129704716,5.55254723864077,0.7998403446513184,extrapolated,syndromic,2025-09-03
ILI incidence,NL,TRUE,2025-08-31,2025-W35,8.87491083150843,7.73315432856034,6.73828469994524,1.1476443446539422,extrapolated,syndromic,2025-09-10
ILI incidence,NL,TRUE,2025-09-07,2025-W36,9.336166032345789,10.5472845484573,11.9155133874772,0.8851724810734667,extrapolated,syndromic,2025-09-17
ILI incidence,NL,TRUE,2025-09-14,2025-W37,15.288280496425317,15.9836466820083,16.7106406318886,0.9564951478584853,extrapolated,syndromic,2025-09-24
ILI incidence,NL,TRUE,2025-09-21,2025-W38,17.59467839812464,19.9233097640889,22.5601322726165,0.8831202549406957,extrapolated,syndromic,2025-10-01
ILI incidence,NL,TRUE,2025-09-28,2025-W39,19.040942501053504,19.5501676261835,20.0730113118469,0.9739529023552723,extrapolated,syndromic,2025-10-08
ILI incidence,NL,TRUE,2025-10-05,2025-W40,24.022198498978256,23.9074902536062,23.793329750838,1.0047980044812423,extrapolated,syndromic,2025-10-15
ILI incidence,NL,TRUE,2025-10-12,2025-W41,11.489311440869011,12.2213357997928,13,0.9401027538302155,extrapolated,syndromic,2025-10-22
ILI incidence,NL,TRUE,2025-10-19,2025-W42,20.001234818429875,21.0449852162379,22.1432029958258,0.9504038426692415,extrapolated,syndromic,2025-10-29
ILI incidence,NL,TRUE,2025-10-26,2025-W43,16.568851770753373,16.6928952400935,16.8178673665608,0.9925690859760384,extrapolated,syndromic,2025-11-05
ILI incidence,NL,TRUE,2025-11-02,2025-W44,17.26227228381888,18.4278308601731,19.6720886235507,0.9367500936383532,extrapolated,syndromic,2025-11-12
ILI incidence,NL,TRUE,2025-11-09,2025-W45,21.207067149913733,23.3163871662444,25.6355066281958,0.9095348691333971,extrapolated,syndromic,2025-11-19
ILI incidence,NL,TRUE,2025-11-16,2025-W46,23.34859373787954,25.3390387339117,27.4991672375121,0.9214474938479689,extrapolated,syndromic,2025-11-26
ILI incidence,NL,TRUE,2025-11-23,2025-W47,17.33344887171553,19.0847568682415,21.0130105909986,0.9082352471861832,extrapolated,syndromic,2025-12-03
ILI incidence,NL,TRUE,2025-11-30,2025-W48,24.75728753690728,25.3992289490254,26.0578155116261,0.9747259488307122,extrapolated,syndromic,2025-12-10
ILI incidence,NL,TRUE,2025-12-07,2025-W49,22.729169957365475,26.2305659332782,30.2713469286674,0.8665146613756218,extrapolated,syndromic,2025-12-17
ILI incidence,NL,TRUE,2025-12-14,2025-W50,34.988878440493956,41.934972067404,50.2600243470144,0.8343603611862369,extrapolated,syndromic,2025-12-24
ILI incidence,NL,TRUE,2025-12-21,2025-W51,44.631508715397544,50.7456413796818,57.697357610205,0.879514131695805,extrapolated,syndromic,2025-12-31
ILI incidence,NL,TRUE,2025-12-28,2025-W52,57.793698292648955,58.1230791920639,58.4543373165069,0.9943330445669177,extrapolated,syndromic,2026-01-07
ILI incidence,NL,TRUE,2026-01-04,2026-W01,28.740989112269656,30.5415734515079,32.4549619795667,0.9410448075932597,extrapolated,syndromic,2026-01-14
ILI incidence,NL,TRUE,2026-01-11,2026-W02,31.76154209027102,33.371375357697,35.0628029992735,0.951760056330592,extrapolated,syndromic,2026-01-21
ILI incidence,NL,TRUE,2026-01-18,2026-W03,40.755149736599506,44.3732944299331,48.3126493532991,0.9184612109644739,extrapolated,syndromic,2026-01-28
ILI incidence,NL,TRUE,2026-01-25,2026-W04,41.92075999696065,42.6646962303853,43.4218345412399,0.9825631892605664,extrapolated,syndromic,2026-02-04
ILI incidence,NL,TRUE,2026-02-01,2026-W05,51.17751430822771,49.9759423223597,48.8025814611768,1.0240430080961256,extrapolated,syndromic,2026-02-11
ILI incidence,NL,TRUE,2026-02-08,2026-W06,59.82400512173146,56.7804868904273,53.8918062231651,1.0536014817410317,extrapolated,syndromic,2026-02-18
ILI incidence,NL,TRUE,2026-02-15,2026-W07,68.5368323548545,66.6584457569401,64.831540035658,1.0281792738577131,extrapolated,syndromic,2026-02-25
ILI incidence,NL,TRUE,2026-02-22,2026-W08,71.58921330484864,67.6446821689756,63.9174927968068,1.0583125089718008,extrapolated,syndromic,2026-03-04
ILI incidence,NL,TRUE,2026-03-01,2026-W09,64.10436320763493,61.7165359471915,59.4176530072344,1.0386902346963653,extrapolated,syndromic,2026-03-11
ILI incidence,NL,TRUE,2026-03-08,2026-W10,63.51472413430468,59.5096330530114,55.7570937191765,1.067301559021974,extrapolated,syndromic,2026-03-18
ILI incidence,NL,TRUE,2026-03-15,2026-W11,30.84015606539656,14.753289,7.0576665,2.0903919163649913,extrapolated,syndromic,2026-03-25
ILI incidence,NL,TRUE,2026-03-22,2026-W12,6.916958473598709,6.75584,6.5984745,1.023848769893708,extrapolated,syndromic,2026-04-01
ILI incidence,NL,TRUE,2026-03-29,2026-W13,8.09392737911469,7.6895105,7.3053005,1.052593319056485,extrapolated,syndromic,2026-04-08
ILI incidence,NO,TRUE,2023-12-10,2023-W49,55.22807966718935,61.8144613711709,69.1863207562878,0.8934491774597375,extrapolated,flu_archive,2023-12-20
ILI incidence,NO,TRUE,2023-12-17,2023-W50,69.73864400184058,75.4107708856118,81.5442348637027,0.924783597659078,extrapolated,flu_archive,2023-12-27
ILI incidence,NO,TRUE,2023-12-24,2023-W51,76.77297946199795,83.4188542977326,90.6400311816848,0.9203312621387165,extrapolated,flu_archive,2024-01-03
ILI incidence,NO,TRUE,2023-12-31,2023-W52,67.37609465929803,66.0342700265399,64.7191684229835,1.0203201251746827,extrapolated,flu_archive,2024-01-10
ILI incidence,NO,TRUE,2024-01-07,2024-W01,40.045408997954986,39.58,39.12,1.011758691206544,extrapolated,flu_archive,2024-01-17
ILI incidence,NO,TRUE,2024-01-14,2024-W02,42.467810331534324,40.65,38.91,1.0447185813415576,extrapolated,flu_archive,2024-01-24
ILI incidence,NO,TRUE,2024-01-21,2024-W03,41.85176470588235,41.58,41.31,1.0065359477124183,extrapolated,flu_archive,2024-01-31
ILI incidence,NO,TRUE,2024-01-28,2024-W04,3.704093467764972,3.8829866276992,4.07051962433025,0.9539289786222549,extrapolated,flu_archive,2024-02-07
ILI incidence,NO,TRUE,2024-02-04,2024-W05,66.05981539091478,61.8988634198808,58,1.067221783101393,extrapolated,flu_archive,2024-02-14
ILI incidence,NO,TRUE,2024-02-11,2024-W06,58.804180791802246,56.7339885620893,54.7366771345618,1.0364894533626405,extrapolated,flu_archive,2024-02-21
ILI incidence,NO,TRUE,2024-02-18,2024-W07,64.54432266849449,58.8775569377097,53.7083134136809,1.0962466179902806,extrapolated,flu_archive,2024-02-28
ILI incidence,NO,TRUE,2024-02-25,2024-W08,53.421794025586415,53.4690545417556,53.5163568677597,0.9991161146092028,extrapolated,flu_archive,2024-03-06
ILI incidence,NO,TRUE,2024-03-03,2024-W09,53.79928930280442,50.5962499905347,47.5839094954594,1.0633058638311916,extrapolated,flu_archive,2024-03-13
ILI incidence,NO,TRUE,2024-03-10,2024-W10,46.618052568681826,43.8955819828784,41.3321022961402,1.0620215170370753,extrapolated,flu_archive,2024-03-20
ILI incidence,NO,TRUE,2024-03-17,2024-W11,41.81514150342281,38.8346017296928,36.066511729499,1.076749590338945,extrapolated,flu_archive,2024-03-27
ILI incidence,NO,TRUE,2024-03-24,2024-W12,37.995985324191764,35.0739838462001,32.3766927570702,1.083309654552066,extrapolated,flu_archive,2024-04-03
ILI incidence,NO,TRUE,2024-03-31,2024-W13,22.177464022135407,17.714125143728,14.1490582193916,1.2519649625478533,extrapolated,flu_archive,2024-04-10
ILI incidence,NO,TRUE,2024-04-07,2024-W14,19.640213556197974,19.1346738582028,18.6421467675053,1.026420084384059,extrapolated,flu_archive,2024-04-17
ILI incidence,NO,TRUE,2024-04-14,2024-W15,25.02023039273037,24.8347526657356,24.6506499055845,1.0074684749025375,extrapolated,flu_archive,2024-04-24
ILI incidence,NO,TRUE,2024-04-21,2024-W16,8.93457382263968,7.87073617561035,6.93356943216336,1.1351636776145448,extrapolated,flu_archive,2024-05-01
ILI incidence,NO,TRUE,2024-10-13,2024-W41,20.837203716591368,21.3656868753692,21.907573677597,0.9752648645531229,extrapolated,syndromic,2024-10-23
ILI incidence,NO,TRUE,2024-10-20,2024-W42,18.783716810192967,18.9084429525556,19.0339972915284,0.9934036798970922,extrapolated,syndromic,2024-10-30
ILI incidence,NO,TRUE,2024-10-27,2024-W43,18.81254612697947,19.7414719248481,20.7162662155896,0.9529454641779058,extrapolated,syndromic,2024-11-06
ILI incidence,NO,TRUE,2024-11-03,2024-W44,20.48006571089386,21.6321625687788,22.8490701156862,0.9467414848505377,extrapolated,syndromic,2024-11-13
ILI incidence,NO,TRUE,2024-11-10,2024-W45,21.560119574021094,22.4533372772409,23.3835602420784,0.9602189335068159,extrapolated,syndromic,2024-11-20
ILI incidence,NO,TRUE,2024-11-17,2024-W46,22.19115659861423,23.1876864792247,24.228967150472702,0.957023315736854,extrapolated,syndromic,2024-11-27
ILI incidence,NO,TRUE,2024-11-24,2024-W47,21.512371555806094,22.5003995960165,23.5338061481083,0.9560884225191568,extrapolated,syndromic,2024-12-04
ILI incidence,NO,TRUE,2024-12-01,2024-W48,22.570360636293586,23.6263496856106,24.7317448073536,0.9553046042503912,extrapolated,syndromic,2024-12-11
ILI incidence,NO,TRUE,2024-12-08,2024-W49,23.247057465147538,23.911731565272,24.5954098623809,0.9722030126379557,extrapolated,syndromic,2024-12-18
ILI incidence,NO,TRUE,2024-12-15,2024-W50,26.51465972948307,27.9805430227936,29.5274687979436,0.9476106202757978,extrapolated,syndromic,2024-12-25
ILI incidence,NO,TRUE,2024-12-22,2024-W51,33.07161446496408,31.767266079416,30.5143613484462,1.0410595101979283,extrapolated,syndromic,2025-01-01
ILI incidence,NO,TRUE,2024-12-29,2024-W52,28.673616011379966,29.4399825732185,30.2268319966142,0.9739685117023233,extrapolated,syndromic,2025-01-08
ILI incidence,NO,TRUE,2025-01-05,2025-W01,21.500221268501058,21.1959013093352,20.895888777353,1.0143574908528108,extrapolated,syndromic,2025-01-15
ILI incidence,NO,TRUE,2025-01-12,2025-W02,43.888543408415885,45.6743430876504,47.5328059324103,0.9609014698731955,extrapolated,syndromic,2025-01-22
ILI incidence,NO,TRUE,2025-01-19,2025-W03,50.411887379957285,52.8789306641554,55.4667054440865,0.9533454392285887,extrapolated,syndromic,2025-01-29
ILI incidence,NO,TRUE,2025-01-26,2025-W04,57.774213242988814,62.68,68.002352251448,0.9217328213622982,extrapolated,syndromic,2025-02-05
ILI incidence,NO,TRUE,2025-02-02,2025-W05,98.720075324481,101.847253954095,105.073492943513,0.9692954055391266,extrapolated,syndromic,2025-02-12
ILI incidence,NO,TRUE,2025-02-09,2025-W06,105.35810683098914,106.005263020616,106.656394330396,0.9938950560454636,extrapolated,syndromic,2025-02-19
ILI incidence,NO,TRUE,2025-02-16,2025-W07,136.78401522189264,146.865487301613,157.69,0.9313557441918511,extrapolated,syndromic,2025-02-26
ILI incidence,NO,TRUE,2025-02-23,2025-W08,146.7808731951855,148.146075347685,149.523975182632,0.9907847565364418,extrapolated,syndromic,2025-03-05
ILI incidence,NO,TRUE,2025-03-02,2025-W09,167.50426355195688,167.062153270846,166.621209894365,1.0026463820347995,extrapolated,syndromic,2025-03-12
ILI incidence,NO,TRUE,2025-03-09,2025-W10,137.0525008564577,126.5,116.76,1.0834189791024322,extrapolated,syndromic,2025-03-19
ILI incidence,NO,TRUE,2025-03-16,2025-W11,123.86681637945169,103.105039286866,85.8232207549471,1.2013652992733057,extrapolated,syndromic,2025-03-26
ILI incidence,NO,TRUE,2025-03-23,2025-W12,98.15404533001427,76.4723350026809,59.58,1.283523581783835,extrapolated,syndromic,2025-04-02
ILI incidence,NO,TRUE,2025-03-30,2025-W13,68.81434879494923,56.2979052304494,46.0580415108032,1.2223252093175603,extrapolated,syndromic,2025-04-09
ILI incidence,NO,TRUE,2025-04-06,2025-W14,42.60655459844167,32.0171227853525,24.0595880402362,1.3307427679895627,extrapolated,syndromic,2025-04-16
ILI incidence,NO,TRUE,2025-04-13,2025-W15,48.892639044117864,28.4967480994937,16.6091392921793,1.7157269620173445,extrapolated,syndromic,2025-04-23
ILI incidence,NO,TRUE,2025-04-20,2025-W16,18.47842308788402,15.8974937557185,13.6770495247952,1.162348189709911,extrapolated,syndromic,2025-04-30
ILI incidence,NO,TRUE,2025-04-27,2025-W17,17.706766108028805,14.4243769728011,11.7504602356007,1.2275584686546286,extrapolated,syndromic,2025-05-07
ILI incidence,NO,TRUE,2025-05-04,2025-W18,15.7260360374703,15.5502622212151,15.3764530726236,1.0113035917822266,extrapolated,syndromic,2025-05-14
ILI incidence,NO,TRUE,2025-05-11,2025-W19,16.831972292325574,14.6988898108239,12.8361286436559,1.145118611606362,extrapolated,syndromic,2025-05-21
ILI incidence,NO,TRUE,2025-05-18,2025-W20,15.227016533303377,14.67329640991,14.1397119430571,1.0377365867849169,extrapolated,syndromic,2025-05-28
ILI incidence,NO,TRUE,2025-05-25,2025-W21,14.51444803561822,14.3593252273871,14.2058602903733,1.010802931598433,extrapolated,syndromic,2025-06-04
ILI incidence,NO,TRUE,2025-06-01,2025-W22,11.042940504999551,11.0970393553245,11.1514032333932,0.9951249293984898,extrapolated,syndromic,2025-06-11
ILI incidence,NO,TRUE,2025-06-08,2025-W23,14.173920905155956,12.4552274244696,10.9449383295788,1.1379897309068638,extrapolated,syndromic,2025-06-18
ILI incidence,NO,TRUE,2025-06-15,2025-W24,10.456890110412743,10.5406328357306,10.6250462044204,0.9920552469075682,extrapolated,syndromic,2025-06-25
ILI incidence,NO,TRUE,2025-06-22,2025-W25,12.271358491717717,11.2509993839563,10.3154827742357,1.0906905309422044,extrapolated,syndromic,2025-07-02
ILI incidence,NO,TRUE,2025-06-29,2025-W26,9.906549318478627,10.2092062003768,10.5211096105277,0.9703545137635671,extrapolated,syndromic,2025-07-09
ILI incidence,NO,TRUE,2025-07-06,2025-W27,10.136900416135976,10.2196201883125,10.3030149755753,0.9919057880183133,extrapolated,syndromic,2025-07-16
ILI incidence,NO,TRUE,2025-07-13,2025-W28,9.884183894748348,10.2503877337001,10.6301592331781,0.9642741476258715,extrapolated,syndromic,2025-07-23
ILI incidence,NO,TRUE,2025-07-20,2025-W29,5.3399800930169095,6.86380129744093,8.82246140062579,0.7779916494680351,extrapolated,syndromic,2025-07-30
ILI incidence,NO,TRUE,2025-07-27,2025-W30,6.410972927218414,7.92695281283497,9.80141105106424,0.8087562873892794,extrapolated,syndromic,2025-08-06
ILI incidence,NO,TRUE,2025-08-03,2025-W31,5.545036042746786,5.81244418408021,6.09274802410705,0.9539938564802339,extrapolated,syndromic,2025-08-13
ILI incidence,NO,TRUE,2025-08-10,2025-W32,5.2151037136152425,5.70541484815922,6.24182382118533,0.9140621413879887,extrapolated,syndromic,2025-08-20
ILI incidence,NO,TRUE,2025-08-17,2025-W33,6.842081060308287,7.34188277722735,7.87819411074309,0.9319245850030022,extrapolated,syndromic,2025-08-27
ILI incidence,NO,TRUE,2025-08-24,2025-W34,10.39658242352487,11.3517990409139,12.3947789971547,0.9158532833477528,extrapolated,syndromic,2025-09-03
ILI incidence,NO,TRUE,2025-08-31,2025-W35,15.772019297602318,17.4517193999934,19.3103054383408,0.9037515981152137,extrapolated,syndromic,2025-09-10
ILI incidence,NO,TRUE,2025-09-07,2025-W36,16.095631142847104,17.5437060152869,19.1220597700881,0.9174590094488588,extrapolated,syndromic,2025-09-17
ILI incidence,NO,TRUE,2025-09-14,2025-W37,18.672439061758944,20.4055819179383,22.2995920368245,0.9150652569895216,extrapolated,syndromic,2025-09-24
ILI incidence,NO,TRUE,2025-09-21,2025-W38,15.972034976152814,16.8661060016696,17.810224688606,0.9469900743284618,extrapolated,syndromic,2025-10-01
ILI incidence,NO,TRUE,2025-09-28,2025-W39,18.25061425534472,20.4878998401261,22.99944725072,0.8907996621303464,extrapolated,syndromic,2025-10-08
ILI incidence,NO,TRUE,2025-10-05,2025-W40,19.022042635359195,20.3597166544127,21.7914590033271,0.934298004154022,extrapolated,syndromic,2025-10-15
ILI incidence,NO,TRUE,2025-10-12,2025-W41,17.41558417319271,18.0781019472003,18.7658229987156,0.9633524705224827,extrapolated,syndromic,2025-10-22
ILI incidence,NO,TRUE,2025-10-19,2025-W42,18.475957813330233,19.7512925585309,21.1146594766099,0.935430314678326,extrapolated,syndromic,2025-10-29
ILI incidence,NO,TRUE,2025-10-26,2025-W43,18.64857757267543,18.9919348887239,19.3416140942583,0.9819208881001196,extrapolated,syndromic,2025-11-05
ILI incidence,NO,TRUE,2025-11-02,2025-W44,25.78874350963251,26.387422662323,27,0.9773119504564074,extrapolated,syndromic,2025-11-12
ILI incidence,NO,TRUE,2025-11-09,2025-W45,27.302318268089174,28.95267334412,30.7027881493517,0.9429981799464472,extrapolated,syndromic,2025-11-19
ILI incidence,NO,TRUE,2025-11-16,2025-W46,36.19956472525979,38.1861843367514,40.2818289464914,0.9479754354618863,extrapolated,syndromic,2025-11-26
ILI incidence,NO,TRUE,2025-11-23,2025-W47,42.405316064876864,43.2565699701527,44.1249121388467,0.9803208181817651,extrapolated,syndromic,2025-12-03
ILI incidence,NO,TRUE,2025-11-30,2025-W48,70.35854548089448,75.7086354056848,81.4655481550191,0.9293331613214019,extrapolated,syndromic,2025-12-10
ILI incidence,NO,TRUE,2025-12-07,2025-W49,83.14696108960607,84.4298625276197,85.7325582681321,0.9848051222682734,extrapolated,syndromic,2025-12-17
ILI incidence,NO,TRUE,2025-12-14,2025-W50,126.32773500170862,148.818889090619,175.314326263084,0.8488689559077741,extrapolated,syndromic,2025-12-24
ILI incidence,NO,TRUE,2025-12-21,2025-W51,188.87806691884808,172.392044101347,157.344986393839,1.095630995638112,extrapolated,syndromic,2025-12-31
ILI incidence,NO,TRUE,2025-12-28,2025-W52,182.66405738899698,155.624343672389,132.587311864456,1.1737498972110072,extrapolated,syndromic,2026-01-07
ILI incidence,NO,TRUE,2026-01-04,2026-W01,77.54405398704806,70.4697743840027,64.0408754301355,1.1003874308507966,extrapolated,syndromic,2026-01-14
ILI incidence,NO,TRUE,2026-01-11,2026-W02,73.69637724626259,67.1068195740921,61.1064668525227,1.0981950525146698,extrapolated,syndromic,2026-01-21
ILI incidence,NO,TRUE,2026-01-18,2026-W03,65.89700075602725,66.2479150310289,66.6006979924197,0.9947030140520305,extrapolated,syndromic,2026-01-28
ILI incidence,NO,TRUE,2026-01-25,2026-W04,65.2451178578189,59.1384226715774,53.6032909573942,1.1032610426584204,extrapolated,syndromic,2026-02-04
ILI incidence,NO,TRUE,2026-02-01,2026-W05,73.08707823278658,69.5516109572439,66.1871660998723,1.0508322844990048,extrapolated,syndromic,2026-02-11
ILI incidence,NO,TRUE,2026-02-08,2026-W06,58.39445596145706,55.5791099996508,52.8994990619004,1.0506547507116248,extrapolated,syndromic,2026-02-18
ILI incidence,NO,TRUE,2026-02-15,2026-W07,66.96009428128814,65.9656823141979,64.9860381751836,1.0150746862945157,extrapolated,syndromic,2026-02-25
ILI incidence,NO,TRUE,2026-02-22,2026-W08,57.55680556097427,53.8512432078759,50.3842485136125,1.0688110827598574,extrapolated,syndromic,2026-03-04
ILI incidence,NO,TRUE,2026-03-01,2026-W09,52.7657737339292,49.1196990771136,45.7255653938182,1.0742283589948625,extrapolated,syndromic,2026-03-11
ILI incidence,NO,TRUE,2026-03-08,2026-W10,44.50053575983195,41.4412674171461,38.5923139084899,1.0738217852241676,extrapolated,syndromic,2026-03-18
ILI incidence,NO,TRUE,2026-03-15,2026-W11,40.4717121133629,34.8651254612428,30.0352248509606,1.160807872564594,extrapolated,syndromic,2026-03-25
ILI incidence,NO,TRUE,2026-03-22,2026-W12,27.32842523131808,25.4062075831042,23.6191942379495,1.0756593695429062,extrapolated,syndromic,2026-04-01
ILI incidence,NO,TRUE,2026-03-29,2026-W13,25.213315569935638,23.1989433503982,21.3455057539804,1.0868303434821251,extrapolated,syndromic,2026-04-08
ILI incidence,NO,TRUE,2026-04-05,2026-W14,12.44139714714598,14.0441471395933,15.853369725746,0.8858777271046352,extrapolated,syndromic,2026-04-15
ILI incidence,NO,TRUE,2026-04-12,2026-W15,17.503574448556044,17.3629956302453,17.223545861559,1.008096461077596,extrapolated,syndromic,2026-04-22
ILI incidence,NO,TRUE,2026-04-19,2026-W16,15.123279760958914,13.8133612737664,12.6169027284787,1.0948298144985356,extrapolated,syndromic,2026-04-29
ILI incidence,NO,TRUE,2026-04-26,2026-W17,10.563246973648662,11.1975945744886,11.8700362272517,0.9433496545512403,extrapolated,syndromic,2026-05-06
ILI incidence,NO,TRUE,2026-05-03,2026-W18,5.970271004275834,9.57810100972304,15.3661398095253,0.6233251244912975,extrapolated,syndromic,2026-05-13
ILI incidence,NO,TRUE,2026-05-10,2026-W19,8.222854443350439,8.88164846307069,9.59322337091309,0.9258252538974632,extrapolated,syndromic,2026-05-20
ILI incidence,NO,TRUE,2026-05-17,2026-W20,12.08019133598009,12.0564863635921,12.0328279074968,1.0019661592667306,extrapolated,syndromic,2026-05-27
ILI incidence,NO,TRUE,2026-05-24,2026-W21,7.406394738360353,8.77021166010186,10.3851624548997,0.8444944119255535,extrapolated,syndromic,2026-06-03
ILI incidence,NO,TRUE,2026-05-31,2026-W22,8.021202196351291,9.28604012752358,10.7503263400096,0.8637914639822263,extrapolated,syndromic,2026-06-10
ILI incidence,NO,TRUE,2026-06-07,2026-W23,8.115537983065188,9.61699062717683,11.3962264628913,0.8438750018255546,extrapolated,syndromic,2026-06-17
ILI incidence,NO,TRUE,2026-08-02,2026-W31,5.90364970086969,6.53552606910874,7.23503310057636,0.9033166784804487,extrapolated,syndromic,2026-08-12
ILI incidence,NO,TRUE,2026-08-09,2026-W32,6.363957014009441,7.23854876140572,8.23333470919176,0.8791758160061859,extrapolated,syndromic,2026-08-19
ILI incidence,NO,TRUE,2026-08-16,2026-W33,8.253701817795644,9.04524051464554,9.91268860614548,0.9124911387852781,extrapolated,syndromic,2026-08-26
ILI incidence,NO,TRUE,2026-08-23,2026-W34,8.410562646724989,9.45074084569097,10.6195633138992,0.8899368614641207,extrapolated,syndromic,2026-09-02
ILI incidence,NO,TRUE,2026-08-30,2026-W35,10.85127646524446,12.2303701226167,13.7847334196388,0.8872402352875658,extrapolated,syndromic,2026-09-09
ILI incidence,NO,TRUE,2026-09-06,2026-W36,10.044798341584023,10.5583546458018,11.098167333536,0.9513601956511308,extrapolated,syndromic,2026-09-16
ILI incidence,NO,TRUE,2026-09-13,2026-W37,14.896959645716866,16.2773984581412,17.7857567494503,0.9151929089913073,extrapolated,syndromic,2026-09-23
ILI incidence,NO,TRUE,2026-09-20,2026-W38,14.54498555172193,15.4936563934048,16.5042026053078,0.9387703704280748,extrapolated,syndromic,2026-09-30
ILI incidence,NO,TRUE,2026-09-27,2026-W39,15.4936563934048,15.4936563934048,16.5042026053078,0.9387703704280748,h1_nowcast,syndromic,2026-09-30
ILI incidence,PL,TRUE,2023-12-10,2023-W49,504.3027876583871,519.370195675472,534.887783207541,0.9709890784212433,extrapolated,flu_archive,2023-12-20
ILI incidence,PL,TRUE,2023-12-17,2023-W50,531.63844520097,532.437585748784,533.237927537067,0.9984990906554986,extrapolated,flu_archive,2023-12-27
ILI incidence,PL,TRUE,2023-12-24,2023-W51,600.0515228164978,610.018523075907,620.15107760923,0.9836611514529887,extrapolated,flu_archive,2024-01-03
ILI incidence,PL,TRUE,2023-12-31,2023-W52,376.94742031578596,361.96968083783503,347.587071258058,1.0413784365676217,extrapolated,flu_archive,2024-01-10
ILI incidence,PL,TRUE,2024-01-07,2024-W01,338.31422142334486,317.297672463718,297.586700692996,1.0662360640607282,extrapolated,flu_archive,2024-01-17
ILI incidence,PL,TRUE,2024-01-14,2024-W02,407.9285460957618,379.538251537754,353.123814842121,1.0748021956758782,extrapolated,flu_archive,2024-01-24
ILI incidence,PL,TRUE,2024-01-21,2024-W03,414.9046138663438,410.960548834536,407.05397591165,1.009597186501217,extrapolated,flu_archive,2024-01-31
ILI incidence,PL,TRUE,2024-01-28,2024-W04,466.92933026613207,466.932179877967,466.935029507193,0.9999938971611767,extrapolated,flu_archive,2024-02-07
ILI incidence,PL,TRUE,2024-02-04,2024-W05,507.18051439033695,501.518404140856,495.919505098367,1.0112899351304572,extrapolated,flu_archive,2024-02-14
ILI incidence,PL,TRUE,2024-02-11,2024-W06,506.39482266065664,476.134880985359,447.683141189736,1.0635532973611903,extrapolated,flu_archive,2024-02-21
ILI incidence,PL,TRUE,2024-02-18,2024-W07,418.2365550224735,359.651768666383,309.273288409491,1.1628930856459507,extrapolated,flu_archive,2024-02-28
ILI incidence,PL,TRUE,2024-02-25,2024-W08,310.8146410580428,298.485898400557,286.646186423856,1.0413042717379604,extrapolated,flu_archive,2024-03-06
ILI incidence,PL,TRUE,2024-03-03,2024-W09,324.740310355166,288.255183210571,255.869222262194,1.1265723194921446,extrapolated,flu_archive,2024-03-13
ILI incidence,PL,TRUE,2024-03-10,2024-W10,305.5204788974007,303.883955386877,302.256197930957,1.00538535675054,extrapolated,flu_archive,2024-03-20
ILI incidence,PL,TRUE,2024-03-17,2024-W11,333.54726837717624,307.624141361604,283.715746823186,1.084268831766035,extrapolated,flu_archive,2024-03-27
ILI incidence,PL,TRUE,2024-03-24,2024-W12,293.19961781947256,272.893181776306,253.993130051925,1.0744116650734497,extrapolated,flu_archive,2024-04-03
ILI incidence,PL,TRUE,2024-03-31,2024-W13,324.0110640945349,307.282142008369,291.416946088305,1.054441569486685,extrapolated,flu_archive,2024-04-10
ILI incidence,PL,TRUE,2024-04-07,2024-W14,252.3549698962979,222.32037266988,195.860410929832,1.1350960187126709,extrapolated,flu_archive,2024-04-17
ILI incidence,PL,TRUE,2024-04-14,2024-W15,224.01259246179043,225.577079098411,227.152491988816,0.9930645141657413,extrapolated,flu_archive,2024-04-24
ILI incidence,PL,TRUE,2024-04-21,2024-W16,235.26778341276344,216.064160091661,198.42802358626,1.0888792630529542,extrapolated,flu_archive,2024-05-01
ILI incidence,PL,TRUE,2024-10-13,2024-W41,363.87681191504225,368.520176291563,373.22279377800203,0.9873999724431723,extrapolated,syndromic,2024-10-23
ILI incidence,PL,TRUE,2024-10-20,2024-W42,370.37954415421945,388.531506942664,407.573080829436,0.9532805899545151,extrapolated,syndromic,2024-10-30
ILI incidence,PL,TRUE,2024-10-27,2024-W43,389.35300355389325,376.953621115661,364.949110897358,1.0328936551969823,extrapolated,syndromic,2024-11-06
ILI incidence,PL,TRUE,2024-11-03,2024-W44,288.85863332217605,301.808153922916,315.338200997317,0.9570935362997263,extrapolated,syndromic,2024-11-13
ILI incidence,PL,TRUE,2024-11-10,2024-W45,309.04995075150043,329.068536189419,350.383817394351,0.9391659085072926,extrapolated,syndromic,2024-11-20
ILI incidence,PL,TRUE,2024-11-17,2024-W46,323.0922801289312,317.848585852149,312.689995217142,1.0164974598289425,extrapolated,syndromic,2024-11-27
ILI incidence,PL,TRUE,2024-11-24,2024-W47,386.08435887398343,414.742456480732,445.527774575856,0.9309014614758155,extrapolated,syndromic,2024-12-04
ILI incidence,PL,TRUE,2024-12-01,2024-W48,408.3550182911063,429.651330679537,452.058276955225,0.9504335006835694,extrapolated,syndromic,2024-12-11
ILI incidence,PL,TRUE,2024-12-08,2024-W49,408.11210054832236,419.270983776419,430.73498090516,0.9733850334034858,extrapolated,syndromic,2024-12-18
ILI incidence,PL,TRUE,2024-12-15,2024-W50,513.3276724833747,520.254414157748,527.274623908743,0.9866858569848223,extrapolated,syndromic,2024-12-25
ILI incidence,PL,TRUE,2024-12-22,2024-W51,558.1682891647681,534.292261366097,511.43754687832,1.0446872049720952,extrapolated,syndromic,2025-01-01
ILI incidence,PL,TRUE,2024-12-29,2024-W52,435.07192279563344,401.991754599988,371.426797040829,1.0822906634703557,extrapolated,syndromic,2025-01-08
ILI incidence,PL,TRUE,2025-01-05,2025-W01,359.58022544885335,356.915701597974,354.270922123591,1.007465415051649,extrapolated,syndromic,2025-01-15
ILI incidence,PL,TRUE,2025-01-12,2025-W02,486.1121308935175,478.597990046997,471.2,1.015700318435902,extrapolated,syndromic,2025-01-22
ILI incidence,PL,TRUE,2025-01-19,2025-W03,523.8664532136048,523.821606747264,523.77676412008,1.0000856140063017,extrapolated,syndromic,2025-01-29
ILI incidence,PL,TRUE,2025-01-26,2025-W04,704.7848754523538,691.762483960615,678.980708699546,1.0188249461248318,extrapolated,syndromic,2025-02-05
ILI incidence,PL,TRUE,2025-02-02,2025-W05,663.9894882794509,661.795427907846,659.608617501789,1.0033153150944865,extrapolated,syndromic,2025-02-12
ILI incidence,PL,TRUE,2025-02-09,2025-W06,614.789574438788,600.9,587.324224438278,1.0231146188031084,extrapolated,syndromic,2025-02-19
ILI incidence,PL,TRUE,2025-02-16,2025-W07,599.8438995730486,564.909277521936,532.009231164138,1.0618411193463813,extrapolated,syndromic,2025-02-26
ILI incidence,PL,TRUE,2025-02-23,2025-W08,631.8280469625464,614.661460205205,597.961284684772,1.0279285230468338,extrapolated,syndromic,2025-03-05
ILI incidence,PL,TRUE,2025-03-02,2025-W09,597.1506288906899,571.49,546.932054156449,1.0449012736717864,extrapolated,syndromic,2025-03-12
ILI incidence,PL,TRUE,2025-03-09,2025-W10,600.5814441087073,555.990615214338,514.710481382214,1.080200686260108,extrapolated,syndromic,2025-03-19
ILI incidence,PL,TRUE,2025-03-16,2025-W11,498.7609244324155,477.999440136357,458.102175968742,1.043434118437745,extrapolated,syndromic,2025-03-26
ILI incidence,PL,TRUE,2025-03-23,2025-W12,466.8938263071383,419.66746410529,377.218053666674,1.1125328176262903,extrapolated,syndromic,2025-04-02
ILI incidence,PL,TRUE,2025-03-30,2025-W13,419.5918722456348,391.110695037907,364.562771329101,1.0728212691932837,extrapolated,syndromic,2025-04-09
ILI incidence,PL,TRUE,2025-04-06,2025-W14,312.29340504241344,293.415589089169,275.678917743561,1.0643381492164257,extrapolated,syndromic,2025-04-16
ILI incidence,PL,TRUE,2025-04-13,2025-W15,282.5603016193121,279.111601827802,275.704994043498,1.0123559886759488,extrapolated,syndromic,2025-04-23
ILI incidence,PL,TRUE,2025-04-20,2025-W16,271.39066132475676,238.658608511182,209.874323377456,1.1371501033118656,extrapolated,syndromic,2025-04-30
ILI incidence,PL,TRUE,2025-04-27,2025-W17,185.65437215539635,179.707771819689,173.951644000961,1.0330903904460724,extrapolated,syndromic,2025-05-07
ILI incidence,PL,TRUE,2025-05-04,2025-W18,146.59422423186663,152.734059345391,159.131050396803,0.9598004849747379,extrapolated,syndromic,2025-05-14
ILI incidence,PL,TRUE,2025-05-11,2025-W19,173.3382718158183,164.844678351857,156.767271856736,1.0515248265754262,extrapolated,syndromic,2025-05-21
ILI incidence,PL,TRUE,2025-05-18,2025-W20,188.60672714919477,181,173.700060942603,1.0420261168463791,extrapolated,syndromic,2025-05-28
ILI incidence,PL,TRUE,2025-05-25,2025-W21,193.77794117647036,181.5,170,1.0676470588235294,extrapolated,syndromic,2025-06-04
ILI incidence,PL,TRUE,2025-06-01,2025-W22,188.58845482462482,175.881859826344,164.031401841331,1.0722450570560633,extrapolated,syndromic,2025-06-11
ILI incidence,PL,TRUE,2025-06-08,2025-W23,163.35972563358192,170.794483431294,178.567608738478,0.9564695671174711,extrapolated,syndromic,2025-06-18
ILI incidence,PL,TRUE,2025-06-15,2025-W24,170.40445129526867,174.367584984941,178.422890143861,0.9772713851028294,extrapolated,syndromic,2025-06-25
ILI incidence,PL,TRUE,2025-06-22,2025-W25,138.20267457955893,129.210355692119,120.803132565086,1.0695944132285096,extrapolated,syndromic,2025-07-02
ILI incidence,PL,TRUE,2025-06-29,2025-W26,143.56142580591737,136.625704332411,130.025060558837,1.0507643968416933,extrapolated,syndromic,2025-07-09
ILI incidence,PL,TRUE,2025-07-06,2025-W27,119.8594552967259,114.635918021081,109.640025211219,1.0455663230671237,extrapolated,syndromic,2025-07-16
ILI incidence,PL,TRUE,2025-07-13,2025-W28,114.04366983418082,116.232960132427,118.464278120741,0.98116463440532,extrapolated,syndromic,2025-07-23
ILI incidence,PL,TRUE,2025-07-20,2025-W29,102.86226250105172,98.3864740224065,94.1054380411153,1.0454919085485876,extrapolated,syndromic,2025-07-30
ILI incidence,PL,TRUE,2025-07-27,2025-W30,88.24148298827764,88.3201556409898,88.3988984351601,0.999109233309869,extrapolated,syndromic,2025-08-06
ILI incidence,PL,TRUE,2025-08-03,2025-W31,98.31777688926925,93.1924940708692,88.3343910524984,1.0549967341200501,extrapolated,syndromic,2025-08-13
ILI incidence,PL,TRUE,2025-08-10,2025-W32,85.30492336204472,87.6210197531621,90,0.9735668861462455,extrapolated,syndromic,2025-08-20
ILI incidence,PL,TRUE,2025-08-17,2025-W33,97.50836468396271,104.393426215952,111.764641653331,0.9340469818688915,extrapolated,syndromic,2025-08-27
ILI incidence,PL,TRUE,2025-08-24,2025-W34,111.60991958694764,115.066259837926,118.629636165758,0.969962174352006,extrapolated,syndromic,2025-09-03
ILI incidence,PL,TRUE,2025-08-31,2025-W35,97.43488958618353,100.828758060742,104.340842333271,0.9663402729555203,extrapolated,syndromic,2025-09-10
ILI incidence,PL,TRUE,2025-09-07,2025-W36,130.4966379811277,135.985299029415,141.704812002848,0.9596378352111425,extrapolated,syndromic,2025-09-17
ILI incidence,PL,TRUE,2025-09-14,2025-W37,180.6285341015395,196.031884676553,212.748777489602,0.9214242591177003,extrapolated,syndromic,2025-09-24
ILI incidence,PL,TRUE,2025-09-21,2025-W38,319.65974156905935,342.857545291578,367.73882061708,0.932339818559949,extrapolated,syndromic,2025-10-01
ILI incidence,PL,TRUE,2025-09-28,2025-W39,351.0071395431431,346.938319276675,342.916664143037,1.0117277914845237,extrapolated,syndromic,2025-10-08
ILI incidence,PL,TRUE,2025-10-05,2025-W40,514.7902013325466,543.662724843056,574.1545927228,0.9468925821264564,extrapolated,syndromic,2025-10-15
ILI incidence,PL,TRUE,2025-10-12,2025-W41,362.5637524655589,366.615224832199,370.71197041831,0.9889489794961618,extrapolated,syndromic,2025-10-22
ILI incidence,PL,TRUE,2025-10-19,2025-W42,325.6920756119924,344.691248386453,364.798733561317,0.9448806058656883,extrapolated,syndromic,2025-10-29
ILI incidence,PL,TRUE,2025-10-26,2025-W43,381.33814165997086,362.815593796187,345.192732436021,1.0510522375016462,extrapolated,syndromic,2025-11-05
ILI incidence,PL,TRUE,2025-11-02,2025-W44,340.0336769459024,327.06728101015,314.595328522096,1.0396444300258516,extrapolated,syndromic,2025-11-12
ILI incidence,PL,TRUE,2025-11-09,2025-W45,276.47567049043096,292.321312486414,309.075115297486,0.9457937505096572,extrapolated,syndromic,2025-11-19
ILI incidence,PL,TRUE,2025-11-16,2025-W46,248.09562030507598,242.779353327172,237.577004904322,1.0218975250780062,extrapolated,syndromic,2025-11-26
ILI incidence,PL,TRUE,2025-11-23,2025-W47,220.25680132910264,210.023355796922,200.265370758257,1.0487252738789472,extrapolated,syndromic,2025-12-03
ILI incidence,PL,TRUE,2025-11-30,2025-W48,310.9076171054178,298.052541435556,285.728983687373,1.0431302333741077,extrapolated,syndromic,2025-12-10
ILI incidence,PL,TRUE,2025-12-07,2025-W49,304.3159364680085,302.624155569417,300.941779773437,1.0055903696630177,extrapolated,syndromic,2025-12-17
ILI incidence,PL,TRUE,2025-12-14,2025-W50,360.097446744194,391.355608501977,425.327126561811,0.9201284941911715,extrapolated,syndromic,2025-12-24
ILI incidence,PL,TRUE,2025-12-21,2025-W51,443.8904886391082,428.398113002807,413.446442132657,1.0361635011128059,extrapolated,syndromic,2025-12-31
ILI incidence,PL,TRUE,2025-12-28,2025-W52,357.74396331956217,392.655104912446,430.973118269172,0.9110895512216292,extrapolated,syndromic,2026-01-07
ILI incidence,PL,TRUE,2026-01-04,2026-W01,270.8697041894519,260.900095588212,251.297427601314,1.0382123608608231,extrapolated,syndromic,2026-01-14
ILI incidence,PL,TRUE,2026-01-11,2026-W02,286.7936860058644,273.314772676491,260.469349948222,1.0493164463719915,extrapolated,syndromic,2026-01-21
ILI incidence,PL,TRUE,2026-01-18,2026-W03,335.18429577590064,337.969154975183,340.777152014924,0.9917600196399963,extrapolated,syndromic,2026-01-28
ILI incidence,PL,TRUE,2026-01-25,2026-W04,495.13681601865244,489.536739124887,484,1.0114395436464607,extrapolated,syndromic,2026-02-04
ILI incidence,PL,TRUE,2026-02-01,2026-W05,665.7001775554011,680.3074,695.235143536136,0.9785284969050762,extrapolated,syndromic,2026-02-11
ILI incidence,PL,TRUE,2026-02-08,2026-W06,817.945127762505,777.687947669299,739.412123652496,1.051765210215557,extrapolated,syndromic,2026-02-18
ILI incidence,PL,TRUE,2026-02-15,2026-W07,611.5267616544778,562.811499913633,517.97697876386,1.0865569764447247,extrapolated,syndromic,2026-02-25
ILI incidence,PL,TRUE,2026-02-22,2026-W08,474.75560019540876,441.954990708342,411.42055771773,1.0742170813242669,extrapolated,syndromic,2026-03-04
ILI incidence,PL,TRUE,2026-03-01,2026-W09,360.3536847976841,345.972108148092,332.164494678713,1.0415686013724448,extrapolated,syndromic,2026-03-11
ILI incidence,PL,TRUE,2026-03-08,2026-W10,341.987208652513,322.774099060628,304.640397033851,1.0595249422050943,extrapolated,syndromic,2026-03-18
ILI incidence,PL,TRUE,2026-03-15,2026-W11,347.00878257766794,322.0468,298.880450863017,1.077510419534266,extrapolated,syndromic,2026-03-25
ILI incidence,PL,TRUE,2026-03-22,2026-W12,317.4666342494922,303.388363474358,289.934403057024,1.046403463250575,extrapolated,syndromic,2026-04-01
ILI incidence,PL,TRUE,2026-03-29,2026-W13,298.4202570786076,282.972985623137,268.325318717823,1.0545892090068392,extrapolated,syndromic,2026-04-08
ILI incidence,PL,TRUE,2026-04-05,2026-W14,352.0100907438688,333.08766438098303,315.182419709401,1.056809147820144,extrapolated,syndromic,2026-04-15
ILI incidence,PL,TRUE,2026-04-12,2026-W15,265.29129609347433,240.02339913137,217.162164680585,1.1052726403073514,extrapolated,syndromic,2026-04-22
ILI incidence,PL,TRUE,2026-04-19,2026-W16,229.7013387961993,220.230950334714,211.151017836966,1.0430020778055582,extrapolated,syndromic,2026-04-29
ILI incidence,PL,TRUE,2026-04-26,2026-W17,344.28770466309396,271.021767221421,213.34714342965,1.2703322991094506,extrapolated,syndromic,2026-05-06
ILI incidence,PL,TRUE,2026-05-03,2026-W18,206.7455033762809,199.851714775802,193.187794881012,1.0344945181391736,extrapolated,syndromic,2026-05-13
ILI incidence,PL,TRUE,2026-05-10,2026-W19,230.14631162769538,215.618841144712,202.008384700065,1.0673757005921083,extrapolated,syndromic,2026-05-20
ILI incidence,PL,TRUE,2026-05-17,2026-W20,200.80891942944262,197.874892387159,194.983734529717,1.01482768736795,extrapolated,syndromic,2026-05-27
ILI incidence,PL,TRUE,2026-05-24,2026-W21,167.8931889554401,191.170905460823,217.675983892417,0.878236092206232,extrapolated,syndromic,2026-06-03
ILI incidence,PL,TRUE,2026-05-31,2026-W22,201.47917980787057,211.428804778237,221.869771023396,0.9529410149160968,extrapolated,syndromic,2026-06-10
ILI incidence,PL,TRUE,2026-06-07,2026-W23,226.5802955009209,215.652344395962,205.251447574732,1.0506739267572913,extrapolated,syndromic,2026-06-17
ILI incidence,PL,TRUE,2026-09-06,2026-W36,149.76602173055804,199.184631347656,264.910003662109,0.7518954686275824,extrapolated,syndromic,2026-09-16
ILI incidence,PL,TRUE,2026-09-13,2026-W37,232.05992138761718,265.02001953125,302.661529541016,0.8756316666117128,extrapolated,syndromic,2026-09-23
ILI incidence,PL,TRUE,2026-09-20,2026-W38,269.53234665046085,302.570007324219,339.6572265625,0.8908098625970008,extrapolated,syndromic,2026-09-30
ILI incidence,PL,TRUE,2026-09-27,2026-W39,302.570007324219,302.570007324219,339.6572265625,0.8908098625970008,h1_nowcast,syndromic,2026-09-30
ILI incidence,PT,TRUE,2026-02-01,2026-W05,31.670879661111638,31.102604,30.544525,1.0182709994671713,extrapolated,syndromic,2026-02-11
ILI incidence,PT,TRUE,2026-02-08,2026-W06,31.652489817494445,30.143513,28.706474,1.0500597530717286,extrapolated,syndromic,2026-02-18
ILI incidence,PT,TRUE,2026-02-15,2026-W07,27.126434953589378,25.126148,23.273361,1.0796097735947978,extrapolated,syndromic,2026-02-25
ILI incidence,PT,TRUE,2026-02-22,2026-W08,19.663672702897152,18.051714,16.571898,1.0892967118190082,extrapolated,syndromic,2026-03-04
ILI incidence,PT,TRUE,2026-03-01,2026-W09,16.553322933913748,16.945934,17.347857,0.9768315475508013,extrapolated,syndromic,2026-03-11
ILI incidence,PT,TRUE,2026-03-08,2026-W10,15.532999843723202,16.199654,16.89492,0.9588476299384667,extrapolated,syndromic,2026-03-18
ILI incidence,PT,TRUE,2026-03-15,2026-W11,17.245997916421988,17.464285,17.685335,0.9875009435783942,extrapolated,syndromic,2026-03-25
ILI incidence,PT,TRUE,2026-03-22,2026-W12,17.64646115417525,18.002491,18.365704,0.9802233009962481,extrapolated,syndromic,2026-04-01
ILI incidence,PT,TRUE,2026-03-29,2026-W13,11.854345838176846,11.258328,10.692277,1.0529401735476924,extrapolated,syndromic,2026-04-08
ILI incidence,RO,TRUE,2023-12-10,2023-W49,0.9226675317921766,1.07273166004807,1.24720245897705,0.8601102830793966,extrapolated,flu_archive,2023-12-20
ILI incidence,RO,TRUE,2023-12-17,2023-W50,5.549794857736206,2.62605842392029,1.24260139746061,2.1133554406802726,extrapolated,flu_archive,2023-12-27
ILI incidence,RO,TRUE,2023-12-31,2023-W52,2.5478375467995713,2.78181893343387,3.03728806733843,0.915889066746169,extrapolated,flu_archive,2024-01-10
ILI incidence,RO,TRUE,2024-01-07,2024-W01,8.064040706433175,6.97466292429631,6.03245006795982,1.156190742686934,extrapolated,flu_archive,2024-01-17
ILI incidence,RO,TRUE,2024-01-14,2024-W02,8.300580568720381,8.37,8.44,0.9917061611374407,extrapolated,flu_archive,2024-01-24
ILI incidence,RO,TRUE,2024-01-21,2024-W03,10.316213028288027,11.01,11.7504456012689,0.9369857428054522,extrapolated,flu_archive,2024-01-31
ILI incidence,RO,TRUE,2024-01-28,2024-W04,18.220498544584544,21.23,24.7365843968062,0.8582429837298418,extrapolated,flu_archive,2024-02-07
ILI incidence,RO,TRUE,2024-02-04,2024-W05,35.69132447240672,37.37,39.1276289306568,0.9550795951941855,extrapolated,flu_archive,2024-02-14
ILI incidence,RO,TRUE,2024-02-11,2024-W06,36.794743583652135,37.48,38.1780184663151,0.9817167444944537,extrapolated,flu_archive,2024-02-21
ILI incidence,RO,TRUE,2024-02-18,2024-W07,18.450486272657276,19.0238392980669,19.6150093981535,0.9698613399521363,extrapolated,flu_archive,2024-02-28
ILI incidence,RO,TRUE,2024-02-25,2024-W08,10.574072576814254,7.78534582458973,5.73209699178344,1.358202039454231,extrapolated,flu_archive,2024-03-06
ILI incidence,RO,TRUE,2024-03-03,2024-W09,6.773661314419837,5.29834849747614,4.14436085561979,1.2784476743359674,extrapolated,flu_archive,2024-03-13
ILI incidence,RO,TRUE,2024-03-10,2024-W10,2.1672084649613867,2.07,1.97715174579495,1.0469606110924574,extrapolated,flu_archive,2024-03-20
ILI incidence,RO,TRUE,2024-03-17,2024-W11,2.322019368506552,2.2010173273242,2.08632078650454,1.054975505953629,extrapolated,flu_archive,2024-03-27
ILI incidence,RO,TRUE,2024-03-24,2024-W12,0.8114080565920211,0.677391097687285,0.565509173218255,1.1978428109880541,extrapolated,flu_archive,2024-04-03
ILI incidence,RO,TRUE,2024-03-31,2024-W13,2.514960133759935,2.28523181312696,2.0764879608330302,1.1005273597686487,extrapolated,flu_archive,2024-04-10
ILI incidence,RO,TRUE,2024-04-07,2024-W14,0.8472408912996151,0.821363730934811,0.79627693306953,1.0315051169052143,extrapolated,flu_archive,2024-04-17
ILI incidence,RO,TRUE,2024-04-14,2024-W15,0.1776224869441819,0.19,0.203240032391532,0.9348551944430628,extrapolated,flu_archive,2024-04-24
ILI incidence,RO,TRUE,2024-04-21,2024-W16,0.3068095846206597,0.228909249512491,0.170788160275888,1.3403109978040355,extrapolated,flu_archive,2024-05-01
ILI incidence,RO,TRUE,2024-10-13,2024-W41,0.27225,0.33,0.4,0.825,extrapolated,syndromic,2024-10-23
ILI incidence,RO,TRUE,2024-10-20,2024-W42,0.3367562635285173,0.583629150803331,1.01148225751879,0.577003844076315,extrapolated,syndromic,2024-10-30
ILI incidence,RO,TRUE,2024-10-27,2024-W43,0.22477895274210324,0.266274373023752,0.315430074142843,0.8441629218372159,extrapolated,syndromic,2024-11-06
ILI incidence,RO,TRUE,2024-11-03,2024-W44,0.8242529507810162,0.971121202952322,1.1441589501499,0.8487642410393172,extrapolated,syndromic,2024-11-13
ILI incidence,RO,TRUE,2024-11-10,2024-W45,0.9314936456890245,1.06421200004939,1.21583994296749,0.8752895528764888,extrapolated,syndromic,2024-11-20
ILI incidence,RO,TRUE,2024-11-17,2024-W46,1.392841763387786,2.11549617306156,3.21308864788262,0.6583995665527753,extrapolated,syndromic,2024-11-27
ILI incidence,RO,TRUE,2024-11-24,2024-W47,2.1161918673726587,1.96580397513979,1.82610344943495,1.0765019778852438,extrapolated,syndromic,2024-12-04
ILI incidence,RO,TRUE,2024-12-01,2024-W48,1.5747174978664025,2.1516666665,2.94,0.7318594103741497,extrapolated,syndromic,2024-12-11
ILI incidence,RO,TRUE,2024-12-08,2024-W49,1.4014413458453714,1.72735859611277,2.12907070881716,0.8113204455630467,extrapolated,syndromic,2024-12-18
ILI incidence,RO,TRUE,2024-12-15,2024-W50,2.2422886800347928,2.88763697121509,3.71872156862464,0.7765133575953834,extrapolated,syndromic,2024-12-25
ILI incidence,RO,TRUE,2024-12-22,2024-W51,4.689449366293401,6.06013793829973,7.83146782545342,0.7738189153511417,extrapolated,syndromic,2025-01-01
ILI incidence,RO,TRUE,2024-12-29,2024-W52,4.111018304468477,4.71279367168289,5.40265757700778,0.8723102666619554,extrapolated,syndromic,2025-01-08
ILI incidence,RO,TRUE,2025-01-05,2025-W01,5.549953568372591,4.96616119104594,4.4437771724787,1.1175540532955794,extrapolated,syndromic,2025-01-15
ILI incidence,RO,TRUE,2025-01-12,2025-W02,12.409604995238817,14.4872035475628,16.9126307170164,0.8565907805807355,extrapolated,syndromic,2025-01-22
ILI incidence,RO,TRUE,2025-01-19,2025-W03,20.04022639222086,19.8106518924875,19.5837073256649,1.0115884374214061,extrapolated,syndromic,2025-01-29
ILI incidence,RO,TRUE,2025-01-26,2025-W04,19.9996382624257,21.0650146128482,22.1871433281458,0.9494243716416565,extrapolated,syndromic,2025-02-05
ILI incidence,RO,TRUE,2025-02-02,2025-W05,43.23461646127851,36.9328813440322,31.5496663557548,1.1706266851628837,extrapolated,syndromic,2025-02-12
ILI incidence,RO,TRUE,2025-02-09,2025-W06,52.34920748157974,48.471009810755,44.8801214975606,1.0800106638167095,extrapolated,syndromic,2025-02-19
ILI incidence,RO,TRUE,2025-02-16,2025-W07,49.63396163089217,40.9229225892911,33.7407198261359,1.2128645387580554,extrapolated,syndromic,2025-02-26
ILI incidence,RO,TRUE,2025-02-23,2025-W08,30.485978527504354,25.7017213081376,21.6682721076249,1.1861454010028496,extrapolated,syndromic,2025-03-05
ILI incidence,RO,TRUE,2025-03-02,2025-W09,30.699599875337746,26.5655204766764,22.9881458084948,1.1556182346320274,extrapolated,syndromic,2025-03-12
ILI incidence,RO,TRUE,2025-03-09,2025-W10,28.305583663788553,24.3502581980438,20.9476363870194,1.1624346417017672,extrapolated,syndromic,2025-03-19
ILI incidence,RO,TRUE,2025-03-16,2025-W11,23.76265187446635,21.2478420440568,18.9991754251261,1.1183560111749309,extrapolated,syndromic,2025-03-26
ILI incidence,RO,TRUE,2025-03-23,2025-W12,19.147903718490348,15.5282621091786,12.592862784165,1.2331002390262478,extrapolated,syndromic,2025-04-02
ILI incidence,RO,TRUE,2025-03-30,2025-W13,7.954589105874217,6.37694375888717,5.11219513198738,1.2473983473334507,extrapolated,syndromic,2025-04-09
ILI incidence,RO,TRUE,2025-04-06,2025-W14,4.060816602693331,3.4903366324869,3,1.1634455441623,extrapolated,syndromic,2025-04-16
ILI incidence,RO,TRUE,2025-04-13,2025-W15,3.0766556083967083,1.93014656883441,1.21088163622078,1.5940010246240834,extrapolated,syndromic,2025-04-23
ILI incidence,RO,TRUE,2025-04-20,2025-W16,2.9491844969959806,2.60677240723632,2.30411572760207,1.1313548082713838,extrapolated,syndromic,2025-04-30
ILI incidence,RO,TRUE,2025-04-27,2025-W17,0.9113828635667286,0.809826277310675,0.719586274484356,1.1254053975542873,extrapolated,syndromic,2025-05-07
ILI incidence,RO,TRUE,2025-05-04,2025-W18,0.6796503193418547,0.806756057830752,0.957632650679657,0.8424483618621149,extrapolated,syndromic,2025-05-14
ILI incidence,RO,TRUE,2025-05-11,2025-W19,3.230942639825747,2.97724211565624,2.74346269908255,1.0852132659401088,extrapolated,syndromic,2025-05-21
ILI incidence,RO,TRUE,2025-05-18,2025-W20,0.5340648180393082,0.459464058792225,0.395283894746812,1.1623647330395837,extrapolated,syndromic,2025-05-28
ILI incidence,RO,TRUE,2025-06-01,2025-W22,0.40845340399307956,0.405993255250182,0.403547924187289,1.0060595803282042,extrapolated,syndromic,2025-06-11
ILI incidence,RO,TRUE,2025-06-08,2025-W23,0.0010000000000000002,0.001,0.001,1,extrapolated,syndromic,2025-06-18
ILI incidence,RO,TRUE,2025-06-15,2025-W24,1.882110862376969,0.930222296349987,0.459756934580259,2.0232914968411415,extrapolated,syndromic,2025-06-25
ILI incidence,RO,TRUE,2025-06-22,2025-W25,0.4491759288926247,0.48262037496867,0.51855500562805,0.9307023743491635,extrapolated,syndromic,2025-07-02
ILI incidence,RO,TRUE,2025-06-29,2025-W26,0.505797462988579,0.591347131745205,0.691366516860479,0.8553308806890653,extrapolated,syndromic,2025-07-09
ILI incidence,RO,TRUE,2025-07-06,2025-W27,0.6449683620640431,0.674515423553597,0.705416084528052,0.956195128446598,extrapolated,syndromic,2025-07-16
ILI incidence,RO,TRUE,2025-07-13,2025-W28,0.3247416395091456,0.342053188497243,0.360287593355688,0.9493893067795887,extrapolated,syndromic,2025-07-23
ILI incidence,RO,TRUE,2025-07-20,2025-W29,0.36664837487949403,0.953253187107834,2.47837356167173,0.3846285329419182,extrapolated,syndromic,2025-07-30
ILI incidence,RO,TRUE,2025-07-27,2025-W30,7.112820759067403,4.08589669085465,2.34710705271953,1.7408224674372783,extrapolated,syndromic,2025-08-06
ILI incidence,RO,TRUE,2025-08-03,2025-W31,0.7881725268920903,0.849315188782424,0.915201006486342,0.9280094566800487,extrapolated,syndromic,2025-08-13
ILI incidence,RO,TRUE,2025-08-10,2025-W32,0.8348895192203335,0.905181349840251,0.981391258646745,0.9223450299408811,extrapolated,syndromic,2025-08-20
ILI incidence,RO,TRUE,2025-08-17,2025-W33,0.9586520861073495,1.06377811286911,1.18043228593428,0.9011767346122346,extrapolated,syndromic,2025-08-27
ILI incidence,RO,TRUE,2025-08-24,2025-W34,0.8563684555567151,0.940549510963684,1.03300556767815,0.9104980073609127,extrapolated,syndromic,2025-09-03
ILI incidence,RO,TRUE,2025-08-31,2025-W35,0.8786720439987704,0.937364311485918,0.99997702037815,0.9373858522583305,extrapolated,syndromic,2025-09-10
ILI incidence,RO,TRUE,2025-09-21,2025-W38,1.0680546667317379,1.05767973316184,1.04740558024478,1.0098091447199078,extrapolated,syndromic,2025-10-01
ILI incidence,RO,TRUE,2025-09-28,2025-W39,1.0860429270620156,1.22560540967601,1.3831024380322,0.8861277198091938,extrapolated,syndromic,2025-10-08
ILI incidence,RO,TRUE,2025-10-05,2025-W40,1.4918435787203344,1.49191100250653,1.49197842933994,0.9999548070990277,extrapolated,syndromic,2025-10-15
ILI incidence,RO,TRUE,2025-10-12,2025-W41,1.5562655595711798,1.81775384485351,2.12317815565499,0.8561475823458357,extrapolated,syndromic,2025-10-22
ILI incidence,RO,TRUE,2025-10-19,2025-W42,0.8871862693060348,1.0326441421005501,1.20195043713728,0.8591403690155714,extrapolated,syndromic,2025-10-29
ILI incidence,RO,TRUE,2025-10-26,2025-W43,0.9777959463808436,1.47717946243114,2.23160995124279,0.6619344306152133,extrapolated,syndromic,2025-11-05
ILI incidence,RO,TRUE,2025-11-02,2025-W44,1.3751041549055445,1.50147477920322,1.63945873084662,0.9158356663408387,extrapolated,syndromic,2025-11-12
ILI incidence,RO,TRUE,2025-11-09,2025-W45,2.099412317261222,2.55269902680403,3.10385543033634,0.8224284552220316,extrapolated,syndromic,2025-11-19
ILI incidence,RO,TRUE,2025-11-16,2025-W46,2.054718387145514,2.19781445191858,2.35087610802603,0.9348916535478462,extrapolated,syndromic,2025-11-26
ILI incidence,RO,TRUE,2025-11-23,2025-W47,2.231077373266584,2.50785004458853,2.81895729906235,0.8896374717781992,extrapolated,syndromic,2025-12-03
ILI incidence,RO,TRUE,2025-11-30,2025-W48,4.792814574364642,4.88442902695141,4.97779468601457,0.981243569702568,extrapolated,syndromic,2025-12-10
ILI incidence,RO,TRUE,2025-12-07,2025-W49,6.525625078473144,7.89656235143899,9.55551326046356,0.8263880899115523,extrapolated,syndromic,2025-12-17
ILI incidence,RO,TRUE,2025-12-14,2025-W50,17.553238870769444,19.6512405500754,22,0.893238206821609,extrapolated,syndromic,2025-12-24
ILI incidence,RO,TRUE,2025-12-21,2025-W51,21.678266183398414,23.8078556563704,26.146647806578,0.9105509751189136,extrapolated,syndromic,2025-12-31
ILI incidence,RO,TRUE,2025-12-28,2025-W52,24.371803829554736,25.5055845319401,26.6921089167419,0.955547746770298,extrapolated,syndromic,2026-01-07
ILI incidence,RO,TRUE,2026-01-04,2026-W01,27.318119694132758,23.9516286205508,21,1.1405537438357523,extrapolated,syndromic,2026-01-14
ILI incidence,RO,TRUE,2026-01-11,2026-W02,21.916050369770186,18.6952050427949,15.9477043397491,1.1722818936514736,extrapolated,syndromic,2026-01-21
ILI incidence,RO,TRUE,2026-01-18,2026-W03,28.01581873498002,25.4484966591262,23.1164396206256,1.1008830545176096,extrapolated,syndromic,2026-01-28
ILI incidence,RO,TRUE,2026-01-25,2026-W04,41.17049909458137,37.9906291684488,35.0563616267783,1.0837014283715376,extrapolated,syndromic,2026-02-04
ILI incidence,RO,TRUE,2026-02-01,2026-W05,33.88568855485581,34.0761661071433,34.2677143680241,0.9944102411143143,extrapolated,syndromic,2026-02-11
ILI incidence,RO,TRUE,2026-02-08,2026-W06,19.86261072998859,16.8471637815486,14.2895076251885,1.1789884034808622,extrapolated,syndromic,2026-02-18
ILI incidence,RO,TRUE,2026-02-15,2026-W07,18.285714285714285,16,14,1.1428571428571428,extrapolated,syndromic,2026-02-25
ILI incidence,RO,TRUE,2026-02-22,2026-W08,17.44407247515922,15.2963728274713,13.4130961683514,1.1404058120125573,extrapolated,syndromic,2026-03-04
ILI incidence,RO,TRUE,2026-03-01,2026-W09,11.538833495,9.34634590104634,7.57045170465957,1.2345823295185565,extrapolated,syndromic,2026-03-11
ILI incidence,RO,TRUE,2026-03-08,2026-W10,21.515441804099744,18.230125432521,15.446462885188,1.1802135911647658,extrapolated,syndromic,2026-03-18
ILI incidence,RO,TRUE,2026-03-15,2026-W11,18.473873461520498,16.6987197292043,15.094140445171501,1.1063047803126869,extrapolated,syndromic,2026-03-25
ILI incidence,RO,TRUE,2026-03-22,2026-W12,12.148920341071564,10.6138928393518,9.27281750497567,1.144624364024907,extrapolated,syndromic,2026-04-01
ILI incidence,RO,TRUE,2026-03-29,2026-W13,8.805589079326143,8.66340925248783,8.52352513840396,1.0164115329998384,extrapolated,syndromic,2026-04-08
ILI incidence,RO,TRUE,2026-04-05,2026-W14,10.89423690128015,9.22204556318348,7.80652423295831,1.1813254257572134,extrapolated,syndromic,2026-04-15
ILI incidence,RO,TRUE,2026-04-12,2026-W15,6.080166666666666,3.82,2.4,1.5916666666666666,extrapolated,syndromic,2026-04-22
ILI incidence,RO,TRUE,2026-04-19,2026-W16,5.236899154278478,3.72327503093786,2.64713460152839,1.406530302156956,extrapolated,syndromic,2026-04-29
ILI incidence,RO,TRUE,2026-04-26,2026-W17,2.9973667838267373,3.5573348356854,4.2219161169941,0.8425877580481477,extrapolated,syndromic,2026-05-06
ILI incidence,RO,TRUE,2026-05-03,2026-W18,5.009944926243542,3.9521617488458,3.11771540785209,1.2676467322489164,extrapolated,syndromic,2026-05-13
ILI incidence,RO,TRUE,2026-05-10,2026-W19,1.6448557324638176,2.22622212543074,3.0130696899075202,0.7388551724799532,extrapolated,syndromic,2026-05-20
ILI incidence,RO,TRUE,2026-05-17,2026-W20,1.0662856716655218,1.21282226507371,1.37949696384923,0.8791771905677521,extrapolated,syndromic,2026-05-27
ILI incidence,RO,TRUE,2026-05-24,2026-W21,1.205162452318456,1.38725513124047,1.59686090074476,0.8687388679837222,extrapolated,syndromic,2026-06-03
ILI incidence,RO,TRUE,2026-05-31,2026-W22,2.036312417767563,1.58037140641995,1.2265179745689,1.2885024428406142,extrapolated,syndromic,2026-06-10
ILI incidence,RO,TRUE,2026-08-02,2026-W31,0.017854135645210063,0.0327774139730706,0.0601742301117934,0.5447084892017029,extrapolated,syndromic,2026-08-12
ILI incidence,RO,TRUE,2026-08-09,2026-W32,0.24127989737286865,0.26325805145053,0.287238192688833,0.9165147886016647,extrapolated,syndromic,2026-08-19
ILI incidence,RO,TRUE,2026-08-16,2026-W33,0.23216399628504608,0.277738397509058,0.332259173193204,0.8359088925666983,extrapolated,syndromic,2026-08-26
ILI incidence,RO,TRUE,2026-08-23,2026-W34,0.27298989435416576,0.328287953568561,0.394787436044843,0.8315562340521685,extrapolated,syndromic,2026-09-02
ILI incidence,RO,TRUE,2026-08-30,2026-W35,0.15002629702335707,0.217347762161084,0.31487846233435,0.6902592211286138,extrapolated,syndromic,2026-09-09
ILI incidence,RO,TRUE,2026-09-06,2026-W36,0.07002472951157547,0.1345324105887,0.258465396796923,0.5205045327379065,extrapolated,syndromic,2026-09-16
ILI incidence,RO,TRUE,2026-09-13,2026-W37,0.2768731871305703,0.312457828515272,0.352615923601291,0.886113778765628,extrapolated,syndromic,2026-09-23
ILI incidence,RO,TRUE,2026-09-20,2026-W38,0.3113947514886514,0.352615923601291,0.399293787010803,0.8830989488743307,extrapolated,syndromic,2026-09-30
ILI incidence,RO,TRUE,2026-09-27,2026-W39,0.352615923601291,0.352615923601291,0.399293787010803,0.8830989488743307,h1_nowcast,syndromic,2026-09-30
ILI incidence,SI,TRUE,2023-12-10,2023-W49,2.709105349906083,3.66153451025719,4.94880532064548,0.7398825116401246,extrapolated,flu_archive,2023-12-20
ILI incidence,SI,TRUE,2023-12-17,2023-W50,6.765871725923188,9.39433849358743,13.0439356977399,0.7202073600543102,extrapolated,flu_archive,2023-12-27
ILI incidence,SI,TRUE,2023-12-24,2023-W51,6.974192613107866,6.89555024267841,6.81779465911732,1.0114047998581344,extrapolated,flu_archive,2024-01-03
ILI incidence,SI,TRUE,2023-12-31,2023-W52,17.855127569700823,17.53,17.210792742891,1.0185469235425457,extrapolated,flu_archive,2024-01-10
ILI incidence,SI,TRUE,2024-01-07,2024-W01,17.11126567661005,19.3944652542363,21.9823179422633,0.882275713834,extrapolated,flu_archive,2024-01-17
ILI incidence,SI,TRUE,2024-01-14,2024-W02,35.48118096752651,43.07,52.2819379010461,0.8238026693180059,extrapolated,flu_archive,2024-01-24
ILI incidence,SI,TRUE,2024-01-21,2024-W03,76.42476119167421,88.5940564780269,102.701097404108,0.8626398229166651,extrapolated,flu_archive,2024-01-31
ILI incidence,SI,TRUE,2024-01-28,2024-W04,138.52306612754438,131.302807534135,124.458891564471,1.0549893694507058,extrapolated,flu_archive,2024-02-07
ILI incidence,SI,TRUE,2024-02-04,2024-W05,145.31173558532342,149.85,154.53,0.9697146185206755,extrapolated,flu_archive,2024-02-14
ILI incidence,SI,TRUE,2024-02-11,2024-W06,140.50659960647207,128.88,118.215474906667,1.0902125978155806,extrapolated,flu_archive,2024-02-21
ILI incidence,SI,TRUE,2024-02-18,2024-W07,128.24563067935995,124.333004058055,120.539747172753,1.031468930160154,extrapolated,flu_archive,2024-02-28
ILI incidence,SI,TRUE,2024-02-25,2024-W08,63.32384889921423,56.6867521157914,50.7453024618195,1.1170837371290123,extrapolated,flu_archive,2024-03-06
ILI incidence,SI,TRUE,2024-03-03,2024-W09,47.3044678353417,46.3629062182347,45.4400857120497,1.0203085115647192,extrapolated,flu_archive,2024-03-13
ILI incidence,SI,TRUE,2024-03-10,2024-W10,11.608992498430743,10.3452464044415,9.21907074908325,1.1221571767924914,extrapolated,flu_archive,2024-03-20
ILI incidence,SI,TRUE,2024-03-17,2024-W11,14.44010412859364,14.380515314269,14.3211724003036,1.0041437189851956,extrapolated,flu_archive,2024-03-27
ILI incidence,SI,TRUE,2024-03-24,2024-W12,12.532875189017238,11.6868572543527,10.8979488284784,1.0723905423204716,extrapolated,flu_archive,2024-04-03
ILI incidence,SI,TRUE,2024-03-31,2024-W13,3.121199999999999,3.06,3,1.02,extrapolated,flu_archive,2024-04-10
ILI incidence,SI,TRUE,2024-04-07,2024-W14,0.4147068268626419,0.853996337336106,1.75861523597499,0.48560726636866863,extrapolated,flu_archive,2024-04-17
ILI incidence,SI,TRUE,2024-04-14,2024-W15,1.6936647722704579,2.11783537177675,2.64823755880336,0.7997150273534075,extrapolated,flu_archive,2024-04-24
ILI incidence,SI,TRUE,2024-04-21,2024-W16,0.20940978452472728,0.433659101212459,0.898048849490084,0.48289032546357863,extrapolated,flu_archive,2024-05-01
ILI incidence,SI,TRUE,2024-10-13,2024-W41,7.059377158077579,8.81797848159856,11.0146749154723,0.8005663852332089,extrapolated,syndromic,2024-10-23
ILI incidence,SI,TRUE,2024-10-20,2024-W42,6.13457887783065,6.44988570469461,6.78139876136618,0.951114354377712,extrapolated,syndromic,2024-10-30
ILI incidence,SI,TRUE,2024-10-27,2024-W43,6.020200861754238,9.21745571916185,14.1127334262984,0.6531304348160906,extrapolated,syndromic,2024-11-06
ILI incidence,SI,TRUE,2024-11-03,2024-W44,4.008179485836458,4.83591095093507,5.83457771988805,0.8288364956475134,extrapolated,syndromic,2024-11-13
ILI incidence,SI,TRUE,2024-11-10,2024-W45,3.7147922355002403,4.18940416905723,4.72465381078052,0.8867113521625691,extrapolated,syndromic,2024-11-20
ILI incidence,SI,TRUE,2024-11-17,2024-W46,4.494952468499607,6.30958704120613,8.85679857786016,0.7124004216352579,extrapolated,syndromic,2024-11-27
ILI incidence,SI,TRUE,2024-11-24,2024-W47,2.1799055923257242,1.94284893667178,1.73157131392076,1.1220149704794016,extrapolated,syndromic,2024-12-04
ILI incidence,SI,TRUE,2024-12-01,2024-W48,2.268511970801808,2.77112822960668,3.3851051983688,0.8186239620978454,extrapolated,syndromic,2024-12-11
ILI incidence,SI,TRUE,2024-12-08,2024-W49,2.895546743627661,4.09,5.77718181784292,0.707957639028768,extrapolated,syndromic,2024-12-18
ILI incidence,SI,TRUE,2024-12-15,2024-W50,8.25920158696963,8.69772146220098,9.15952442102679,0.9495822121762473,extrapolated,syndromic,2024-12-25
ILI incidence,SI,TRUE,2024-12-22,2024-W51,7.155014312988454,10.6464401151293,15.8415737784447,0.6720569726232434,extrapolated,syndromic,2025-01-01
ILI incidence,SI,TRUE,2024-12-29,2024-W52,13.630239331717842,16.3161835942125,19.5314139833594,0.835381586203321,extrapolated,syndromic,2025-01-08
ILI incidence,SI,TRUE,2025-01-05,2025-W01,22.917239874417184,26.0347225242531,29.5762832098946,0.8802567360980407,extrapolated,syndromic,2025-01-15
ILI incidence,SI,TRUE,2025-01-12,2025-W02,99.18353405832369,106.431786475352,114.209735314269,0.9318976721422693,extrapolated,syndromic,2025-01-22
ILI incidence,SI,TRUE,2025-01-19,2025-W03,107.4692272930565,105.521483706779,103.609040505304,1.018458265728048,extrapolated,syndromic,2025-01-29
ILI incidence,SI,TRUE,2025-01-26,2025-W04,178.46829283589935,197.001342509532,217.458957744629,0.9059242468221465,extrapolated,syndromic,2025-02-05
ILI incidence,SI,TRUE,2025-02-02,2025-W05,259.5736230158256,238.612245456608,219.34356434349,1.0878470319874234,extrapolated,syndromic,2025-02-12
ILI incidence,SI,TRUE,2025-02-09,2025-W06,242.65723330809132,210.18109146118,182.051408917716,1.154515049955906,extrapolated,syndromic,2025-02-19
ILI incidence,SI,TRUE,2025-02-16,2025-W07,204.2424132001722,182.32285159473,162.755725869018,1.1202238853424988,extrapolated,syndromic,2025-02-26
ILI incidence,SI,TRUE,2025-02-23,2025-W08,208.6614010140146,205.248836926268,201.892083801145,1.016626472231716,extrapolated,syndromic,2025-03-05
ILI incidence,SI,TRUE,2025-03-02,2025-W09,211.19265149288663,199.101686052298,187.702939040012,1.060727589405812,extrapolated,syndromic,2025-03-12
ILI incidence,SI,TRUE,2025-03-09,2025-W10,148.5216746965956,116.16069749963,90.8507641808178,1.2785880069037012,extrapolated,syndromic,2025-03-19
ILI incidence,SI,TRUE,2025-03-16,2025-W11,138.7223622362465,118.209574688589,100.73,1.1735289852932493,extrapolated,syndromic,2025-03-26
ILI incidence,SI,TRUE,2025-03-23,2025-W12,115.21925527836704,80.4254764173126,56.1386830814393,1.4326213584426433,extrapolated,syndromic,2025-04-02
ILI incidence,SI,TRUE,2025-03-30,2025-W13,75.72114065162391,55.3,40.3862114818052,1.369279216123398,extrapolated,syndromic,2025-04-09
ILI incidence,SI,TRUE,2025-04-06,2025-W14,36.1788669866467,21.3636432954784,12.6152445576832,1.6934783307444539,extrapolated,syndromic,2025-04-16
ILI incidence,SI,TRUE,2025-04-13,2025-W15,13.650838140920527,10.6642046176143,8.33100934553146,1.280061535801098,extrapolated,syndromic,2025-04-23
ILI incidence,SI,TRUE,2025-04-20,2025-W16,28.050977180236615,24.7939450757931,21.9150908173909,1.131364012241175,extrapolated,syndromic,2025-04-30
ILI incidence,SI,TRUE,2025-04-27,2025-W17,15.698823055814216,9.29212176023206,5.5,1.6894766836785564,extrapolated,syndromic,2025-05-07
ILI incidence,SI,TRUE,2025-05-04,2025-W18,13.36971845694496,4.4968875006212,1.51252229120343,2.9731049431630368,extrapolated,syndromic,2025-05-14
ILI incidence,SI,TRUE,2025-05-11,2025-W19,0.708549492257424,0.709897785754824,0.711248644909775,0.9981007216468969,extrapolated,syndromic,2025-05-21
ILI incidence,SI,TRUE,2025-05-18,2025-W20,1.4137883952388617,1.43698791592664,1.46056812849303,0.9838554517886685,extrapolated,syndromic,2025-05-28
ILI incidence,SI,TRUE,2025-05-25,2025-W21,0.6890946786057153,1.6908455355273,4.14886185276789,0.4075444291786341,extrapolated,syndromic,2025-06-04
ILI incidence,SI,TRUE,2025-06-01,2025-W22,0.41432940089733455,0.523581373534392,0.661641327210782,0.791337167134955,extrapolated,syndromic,2025-06-11
ILI incidence,SI,TRUE,2025-06-08,2025-W23,0.014128422902859606,0.00568514748883012,0.00228765108405763,2.48514623949834,extrapolated,syndromic,2025-06-18
ILI incidence,SI,TRUE,2025-06-15,2025-W24,1.3246953576128362,0.271801143858658,0.0557681895526551,4.8737666766468966,extrapolated,syndromic,2025-06-25
ILI incidence,SI,TRUE,2025-06-22,2025-W25,0.011566324744897024,0.00348485817828031,0.00104996503129355,3.3190230859279075,extrapolated,syndromic,2025-07-02
ILI incidence,SI,TRUE,2025-06-29,2025-W26,0.007655027297667292,0.00701992518912097,0.0064375145567243,1.0904713499697354,extrapolated,syndromic,2025-07-09
ILI incidence,SI,TRUE,2025-07-06,2025-W27,0.0010000000000000002,0.001,0.001,1,extrapolated,syndromic,2025-07-16
ILI incidence,SI,TRUE,2025-07-13,2025-W28,0.0020000000000000005,0.001,5e-4,2,extrapolated,syndromic,2025-07-23
ILI incidence,SI,TRUE,2025-07-20,2025-W29,9.631240857659263e-4,9.84380990952123e-4,0.00100610705273483,0.9784058150435876,extrapolated,syndromic,2025-07-30
ILI incidence,SI,TRUE,2025-07-27,2025-W30,0.001019739491697991,0.00100982151477278,0.001,1.0098215147727798,extrapolated,syndromic,2025-08-06
ILI incidence,SI,TRUE,2025-08-03,2025-W31,0.0010000000000000002,0.001,0.001,1,extrapolated,syndromic,2025-08-13
ILI incidence,SI,TRUE,2025-08-10,2025-W32,0.0016308585488434544,9.03011226077355e-4,5e-4,1.80602245215471,extrapolated,syndromic,2025-08-20
ILI incidence,SI,TRUE,2025-08-17,2025-W33,0.0010000000000000002,0.001,0.001,1,extrapolated,syndromic,2025-08-27
ILI incidence,SI,TRUE,2025-08-24,2025-W34,1.1530303845016194,1.38679356727844,1.6679494522394,0.8314362077438987,extrapolated,syndromic,2025-09-03
ILI incidence,SI,TRUE,2025-08-31,2025-W35,1.3108208778332264,1.76310483824913,2.37144427833334,0.7434730195255723,extrapolated,syndromic,2025-09-10
ILI incidence,SI,TRUE,2025-09-07,2025-W36,0.4575570239042205,0.676429614892947,1,0.676429614892947,extrapolated,syndromic,2025-09-17
ILI incidence,SI,TRUE,2025-09-14,2025-W37,1.7008455812562135,2,2.35177140363658,0.8504227906281068,extrapolated,syndromic,2025-09-24
ILI incidence,SI,TRUE,2025-09-21,2025-W38,2.2500000000000004,3,4,0.75,extrapolated,syndromic,2025-10-01
ILI incidence,SI,TRUE,2025-09-28,2025-W39,2.3052871182725885,3.0866393948804,4.13282262261836,0.7468598768279224,extrapolated,syndromic,2025-10-08
ILI incidence,SI,TRUE,2025-10-05,2025-W40,0.4364920935879318,0.90529091062167,1.87758643259162,0.48215671721280123,extrapolated,syndromic,2025-10-15
ILI incidence,SI,TRUE,2025-10-12,2025-W41,2.8365298157236123,2.15665012942548,1.63972885282872,1.315248021467093,extrapolated,syndromic,2025-10-22
ILI incidence,SI,TRUE,2025-10-19,2025-W42,5.3319633677928575,6.92731335440629,9,0.7697014838229211,extrapolated,syndromic,2025-10-29
ILI incidence,SI,TRUE,2025-10-26,2025-W43,3.6092772245292464,3.66531133557513,3.72221537747015,0.9847123188412338,extrapolated,syndromic,2025-11-05
ILI incidence,SI,TRUE,2025-11-02,2025-W44,5.4808484905155375,7.24355268764399,9.57316291984184,0.7566519809905901,extrapolated,syndromic,2025-11-12
ILI incidence,SI,TRUE,2025-11-09,2025-W45,4.705136936880447,5,5.31334163816606,0.9410273873760897,extrapolated,syndromic,2025-11-19
ILI incidence,SI,TRUE,2025-11-16,2025-W46,10.57685986991261,13.1145835040199,16.2611874033774,0.8064960558351378,extrapolated,syndromic,2025-11-26
ILI incidence,SI,TRUE,2025-11-23,2025-W47,56.928955015880604,73.9339289400924,96.0183767117068,0.7699976970249924,extrapolated,syndromic,2025-12-03
ILI incidence,SI,TRUE,2025-11-30,2025-W48,126.6366847147313,133.305287227893,140.325053857351,0.949974958594393,extrapolated,syndromic,2025-12-10
ILI incidence,SI,TRUE,2025-12-07,2025-W49,503.5164028858698,467.00238144442,433.136285183133,1.0781880840275668,extrapolated,syndromic,2025-12-17
ILI incidence,SI,TRUE,2025-12-14,2025-W50,567.4872811725899,527.660269094529,490.628369688929,1.0754785122374377,extrapolated,syndromic,2025-12-24
ILI incidence,SI,TRUE,2025-12-21,2025-W51,594.482144491967,508.166192294153,434.382901796687,1.169857722742504,extrapolated,syndromic,2025-12-31
ILI incidence,SI,TRUE,2025-12-28,2025-W52,517.919861042924,434.37768942371,364.311143984964,1.1923261107863279,extrapolated,syndromic,2026-01-07
ILI incidence,SI,TRUE,2026-01-04,2026-W01,172.64269501275305,138.197716576252,110.625062157882,1.2492441936802605,extrapolated,syndromic,2026-01-14
ILI incidence,SI,TRUE,2026-01-11,2026-W02,135.811387694082,118.458208349794,103.322316071546,1.14649199566691,extrapolated,syndromic,2026-01-21
ILI incidence,SI,TRUE,2026-01-18,2026-W03,61.17177509328207,47.5180963333637,36.9119495993636,1.287336400518464,extrapolated,syndromic,2026-01-28
ILI incidence,SI,TRUE,2026-01-25,2026-W04,24.56431289669146,18.4056469202275,13.7910569685712,1.3346074171234743,extrapolated,syndromic,2026-02-04
ILI incidence,SI,TRUE,2026-02-01,2026-W05,7.050136377848091,10.8962877292646,16.840679373519,0.6470218622176482,extrapolated,syndromic,2026-02-11
ILI incidence,SI,TRUE,2026-02-08,2026-W06,5.785053552660319,5.36427791196973,4.97410737081485,1.07844031342069,extrapolated,syndromic,2026-02-18
ILI incidence,SI,TRUE,2026-02-15,2026-W07,5.121062264008027,5.36315252128062,5.61668721910966,0.9548604563618144,extrapolated,syndromic,2026-02-25
ILI incidence,SI,TRUE,2026-02-22,2026-W08,4.26622607099409,4.1653264185612,4.06681312345951,1.0242237083709143,extrapolated,syndromic,2026-03-04
ILI incidence,SI,TRUE,2026-03-01,2026-W09,26.482233325504353,25.7904010696437,25.116642511132,1.026825184067221,extrapolated,syndromic,2026-03-11
ILI incidence,SI,TRUE,2026-03-08,2026-W10,6.283961366366968,6.16498172088478,6.04825481936675,1.019299269790067,extrapolated,syndromic,2026-03-18
ILI incidence,SI,TRUE,2026-03-15,2026-W11,2.5928945880040124,5.09204731714466,10,0.509204731714466,extrapolated,syndromic,2026-03-25
ILI incidence,SI,TRUE,2026-03-22,2026-W12,1.6128790438157439,1.64786350128795,1.68360679574134,0.9787698086371459,extrapolated,syndromic,2026-04-01
ILI incidence,SI,TRUE,2026-03-29,2026-W13,5.432685452499471,3.87917150059936,2.7698956,1.4004757076762606,extrapolated,syndromic,2026-04-08
ILI incidence,SI,TRUE,2026-04-05,2026-W14,10.59957184106088,10.0452397468262,9.51989788684874,1.0551835603933517,extrapolated,syndromic,2026-04-15
ILI incidence,SI,TRUE,2026-04-12,2026-W15,7.682185805302249,6.19130477439,4.98975887603857,1.2408023971100888,extrapolated,syndromic,2026-04-22
ILI incidence,SI,TRUE,2026-04-19,2026-W16,2.3385605220522603,2.69802905923837,3.1127527963683,0.8667662470293834,extrapolated,syndromic,2026-04-29
ILI incidence,SI,TRUE,2026-04-26,2026-W17,0.5530098517720848,1.15798095518539,2.42476673476101,0.4775638574155559,extrapolated,syndromic,2026-05-06
ILI incidence,SI,TRUE,2026-05-03,2026-W18,2.5969659445521756,2.11328890354326,1.71969524637305,1.2288740740548798,extrapolated,syndromic,2026-05-13
ILI incidence,SI,TRUE,2026-05-10,2026-W19,1.4051321221037396,2.15267307723675,3.29791149498596,0.6527382801235284,extrapolated,syndromic,2026-05-20
ILI incidence,SI,TRUE,2026-05-17,2026-W20,2.501175978639321,3.10953914076857,3.86587499262325,0.8043558435547197,extrapolated,syndromic,2026-05-27
ILI incidence,SI,TRUE,2026-05-24,2026-W21,1.4282856813504476,3.03653530500077,6.45567394458374,0.47036689446628566,extrapolated,syndromic,2026-06-03
ILI incidence,SI,TRUE,2026-05-31,2026-W22,1.4887613582475434,3.18015521552213,6.79315535615279,0.46814109920830177,extrapolated,syndromic,2026-06-10
ILI incidence,SI,TRUE,2026-06-07,2026-W23,1.4432832519757464,3.13985406607259,6.83073370576204,0.4596657110822484,extrapolated,syndromic,2026-06-17
ILI incidence,SI,TRUE,2026-08-02,2026-W31,0.13350253604336018,0.153381275874021,0.17621999166444,0.8703965675250472,extrapolated,syndromic,2026-08-12
ILI incidence,SI,TRUE,2026-08-09,2026-W32,0.04302648850942297,0.054408372843014,0.0688011301404741,0.7908063825685157,extrapolated,syndromic,2026-08-19
ILI incidence,SI,TRUE,2026-08-16,2026-W33,0.3600614377163309,0.510969610903336,0.725126092154313,0.7046631150525436,extrapolated,syndromic,2026-08-26
ILI incidence,SI,TRUE,2026-08-23,2026-W34,0.8242143602874414,1.13278351311676,1.55687470325273,0.7276009499994256,extrapolated,syndromic,2026-09-02
ILI incidence,SI,TRUE,2026-08-30,2026-W35,0.15927234713392924,0.22729241832207,0.324361663253781,0.7007376150498899,extrapolated,syndromic,2026-09-09
ILI incidence,SI,TRUE,2026-09-06,2026-W36,0.04893878198079807,0.0880053460393032,0.158257737892544,0.5560887398697577,extrapolated,syndromic,2026-09-16
ILI incidence,SI,TRUE,2026-09-13,2026-W37,0.35150197884429274,0.485490418580857,0.670553683108071,0.724014244960328,extrapolated,syndromic,2026-09-23
ILI incidence,SI,TRUE,2026-09-20,2026-W38,0.5510912371061029,0.63434530356647,0.73017666960174,0.8687559189099547,extrapolated,syndromic,2026-09-30
ILI incidence,SI,TRUE,2026-09-27,2026-W39,0.63434530356647,0.63434530356647,0.73017666960174,0.8687559189099547,h1_nowcast,syndromic,2026-09-30
ILI incidence,SK,TRUE,2024-01-28,2024-W04,0.02203453462635263,0.00165597196581864,1.24452056650092e-4,13.30610365463507,extrapolated,flu_archive,2024-02-07
ILI incidence,SK,TRUE,2026-02-01,2026-W05,60.757445307217104,58.269196,55.88285,1.042702653855342,extrapolated,syndromic,2026-02-11
ILI incidence,SK,TRUE,2026-02-08,2026-W06,342.15920924571554,325.705798001593,310.043582008842,1.0505161754720804,extrapolated,syndromic,2026-02-18
ILI incidence,SK,TRUE,2026-02-15,2026-W07,329.84015044825884,307.980182404885,287.568971288792,1.0709784891764105,extrapolated,syndromic,2026-02-25
ILI incidence,SK,TRUE,2026-02-22,2026-W08,292.8099131465114,271.237682852239,251.254746837209,1.079532571091989,extrapolated,syndromic,2026-03-04
ILI incidence,SK,TRUE,2026-03-01,2026-W09,231.34873280130412,215.130340028337,200.048915938765,1.0753886819071214,extrapolated,syndromic,2026-03-11
ILI incidence,SK,TRUE,2026-03-08,2026-W10,183.3472333190035,170.700076079732,158.925310440483,1.0740899332309854,extrapolated,syndromic,2026-03-18
ILI incidence,SK,TRUE,2026-03-15,2026-W11,168.63119113488656,167.429662940193,166.236695854467,1.007176316153266,extrapolated,syndromic,2026-03-25
ILI incidence,SK,TRUE,2026-03-22,2026-W12,170.5597930135633,158.74222,147.743450934679,1.0744450532036363,extrapolated,syndromic,2026-04-01
ILI incidence,SK,TRUE,2026-03-29,2026-W13,147.2272262663936,149.792176185347,152.401811915842,0.9828766095514923,extrapolated,syndromic,2026-04-08
ILI incidence,SK,TRUE,2026-04-05,2026-W14,160.4921493287856,152.671741388845,145.23240367946,1.0512236768166714,extrapolated,syndromic,2026-04-15
ILI incidence,SK,TRUE,2026-04-12,2026-W15,117.56386334155557,111.921921579812,106.550739096797,1.0504096220124337,extrapolated,syndromic,2026-04-22
ILI incidence,SK,TRUE,2026-04-19,2026-W16,134.57638770983365,130.886704654212,127.29818170017,1.0281898995422745,extrapolated,syndromic,2026-04-29
ILI incidence,SK,TRUE,2026-04-26,2026-W17,115.64894334294293,116.962148999163,118.290266240787,0.9887723877557217,extrapolated,syndromic,2026-05-06
ILI incidence,SK,TRUE,2026-05-03,2026-W18,108.92106732247838,107.643266131438,106.380455391042,1.011870702524764,extrapolated,syndromic,2026-05-13
ILI incidence,SK,TRUE,2026-05-10,2026-W19,101.86598691919417,100.065525022731,98.2968859470017,1.017992829159236,extrapolated,syndromic,2026-05-20
ILI incidence,SK,TRUE,2026-05-17,2026-W20,96.8829854275335,98.1966328007614,99.5280920675181,0.9866222767954452,extrapolated,syndromic,2026-05-27
ILI incidence,SK,TRUE,2026-05-24,2026-W21,88.37204525714318,93.7473223569571,99.4495535723594,0.9426620732766451,extrapolated,syndromic,2026-06-03
ILI incidence,SK,TRUE,2026-05-31,2026-W22,96.60706219125628,98.6207405449225,100.676392025812,0.9795815936633638,extrapolated,syndromic,2026-06-10
ILI incidence,SK,TRUE,2026-06-07,2026-W23,93.01910481980275,99.0176695207618,105.403066351973,0.9394192498168089,extrapolated,syndromic,2026-06-17
ILI incidence,SK,TRUE,2026-09-06,2026-W36,62.24301737516144,80.5643081665039,104.27848815918,0.7725879957477265,extrapolated,syndromic,2026-09-16
ILI incidence,SK,TRUE,2026-09-13,2026-W37,59.34424557633878,71.9495448789267,87.2323332786408,0.8248036269888914,extrapolated,syndromic,2026-09-23
ILI incidence,SK,TRUE,2026-09-20,2026-W38,102.93966167084437,118.6573528792,136.774953052782,0.8675371493888188,extrapolated,syndromic,2026-09-30
ILI incidence,SK,TRUE,2026-09-27,2026-W39,118.6573528792,118.6573528792,136.774953052782,0.8675371493888188,h1_nowcast,syndromic,2026-09-30
